motor_data,potencia_data,timestamp
7.247755977221991,8.456299843474635,2025-09-30 10:56:59.503845
7.699370407780338,8.237798179520523,2025-09-30 10:56:59.503845
7.774477417500655,8.227359004597108,2025-09-30 10:56:59.503845
7.737443083068285,8.249235680697119,2025-09-30 10:56:59.503845
7.24105875500413,8.534969225468748,2025-09-30 10:56:59.503845
7.609209421436549,8.29281852204134,2025-09-30 10:56:59.503845
7.706614425514247,8.229044244144974,2025-09-30 10:56:59.503845
7.576972625417232,8.522405528697307,2025-09-30 10:56:59.503845
7.474637980108086,8.212013999422215,2025-09-30 10:56:59.503845
7.356870183838312,8.509417981594742,2025-09-30 10:56:59.503845
7.583184432389032,8.337261370217178,2025-09-30 10:56:59.503845
7.720619931069468,8.36329858643175,2025-09-30 10:56:59.503845
7.609034615811496,8.63971934330929,2025-09-30 10:56:59.503845
7.693854907558748,8.292737845475187,2025-09-30 10:56:59.503845
7.448653020496978,7.8235725086967545,2025-09-30 10:56:59.503845
7.571782568897984,8.477481625380486,2025-09-30 10:56:59.503845
7.4461685150468835,8.299054294805535,2025-09-30 10:56:59.503845
7.457129008524437,8.140589397004895,2025-09-30 10:56:59.503845
7.559923404431804,8.752458166714145,2025-09-30 10:56:59.503845
7.2788520310155445,8.45222935125515,2025-09-30 10:56:59.503845
7.761257163735054,8.572490525445652,2025-09-30 10:56:59.503845
7.3891192593598864,8.208319276777694,2025-09-30 10:56:59.503845
7.490562006557452,8.320548666959416,2025-09-30 10:56:59.503845
7.512857653064555,8.549500404197795,2025-09-30 10:56:59.503845
7.313577579819082,8.388430098330366,2025-09-30 10:56:59.503845
7.387863659020762,8.523783838261597,2025-09-30 10:56:59.503845
7.500553594374861,8.292001727750913,2025-09-30 10:56:59.503845
7.464851794264554,8.281299603475258,2025-09-30 10:56:59.503845
7.374849455444336,8.595674783424348,2025-09-30 10:56:59.503845
7.5106680536626484,8.63313827947487,2025-09-30 10:56:59.503845
7.5533351278795005,8.36594448698442,2025-09-30 10:56:59.503845
7.757132878537014,8.226415533939235,2025-09-30 10:56:59.503845
7.4179900093603,8.505021835063458,2025-09-30 10:56:59.503845
7.313692104782189,8.22599534045846,2025-09-30 10:56:59.503845
7.305702642865564,8.56395032081744,2025-09-30 10:56:59.503845
7.683641102218633,8.03407542617038,2025-09-30 10:56:59.503845
7.457315426267617,7.986373480614678,2025-09-30 10:56:59.503845
7.268303408186974,7.920146938007149,2025-09-30 10:56:59.503845
7.681431135192532,7.970283536176991,2025-09-30 10:56:59.503845
7.711998685494052,8.282669320439256,2025-09-30 10:56:59.503845
7.44018920608565,8.07270528273425,2025-09-30 10:56:59.503845
7.62612044539548,8.620628680296939,2025-09-30 10:56:59.503845
7.6601603449164575,8.107981995043442,2025-09-30 10:56:59.503845
7.349144347126896,8.662325063654897,2025-09-30 10:56:59.503845
7.514586463764009,8.343879343795644,2025-09-30 10:56:59.503845
7.359316736146106,8.555647000018535,2025-09-30 10:56:59.503845
7.388392100219499,8.219812061707499,2025-09-30 10:56:59.503845
7.788613961883243,8.760296827960076,2025-09-30 10:56:59.503845
7.220858628638669,8.354151193031033,2025-09-30 10:56:59.503845
7.862979333162196,8.618962985065828,2025-09-30 10:56:59.503845
7.2856349543603605,8.411707687697703,2025-09-30 10:56:59.503845
7.647399220422027,8.331880726864282,2025-09-30 10:56:59.503845
7.81239289066221,8.567127367731999,2025-09-30 10:56:59.503845
7.377249663698617,8.446536675814016,2025-09-30 10:56:59.503845
7.207535183347145,8.182700064194343,2025-09-30 10:56:59.503845
7.29175441422557,8.421703218590018,2025-09-30 10:56:59.503845
7.5491436269627386,8.41294436960935,2025-09-30 10:56:59.503845
7.84716030011731,8.3677412467226,2025-09-30 10:56:59.503845
7.516403881698212,8.78355018571706,2025-09-30 10:56:59.503845
7.462779065290446,8.27663534319198,2025-09-30 10:56:59.503845
7.5986309742221,8.369496206090131,2025-09-30 10:56:59.503845
7.68823598003803,8.149335379399846,2025-09-30 10:56:59.503845
7.500078520699724,8.213526717018217,2025-09-30 10:56:59.503845
7.490248033489485,8.587075392570915,2025-09-30 10:56:59.503845
7.542427116985726,8.528970340837423,2025-09-30 10:56:59.503845
7.6083009536389765,8.244584379931661,2025-09-30 10:56:59.503845
7.787338857563493,8.705644589407145,2025-09-30 10:56:59.503845
7.558708452932281,8.425805649931293,2025-09-30 10:56:59.503845
7.526448925059009,8.185945081905732,2025-09-30 10:56:59.503845
7.6896377435429155,8.473736343275892,2025-09-30 10:56:59.503845
7.406381667561006,8.15059913924204,2025-09-30 10:56:59.503845
7.821359824749639,8.163718906986206,2025-09-30 10:56:59.503845
7.624555888761185,8.49174701619826,2025-09-30 10:56:59.503845
7.500692384035626,8.538656870874895,2025-09-30 10:56:59.503845
7.527635873441548,8.231870629949645,2025-09-30 10:56:59.503845
7.643301520804184,8.210894662649272,2025-09-30 10:56:59.503845
7.839853003962139,8.3461599964962,2025-09-30 10:56:59.503845
7.667854406796854,8.47946339388002,2025-09-30 10:56:59.503845
7.797268930870134,8.589105238449553,2025-09-30 10:56:59.503845
7.516105894733022,8.352970660475314,2025-09-30 10:56:59.503845
7.822418515466267,8.505310939112785,2025-09-30 10:56:59.503845
7.301783238303455,8.144792872179334,2025-09-30 10:56:59.503845
7.793747388242477,8.223835935380029,2025-09-30 10:56:59.503845
7.256062133013678,8.58298707074169,2025-09-30 10:56:59.503845
7.824406842228003,8.361223567788713,2025-09-30 10:56:59.503845
7.575532905650225,8.29078123885915,2025-09-30 10:56:59.503845
7.1962415812368095,8.556080027365699,2025-09-30 10:56:59.503845
7.427743379377883,8.32322282572276,2025-09-30 10:56:59.503845
7.612697624708307,8.391867372548091,2025-09-30 10:56:59.503845
7.54496214946544,8.490363681653808,2025-09-30 10:56:59.503845
7.661005671480291,8.55458888552672,2025-09-30 10:56:59.503845
7.549880622402417,8.438511882530635,2025-09-30 10:56:59.503845
7.263134937592334,8.25052042880798,2025-09-30 10:56:59.503845
7.236228627847066,8.126561755682461,2025-09-30 10:56:59.503845
7.411342721696834,8.379205893794248,2025-09-30 10:56:59.503845
7.402561289305945,8.382959428096378,2025-09-30 10:56:59.503845
7.530576023503968,8.263544526637883,2025-09-30 10:56:59.503845
7.426081800118186,8.172474826583338,2025-09-30 10:56:59.503845
7.334369046647221,8.197002695725496,2025-09-30 10:56:59.503845
7.46990124170903,7.800187461955369,2025-09-30 10:56:59.503845
7.55901119757563,8.001813192116007,2025-09-30 10:56:59.503845
7.190710797635038,8.27977777577845,2025-09-30 10:56:59.503845
7.777185662634089,8.229311193066627,2025-09-30 10:56:59.503845
7.372148661128883,8.249680354585408,2025-09-30 10:56:59.503845
7.773813683077643,8.304551663434244,2025-09-30 10:56:59.503845
7.723949341431434,8.22791025343242,2025-09-30 10:56:59.503845
7.5997563400723385,8.131916531224189,2025-09-30 10:56:59.503845
7.600294556281736,8.47759737131002,2025-09-30 10:56:59.503845
7.023207112346734,8.494996117325924,2025-09-30 10:56:59.503845
7.331934948276622,8.325184295132932,2025-09-30 10:56:59.503845
7.712836296607287,8.099293472323614,2025-09-30 10:56:59.503845
7.296657920148023,8.389261143772009,2025-09-30 10:56:59.503845
7.435166161200319,8.250109377109574,2025-09-30 10:56:59.503845
7.643091639326191,8.127035373068551,2025-09-30 10:56:59.503845
7.436103998320229,8.170305263380689,2025-09-30 10:56:59.503845
7.53993083861023,8.501412328413862,2025-09-30 10:56:59.503845
7.228869019702781,8.07810402161314,2025-09-30 10:56:59.503845
7.258960473946311,7.8697918421518755,2025-09-30 10:56:59.503845
7.47379597966846,8.539080322855087,2025-09-30 10:56:59.503845
7.41659812970008,8.169760193495362,2025-09-30 10:56:59.503845
7.433627131648517,8.100979120817378,2025-09-30 10:56:59.503845
7.682833207829381,8.052432447625344,2025-09-30 10:56:59.503845
7.510776882327068,8.429253008843764,2025-09-30 10:56:59.503845
7.509237138660711,8.52553434851662,2025-09-30 10:56:59.503845
7.842773107158306,8.386882173344198,2025-09-30 10:56:59.503845
7.2940470692844235,8.187763599294277,2025-09-30 10:56:59.503845
7.411140677013723,8.288903651414428,2025-09-30 10:56:59.503845
7.534967550678671,8.542241953650505,2025-09-30 10:56:59.503845
7.6105537045635545,8.449124754191233,2025-09-30 10:56:59.503845
7.6733280153279715,8.53564311396877,2025-09-30 10:56:59.503845
7.500981577767671,8.546647137574992,2025-09-30 10:56:59.503845
7.245917911467981,8.152430276823722,2025-09-30 10:56:59.503845
7.651805345143357,8.454496355637591,2025-09-30 10:56:59.503845
7.538911483106475,8.454170116400109,2025-09-30 10:56:59.503845
7.617938435259079,8.482841935716513,2025-09-30 10:56:59.503845
7.577039990915266,8.305966822061107,2025-09-30 10:56:59.503845
7.657879489314877,8.505630974801713,2025-09-30 10:56:59.503845
7.293858720603075,8.529632997793785,2025-09-30 10:56:59.503845
7.273897712815601,8.445017002157906,2025-09-30 10:56:59.503845
7.471178345208182,8.685740540553846,2025-09-30 10:56:59.503845
7.478525938094437,8.521529326861438,2025-09-30 10:56:59.503845
7.638221611304823,8.096493830787624,2025-09-30 10:56:59.503845
7.535027458169405,8.293161868312064,2025-09-30 10:56:59.503845
7.450449265849747,8.277705975930289,2025-09-30 10:56:59.503845
7.512608044278527,8.366443462578415,2025-09-30 10:56:59.503845
7.323250553799609,8.254137629056583,2025-09-30 10:56:59.503845
7.137981055800862,8.397261077430892,2025-09-30 10:56:59.503845
7.523312066835604,8.485628332442689,2025-09-30 10:56:59.503845
7.193479253553519,8.306732830689736,2025-09-30 10:56:59.503845
7.794466304740328,8.306403701037254,2025-09-30 10:56:59.503845
7.574818831334082,8.352569971292443,2025-09-30 10:56:59.503845
7.682110442884857,8.143828703890946,2025-09-30 10:56:59.503845
7.434293332360491,8.413009746378597,2025-09-30 10:56:59.503845
7.297340521018671,8.376655817512923,2025-09-30 10:56:59.503845
7.3849510317605676,8.694353607966908,2025-09-30 10:56:59.503845
7.616749027496724,8.256581268557861,2025-09-30 10:56:59.503845
7.2875807151747045,8.389585077573583,2025-09-30 10:56:59.503845
7.286192009604535,7.988792663133433,2025-09-30 10:56:59.503845
7.671145029017125,8.394254993402386,2025-09-30 10:56:59.503845
7.511665055884632,8.516925491622068,2025-09-30 10:56:59.503845
7.543600712126428,8.442107844697507,2025-09-30 10:56:59.503845
7.247511845019853,8.41301704989747,2025-09-30 10:56:59.503845
7.660955958467939,8.11044362783018,2025-09-30 10:56:59.503845
7.309068200424485,8.290793202531606,2025-09-30 10:56:59.503845
7.415105697580383,8.590906600511836,2025-09-30 10:56:59.503845
7.640427222492495,8.145253761376292,2025-09-30 10:56:59.503845
7.558564404068741,8.271983359674477,2025-09-30 10:56:59.503845
7.752113950868443,8.500219367641032,2025-09-30 10:56:59.503845
7.533366136327902,8.127974571431563,2025-09-30 10:56:59.503845
7.544854915210661,8.396554868188112,2025-09-30 10:56:59.503845
7.534904219434292,8.55517200428356,2025-09-30 10:56:59.503845
7.395286982073184,8.613138209170508,2025-09-30 10:56:59.503845
7.628338088419997,8.053376290091629,2025-09-30 10:56:59.503845
7.450900141047376,8.439633244624478,2025-09-30 10:56:59.503845
7.426574368143752,8.287822197362775,2025-09-30 10:56:59.503845
7.388856553489678,8.398148150999011,2025-09-30 10:56:59.503845
7.489562624774,8.483488987752176,2025-09-30 10:56:59.503845
7.3501560990734225,8.197173708967295,2025-09-30 10:56:59.503845
7.553284016709003,8.60316805043212,2025-09-30 10:56:59.503845
7.478727809676673,8.193685757955183,2025-09-30 10:56:59.503845
7.575644148705285,8.556484122996672,2025-09-30 10:56:59.503845
7.683438408911106,8.154671520610467,2025-09-30 10:56:59.503845
7.5199800881751955,8.25974857532913,2025-09-30 10:56:59.503845
7.403868207610875,8.517839031157871,2025-09-30 10:56:59.503845
7.566403038949302,8.722087275459808,2025-09-30 10:56:59.503845
7.931397426914653,8.00348580573135,2025-09-30 10:56:59.503845
7.595574674085455,8.227871818417848,2025-09-30 10:56:59.503845
7.5129753119790275,8.28803123561452,2025-09-30 10:56:59.503845
7.887996348928326,8.079678607452244,2025-09-30 10:56:59.503845
7.480259886708278,8.456895295564939,2025-09-30 10:56:59.503845
7.536665510537276,8.30870239480894,2025-09-30 10:56:59.503845
7.383719489344241,8.517946505217763,2025-09-30 10:56:59.503845
7.44366061922795,8.244512689173002,2025-09-30 10:56:59.503845
7.545289947030701,8.427882714269288,2025-09-30 10:56:59.503845
7.392436199583034,8.734363930969918,2025-09-30 10:56:59.503845
7.511799766352427,8.15754246400325,2025-09-30 10:56:59.503845
7.3732227196678375,8.427192143517924,2025-09-30 10:56:59.503845
7.610963941786693,8.399064578533018,2025-09-30 10:56:59.503845
7.481867870550613,8.337389880777964,2025-09-30 10:56:59.503845
7.261011903333911,8.292243844187967,2025-09-30 10:56:59.503845
7.488229518113233,8.083574359184706,2025-09-30 10:56:59.503845
7.2599155079451645,8.626973491936475,2025-09-30 10:56:59.503845
7.457790189494187,8.68136809810714,2025-09-30 10:56:59.503845
7.466051512149084,8.16938707507576,2025-09-30 10:56:59.503845
7.319121449851838,8.373922523938743,2025-09-30 10:56:59.503845
7.307358594944314,8.039151711895075,2025-09-30 10:56:59.503845
7.393295402264998,8.354962308024179,2025-09-30 10:56:59.503845
7.320964724505232,8.201123147551648,2025-09-30 10:56:59.503845
7.733127952607323,8.415351184221603,2025-09-30 10:56:59.503845
7.529564292401954,7.9125007291311045,2025-09-30 10:56:59.503845
7.685944614014171,8.766040446687994,2025-09-30 10:56:59.503845
7.485124548060808,8.658328264522568,2025-09-30 10:56:59.503845
7.369727218332693,8.399730776526575,2025-09-30 10:56:59.503845
7.416127047442744,8.429152506190919,2025-09-30 10:56:59.503845
7.444110630739168,8.427185528204953,2025-09-30 10:56:59.503845
7.26067055029717,8.366381867716992,2025-09-30 10:56:59.503845
7.637633749980982,8.304383865730863,2025-09-30 10:56:59.503845
7.676761525297483,8.331534665062899,2025-09-30 10:56:59.503845
7.728280366447603,8.569472427578836,2025-09-30 10:56:59.503845
7.5382831583116605,8.666793332287078,2025-09-30 10:56:59.503845
7.544827229920553,8.522122993119714,2025-09-30 10:56:59.503845
7.552889141236833,8.571409738615813,2025-09-30 10:56:59.503845
7.558747488691642,8.488000656101171,2025-09-30 10:56:59.503845
7.263580328008268,8.201923585906805,2025-09-30 10:56:59.503845
7.229400039784379,8.35001165421807,2025-09-30 10:56:59.503845
7.482452480495255,8.374292665778396,2025-09-30 10:56:59.503845
7.616494394492635,8.349316433489614,2025-09-30 10:56:59.503845
7.348030105507652,8.34314164733048,2025-09-30 10:56:59.503845
7.487164343561808,8.139935903060813,2025-09-30 10:56:59.503845
7.436536405749606,8.22707096184364,2025-09-30 10:56:59.503845
7.445637180856671,8.037729748549012,2025-09-30 10:56:59.503845
7.4331717656370735,8.37977840614514,2025-09-30 10:56:59.503845
7.639853350470793,8.452643873593727,2025-09-30 10:56:59.503845
7.438421464303783,8.305476909172873,2025-09-30 10:56:59.503845
7.345524014724223,8.238713581773402,2025-09-30 10:56:59.503845
7.162408043528131,8.529048416468765,2025-09-30 10:56:59.503845
7.352487391527025,8.280783213449421,2025-09-30 10:56:59.503845
7.412432135116968,8.419945009556955,2025-09-30 10:56:59.503845
7.778457163227274,8.153490850313878,2025-09-30 10:56:59.503845
7.400813865879682,8.156675279138016,2025-09-30 10:56:59.503845
7.424700392182784,8.166487715495101,2025-09-30 10:56:59.503845
7.6132422696811695,8.115808981629273,2025-09-30 10:56:59.503845
7.682623135428327,8.725758290147969,2025-09-30 10:56:59.503845
7.5845955599865436,8.58898280929671,2025-09-30 10:56:59.503845
7.419564572446112,8.38456795860926,2025-09-30 10:56:59.503845
7.529433149221933,8.487701959520358,2025-09-30 10:56:59.503845
7.308830317592868,8.045061440654154,2025-09-30 10:56:59.503845
7.4269677027776675,8.07296815717582,2025-09-30 10:56:59.503845
7.506944731152412,8.529268234580675,2025-09-30 10:56:59.503845
7.608977027433402,8.14129715895852,2025-09-30 10:56:59.503845
7.461247235070786,8.478354981238123,2025-09-30 10:56:59.503845
7.362413571815985,8.306412520801134,2025-09-30 10:56:59.503845
7.611674376554197,8.304734781470819,2025-09-30 10:56:59.503845
7.442180343235757,8.584170717277857,2025-09-30 10:56:59.503845
7.400151465597153,8.650135529703544,2025-09-30 10:56:59.503845
7.4044082612699125,8.266505203524478,2025-09-30 10:56:59.503845
7.608351776174416,8.40897126476073,2025-09-30 10:56:59.503845
7.36682797281406,8.34620450365855,2025-09-30 10:56:59.503845
7.57567928164684,8.631289613976968,2025-09-30 10:56:59.503845
7.567393520206727,8.4730835066441,2025-09-30 10:56:59.503845
7.432817654341948,8.086012085841274,2025-09-30 10:56:59.503845
7.617851310098199,8.439009302424195,2025-09-30 10:56:59.503845
7.621112430203142,8.377598022767545,2025-09-30 10:56:59.503845
7.368547142321078,8.00449184288154,2025-09-30 10:56:59.503845
7.21208525973485,8.564841825574131,2025-09-30 10:56:59.503845
7.310214283115333,8.266331169906076,2025-09-30 10:56:59.503845
7.10045861199416,8.156809506875524,2025-09-30 10:56:59.503845
7.277763456912551,8.54235120931066,2025-09-30 10:56:59.503845
7.620552601613407,8.391887212655499,2025-09-30 10:56:59.503845
7.492437878438858,8.464579611230548,2025-09-30 10:56:59.503845
7.629301546738894,8.272210823809441,2025-09-30 10:56:59.503845
7.4493150072792735,8.588436727522904,2025-09-30 10:56:59.503845
7.246854702798033,8.230585359421415,2025-09-30 10:56:59.503845
7.48950192745353,8.36359257501178,2025-09-30 10:56:59.503845
7.6756984138607525,8.632005840347272,2025-09-30 10:56:59.503845
7.354027976465237,8.493340354666062,2025-09-30 10:56:59.503845
7.816398642501271,8.247809437598953,2025-09-30 10:56:59.503845
7.6580756935609715,8.531298780989218,2025-09-30 10:56:59.503845
7.356210533684053,8.338394415953221,2025-09-30 10:56:59.503845
7.749746862807093,8.940907330519861,2025-09-30 10:56:59.503845
7.258627607071973,8.47592537181083,2025-09-30 10:56:59.503845
7.645798129516806,8.290989986475156,2025-09-30 10:56:59.503845
7.471148823552532,7.975170075705374,2025-09-30 10:56:59.503845
7.44252986542415,8.234242057405513,2025-09-30 10:56:59.503845
7.694712396341869,7.945067428117564,2025-09-30 10:56:59.503845
7.16334526585034,8.389369449087736,2025-09-30 10:56:59.503845
7.472923167704605,8.088907910390073,2025-09-30 10:56:59.503845
7.505176718449564,8.524245045635288,2025-09-30 10:56:59.503845
7.642867315968541,8.247399832769624,2025-09-30 10:56:59.503845
7.447977082089483,8.311058453430165,2025-09-30 10:56:59.503845
7.550825805245153,8.387953263989736,2025-09-30 10:56:59.503845
7.527304848228318,8.495733759316797,2025-09-30 10:56:59.503845
7.498697999527786,8.533347970690615,2025-09-30 10:56:59.503845
7.723226691377086,8.675021221250164,2025-09-30 10:56:59.503845
7.528577814311442,8.224486404247179,2025-09-30 10:56:59.503845
7.346080447678672,8.32349990365592,2025-09-30 10:56:59.503845
7.389550456408288,8.529801823488915,2025-09-30 10:56:59.503845
7.361872108900042,8.066494257540423,2025-09-30 10:56:59.503845
7.500723100629153,8.43401365737086,2025-09-30 10:56:59.503845
7.5437651608843606,8.590556494703137,2025-09-30 10:56:59.503845
7.5166270128116395,8.663692206483233,2025-09-30 10:56:59.503845
7.742466019804165,8.218596662736424,2025-09-30 10:56:59.503845
7.511958734426315,8.515005811202908,2025-09-30 10:56:59.503845
7.585667685433362,8.23004113061243,2025-09-30 10:56:59.503845
7.788751476264845,8.356889703945576,2025-09-30 10:56:59.503845
7.473143463987431,8.25457880154069,2025-09-30 10:56:59.503845
7.547588228823955,8.20353127543548,2025-09-30 10:56:59.503845
7.197106847381851,8.577017778285857,2025-09-30 10:56:59.503845
7.452079283996966,8.252904733035226,2025-09-30 10:56:59.503845
7.400291656116612,8.459722096140169,2025-09-30 10:56:59.503845
7.45038980766569,8.554118401924121,2025-09-30 10:56:59.503845
7.438643482018596,8.240134826495574,2025-09-30 10:56:59.503845
7.462834079405104,8.096827625451944,2025-09-30 10:56:59.503845
7.610786344921769,8.214791048034412,2025-09-30 10:56:59.503845
7.720423147851043,8.365973446329713,2025-09-30 10:56:59.503845
7.716596982937125,8.167000053431842,2025-09-30 10:56:59.503845
7.398242332075849,8.634886488421712,2025-09-30 10:56:59.503845
7.378451143216038,8.15969989429644,2025-09-30 10:56:59.503845
7.45489713842004,8.342898772227244,2025-09-30 10:56:59.503845
7.5517092355279525,8.057790786955463,2025-09-30 10:56:59.503845
7.461380451743494,8.418091149780004,2025-09-30 10:56:59.503845
7.379247068984142,8.299629251826849,2025-09-30 10:56:59.503845
7.300351042246003,8.455536191073877,2025-09-30 10:56:59.503845
7.759795493751221,8.49911519522437,2025-09-30 10:56:59.503845
7.526224809343487,8.455642225337794,2025-09-30 10:56:59.503845
7.379025993389019,8.120984790786897,2025-09-30 10:56:59.503845
7.193320353128966,8.435240959119403,2025-09-30 10:56:59.503845
7.5430025424718625,8.478685965091968,2025-09-30 10:56:59.503845
7.594150144328947,8.252094911645345,2025-09-30 10:56:59.503845
7.684686937376282,8.237826943423945,2025-09-30 10:56:59.503845
7.247389260692488,8.063311661130165,2025-09-30 10:56:59.503845
7.602402407962202,8.047151641589977,2025-09-30 10:56:59.503845
7.335267964605523,8.35580283881715,2025-09-30 10:56:59.503845
7.621959304773366,8.129497917685011,2025-09-30 10:56:59.503845
7.401208349900115,8.120367175105489,2025-09-30 10:56:59.503845
7.596291994181981,8.071544698971232,2025-09-30 10:56:59.503845
7.439912229125429,8.426209652491702,2025-09-30 10:56:59.503845
7.757272553521415,8.428527845020291,2025-09-30 10:56:59.503845
7.949845015570981,8.346244259030723,2025-09-30 10:56:59.503845
7.47280902432399,8.336431728716372,2025-09-30 10:56:59.503845
7.61869577549438,8.290507642336312,2025-09-30 10:56:59.503845
7.545834126235336,8.597489214535475,2025-09-30 10:56:59.503845
7.377423960482415,8.558151036307521,2025-09-30 10:56:59.503845
7.305652911646853,8.301191815143046,2025-09-30 10:56:59.503845
7.582677196163071,8.511987995153307,2025-09-30 10:56:59.503845
7.7151945185744495,8.910599951436204,2025-09-30 10:56:59.503845
7.466355358898833,8.049132987407859,2025-09-30 10:56:59.503845
7.37670537528276,8.584180887734961,2025-09-30 10:56:59.503845
7.397477451251012,8.289059785305993,2025-09-30 10:56:59.503845
7.405329821451911,8.438398201614431,2025-09-30 10:56:59.503845
7.728351584071397,8.269544916832704,2025-09-30 10:56:59.503845
7.520994217040311,8.426608219810847,2025-09-30 10:56:59.503845
7.272149657320218,8.314051081599262,2025-09-30 10:56:59.503845
7.4774521269295295,8.25783640915297,2025-09-30 10:56:59.503845
7.304571035841236,8.608224253636324,2025-09-30 10:56:59.503845
7.329279071304696,8.190931682705626,2025-09-30 10:56:59.503845
7.583784454958887,8.413518545602328,2025-09-30 10:56:59.503845
7.461541048625525,8.334866939602254,2025-09-30 10:56:59.503845
7.566238621219728,8.549657101927608,2025-09-30 10:56:59.503845
7.71405640406938,8.599872069862617,2025-09-30 10:56:59.503845
7.431018109059284,8.713363052686029,2025-09-30 10:56:59.503845
7.474500815079269,8.187773153336211,2025-09-30 10:56:59.503845
7.365475003525914,8.70560217921734,2025-09-30 10:56:59.503845
7.509523335548199,8.11329110120117,2025-09-30 10:56:59.503845
7.436829073897728,8.34229916252558,2025-09-30 10:56:59.503845
7.498452557839532,8.524441541463986,2025-09-30 10:56:59.503845
7.944948752654583,8.30371342187164,2025-09-30 10:56:59.503845
7.450650630799297,8.475681900642835,2025-09-30 10:56:59.503845
7.659929999548764,8.215393930895436,2025-09-30 10:56:59.503845
7.688869805138698,8.169075855700985,2025-09-30 10:56:59.503845
7.543818074536494,8.430390219225718,2025-09-30 10:56:59.503845
7.3787857018070255,8.360994688508619,2025-09-30 10:56:59.503845
7.566440236624794,8.651122487898615,2025-09-30 10:56:59.503845
7.424772593590773,8.604581370844553,2025-09-30 10:56:59.503845
7.265881209021282,8.175234517146164,2025-09-30 10:56:59.503845
7.4877695857439175,8.518839055679553,2025-09-30 10:56:59.503845
7.550498838822307,8.564953427538295,2025-09-30 10:56:59.503845
7.3748047957739695,8.450022949305723,2025-09-30 10:56:59.503845
7.792485117001257,8.02500378889044,2025-09-30 10:56:59.503845
7.68693829243714,8.326536705274615,2025-09-30 10:56:59.503845
7.683230239468623,8.278696783771514,2025-09-30 10:56:59.503845
7.291745793010607,8.315968246052634,2025-09-30 10:56:59.503845
7.691594459683747,8.401263604877615,2025-09-30 10:56:59.503845
7.440778837783003,8.6592062864143,2025-09-30 10:56:59.503845
7.625838478444781,8.699040925589195,2025-09-30 10:56:59.503845
7.575839638664558,8.358794749420587,2025-09-30 10:56:59.503845
7.453080341464613,8.258763883123947,2025-09-30 10:56:59.503845
7.614524502762112,8.28869165212688,2025-09-30 10:56:59.503845
7.540520111873111,8.34491556305174,2025-09-30 10:56:59.503845
7.359791675774246,8.381215716657847,2025-09-30 10:56:59.503845
7.192441524978236,8.336049255289304,2025-09-30 10:56:59.503845
7.630378475310006,8.313131409972808,2025-09-30 10:56:59.503845
7.705029341670576,8.568706547081186,2025-09-30 10:56:59.503845
7.834041222846187,8.444813683992328,2025-09-30 10:56:59.503845
7.363188731718083,8.23545358040973,2025-09-30 10:56:59.503845
7.817280166982233,8.369066846783303,2025-09-30 10:56:59.503845
7.552503701674483,8.719553340210542,2025-09-30 10:56:59.503845
7.354485610133992,8.462450438488528,2025-09-30 10:56:59.503845
7.484059792182254,8.184827588523158,2025-09-30 10:56:59.503845
7.31621046946228,8.150382770639464,2025-09-30 10:56:59.503845
7.65390445608528,8.081685591509675,2025-09-30 10:56:59.503845
7.533910798558818,8.22446527709621,2025-09-30 10:56:59.503845
7.773716377747048,8.412391571865799,2025-09-30 10:56:59.503845
7.657302731774692,8.706071888658723,2025-09-30 10:56:59.503845
7.670437299298503,8.152780909462923,2025-09-30 10:56:59.503845
7.434998381056762,8.25163889179383,2025-09-30 10:56:59.503845
7.612088656185793,8.272214094501525,2025-09-30 10:56:59.503845
7.473904040782141,8.752512339120063,2025-09-30 10:56:59.503845
7.263358733820466,8.018830920944415,2025-09-30 10:56:59.503845
7.631462166028574,8.547685544236995,2025-09-30 10:56:59.503845
7.6372001129093885,8.096548008400662,2025-09-30 10:56:59.503845
7.343967026353397,8.271767590533452,2025-09-30 10:56:59.503845
7.468782746318653,8.361898089527408,2025-09-30 10:56:59.503845
7.315261657655675,8.35722792284224,2025-09-30 10:56:59.503845
7.596248361726143,8.489724012638076,2025-09-30 10:56:59.503845
7.4144098052965735,8.711206140330788,2025-09-30 10:56:59.503845
7.4041164519819915,7.943613509054706,2025-09-30 10:56:59.503845
7.644057976692448,8.639860635872152,2025-09-30 10:56:59.503845
7.265133106276125,8.58121806658075,2025-09-30 10:56:59.503845
7.655633014534431,8.532105519504462,2025-09-30 10:56:59.503845
7.539630664990507,8.108233907999022,2025-09-30 10:56:59.503845
7.658064591612598,8.481704995237665,2025-09-30 10:56:59.503845
7.498058595323683,8.519923818393714,2025-09-30 10:56:59.503845
7.4186117470533794,8.496203486870979,2025-09-30 10:56:59.503845
7.347278966332945,8.646984818003656,2025-09-30 10:56:59.503845
7.578524456793053,8.438111039919471,2025-09-30 10:56:59.503845
7.2997012230351475,8.426247189163766,2025-09-30 10:56:59.503845
7.671500513599416,8.400287626518868,2025-09-30 10:56:59.503845
7.423928681884633,8.126268284507397,2025-09-30 10:56:59.503845
7.367101241283718,8.695905679078695,2025-09-30 10:56:59.503845
7.675887245063446,7.967223512351831,2025-09-30 10:56:59.503845
7.696034905031289,8.535902726634383,2025-09-30 10:56:59.503845
7.395119063108496,8.13230263758485,2025-09-30 10:56:59.503845
7.524475076624749,8.436386885534962,2025-09-30 10:56:59.503845
7.5457447977685,8.670417639088253,2025-09-30 10:56:59.503845
7.5713105515559205,8.164794060268656,2025-09-30 10:56:59.503845
7.767263574245034,8.3469167485909,2025-09-30 10:56:59.503845
7.285080281678438,8.606035288589108,2025-09-30 10:56:59.503845
7.387239335971797,8.234160039871322,2025-09-30 10:56:59.503845
7.528350900278196,8.374656034916764,2025-09-30 10:56:59.503845
7.510733904945299,8.53137451358454,2025-09-30 10:56:59.503845
7.463346385076977,8.733395747325083,2025-09-30 10:56:59.503845
7.37636676921425,8.258764690808906,2025-09-30 10:56:59.503845
7.409486662582891,8.56996022679663,2025-09-30 10:56:59.503845
7.329586311914877,8.527308933145202,2025-09-30 10:56:59.503845
7.5452127505601085,8.519687394355039,2025-09-30 10:56:59.503845
7.203361083070294,8.361773685588439,2025-09-30 10:56:59.503845
7.605107006795919,8.163276487816557,2025-09-30 10:56:59.503845
7.29408944753796,8.442081692511124,2025-09-30 10:56:59.503845
7.568940488062173,8.13117647964376,2025-09-30 10:56:59.503845
7.404154473686713,8.359215934961302,2025-09-30 10:56:59.503845
7.536260918368632,8.146582917530992,2025-09-30 10:56:59.503845
7.220309887709822,8.363688873530045,2025-09-30 10:56:59.503845
7.429775523478538,8.049883395203068,2025-09-30 10:56:59.503845
7.777011381568722,8.29626748325902,2025-09-30 10:56:59.503845
7.399622781481523,8.195799985734567,2025-09-30 10:56:59.503845
7.483180400438852,8.24805800402272,2025-09-30 10:56:59.503845
7.691227266612928,8.578146171088251,2025-09-30 10:56:59.503845
7.409434901551954,8.659452854588592,2025-09-30 10:56:59.503845
7.589812690370967,8.663926734109282,2025-09-30 10:56:59.503845
7.578428330654351,8.3321399715714,2025-09-30 10:56:59.503845
7.450791914164635,8.332883515276114,2025-09-30 10:56:59.503845
7.268027826763273,8.337705126352033,2025-09-30 10:56:59.503845
7.485731223701929,8.387506486855374,2025-09-30 10:56:59.503845
7.718046150071478,8.801859021865557,2025-09-30 10:56:59.503845
7.556594479912772,8.644040092685584,2025-09-30 10:56:59.503845
7.567241224254326,8.542794343062686,2025-09-30 10:56:59.503845
7.600074505125828,8.360394059106447,2025-09-30 10:56:59.503845
7.20467222406856,8.6736608448058,2025-09-30 10:56:59.503845
7.137969750037508,8.533886049625083,2025-09-30 10:56:59.503845
7.251703893323414,8.159529876384505,2025-09-30 10:56:59.503845
7.5123604156926875,8.418650337978997,2025-09-30 10:56:59.503845
7.415451794413178,8.031331656092862,2025-09-30 10:56:59.503845
7.557873455422328,8.279328522110877,2025-09-30 10:56:59.503845
7.419161225772853,8.759792774431727,2025-09-30 10:56:59.503845
7.529443742276671,8.267406545055978,2025-09-30 10:56:59.503845
7.578463705363659,8.23165224353644,2025-09-30 10:56:59.503845
7.7304505571676945,8.658432649034504,2025-09-30 10:56:59.503845
6.985428356538548,8.461903713125425,2025-09-30 10:56:59.503845
7.677674324278521,8.452000188025636,2025-09-30 10:56:59.503845
7.563657799270054,8.471202099046337,2025-09-30 10:56:59.503845
7.744321897388235,8.599749125506005,2025-09-30 10:56:59.503845
7.474976802115769,8.280146575150741,2025-09-30 10:56:59.503845
7.4190676578958366,8.28151502517184,2025-09-30 10:56:59.503845
7.367291922666626,8.630808855129525,2025-09-30 10:56:59.503845
7.344610087025571,8.345087955096915,2025-09-30 10:56:59.503845
7.210453561882557,8.31575235806781,2025-09-30 10:56:59.503845
7.370067637975615,8.431723671283915,2025-09-30 10:56:59.503845
7.4104875880634005,8.275180605402493,2025-09-30 10:56:59.503845
7.758087228064654,8.366874324694187,2025-09-30 10:56:59.503845
7.426958561317927,8.269650366071422,2025-09-30 10:56:59.503845
7.453562501325108,8.221875776243028,2025-09-30 10:56:59.503845
7.65266988450882,8.441877586300754,2025-09-30 10:56:59.503845
7.762462408297111,8.53148000876018,2025-09-30 10:56:59.503845
7.426774534455712,8.592365728607565,2025-09-30 10:56:59.503845
7.104200229701655,8.618536931347467,2025-09-30 10:56:59.503845
7.44793673861871,8.223960876506933,2025-09-30 10:56:59.503845
7.588258217817004,8.34824518469397,2025-09-30 10:56:59.503845
7.608157334289467,8.573247434978757,2025-09-30 10:56:59.503845
7.623287404239345,8.612132866706482,2025-09-30 10:56:59.503845
7.340421107326123,8.515539642773128,2025-09-30 10:56:59.503845
7.583852200423559,8.382674148751864,2025-09-30 10:56:59.503845
7.465315840770177,8.326381001353472,2025-09-30 10:56:59.503845
7.527954270692111,8.272356882475782,2025-09-30 10:56:59.503845
7.692696085655075,8.173212188776352,2025-09-30 10:56:59.503845
7.502398534092305,8.467073952816055,2025-09-30 10:56:59.503845
7.395521419161007,8.160438586396248,2025-09-30 10:56:59.503845
7.3785289041838364,8.292995883844522,2025-09-30 10:56:59.503845
7.286390280347845,8.468735930941317,2025-09-30 10:56:59.503845
7.5328000266761626,8.296193216333801,2025-09-30 10:56:59.503845
7.469658913663103,8.220836963871761,2025-09-30 10:56:59.503845
7.543509055012207,7.85010760387366,2025-09-30 10:56:59.503845
7.510150648997223,8.726776370676046,2025-09-30 10:56:59.503845
7.795349252712783,8.643482516736682,2025-09-30 10:56:59.503845
7.509684208582263,8.151182668860123,2025-09-30 10:56:59.503845
7.441051623114557,8.213600506865252,2025-09-30 10:56:59.503845
7.783523502823832,8.557098480198123,2025-09-30 10:56:59.503845
7.720782448329412,8.116802327126003,2025-09-30 10:56:59.503845
7.298617468125958,8.015086528733066,2025-09-30 10:56:59.503845
7.315499719823248,8.197106902690479,2025-09-30 10:56:59.503845
7.686956150432213,8.43681480311836,2025-09-30 10:56:59.503845
7.676738461830622,8.585304757189975,2025-09-30 10:56:59.503845
7.623543463015212,8.342919917865286,2025-09-30 10:56:59.503845
7.580334700746532,8.383715142929965,2025-09-30 10:56:59.503845
7.681482392207684,8.583563623825915,2025-09-30 10:56:59.503845
7.410881465729456,8.498600388052264,2025-09-30 10:56:59.503845
7.42409265489871,8.170198843452951,2025-09-30 10:56:59.503845
7.381727054948682,8.426568362626583,2025-09-30 10:56:59.503845
7.932414216617915,8.551115543607873,2025-09-30 10:56:59.503845
7.575166019332394,8.645763039329204,2025-09-30 10:56:59.503845
7.299925268356828,8.30518180432251,2025-09-30 10:56:59.503845
7.55891580543036,8.403921805397122,2025-09-30 10:56:59.503845
7.420172145415241,8.3922390766068,2025-09-30 10:56:59.503845
7.521171853960013,8.572467704573436,2025-09-30 10:56:59.503845
7.69292220042845,8.160015130985206,2025-09-30 10:56:59.503845
7.651348522286859,8.285840709438995,2025-09-30 10:56:59.503845
7.39749004146103,8.17627905363663,2025-09-30 10:56:59.503845
7.662436243780074,8.442724917972983,2025-09-30 10:56:59.503845
7.508114915770161,8.265028981511788,2025-09-30 10:56:59.503845
7.169977596032063,8.028158720155087,2025-09-30 10:56:59.503845
7.3759484108187365,8.395691001310375,2025-09-30 10:56:59.503845
7.56283236107743,8.38339746586086,2025-09-30 10:56:59.503845
7.367065930809739,8.69483056535059,2025-09-30 10:56:59.503845
7.423589639726045,8.34435149154549,2025-09-30 10:56:59.503845
7.477241313194049,8.496345318456315,2025-09-30 10:56:59.503845
7.644733827178616,8.418702928830724,2025-09-30 10:56:59.503845
7.379261198100868,8.381572158051531,2025-09-30 10:56:59.503845
7.671775171782572,8.553277446605858,2025-09-30 10:56:59.503845
7.250546217573008,8.326052904069181,2025-09-30 10:56:59.503845
7.419170511781667,8.282257337506577,2025-09-30 10:56:59.503845
7.3597125419086336,8.419472349907547,2025-09-30 10:56:59.503845
7.645286980929323,8.373136970807554,2025-09-30 10:56:59.503845
7.697342735780162,8.652864527502917,2025-09-30 10:56:59.503845
7.3648271774491585,8.579813267768808,2025-09-30 10:56:59.503845
7.667498289333631,8.332936744824572,2025-09-30 10:56:59.503845
7.732844556222929,8.588641174175091,2025-09-30 10:56:59.503845
7.589615585584215,8.263778388269866,2025-09-30 10:56:59.503845
7.342544722553805,8.39825818362959,2025-09-30 10:56:59.503845
7.478190277902838,8.556776054003851,2025-09-30 10:56:59.503845
7.754483890232449,8.320219069948138,2025-09-30 10:56:59.503845
7.243124104875679,8.73260460444872,2025-09-30 10:56:59.503845
7.4135612257723835,8.43684862959912,2025-09-30 10:56:59.503845
7.48615161509798,8.592164884619843,2025-09-30 10:56:59.503845
7.607558097317874,8.202532194417726,2025-09-30 10:56:59.503845
7.600196764698194,8.256406702852182,2025-09-30 10:56:59.503845
7.333442822944448,8.232649570320945,2025-09-30 10:56:59.503845
7.450868136953498,8.591940650317316,2025-09-30 10:56:59.503845
7.734733995692952,8.315162682777004,2025-09-30 10:56:59.503845
7.53948348119653,8.147820905673074,2025-09-30 10:56:59.503845
7.479227118671705,8.322925384928824,2025-09-30 10:56:59.503845
7.379090516384846,8.476841296990141,2025-09-30 10:56:59.503845
7.456616834188706,8.000166517094828,2025-09-30 10:56:59.503845
7.297307696580223,8.346421961791375,2025-09-30 10:56:59.503845
7.287045079402553,8.426517999159168,2025-09-30 10:56:59.503845
7.58259372281183,8.421925345561522,2025-09-30 10:56:59.503845
7.397262809668208,7.980632311486995,2025-09-30 10:56:59.503845
7.574661147884518,8.35630705185765,2025-09-30 10:56:59.503845
7.525520053405795,8.685772452187942,2025-09-30 10:56:59.503845
7.736309526377494,8.317809263796926,2025-09-30 10:56:59.503845
7.47963373826457,8.670376236569325,2025-09-30 10:56:59.503845
7.461270402748552,8.272153847637101,2025-09-30 10:56:59.503845
7.610637775436362,8.630721474516351,2025-09-30 10:56:59.503845
7.525931873097594,8.859773685699718,2025-09-30 10:56:59.503845
7.75896581733825,8.352610420110821,2025-09-30 10:56:59.503845
7.52416025640211,8.381462336143201,2025-09-30 10:56:59.503845
7.519856074721389,8.401364491696397,2025-09-30 10:56:59.503845
7.360926416166963,8.512062807109839,2025-09-30 10:56:59.503845
7.624874322710425,8.483935902040452,2025-09-30 10:56:59.503845
7.525294443434016,8.261459608699578,2025-09-30 10:56:59.503845
7.429418828625226,8.127633559050421,2025-09-30 10:56:59.503845
7.62921776352532,8.235573449587802,2025-09-30 10:56:59.503845
7.459994848740733,8.402078671762267,2025-09-30 10:56:59.503845
7.862890431854798,8.849801921622921,2025-09-30 10:56:59.503845
7.203594925265216,8.439910982506504,2025-09-30 10:56:59.503845
7.477580631580162,8.680859018972933,2025-09-30 10:56:59.503845
7.279007002011544,8.315164334759476,2025-09-30 10:56:59.503845
7.383978930073742,8.480884902215843,2025-09-30 10:56:59.503845
7.396988556907798,8.635334820241976,2025-09-30 10:56:59.503845
7.671379786590081,8.204923835688344,2025-09-30 10:56:59.503845
7.380437785093438,8.177988735987725,2025-09-30 10:56:59.503845
7.690023106905374,8.535672040229134,2025-09-30 10:56:59.503845
7.346362326506048,8.202768668622454,2025-09-30 10:56:59.503845
7.821192441829174,8.122690083377444,2025-09-30 10:56:59.503845
7.494757811063395,8.35725265185677,2025-09-30 10:56:59.503845
7.536307414435741,8.214396815286104,2025-09-30 10:56:59.503845
7.3886244088530475,8.185262450908866,2025-09-30 10:56:59.503845
7.498498854999915,8.385281356548491,2025-09-30 10:56:59.503845
7.6196409463884995,8.249223963139427,2025-09-30 10:56:59.503845
7.61568730375897,8.39837567318113,2025-09-30 10:56:59.503845
7.617121950224402,8.694542445918769,2025-09-30 10:56:59.503845
7.35426050393937,8.68607904611508,2025-09-30 10:56:59.503845
7.248794426398282,8.879914507265697,2025-09-30 10:56:59.503845
7.316762514712008,8.210115265553544,2025-09-30 10:56:59.503845
7.344369573048301,8.353978449717726,2025-09-30 10:56:59.503845
7.624006556247493,8.67363575676614,2025-09-30 10:56:59.503845
7.359130610720089,8.271128793448831,2025-09-30 10:56:59.503845
7.425622880610446,8.85543929285749,2025-09-30 10:56:59.503845
7.886852166631409,8.504293752389113,2025-09-30 10:56:59.503845
7.353275978522329,8.415533487109677,2025-09-30 10:56:59.503845
7.638145146633605,8.061251958686288,2025-09-30 10:56:59.503845
7.509145552351253,8.357455345242508,2025-09-30 10:56:59.503845
7.377532451484682,8.600306453147141,2025-09-30 10:56:59.503845
7.574535205766811,8.311990423885874,2025-09-30 10:56:59.503845
7.614897554386753,8.257635252241345,2025-09-30 10:56:59.503845
7.344337997218054,7.9381503048234965,2025-09-30 10:56:59.503845
7.624801078781663,8.36772156229291,2025-09-30 10:56:59.503845
7.234213062844817,8.275475303469127,2025-09-30 10:56:59.503845
7.556706154931239,8.39510264820052,2025-09-30 10:56:59.503845
7.333749655396275,8.098200343416382,2025-09-30 10:56:59.503845
7.680314921085271,8.173169022927999,2025-09-30 10:56:59.503845
7.445997825708312,8.551587568999686,2025-09-30 10:56:59.503845
7.466289652397946,7.960340525476667,2025-09-30 10:56:59.503845
7.597238677044448,8.4295820686069,2025-09-30 10:56:59.503845
7.56553897787435,8.326203525320059,2025-09-30 10:56:59.503845
7.3175789847556985,8.33066772946174,2025-09-30 10:56:59.503845
7.463629986962128,8.400826672465502,2025-09-30 10:56:59.503845
7.047933641213786,8.593726697001967,2025-09-30 10:56:59.503845
7.450705005822457,8.478555169951573,2025-09-30 10:56:59.503845
7.506688143196684,8.674940218574632,2025-09-30 10:56:59.503845
7.400951338191902,8.39649432218083,2025-09-30 10:56:59.503845
7.6620856545532945,8.302554604280886,2025-09-30 10:56:59.503845
7.7761422259170345,8.044322001039147,2025-09-30 10:56:59.503845
7.503230526325488,8.525394175375808,2025-09-30 10:56:59.503845
7.588234419576779,8.086396376922004,2025-09-30 10:56:59.503845
7.187849282408682,8.019521423619018,2025-09-30 10:56:59.503845
7.359003060485532,8.367353659303056,2025-09-30 10:56:59.503845
7.347784731785841,8.696254316549284,2025-09-30 10:56:59.503845
7.506613846022433,8.251516183522915,2025-09-30 10:56:59.503845
7.490741079552547,8.545647233712055,2025-09-30 10:56:59.503845
7.174663329281652,8.352741132134486,2025-09-30 10:56:59.503845
7.4163511547825784,8.511604421355992,2025-09-30 10:56:59.503845
7.400268115905033,8.39757846740412,2025-09-30 10:56:59.503845
7.254777961858612,8.549705024155582,2025-09-30 10:56:59.503845
7.869665130464206,7.986146360354398,2025-09-30 10:56:59.503845
7.273692704537233,8.754634362955734,2025-09-30 10:56:59.503845
7.508785217592319,8.352606408241208,2025-09-30 10:56:59.503845
7.553929596664443,8.392761336101021,2025-09-30 10:56:59.503845
7.288251127101316,8.408506213714437,2025-09-30 10:56:59.503845
7.575440546737294,8.383649543537688,2025-09-30 10:56:59.503845
7.577309566775987,8.323981738144424,2025-09-30 10:56:59.503845
7.733034422282755,8.060447681566558,2025-09-30 10:56:59.503845
7.410370271392432,8.49102942196976,2025-09-30 10:56:59.503845
7.29241526848026,8.29687142482015,2025-09-30 10:56:59.503845
7.543634453404636,8.35206989338079,2025-09-30 10:56:59.503845
7.604812181286336,8.457366099968283,2025-09-30 10:56:59.503845
7.307646363613718,8.348199274861589,2025-09-30 10:56:59.503845
7.185809816387202,8.416510889140266,2025-09-30 10:56:59.503845
7.21583219611598,8.549302294438192,2025-09-30 10:56:59.503845
7.690976253633214,8.452315212091193,2025-09-30 10:56:59.503845
7.628401130367501,8.456488370667781,2025-09-30 10:56:59.503845
7.4083868752689765,8.167586046603054,2025-09-30 10:56:59.503845
7.358290490175979,8.680030888341694,2025-09-30 10:56:59.503845
7.351133858116288,8.715585835430371,2025-09-30 10:56:59.503845
7.481399549207056,8.373224042691641,2025-09-30 10:56:59.503845
7.727691288905177,8.447221971553484,2025-09-30 10:56:59.503845
7.32214503266185,8.373169521925805,2025-09-30 10:56:59.503845
7.348485490165551,8.441427232240255,2025-09-30 10:56:59.503845
7.578598711569959,8.21229598974766,2025-09-30 10:56:59.503845
7.473778932676828,8.131138421375352,2025-09-30 10:56:59.503845
7.4300288058283845,8.430732911786333,2025-09-30 10:56:59.503845
7.401555016745698,8.281283735742337,2025-09-30 10:56:59.503845
7.378025850555781,8.447366297623555,2025-09-30 10:56:59.503845
7.489096453078145,8.32452044073025,2025-09-30 10:56:59.503845
7.610284317468341,8.495809859563945,2025-09-30 10:56:59.503845
7.526768207802985,8.608078412507817,2025-09-30 10:56:59.503845
7.723829546043614,8.454115866745562,2025-09-30 10:56:59.503845
7.337812270976485,8.462534310472334,2025-09-30 10:56:59.503845
7.379195262308892,8.157466494543316,2025-09-30 10:56:59.503845
7.406047085638315,8.23365044538085,2025-09-30 10:56:59.503845
7.536668412359757,8.301300282094363,2025-09-30 10:56:59.503845
7.321945800491104,8.434227180373346,2025-09-30 10:56:59.503845
7.236241784264185,8.226842783653163,2025-09-30 10:56:59.503845
7.690995569422649,8.211210184186518,2025-09-30 10:56:59.503845
7.455817124579754,8.763261812208516,2025-09-30 10:56:59.503845
7.16250062203926,8.736873112310718,2025-09-30 10:56:59.503845
7.25636259104924,8.205672411808948,2025-09-30 10:56:59.503845
7.684570299850697,8.564982483855673,2025-09-30 10:56:59.503845
7.656715831330826,8.691782785897063,2025-09-30 10:56:59.503845
7.52860691339982,8.277428479333823,2025-09-30 10:56:59.503845
7.723503810783086,8.267488604562402,2025-09-30 10:56:59.503845
7.366925694761023,8.578778481966005,2025-09-30 10:56:59.503845
7.597397400161835,8.470548111384351,2025-09-30 10:56:59.503845
7.787041199122736,8.52813611554947,2025-09-30 10:56:59.503845
7.700353478554232,8.733777811666254,2025-09-30 10:56:59.503845
7.290252696124388,8.035429873129162,2025-09-30 10:56:59.503845
7.605119310218806,8.62603531647106,2025-09-30 10:56:59.503845
7.645829125995764,8.784709328538334,2025-09-30 10:56:59.503845
7.528815296315548,8.683344675515405,2025-09-30 10:56:59.503845
7.788711187353464,8.258302583048573,2025-09-30 10:56:59.503845
7.4111262039337635,8.544746510865318,2025-09-30 10:56:59.503845
7.823609699044744,8.220928221463419,2025-09-30 10:56:59.503845
7.766827361464358,8.29095695159132,2025-09-30 10:56:59.503845
7.683328264676761,8.540560832571503,2025-09-30 10:56:59.503845
7.453183139881413,8.54068373358436,2025-09-30 10:56:59.503845
7.509567671863008,8.020896203861344,2025-09-30 10:56:59.503845
7.136671472593537,8.39028373340002,2025-09-30 10:56:59.503845
7.492786980758121,7.889084175589022,2025-09-30 10:56:59.503845
7.619365152398181,8.140020174044826,2025-09-30 10:56:59.503845
7.410321785678042,8.373362385090296,2025-09-30 10:56:59.503845
7.6679160458447635,8.468772629394685,2025-09-30 10:56:59.503845
7.494803282794792,8.407653183115631,2025-09-30 10:56:59.503845
7.386983105112023,8.609568851623353,2025-09-30 10:56:59.503845
7.474391881579238,8.306298301647276,2025-09-30 10:56:59.503845
7.3769471268589335,8.381129300628185,2025-09-30 10:56:59.503845
7.592894800271641,7.909477519750153,2025-09-30 10:56:59.503845
7.560945633457925,8.635008567690955,2025-09-30 10:56:59.503845
7.758595983927606,8.344388911372207,2025-09-30 10:56:59.503845
7.743617162995558,8.113740317453244,2025-09-30 10:56:59.503845
7.481109945413688,8.471892985590715,2025-09-30 10:56:59.503845
7.390342700176899,7.9747099575699405,2025-09-30 10:56:59.503845
7.3409201166259646,8.078131775701515,2025-09-30 10:56:59.503845
7.329496844011326,7.9099920780253425,2025-09-30 10:56:59.503845
7.53975476594382,8.497346781995187,2025-09-30 10:56:59.503845
7.68746653808586,8.602386090512276,2025-09-30 10:56:59.503845
7.419990728741753,8.467281526773771,2025-09-30 10:56:59.503845
7.8326876889265655,8.034422439187642,2025-09-30 10:56:59.503845
7.39398479527597,8.248541071918053,2025-09-30 10:56:59.503845
7.383878877801742,8.175893770174282,2025-09-30 10:56:59.503845
7.658387421034683,8.099926213198636,2025-09-30 10:56:59.503845
7.383883688254285,7.964489799189707,2025-09-30 10:56:59.503845
7.361397597052721,8.499485484566922,2025-09-30 10:56:59.503845
7.442083355529412,8.01384654888401,2025-09-30 10:56:59.503845
7.576966201122329,8.273957200975511,2025-09-30 10:56:59.503845
7.541900657927833,8.537855999175552,2025-09-30 10:56:59.503845
7.7079578345536985,8.535309699114043,2025-09-30 10:56:59.503845
7.751140941761624,8.19295181629504,2025-09-30 10:56:59.503845
7.655600611507937,8.462242373814002,2025-09-30 10:56:59.503845
7.492410557208943,7.8684748174455805,2025-09-30 10:56:59.503845
7.722928392814682,8.676397546135297,2025-09-30 10:56:59.503845
7.537711214417218,8.369205324685717,2025-09-30 10:56:59.503845
7.452083407987933,8.4508963870941,2025-09-30 10:56:59.503845
7.797657877166548,8.545275626120004,2025-09-30 10:56:59.503845
7.191133622064872,8.380574527558172,2025-09-30 10:56:59.503845
7.4384824910665115,8.459742451422885,2025-09-30 10:56:59.503845
7.117702841265291,8.681933807328969,2025-09-30 10:56:59.503845
7.564390042662827,8.281782906682801,2025-09-30 10:56:59.503845
7.615559896921394,8.437291833302448,2025-09-30 10:56:59.503845
7.644231001101454,8.080602233120104,2025-09-30 10:56:59.503845
7.665948598666708,8.664494067229196,2025-09-30 10:56:59.503845
7.389467891683356,8.146891008617077,2025-09-30 10:56:59.503845
7.390316334425657,8.456549804185268,2025-09-30 10:56:59.503845
7.659125389238424,8.138741059809648,2025-09-30 10:56:59.503845
7.503395903786243,8.015683025622407,2025-09-30 10:56:59.503845
7.637363836969691,8.276432095250689,2025-09-30 10:56:59.503845
7.267999856426599,7.921551268777971,2025-09-30 10:56:59.503845
7.57411891981755,8.262452096643122,2025-09-30 10:56:59.503845
7.665838943209364,8.946048883362439,2025-09-30 10:56:59.503845
7.674566195142966,8.363786001319907,2025-09-30 10:56:59.503845
7.746638217606974,8.696747896296058,2025-09-30 10:56:59.503845
7.491970461445856,8.1157855924839,2025-09-30 10:56:59.503845
7.437368613975978,8.66326624604443,2025-09-30 10:56:59.503845
7.880085439141149,8.369234750760237,2025-09-30 10:56:59.503845
7.397198572352628,8.21422555592334,2025-09-30 10:56:59.503845
7.444575654016971,8.10554464177228,2025-09-30 10:56:59.503845
7.2753339008910896,8.4714671471809,2025-09-30 10:56:59.503845
7.544009102527205,8.058964979370947,2025-09-30 10:56:59.503845
7.5555238086884025,8.441468651030947,2025-09-30 10:56:59.503845
7.312845049776155,8.445519182695357,2025-09-30 10:56:59.503845
7.748940284261465,8.460777195303933,2025-09-30 10:56:59.503845
7.77858754306444,8.088400466072777,2025-09-30 10:56:59.503845
7.717452862789428,8.137449137447382,2025-09-30 10:56:59.503845
7.651986514545699,8.296907626510377,2025-09-30 10:56:59.503845
7.442196563220867,8.419693060425065,2025-09-30 10:56:59.503845
7.572912165769503,8.528436031529353,2025-09-30 10:56:59.503845
7.540781064954496,8.386250022098256,2025-09-30 10:56:59.503845
7.343366357302417,8.269829396890998,2025-09-30 10:56:59.503845
7.372746627281469,8.497227723498586,2025-09-30 10:56:59.503845
7.497453688889045,8.341756212283107,2025-09-30 10:56:59.503845
7.448647371265807,8.397549562283267,2025-09-30 10:56:59.503845
7.589241980599706,8.281226698152063,2025-09-30 10:56:59.503845
7.274193584366674,8.432100798918583,2025-09-30 10:56:59.503845
7.6400436502617755,8.108004210563765,2025-09-30 10:56:59.503845
7.5697159420740725,8.625892662570058,2025-09-30 10:56:59.503845
7.529791846131237,7.961837754877172,2025-09-30 10:56:59.503845
7.599407670322223,8.642690267882685,2025-09-30 10:56:59.503845
7.260066072241518,8.120719085039191,2025-09-30 10:56:59.503845
7.304011589601817,8.434300296068338,2025-09-30 10:56:59.503845
7.703344655870021,8.24934580685332,2025-09-30 10:56:59.503845
7.69643176676553,8.546153612281,2025-09-30 10:56:59.503845
7.391623991986535,8.30365017514561,2025-09-30 10:56:59.503845
7.357208799227472,8.409220403881601,2025-09-30 10:56:59.503845
7.59134951376636,8.710178310455515,2025-09-30 10:56:59.503845
7.509449364937921,8.352417684653595,2025-09-30 10:56:59.503845
7.396127725444435,8.27816055571293,2025-09-30 10:56:59.503845
7.427429470269668,8.632099132879372,2025-09-30 10:56:59.503845
7.573000401956475,8.45610947505626,2025-09-30 10:56:59.503845
7.778513501004836,8.602851691764798,2025-09-30 10:56:59.503845
7.394346126055671,8.50859491212279,2025-09-30 10:56:59.503845
7.4634455668301625,8.403486430281724,2025-09-30 10:56:59.503845
7.4541732233447675,8.06318466632571,2025-09-30 10:56:59.503845
7.711435277773265,8.1475082410187,2025-09-30 10:56:59.503845
7.722208104632493,8.348545136395652,2025-09-30 10:56:59.503845
7.6392017739300915,8.691169736234142,2025-09-30 10:56:59.503845
7.4914297569921215,7.958076953935666,2025-09-30 10:56:59.503845
7.3840374696259765,8.839844830766099,2025-09-30 10:56:59.503845
7.632238601693371,7.954519317145883,2025-09-30 10:56:59.503845
7.3568406245174724,8.299540961488184,2025-09-30 10:56:59.503845
7.4327859681201485,8.365234514671231,2025-09-30 10:56:59.503845
7.697145082084876,8.198388753146721,2025-09-30 10:56:59.503845
7.460976122054674,8.178252131892815,2025-09-30 10:56:59.503845
7.602463751284256,8.374359631035812,2025-09-30 10:56:59.503845
7.456823001852155,8.237648196697297,2025-09-30 10:56:59.503845
7.346815337373588,8.720134368648147,2025-09-30 10:56:59.503845
7.6179173523000046,8.042218012583882,2025-09-30 10:56:59.503845
7.616095368122413,8.286514637208644,2025-09-30 10:56:59.503845
7.590948578294307,8.312239274956637,2025-09-30 10:56:59.503845
7.2509817785034425,8.117139414143754,2025-09-30 10:56:59.503845
7.776191996860259,8.633103193510733,2025-09-30 10:56:59.503845
7.4790584558127176,8.371368534294561,2025-09-30 10:56:59.503845
7.557463253123314,8.142763419134758,2025-09-30 10:56:59.503845
7.524951595718646,7.955641798188504,2025-09-30 10:56:59.503845
7.581851370596089,8.28889894098253,2025-09-30 10:56:59.503845
7.229914621683741,8.429952038016188,2025-09-30 10:56:59.503845
7.174905010778849,8.33209929658835,2025-09-30 10:56:59.503845
7.359816173292174,8.389047802498672,2025-09-30 10:56:59.503845
7.3130275019506685,8.46454193186179,2025-09-30 10:56:59.503845
7.735129549472917,8.414082356366306,2025-09-30 10:56:59.503845
7.5634338872530265,7.940221569738978,2025-09-30 10:56:59.503845
7.692273210927309,8.528514344779483,2025-09-30 10:56:59.503845
7.433276084117183,8.441812443838403,2025-09-30 10:56:59.503845
7.382915095678924,8.638896853584164,2025-09-30 10:56:59.503845
7.698724647542957,7.97174154543478,2025-09-30 10:56:59.503845
7.6786642672736205,8.281742934978807,2025-09-30 10:56:59.503845
7.420089165805683,8.4947575006091,2025-09-30 10:56:59.503845
7.43610628760748,8.396059855558917,2025-09-30 10:56:59.503845
7.441979968883169,8.347872430387332,2025-09-30 10:56:59.503845
7.705584160557108,8.295885687049624,2025-09-30 10:56:59.503845
7.191343960247118,8.37026332063536,2025-09-30 10:56:59.503845
7.7581084158362845,8.242742994605482,2025-09-30 10:56:59.503845
7.423041626363042,8.207115947842453,2025-09-30 10:56:59.503845
7.714752392239428,8.40810791705507,2025-09-30 10:56:59.503845
7.592070600058217,8.111497360524776,2025-09-30 10:56:59.503845
7.485813545622126,8.090722860322307,2025-09-30 10:56:59.503845
7.498914656901514,8.323856031443743,2025-09-30 10:56:59.503845
7.719912078633336,8.447967624139018,2025-09-30 10:56:59.503845
7.510708378009547,8.616448904326115,2025-09-30 10:56:59.503845
7.455365085409506,8.654553496645761,2025-09-30 10:56:59.503845
7.472952481756515,8.346061107352732,2025-09-30 10:56:59.503845
7.436048363327711,8.415204287706613,2025-09-30 10:56:59.503845
7.312725690694369,8.390220687928359,2025-09-30 10:56:59.503845
7.4835744149441705,8.281486665586515,2025-09-30 10:56:59.503845
7.452077007616711,8.713202662356531,2025-09-30 10:56:59.503845
7.555989061424698,8.038506163987119,2025-09-30 10:56:59.503845
7.333590864069636,8.506775290122562,2025-09-30 10:56:59.503845
7.715258519131476,8.378804298381313,2025-09-30 10:56:59.503845
7.690399520671976,8.605765527396072,2025-09-30 10:56:59.503845
7.585833238136216,8.388218739027351,2025-09-30 10:56:59.503845
7.700092367232668,8.702220438829523,2025-09-30 10:56:59.503845
7.1939055045104805,8.466423660822832,2025-09-30 10:56:59.503845
7.564813720934791,8.413373530170578,2025-09-30 10:56:59.503845
7.371110682318558,8.34728118816028,2025-09-30 10:56:59.503845
7.4537065018303625,8.412561156827893,2025-09-30 10:56:59.503845
7.11171990862369,8.396008565609671,2025-09-30 10:56:59.503845
7.424050276713808,8.472805048414877,2025-09-30 10:56:59.503845
7.398206708093542,8.196279441937106,2025-09-30 10:56:59.503845
7.259962870462976,8.019941067408675,2025-09-30 10:56:59.503845
7.297663084850526,8.450721584398103,2025-09-30 10:56:59.503845
7.39053324944213,8.252289464633565,2025-09-30 10:56:59.503845
7.347353937341308,8.40070262185055,2025-09-30 10:56:59.503845
7.344536842208564,8.041655157990116,2025-09-30 10:56:59.503845
7.322665260180779,8.3151398814687,2025-09-30 10:56:59.503845
7.280790630156925,8.229144767782822,2025-09-30 10:56:59.503845
7.276583627519906,8.272416952300881,2025-09-30 10:56:59.503845
7.335565194513146,8.162070402754935,2025-09-30 10:56:59.503845
7.702928112841188,8.393127182776036,2025-09-30 10:56:59.503845
7.211641141044866,8.167643408825636,2025-09-30 10:56:59.503845
7.534303683251426,8.51170027283163,2025-09-30 10:56:59.503845
7.444999913814112,8.270904358585138,2025-09-30 10:56:59.503845
7.537461937957702,8.459070548398262,2025-09-30 10:56:59.503845
7.408746355499357,8.024405616474468,2025-09-30 10:56:59.503845
7.284255171304261,8.331532043060948,2025-09-30 10:56:59.503845
7.379050307827613,8.43797455867775,2025-09-30 10:56:59.503845
7.738577764391474,8.383121791076102,2025-09-30 10:56:59.503845
7.477374947880979,8.448234694559792,2025-09-30 10:56:59.503845
7.60856533037215,8.588570374833548,2025-09-30 10:56:59.503845
7.729370400971127,8.352575499097044,2025-09-30 10:56:59.503845
7.233182371038801,8.584010736672598,2025-09-30 10:56:59.503845
7.296747750308661,8.449614440084854,2025-09-30 10:56:59.503845
7.485155973087661,8.556739482152484,2025-09-30 10:56:59.503845
7.506195306085681,7.956248423732021,2025-09-30 10:56:59.503845
7.473731084386661,8.829681095447688,2025-09-30 10:56:59.503845
7.666423135621395,8.144199025064324,2025-09-30 10:56:59.503845
7.336917162546786,8.741914194008551,2025-09-30 10:56:59.503845
7.563244939008513,8.246358829310994,2025-09-30 10:56:59.503845
7.409559112036534,8.456689813968834,2025-09-30 10:56:59.503845
7.519863820378003,8.423233642892525,2025-09-30 10:56:59.503845
7.5229427692110615,8.521092933157277,2025-09-30 10:56:59.503845
7.352624467134099,8.704999713992454,2025-09-30 10:56:59.503845
7.534132388927047,8.20504879516986,2025-09-30 10:56:59.503845
7.820325252012358,8.386154551176721,2025-09-30 10:56:59.503845
7.486313921128542,8.215932517314235,2025-09-30 10:56:59.503845
7.681705907740158,8.47427383466745,2025-09-30 10:56:59.503845
7.593520934544604,8.536098344207353,2025-09-30 10:56:59.503845
7.3524675909107176,8.407366003394127,2025-09-30 10:56:59.503845
7.297111942250394,7.954395277367718,2025-09-30 10:56:59.503845
7.680834769942875,8.367056929337979,2025-09-30 10:56:59.503845
7.6164678592883455,8.259910492730794,2025-09-30 10:56:59.503845
7.504013107461003,8.60639656071846,2025-09-30 10:56:59.503845
7.472872470199929,8.737002882362585,2025-09-30 10:56:59.503845
7.560031168516094,8.380563106338741,2025-09-30 10:56:59.503845
7.552186340808397,8.213070132047102,2025-09-30 10:56:59.503845
7.603783463425961,8.267959163423567,2025-09-30 10:56:59.503845
7.505130385314896,8.541360913803091,2025-09-30 10:56:59.503845
7.691636887670929,8.505516156302903,2025-09-30 10:56:59.503845
7.445556024617944,8.508229973433101,2025-09-30 10:56:59.503845
7.766982966784043,8.344261867626624,2025-09-30 10:56:59.503845
7.811252204119338,7.760200167480699,2025-09-30 10:56:59.503845
7.460049108691368,8.182560965190019,2025-09-30 10:56:59.503845
7.56395292445267,8.505643037745578,2025-09-30 10:56:59.503845
7.658959802575518,8.363879737320433,2025-09-30 10:56:59.503845
7.451041791621501,8.255394720086693,2025-09-30 10:56:59.503845
7.047882475442597,8.335996145561484,2025-09-30 10:56:59.503845
7.548747627624525,8.256174661707202,2025-09-30 10:56:59.503845
7.749750381776473,8.091918461326232,2025-09-30 10:56:59.503845
7.525836115812748,8.370546364569071,2025-09-30 10:56:59.503845
7.549781319718338,8.276545820889869,2025-09-30 10:56:59.503845
7.627881153366162,8.486145149882882,2025-09-30 10:56:59.503845
7.484148358040349,8.457298428181788,2025-09-30 10:56:59.503845
7.539574280250979,8.500037104002411,2025-09-30 10:56:59.503845
7.535831118892324,8.344540429534653,2025-09-30 10:56:59.503845
7.265982243784904,8.243286384305108,2025-09-30 10:56:59.503845
7.727912283955135,8.344252956752703,2025-09-30 10:56:59.503845
7.567749362193886,7.965858117987051,2025-09-30 10:56:59.503845
7.475882593731651,8.014655722927461,2025-09-30 10:56:59.503845
7.704516179070722,8.675462094513918,2025-09-30 10:56:59.503845
7.488983179251388,8.337562743841731,2025-09-30 10:56:59.503845
7.6897085704756485,8.077570779820176,2025-09-30 10:56:59.503845
7.891959448862204,8.232968211562612,2025-09-30 10:56:59.503845
7.5939704773136425,8.687205259850312,2025-09-30 10:56:59.503845
7.612597874295789,8.104664464698192,2025-09-30 10:56:59.503845
7.125250095155068,8.592965449069968,2025-09-30 10:56:59.503845
7.546833730222112,8.33811479498288,2025-09-30 10:56:59.503845
7.390263213992908,8.634572810017602,2025-09-30 10:56:59.503845
7.354553701995917,8.188689230685227,2025-09-30 10:56:59.503845
7.621701049452359,8.482379273811633,2025-09-30 10:56:59.503845
7.3435630448937115,8.071296558120153,2025-09-30 10:56:59.503845
7.579330516158447,8.252012742889042,2025-09-30 10:56:59.503845
7.652558166199168,8.115877974676469,2025-09-30 10:56:59.503845
7.454878297489339,8.49254947711668,2025-09-30 10:56:59.503845
7.636674302407109,8.40922397008178,2025-09-30 10:56:59.503845
7.630498762939292,8.603574919782924,2025-09-30 10:56:59.503845
7.35225788467833,8.16447748495196,2025-09-30 10:56:59.503845
7.314482336422665,8.189596495853284,2025-09-30 10:56:59.503845
7.524897407363815,8.307092854286827,2025-09-30 10:56:59.503845
7.401908859292922,8.712575257711627,2025-09-30 10:56:59.503845
7.530043559382798,8.437768536661935,2025-09-30 10:56:59.503845
7.438433494179604,8.214319131437676,2025-09-30 10:56:59.503845
7.423857796488665,8.14420846466642,2025-09-30 10:56:59.503845
7.320051844023128,8.120621840480968,2025-09-30 10:56:59.503845
7.461804106317195,8.03831215811992,2025-09-30 10:56:59.503845
7.522091000317243,8.233592511814061,2025-09-30 10:56:59.503845
7.671548832415873,8.230890752195869,2025-09-30 10:56:59.503845
7.346882951832268,8.484962372733458,2025-09-30 10:56:59.503845
7.172682124942833,8.306678025250388,2025-09-30 10:56:59.503845
7.47189068979146,8.119581003819002,2025-09-30 10:56:59.503845
7.589178617323294,8.368773792522855,2025-09-30 10:56:59.503845
7.508822766021785,8.370196959645964,2025-09-30 10:56:59.503845
7.290814887673341,8.220511239244148,2025-09-30 10:56:59.503845
7.718269621057465,8.199668500792813,2025-09-30 10:56:59.503845
7.807966490215656,7.972291040085297,2025-09-30 10:56:59.503845
7.420871951689094,8.309884935170786,2025-09-30 10:56:59.503845
7.517143867865842,8.061897347492062,2025-09-30 10:56:59.503845
7.311245636275897,8.394756885216687,2025-09-30 10:56:59.503845
7.577649628012787,8.43327526022799,2025-09-30 10:56:59.503845
7.745948798589464,8.226403467280031,2025-09-30 10:56:59.503845
7.5139763792949745,9.088813306314984,2025-09-30 10:56:59.503845
7.449915138818135,8.301755766131786,2025-09-30 10:56:59.503845
7.243285702535144,8.503092858393197,2025-09-30 10:56:59.503845
8.048863918981322,8.558911906112058,2025-09-30 10:56:59.503845
7.487188330007542,8.3615012012724,2025-09-30 10:56:59.503845
7.575222776626553,8.13492205822425,2025-09-30 10:56:59.503845
7.3014868918805025,8.134778188620276,2025-09-30 10:56:59.503845
7.65384049861005,8.439067897197994,2025-09-30 10:56:59.503845
7.535381628623584,8.474089016918354,2025-09-30 10:56:59.503845
7.447487933033116,7.9986383832118815,2025-09-30 10:56:59.503845
7.7488549103898166,8.109402959475576,2025-09-30 10:56:59.503845
7.348626004140137,8.580424902914906,2025-09-30 10:56:59.503845
7.407518320956337,8.352654059774993,2025-09-30 10:56:59.503845
7.385250258543652,8.416480672568586,2025-09-30 10:56:59.503845
7.596203380054105,8.502974955169503,2025-09-30 10:56:59.503845
7.204403697949379,8.311961054946686,2025-09-30 10:56:59.503845
7.716209914960883,8.179733327082989,2025-09-30 10:56:59.503845
7.554172884054921,8.454090227174861,2025-09-30 10:56:59.503845
7.447590924505933,8.379738153192951,2025-09-30 10:56:59.503845
7.385911327011814,8.27728819847867,2025-09-30 10:56:59.503845
7.71136681148236,8.09952329573871,2025-09-30 10:56:59.503845
7.640241778393114,8.311349146749407,2025-09-30 10:56:59.503845
7.592184484651255,8.399341839605503,2025-09-30 10:56:59.503845
7.581385835676589,8.337268163608131,2025-09-30 10:56:59.503845
7.452813458868068,8.219313502669086,2025-09-30 10:56:59.503845
7.597373273150926,8.13868042740797,2025-09-30 10:56:59.503845
7.647722622799585,8.47717018833346,2025-09-30 10:56:59.503845
7.122385336029755,8.520930294409494,2025-09-30 10:56:59.503845
7.601210525988234,7.791114602559423,2025-09-30 10:56:59.503845
7.415886157129281,8.175263640699155,2025-09-30 10:56:59.503845
7.79006960306107,8.191978479293764,2025-09-30 10:56:59.503845
7.406419165404251,8.700793685629874,2025-09-30 10:56:59.503845
7.5556627703321455,8.6409753507672,2025-09-30 10:56:59.503845
7.722686665431717,8.432394291105055,2025-09-30 10:56:59.503845
7.3776362288844215,8.628381856775073,2025-09-30 10:56:59.503845
7.519874501513192,8.570142462140705,2025-09-30 10:56:59.503845
7.454943810799125,8.86795893013488,2025-09-30 10:56:59.503845
7.479572345029675,8.442473457576387,2025-09-30 10:56:59.503845
7.584174679118555,8.28437293560684,2025-09-30 10:56:59.503845
7.480237677573727,8.317155851657565,2025-09-30 10:56:59.503845
7.525491859373827,8.095432900136318,2025-09-30 10:56:59.503845
7.268465861319869,8.049518652011232,2025-09-30 10:56:59.503845
7.443194515306944,7.995292173667168,2025-09-30 10:56:59.503845
7.805778098984218,8.201327881253398,2025-09-30 10:56:59.503845
7.265370064451428,8.29550729442198,2025-09-30 10:56:59.503845
7.449297487952104,8.48011033226257,2025-09-30 10:56:59.503845
7.3960071042581985,8.368499234546759,2025-09-30 10:56:59.503845
7.732303986539977,8.797230697234594,2025-09-30 10:56:59.503845
7.4145970627055915,8.265335823603156,2025-09-30 10:56:59.503845
7.289422554914558,8.489185129279537,2025-09-30 10:56:59.503845
7.471439193695074,8.306278188167882,2025-09-30 10:56:59.503845
7.6161862747309,8.341113718840964,2025-09-30 10:56:59.503845
7.514298558052591,8.262803638663065,2025-09-30 10:56:59.503845
7.372345237365351,8.593746043507025,2025-09-30 10:56:59.503845
7.447884882333652,8.558584552294347,2025-09-30 10:56:59.503845
7.790935159517943,7.9903565513902945,2025-09-30 10:56:59.503845
7.5474662725148844,8.290410098468502,2025-09-30 10:56:59.503845
7.575247507383807,8.501830825247866,2025-09-30 10:56:59.503845
7.540837729206416,8.445532354310796,2025-09-30 10:56:59.503845
7.237560030477025,8.451367544616728,2025-09-30 10:56:59.503845
7.255976540386251,8.532069580649605,2025-09-30 10:56:59.503845
7.668457765490393,8.152536554986895,2025-09-30 10:56:59.503845
7.611089215063089,8.424769023183613,2025-09-30 10:56:59.503845
7.781964022654864,8.277892993559325,2025-09-30 10:56:59.503845
7.5427632955878785,8.447413839677646,2025-09-30 10:56:59.503845
7.880097094809605,8.552127919863999,2025-09-30 10:56:59.503845
7.507524653113776,8.508355836677968,2025-09-30 10:56:59.503845
7.620277541355539,7.95711710072077,2025-09-30 10:56:59.503845
7.641673812143659,8.520499341871902,2025-09-30 10:56:59.503845
7.500397578471182,8.25972620136537,2025-09-30 10:56:59.503845
7.25991229657825,8.430040398839036,2025-09-30 10:56:59.503845
7.448761005745211,8.412241671065576,2025-09-30 10:56:59.503845
7.67020932533981,8.60633295307924,2025-09-30 10:56:59.503845
7.176982871772272,8.362627032563616,2025-09-30 10:56:59.503845
7.362893669549998,8.317483980250731,2025-09-30 10:56:59.503845
7.443244494253596,8.481571689381227,2025-09-30 10:56:59.503845
7.557903048294112,8.330777145816045,2025-09-30 10:56:59.503845
7.592790109432469,8.471412724740189,2025-09-30 10:56:59.503845
7.281121176553571,8.514237044535447,2025-09-30 10:56:59.503845
7.495597352777556,8.310584966603278,2025-09-30 10:56:59.503845
7.5116059855714115,8.394784900975917,2025-09-30 10:56:59.503845
7.456431857048425,8.587934003037779,2025-09-30 10:56:59.503845
7.591912292235403,8.509130839778768,2025-09-30 10:56:59.503845
7.589800131245756,8.324849060993376,2025-09-30 10:56:59.503845
7.282966784396436,8.492453136928225,2025-09-30 10:56:59.503845
7.314044700202158,8.244907999304075,2025-09-30 10:56:59.503845
7.692477948657002,8.290277312105667,2025-09-30 10:56:59.503845
7.464659527674259,8.08864035947632,2025-09-30 10:56:59.503845
6.992271837911479,8.580157908389577,2025-09-30 10:56:59.503845
7.164819874869016,8.629761767725235,2025-09-30 10:56:59.503845
7.298048708319501,8.640872232043701,2025-09-30 10:56:59.503845
7.338070139300399,8.335505717742581,2025-09-30 10:56:59.503845
7.1331685690593885,8.195443527238632,2025-09-30 10:56:59.503845
7.628102183597698,8.297678557725138,2025-09-30 10:56:59.503845
7.614769451478587,8.5417396112481,2025-09-30 10:56:59.503845
7.718612257783625,7.987470090487765,2025-09-30 10:56:59.503845
7.378338473951419,8.03087357995259,2025-09-30 10:56:59.503845
7.259622096107347,8.16578790439712,2025-09-30 10:56:59.503845
7.381268086423072,8.481222529203627,2025-09-30 10:56:59.503845
7.538321162753792,8.269174809592236,2025-09-30 10:56:59.503845
7.462628658150827,8.458362189818645,2025-09-30 10:56:59.503845
7.413666105714058,8.309428279196139,2025-09-30 10:56:59.503845
7.4390607247909175,8.225776127885673,2025-09-30 10:56:59.503845
7.224357517698793,8.566724497118583,2025-09-30 10:56:59.503845
7.368542544807439,8.390062002904864,2025-09-30 10:56:59.503845
7.49208366985191,8.60072499778876,2025-09-30 10:56:59.503845
7.399636028858124,8.386870036329674,2025-09-30 10:56:59.503845
7.548734908099265,8.329372476487833,2025-09-30 10:56:59.503845
7.237686305001488,8.362467459080612,2025-09-30 10:56:59.503845
7.360254687522252,8.395006296569369,2025-09-30 10:56:59.503845
7.507381617305853,8.226159033222297,2025-09-30 10:56:59.503845
7.686566056996866,8.2170003386661,2025-09-30 10:56:59.503845
7.479057766731266,8.33854866604182,2025-09-30 10:56:59.503845
7.577249015620765,8.141681128550859,2025-09-30 10:56:59.503845
7.481814676031238,8.235029477338273,2025-09-30 10:56:59.503845
7.570526663434624,8.363781881688032,2025-09-30 10:56:59.503845
7.8594197185160635,8.333926475437101,2025-09-30 10:56:59.503845
7.668199972825946,8.511779957689807,2025-09-30 10:56:59.503845
7.581695380762633,8.171800161356188,2025-09-30 10:56:59.503845
7.491441898753924,8.846400394615486,2025-09-30 10:56:59.503845
7.2563676124357235,8.149077982738557,2025-09-30 10:56:59.503845
7.639398707307221,8.317993811747915,2025-09-30 10:56:59.503845
7.552025735003773,8.271482616161885,2025-09-30 10:56:59.503845
7.257002523775583,8.423994824038775,2025-09-30 10:56:59.503845
7.666193704416627,8.454461650099377,2025-09-30 10:56:59.503845
7.596311943979654,8.578749688855687,2025-09-30 10:56:59.503845
7.421669121339765,8.159900874263391,2025-09-30 10:56:59.503845
7.6483923729199015,8.253323015137536,2025-09-30 10:56:59.503845
7.442904060566655,8.19999625576454,2025-09-30 10:56:59.503845
7.489596201629121,8.625689042250764,2025-09-30 10:56:59.503845
7.531936994636933,8.633932409810749,2025-09-30 10:56:59.503845
7.635017548645024,8.306046942050049,2025-09-30 10:56:59.503845
7.342329675145032,8.256012947306713,2025-09-30 10:56:59.503845
7.469373217775944,8.372610820861807,2025-09-30 10:56:59.503845
7.716615501303678,8.373617928825059,2025-09-30 10:56:59.503845
7.492670195783378,8.511384058016036,2025-09-30 10:56:59.503845
7.435729244348681,8.598814905482412,2025-09-30 10:56:59.503845
7.532585753327156,8.231391019707232,2025-09-30 10:56:59.503845
7.2256326370609285,8.221332791855003,2025-09-30 10:56:59.503845
7.370342625748842,8.373598061567618,2025-09-30 10:56:59.503845
7.624198968243259,8.112522490345114,2025-09-30 10:56:59.503845
7.56151275604821,8.421135986171072,2025-09-30 10:56:59.503845
7.575929446030408,8.271923974723045,2025-09-30 10:56:59.503845
7.430580085276733,8.486068652950253,2025-09-30 10:56:59.503845
7.367361717453854,8.341509201633347,2025-09-30 10:56:59.503845
7.655605949319737,8.273476597835723,2025-09-30 10:56:59.503845
7.508775426749748,8.604083921439447,2025-09-30 10:56:59.503845
7.356561814391849,8.064485867411276,2025-09-30 10:56:59.503845
7.521546753806529,8.292696838104224,2025-09-30 10:56:59.503845
7.706405584349783,8.31605573374178,2025-09-30 10:56:59.503845
7.759454775412904,8.837975771100597,2025-09-30 10:56:59.503845
7.756885657890999,8.360740977437667,2025-09-30 10:56:59.503845
7.436832110308452,8.229023098788147,2025-09-30 10:56:59.503845
7.40539454324713,8.603290019439903,2025-09-30 10:56:59.503845
7.708708635834603,8.440340765688378,2025-09-30 10:56:59.503845
7.571265049672206,8.38223944498212,2025-09-30 10:56:59.503845
7.044909624214815,8.194525875660574,2025-09-30 10:56:59.503845
7.416247704476234,8.583842330077138,2025-09-30 10:56:59.503845
7.735620929940358,8.513305412082778,2025-09-30 10:56:59.503845
7.526586382383429,8.328991327484061,2025-09-30 10:56:59.503845
7.4644119406176035,8.341139195675135,2025-09-30 10:56:59.503845
7.721279079981477,8.304779083206432,2025-09-30 10:56:59.503845
7.584079684090546,8.666812951781376,2025-09-30 10:56:59.503845
7.5153340720475645,8.260242428757072,2025-09-30 10:56:59.503845
7.428832430274277,8.384066634738545,2025-09-30 10:56:59.503845
7.21492905244185,8.347285765471339,2025-09-30 10:56:59.503845
7.226005141967426,8.251560316577,2025-09-30 10:56:59.503845
7.499420154884432,8.336439552060279,2025-09-30 10:56:59.503845
7.365316483425136,7.979115173593781,2025-09-30 10:56:59.503845
7.572302947735932,8.260922117108768,2025-09-30 10:56:59.503845
7.278094700971401,8.244809201418299,2025-09-30 10:56:59.503845
7.610721887488645,8.251285315167305,2025-09-30 10:56:59.503845
7.394635928057739,8.437762894371762,2025-09-30 10:56:59.503845
7.6054773681352605,8.286587063840013,2025-09-30 10:56:59.503845
7.731712879465083,8.347396920363872,2025-09-30 10:56:59.503845
7.299558276611039,8.302966677698862,2025-09-30 10:56:59.503845
7.314172146389317,8.327089534360963,2025-09-30 10:56:59.503845
7.1102577436568,8.031554829247266,2025-09-30 10:56:59.503845
7.446750099978216,8.569285195771196,2025-09-30 10:56:59.503845
7.551621549958124,8.106502388973574,2025-09-30 10:56:59.503845
7.495990004871667,8.648752208979625,2025-09-30 10:56:59.503845
7.417065161021633,7.68268785173064,2025-09-30 10:56:59.503845
7.587521276633843,8.032215192006335,2025-09-30 10:56:59.503845
7.637372932539059,8.215878534815408,2025-09-30 10:56:59.503845
7.666779938348431,8.303552499316739,2025-09-30 10:56:59.503845
7.179540571571444,8.168615920402415,2025-09-30 10:56:59.503845
7.581527543814628,8.495032612619335,2025-09-30 10:56:59.503845
7.200016213662771,8.371919850045128,2025-09-30 10:56:59.503845
7.542116885258242,8.510801749645564,2025-09-30 10:56:59.503845
7.3478825275762105,8.39372401988571,2025-09-30 10:56:59.503845
7.566781963387619,8.30828420930446,2025-09-30 10:56:59.503845
7.3192496308962465,8.357957016882743,2025-09-30 10:56:59.503845
7.46033289401387,8.062385891277641,2025-09-30 10:56:59.503845
7.22564775669612,8.35359579443138,2025-09-30 10:56:59.503845
7.52287230175248,8.48433378957253,2025-09-30 10:56:59.503845
7.298594364032065,8.259031738960237,2025-09-30 10:56:59.503845
7.003560050352997,8.22391095802057,2025-09-30 10:56:59.503845
7.637542250382643,8.445701272068902,2025-09-30 10:56:59.503845
7.6558100465724594,8.31128081800039,2025-09-30 10:56:59.503845
7.465352940739638,7.956658149452231,2025-09-30 10:56:59.503845
7.69165622686082,8.49965346889347,2025-09-30 10:56:59.503845
7.582767101181541,8.629261021208027,2025-09-30 10:56:59.503845
7.5807004945605545,8.330095803819974,2025-09-30 10:56:59.503845
7.569192251933816,8.283339397686596,2025-09-30 10:56:59.503845
7.504460562492829,8.652774183318177,2025-09-30 10:56:59.503845
7.343025644695618,8.381225984797805,2025-09-30 10:56:59.503845
7.2974926076335604,8.690486783158013,2025-09-30 10:56:59.503845
7.320759193356938,8.326895116843625,2025-09-30 10:56:59.503845
7.866535983642541,8.626645062869144,2025-09-30 10:56:59.503845
7.272290968231074,8.033366387175352,2025-09-30 10:56:59.503845
7.409504753446147,8.509866163684887,2025-09-30 10:56:59.503845
7.71781562643027,8.438007070472985,2025-09-30 10:56:59.503845
7.600743649466081,8.549326362984305,2025-09-30 10:56:59.503845
7.460914970525696,8.442907287133867,2025-09-30 10:56:59.503845
7.503724157471808,8.63414690729142,2025-09-30 10:56:59.503845
7.553123030397677,8.015964839216005,2025-09-30 10:56:59.503845
7.418496647082839,8.184250033038339,2025-09-30 10:56:59.503845
7.463041310212445,8.397272943360479,2025-09-30 10:56:59.503845
7.691873994934127,8.110085262441963,2025-09-30 10:56:59.503845
7.678384526656143,8.343061910470924,2025-09-30 10:56:59.503845
7.722103261496689,8.953872693692283,2025-09-30 10:56:59.503845
7.625832638248822,8.655512882511646,2025-09-30 10:56:59.503845
7.504241637826122,8.662041639487024,2025-09-30 10:56:59.503845
7.555081978698989,8.27773448427155,2025-09-30 10:56:59.503845
7.403984202712131,8.664922162094987,2025-09-30 10:56:59.503845
7.59124911496355,8.203384035378196,2025-09-30 10:56:59.503845
7.408203159764127,8.412909414657593,2025-09-30 10:56:59.503845
7.449326590990145,8.300165224743097,2025-09-30 10:56:59.503845
7.361916129096739,8.437768747186869,2025-09-30 10:56:59.503845
7.507567915679656,7.927373013558672,2025-09-30 10:56:59.503845
7.5040686445400215,8.062538797942977,2025-09-30 10:56:59.503845
7.502606953786754,8.441582972010474,2025-09-30 10:56:59.503845
7.675464897289373,8.146004134092308,2025-09-30 10:56:59.503845
7.565590044061819,8.380906792610858,2025-09-30 10:56:59.503845
7.855458559801055,8.300078652998636,2025-09-30 10:56:59.503845
6.973715707296087,8.316658760554015,2025-09-30 10:56:59.503845
7.609860008695872,8.41369016232593,2025-09-30 10:56:59.503845
7.527752947745906,7.972525694923799,2025-09-30 10:56:59.503845
7.506344722412085,8.409599469309999,2025-09-30 10:56:59.503845
7.3518798760197335,8.293761715857839,2025-09-30 10:56:59.503845
7.567768277996291,8.322507392887733,2025-09-30 10:56:59.503845
7.3900631705782125,8.442624621460855,2025-09-30 10:56:59.503845
7.373566669544701,8.461380465675479,2025-09-30 10:56:59.503845
7.703807004481026,8.500941799323904,2025-09-30 10:56:59.503845
7.542054996515584,8.524918288254904,2025-09-30 10:56:59.503845
7.451559486936798,8.415004656026058,2025-09-30 10:56:59.503845
7.6008202996288485,8.11323600653592,2025-09-30 10:56:59.503845
7.475371761892236,8.371375743123304,2025-09-30 10:56:59.503845
7.462563501212547,8.307977903231587,2025-09-30 10:56:59.503845
7.662031165086136,8.978872260427186,2025-09-30 10:56:59.503845
7.283774801449431,8.505106171252969,2025-09-30 10:56:59.503845
7.2740351130281455,8.449660169344842,2025-09-30 10:56:59.503845
7.106642798872446,7.8898483188176005,2025-09-30 10:56:59.503845
7.637264542729451,8.087374459787886,2025-09-30 10:56:59.503845
7.547327486797094,8.706117882545374,2025-09-30 10:56:59.503845
7.417183729909464,8.490129818632429,2025-09-30 10:56:59.503845
7.7506684078196315,8.17125799667793,2025-09-30 10:56:59.503845
7.42411202771445,8.530350950720692,2025-09-30 10:56:59.503845
7.928109820719094,8.484706462392676,2025-09-30 10:56:59.503845
7.149549741893434,8.23785753643246,2025-09-30 10:56:59.503845
7.687152836959372,8.690724014536755,2025-09-30 10:56:59.503845
7.57469338055467,8.175001448150095,2025-09-30 10:56:59.503845
7.498532267123482,8.251081400716188,2025-09-30 10:56:59.503845
7.655235631697481,8.355969436667385,2025-09-30 10:56:59.503845
7.580595718938013,8.658240822210995,2025-09-30 10:56:59.503845
7.439770395322089,8.222475380924754,2025-09-30 10:56:59.503845
7.537845285153967,8.402330235924895,2025-09-30 10:56:59.503845
7.480288510170028,8.378525879841389,2025-09-30 10:56:59.503845
7.565999516228122,8.193805785262267,2025-09-30 10:56:59.503845
7.379232731789651,8.343146780645695,2025-09-30 10:56:59.503845
7.552047706113135,8.513100963904042,2025-09-30 10:56:59.503845
7.486976233791002,8.6077057165771,2025-09-30 10:56:59.503845
7.601264527541897,8.215080781266533,2025-09-30 10:56:59.503845
7.4395817819521035,8.69187120441507,2025-09-30 10:56:59.503845
7.48946157156715,8.41485227013607,2025-09-30 10:56:59.503845
7.819690758389867,8.303400335938262,2025-09-30 10:56:59.503845
7.382468800469104,8.418358590545738,2025-09-30 10:56:59.503845
7.420832463766746,8.162201017101413,2025-09-30 10:56:59.503845
7.688898304206545,8.622320310309386,2025-09-30 10:56:59.503845
7.46748228828884,8.226210658678928,2025-09-30 10:56:59.503845
7.383441773011263,8.262419869397592,2025-09-30 10:56:59.503845
7.521793365797775,8.54368190138041,2025-09-30 10:56:59.503845
7.457392618420891,8.3874551852438,2025-09-30 10:56:59.503845
7.716781190868808,8.272159197691947,2025-09-30 10:56:59.503845
7.633068228490797,8.53978964398755,2025-09-30 10:56:59.503845
7.523540219989846,7.944364643716097,2025-09-30 10:56:59.503845
7.207072713956547,8.510238546743771,2025-09-30 10:56:59.503845
7.267683642237693,8.312216220687038,2025-09-30 10:56:59.503845
7.526193019330707,8.455077723270652,2025-09-30 10:56:59.503845
7.331977906922253,8.164132519300837,2025-09-30 10:56:59.503845
7.540973025576912,8.53706838237155,2025-09-30 10:56:59.503845
7.201805133825773,8.611958853188359,2025-09-30 10:56:59.503845
7.439503569113401,8.198569367421312,2025-09-30 10:56:59.503845
7.622033913215966,8.108551049034702,2025-09-30 10:56:59.503845
7.616721266104127,8.4142286246964,2025-09-30 10:56:59.503845
7.151563581157109,8.376044847367488,2025-09-30 10:56:59.503845
7.6298190063345706,8.347755927083796,2025-09-30 10:56:59.503845
7.303480886461638,8.283129209200341,2025-09-30 10:56:59.503845
7.403725050336411,8.527792319137818,2025-09-30 10:56:59.503845
7.586178319255195,8.452123682132429,2025-09-30 10:56:59.503845
7.37275651935883,8.251752121273396,2025-09-30 10:56:59.503845
7.53172680020525,8.333345115015904,2025-09-30 10:56:59.503845
7.237013569432195,8.471545718318747,2025-09-30 10:56:59.503845
7.322550245536367,8.04343734465141,2025-09-30 10:56:59.503845
7.6709046645887975,8.306740423618649,2025-09-30 10:56:59.503845
7.532861027292819,8.727843435528014,2025-09-30 10:56:59.503845
7.524574032143715,8.367114422035355,2025-09-30 10:56:59.503845
7.740331777177842,8.342807559889863,2025-09-30 10:56:59.503845
7.703285241749763,8.442348974346679,2025-09-30 10:56:59.503845
7.428876364379192,8.416838392356013,2025-09-30 10:56:59.503845
7.417153663531328,8.45243554154533,2025-09-30 10:56:59.503845
7.328366855032365,8.269425489844538,2025-09-30 10:56:59.503845
7.555813507453079,8.42447564721541,2025-09-30 10:56:59.503845
7.485404727865784,8.57730807385255,2025-09-30 10:56:59.503845
7.606493312116425,8.411100185290298,2025-09-30 10:56:59.503845
7.6451911210694,8.3623016945489,2025-09-30 10:56:59.503845
7.591474464492528,8.371490735657247,2025-09-30 10:56:59.503845
7.4313910880266425,7.850660020934548,2025-09-30 10:56:59.503845
7.510982199129566,8.873960746235516,2025-09-30 10:56:59.503845
7.44733907642352,8.485716642034955,2025-09-30 10:56:59.503845
7.618136366939208,8.043132104880401,2025-09-30 10:56:59.503845
7.158182775366216,8.349220275085226,2025-09-30 10:56:59.503845
7.486985776755177,8.533469701336772,2025-09-30 10:56:59.503845
7.447168512766034,8.458855549796533,2025-09-30 10:56:59.503845
7.616709584631477,8.328553011045287,2025-09-30 10:56:59.503845
7.237899584428332,8.578061704870285,2025-09-30 10:56:59.503845
7.266956099926333,8.42565671647457,2025-09-30 10:56:59.503845
7.74176310755479,8.586712296217762,2025-09-30 10:56:59.503845
7.374787485780848,8.647941322560454,2025-09-30 10:56:59.503845
7.482010350587696,8.108858231207046,2025-09-30 10:56:59.503845
7.545331642797823,8.206102746218452,2025-09-30 10:56:59.503845
7.719721326548371,8.355812025959294,2025-09-30 10:56:59.503845
7.635056642953589,8.44726732178299,2025-09-30 10:56:59.503845
7.602177734906786,8.609791644369361,2025-09-30 10:56:59.503845
7.517008282393972,8.381173621897952,2025-09-30 10:56:59.503845
7.397502352153934,8.295001220890864,2025-09-30 10:56:59.503845
7.476418243540225,8.35770672457456,2025-09-30 10:56:59.503845
7.665301422876949,8.058358668026866,2025-09-30 10:56:59.503845
7.41488881043558,8.287236057363934,2025-09-30 10:56:59.503845
7.685024650311227,8.104072404271257,2025-09-30 10:56:59.503845
7.500119833715353,8.36592747502914,2025-09-30 10:56:59.503845
7.3695013069695845,8.425100141749356,2025-09-30 10:56:59.503845
7.706007789147007,8.26016098354459,2025-09-30 10:56:59.503845
7.484870275315193,8.155085313407199,2025-09-30 10:56:59.503845
7.67468829030828,8.282459614131191,2025-09-30 10:56:59.503845
7.475225141849715,8.289034488068523,2025-09-30 10:56:59.503845
7.5327799141112575,8.491658705232197,2025-09-30 10:56:59.503845
7.530510010970189,8.737813592136744,2025-09-30 10:56:59.503845
7.535898721739346,8.471637879674228,2025-09-30 10:56:59.503845
7.242530694539268,8.404915556113922,2025-09-30 10:56:59.503845
7.564341374548408,8.448455680556528,2025-09-30 10:56:59.503845
7.256117833477778,8.498810665951517,2025-09-30 10:56:59.503845
7.590984407461492,8.320778101685592,2025-09-30 10:56:59.503845
7.615461184072065,7.9140510448157855,2025-09-30 10:56:59.503845
7.897971017906427,8.482569093431067,2025-09-30 10:56:59.503845
7.46716490268782,8.29642304901796,2025-09-30 10:56:59.503845
7.666891230233858,8.227978237591593,2025-09-30 10:56:59.503845
7.703562442124216,8.220115829175365,2025-09-30 10:56:59.503845
7.59120958402632,8.345376196881263,2025-09-30 10:56:59.503845
7.5979749665645455,8.580062369043041,2025-09-30 10:56:59.503845
7.568492278713011,8.37163788898555,2025-09-30 10:56:59.503845
7.704032505522594,8.599047437308911,2025-09-30 10:56:59.503845
7.542911347464455,8.189872258740323,2025-09-30 10:56:59.503845
7.552805198667849,8.342778424859416,2025-09-30 10:56:59.503845
7.1597782253652325,8.09466201493975,2025-09-30 10:56:59.503845
7.509582027553036,8.211536341977796,2025-09-30 10:56:59.503845
7.340851399741075,8.541824963663098,2025-09-30 10:56:59.503845
7.675259664401646,8.43645034985868,2025-09-30 10:56:59.503845
7.4213845438065835,8.582102923403601,2025-09-30 10:56:59.503845
7.441382980946728,8.190756725653152,2025-09-30 10:56:59.503845
7.439856368745882,7.976288566907326,2025-09-30 10:56:59.503845
7.631685665719874,8.339996085202976,2025-09-30 10:56:59.503845
7.5385281106185245,8.361674971896631,2025-09-30 10:56:59.503845
7.547625299477298,8.355611147899955,2025-09-30 10:56:59.503845
7.0706458948779645,8.159209263286913,2025-09-30 10:56:59.503845
7.521459152962755,8.178838381569841,2025-09-30 10:56:59.503845
7.42181009111658,8.433576643703086,2025-09-30 10:56:59.503845
7.615737555966732,8.878221725044504,2025-09-30 10:56:59.503845
7.517681158406398,8.706218309310184,2025-09-30 10:56:59.503845
7.746177913074835,8.238260885380212,2025-09-30 10:56:59.503845
7.84345863669211,8.613188682391074,2025-09-30 10:56:59.503845
7.344625915713877,8.6871843700428,2025-09-30 10:56:59.503845
7.6303377798296355,8.226283992650382,2025-09-30 10:56:59.503845
7.738576817561685,8.917255694989096,2025-09-30 10:56:59.503845
7.4094720238426115,8.075144418788165,2025-09-30 10:56:59.503845
7.401691573662869,8.285886844103898,2025-09-30 10:56:59.503845
7.4517128751241275,8.693719215190105,2025-09-30 10:56:59.503845
7.69632162453153,8.517005357245688,2025-09-30 10:56:59.503845
7.494409312302817,8.562561216381228,2025-09-30 10:56:59.503845
7.883895049127643,8.215966589288072,2025-09-30 10:56:59.503845
7.580109295203487,8.272419693250168,2025-09-30 10:56:59.503845
7.550182382827602,8.506604721961754,2025-09-30 10:56:59.503845
7.693971289013748,8.41918225315997,2025-09-30 10:56:59.503845
7.316956350693832,8.330038779560317,2025-09-30 10:56:59.503845
7.326732706518634,8.77295072446429,2025-09-30 10:56:59.503845
7.493859425316641,8.20622616436073,2025-09-30 10:56:59.503845
7.664947443871546,8.393285042463132,2025-09-30 10:56:59.503845
7.375157106835326,8.31900544920724,2025-09-30 10:56:59.503845
7.231084957139774,8.497485587521227,2025-09-30 10:56:59.503845
7.38987241135764,8.236966875150877,2025-09-30 10:56:59.503845
7.787982151672578,8.441113735775867,2025-09-30 10:56:59.503845
7.507218396407515,8.35461391048578,2025-09-30 10:56:59.503845
7.571498219442348,8.338016730308139,2025-09-30 10:56:59.503845
7.601709915811392,8.63315473806912,2025-09-30 10:56:59.503845
7.402698483191329,8.32487541787338,2025-09-30 10:56:59.503845
7.475855648774385,8.420129247951406,2025-09-30 10:56:59.503845
7.736164200439133,8.420419073837593,2025-09-30 10:56:59.503845
7.319586299119198,8.423219207911291,2025-09-30 10:56:59.503845
7.326724573079406,8.367894947536206,2025-09-30 10:56:59.503845
7.522816239122518,8.38933713709845,2025-09-30 10:56:59.503845
7.589553963898785,8.325211843747889,2025-09-30 10:56:59.503845
7.364241290701728,8.20254359600719,2025-09-30 10:56:59.503845
7.235154858020847,8.370451534667648,2025-09-30 10:56:59.503845
7.34418982074354,8.716558952962785,2025-09-30 10:56:59.503845
7.421143438913661,8.573277013647632,2025-09-30 10:56:59.503845
7.388108156646307,8.497639935791987,2025-09-30 10:56:59.503845
7.321700426268471,8.529071009287607,2025-09-30 10:56:59.503845
7.687069711979832,8.446060944866023,2025-09-30 10:56:59.503845
7.63459737276167,8.40638852034411,2025-09-30 10:56:59.503845
7.689089865964424,8.177226464815664,2025-09-30 10:56:59.503845
7.777839514990518,8.371656922742616,2025-09-30 10:56:59.503845
7.3743841203416665,8.359472096849094,2025-09-30 10:56:59.503845
7.463375588772463,8.297421987976701,2025-09-30 10:56:59.503845
7.342638111692985,8.446658760417105,2025-09-30 10:56:59.503845
7.630208555439237,8.577910779688708,2025-09-30 10:56:59.503845
7.495115065628382,8.104992512427222,2025-09-30 10:56:59.503845
7.435616640423874,8.102820572200798,2025-09-30 10:56:59.503845
7.726359902146843,8.447893305645227,2025-09-30 10:56:59.503845
7.47790431496162,8.41207784382935,2025-09-30 10:56:59.503845
7.488494328826425,8.55957136384168,2025-09-30 10:56:59.503845
7.504793793871286,8.15685551686507,2025-09-30 10:56:59.503845
7.4965202662034995,8.400339125934593,2025-09-30 10:56:59.503845
7.6185918801070915,8.102429208647749,2025-09-30 10:56:59.503845
7.8010430447357155,8.197644178385149,2025-09-30 10:56:59.503845
7.612453254426992,8.316307548599259,2025-09-30 10:56:59.503845
7.4390407918520385,8.597141878958055,2025-09-30 10:56:59.503845
7.522207614843672,8.101272896455033,2025-09-30 10:56:59.503845
7.487226966731638,8.383548682424951,2025-09-30 10:56:59.503845
7.590994078253477,8.092784102601044,2025-09-30 10:56:59.503845
7.1778389906435365,8.441033739841732,2025-09-30 10:56:59.503845
7.184670967096918,8.390826603708181,2025-09-30 10:56:59.503845
7.6651682256287295,8.126475571284448,2025-09-30 10:56:59.503845
7.489825457126174,8.392076791052824,2025-09-30 10:56:59.503845
7.286165373178533,8.186313924838549,2025-09-30 10:56:59.503845
7.4586226257366945,8.166839425826325,2025-09-30 10:56:59.503845
7.574480558575323,8.361199299507065,2025-09-30 10:56:59.503845
7.530428418730415,8.631269254316493,2025-09-30 10:56:59.503845
7.610449429161047,8.249665993047138,2025-09-30 10:56:59.503845
7.377704424782608,8.324928091686639,2025-09-30 10:56:59.503845
7.848318081529412,8.172931146377069,2025-09-30 10:56:59.503845
7.695832555869546,8.334351841395481,2025-09-30 10:56:59.503845
7.556761039055737,8.311524218473568,2025-09-30 10:56:59.503845
7.552946875519613,8.092881528227796,2025-09-30 10:56:59.503845
7.398494078792685,7.9203773366282935,2025-09-30 10:56:59.503845
7.440874671292034,8.343846113562646,2025-09-30 10:56:59.503845
7.428157069267423,8.520759080774702,2025-09-30 10:56:59.503845
7.405517748161986,8.524312484449121,2025-09-30 10:56:59.503845
7.457362938224072,8.299095860650038,2025-09-30 10:56:59.503845
7.656890395624839,7.964533386908263,2025-09-30 10:56:59.503845
7.432631428072751,8.179577152441793,2025-09-30 10:56:59.503845
7.605749446008216,8.074917972446736,2025-09-30 10:56:59.503845
7.468536673538328,8.503016553742432,2025-09-30 10:56:59.503845
7.757690021944485,8.241447585018086,2025-09-30 10:56:59.503845
7.352635790133268,8.667929383204516,2025-09-30 10:56:59.503845
7.668392962981625,8.331398791543549,2025-09-30 10:56:59.503845
8.013287782049336,8.689511533852343,2025-09-30 10:56:59.503845
7.57248541473803,8.38969159430253,2025-09-30 10:56:59.503845
7.609347022551323,8.28629825183594,2025-09-30 10:56:59.503845
7.26730529519607,8.580357091022076,2025-09-30 10:56:59.503845
7.554075356117396,8.083684737553684,2025-09-30 10:56:59.503845
7.442381133596835,8.673958957285457,2025-09-30 10:56:59.503845
7.294174513255884,8.524012806657598,2025-09-30 10:56:59.503845
7.615279247505105,8.667650565763898,2025-09-30 10:56:59.503845
7.557662623285079,8.044154613429146,2025-09-30 10:56:59.503845
7.089564808287955,8.369281097779341,2025-09-30 10:56:59.503845
7.663873198264149,7.992940961157986,2025-09-30 10:56:59.503845
7.579327036788297,8.218092359467532,2025-09-30 10:56:59.503845
7.285381602492635,8.77136499871861,2025-09-30 10:56:59.503845
7.672153717901533,8.456912632306535,2025-09-30 10:56:59.503845
7.541295453238777,8.431339701264623,2025-09-30 10:56:59.503845
7.475835297441965,8.37289946840938,2025-09-30 10:56:59.503845
7.401452825289803,8.175177652925814,2025-09-30 10:56:59.503845
7.406165907992579,8.345479236614947,2025-09-30 10:56:59.503845
7.5942078490510125,8.001268297533159,2025-09-30 10:56:59.503845
7.492170975539525,8.612705454522454,2025-09-30 10:56:59.503845
7.315861381538448,8.491773918836017,2025-09-30 10:56:59.503845
7.433232950608702,8.514809356540525,2025-09-30 10:56:59.503845
7.341675959345985,8.452991044179473,2025-09-30 10:56:59.503845
7.653724194847498,8.618324912828704,2025-09-30 10:56:59.503845
7.599539864406304,8.872871555521746,2025-09-30 10:56:59.503845
7.356133856964431,8.261127276168297,2025-09-30 10:56:59.503845
7.718735233192962,8.432748627996423,2025-09-30 10:56:59.503845
7.55645811860482,8.732635116708284,2025-09-30 10:56:59.503845
7.3400860062272155,8.285384303766865,2025-09-30 10:56:59.503845
7.218943936122628,8.271891631848408,2025-09-30 10:56:59.503845
7.6385419061779665,8.08673079346327,2025-09-30 10:56:59.503845
7.648089065679269,8.595532538421274,2025-09-30 10:56:59.503845
7.532430289540058,8.594545029821676,2025-09-30 10:56:59.503845
7.3155185569479935,8.22126109699792,2025-09-30 10:56:59.503845
7.254353459988761,8.191144276567655,2025-09-30 10:56:59.503845
7.12863960478099,8.348965853938468,2025-09-30 10:56:59.503845
7.9782204897670566,8.381868172811258,2025-09-30 10:56:59.503845
7.450216055646675,8.443724514362284,2025-09-30 10:56:59.503845
7.7660896761474305,8.444552112976078,2025-09-30 10:56:59.503845
7.38014705961692,8.283318963143573,2025-09-30 10:56:59.503845
7.434861358571246,8.034762234748902,2025-09-30 10:56:59.503845
7.4034109783780275,8.515990982090871,2025-09-30 10:56:59.503845
7.3159123986250645,8.253315093956909,2025-09-30 10:56:59.503845
7.379869877811999,8.289483739881913,2025-09-30 10:56:59.503845
7.485149953403285,8.541248133112074,2025-09-30 10:56:59.503845
7.368926065562592,8.200452472411493,2025-09-30 10:56:59.503845
7.762840846400605,8.318455412357753,2025-09-30 10:56:59.503845
7.678434000306856,8.271544165600627,2025-09-30 10:56:59.503845
7.561072565015616,8.130771059788366,2025-09-30 10:56:59.503845
7.48831844479774,8.21446355242837,2025-09-30 10:56:59.503845
7.629631365248458,8.29863861922063,2025-09-30 10:56:59.503845
7.47938010273272,8.25143905658008,2025-09-30 10:56:59.503845
7.682249245830433,7.94348216819396,2025-09-30 10:56:59.503845
7.367454924511804,8.069289987728597,2025-09-30 10:56:59.503845
7.755406444268075,8.413582169344584,2025-09-30 10:56:59.503845
7.361138617062034,8.329781351649583,2025-09-30 10:56:59.503845
7.768119212116831,8.384814215198693,2025-09-30 10:56:59.503845
7.498528439274689,8.418787847512093,2025-09-30 10:56:59.503845
7.702181975650292,8.522212767063111,2025-09-30 10:56:59.503845
7.510185952226083,8.135662791720963,2025-09-30 10:56:59.503845
7.520281222773888,8.049290589069532,2025-09-30 10:56:59.503845
7.647704728771998,8.312425731658,2025-09-30 10:56:59.503845
7.171580911923234,8.485373260497798,2025-09-30 10:56:59.503845
7.285832702277554,8.306815075150494,2025-09-30 10:56:59.503845
7.495997420495056,8.311594535815853,2025-09-30 10:56:59.503845
7.3003480909391865,8.167763269759195,2025-09-30 10:56:59.503845
7.448552082074057,8.236911286784999,2025-09-30 10:56:59.503845
7.800765891110407,8.55153404916298,2025-09-30 10:56:59.503845
7.467529801844141,8.4498167296953,2025-09-30 10:56:59.503845
7.229543263325682,8.808369393081872,2025-09-30 10:56:59.503845
7.476338617967831,8.196787243454219,2025-09-30 10:56:59.503845
7.466780916428259,8.265538747608213,2025-09-30 10:56:59.503845
7.267275192729952,8.452722099666833,2025-09-30 10:56:59.503845
7.337615909242581,8.638445092997056,2025-09-30 10:56:59.503845
7.331503162459084,8.421636761009006,2025-09-30 10:56:59.503845
7.409027278338013,8.395700877661454,2025-09-30 10:56:59.503845
7.643580126177663,8.073091622343615,2025-09-30 10:56:59.503845
7.833386832348864,8.363804239987067,2025-09-30 10:56:59.503845
7.451162853571545,8.557669860025715,2025-09-30 10:56:59.503845
7.605135566884888,8.38074983522068,2025-09-30 10:56:59.503845
7.37410331670089,8.500368859885963,2025-09-30 10:56:59.503845
7.311665973788807,8.00875644125942,2025-09-30 10:56:59.503845
7.789911785404836,8.326321042019892,2025-09-30 10:56:59.503845
7.56700795400659,8.355513720183538,2025-09-30 10:56:59.503845
7.590298405962968,8.15534942697773,2025-09-30 10:56:59.503845
7.483542897145125,8.199191011391601,2025-09-30 10:56:59.503845
7.3018334690868025,7.8870606417741635,2025-09-30 10:56:59.503845
7.526769397293082,8.153652204916924,2025-09-30 10:56:59.503845
7.662881661096122,8.131582728267738,2025-09-30 10:56:59.503845
7.466077253040573,8.295541326489225,2025-09-30 10:56:59.503845
7.525236384560498,8.582881140480277,2025-09-30 10:56:59.503845
7.30291555299051,8.355338964550276,2025-09-30 10:56:59.503845
7.376352773516315,8.26112073444588,2025-09-30 10:56:59.503845
7.269711867131791,8.59248373099484,2025-09-30 10:56:59.503845
7.420409060186333,8.194264904749563,2025-09-30 10:56:59.503845
7.525232378918609,8.22312760545564,2025-09-30 10:56:59.503845
7.460993773049832,8.146121312461215,2025-09-30 10:56:59.503845
7.356441512439973,8.679924398122271,2025-09-30 10:56:59.503845
7.4763884471965065,8.27738742714442,2025-09-30 10:56:59.503845
7.633426078790886,8.334423335058805,2025-09-30 10:56:59.503845
7.58049162750163,8.211497006983038,2025-09-30 10:56:59.503845
7.4502481437522485,8.738489880476305,2025-09-30 10:56:59.503845
7.360729986548583,8.675125551083433,2025-09-30 10:56:59.503845
7.485052470961855,8.193743436576153,2025-09-30 10:56:59.503845
7.459597827307581,8.29850321417289,2025-09-30 10:56:59.503845
7.744752203764605,8.322813757926456,2025-09-30 10:56:59.503845
7.57729166655584,8.26825753623099,2025-09-30 10:56:59.503845
7.795862998243971,8.372074462279473,2025-09-30 10:56:59.503845
7.436787267255026,8.34970057446059,2025-09-30 10:56:59.503845
7.5241508620118704,8.60897677589771,2025-09-30 10:56:59.503845
7.705568328935237,8.502346403836516,2025-09-30 10:56:59.503845
7.655096757061546,8.231726431337654,2025-09-30 10:56:59.503845
7.656135668605482,8.112918664933808,2025-09-30 10:56:59.503845
7.249342398851799,8.445376604139547,2025-09-30 10:56:59.503845
7.393384238432827,8.294483410458088,2025-09-30 10:56:59.503845
7.829362554061204,7.952701518486952,2025-09-30 10:56:59.503845
7.619007908854791,8.198173244412017,2025-09-30 10:56:59.503845
7.444638650151212,8.095939071549061,2025-09-30 10:56:59.503845
7.438799691345887,8.470327500684155,2025-09-30 10:56:59.503845
7.552180864764381,8.470629360423551,2025-09-30 10:56:59.503845
7.540137393506309,8.373689266076527,2025-09-30 10:56:59.503845
7.655890789001437,8.45135080272849,2025-09-30 10:56:59.503845
7.476217934359736,8.35641247093213,2025-09-30 10:56:59.503845
7.7125243107319585,8.081885084925073,2025-09-30 10:56:59.503845
7.372981787818489,8.203740202214988,2025-09-30 10:56:59.503845
7.474369669663038,8.535995220599006,2025-09-30 10:56:59.503845
7.3357394730840095,8.396594760342234,2025-09-30 10:56:59.503845
7.663636911040299,8.520202322738296,2025-09-30 10:56:59.503845
7.832132565581252,8.055479996084602,2025-09-30 10:56:59.503845
7.712872649665021,8.540539223688388,2025-09-30 10:56:59.503845
7.452536909319699,8.193558585693935,2025-09-30 10:56:59.503845
7.322096418507728,8.31392544292431,2025-09-30 10:56:59.503845
7.334933459340267,8.226199301705838,2025-09-30 10:56:59.503845
7.777927937139714,8.386152702587466,2025-09-30 10:56:59.503845
7.622094935988247,8.057012660790463,2025-09-30 10:56:59.503845
7.61419862115789,8.108236448367256,2025-09-30 10:56:59.503845
7.522045343975256,8.488818345237583,2025-09-30 10:56:59.503845
7.587284592876687,8.32922401782345,2025-09-30 10:56:59.503845
7.360882323085045,8.507552902879155,2025-09-30 10:56:59.503845
7.320174050392318,8.23930464027471,2025-09-30 10:56:59.503845
7.521133792981463,8.47193898932712,2025-09-30 10:56:59.503845
7.671102581280992,8.016456019987547,2025-09-30 10:56:59.503845
7.747693645306296,8.19012488782148,2025-09-30 10:56:59.503845
7.557347707660774,8.230908943524906,2025-09-30 10:56:59.503845
7.446097194834817,8.678311315864246,2025-09-30 10:56:59.503845
7.628632429700941,8.426784960147689,2025-09-30 10:56:59.503845
7.550966199572062,8.629782898461439,2025-09-30 10:56:59.503845
7.530360782442149,8.19714862722797,2025-09-30 10:56:59.503845
7.547065900183941,8.403129428072864,2025-09-30 10:56:59.503845
7.389442217201857,8.465791762871609,2025-09-30 10:56:59.503845
7.395992086841917,8.293655992975626,2025-09-30 10:56:59.503845
7.656859955573168,8.712041672081847,2025-09-30 10:56:59.503845
7.271803484771165,7.767246901372285,2025-09-30 10:56:59.503845
7.802317220537306,8.803043496348675,2025-09-30 10:56:59.503845
7.3842422059977135,8.370793388214617,2025-09-30 10:56:59.503845
7.156919744899857,8.537922716981244,2025-09-30 10:56:59.503845
7.659120165215734,8.485827736554251,2025-09-30 10:56:59.503845
7.461855536305115,8.504807814728329,2025-09-30 10:56:59.503845
7.651434402826813,8.488464558843805,2025-09-30 10:56:59.503845
7.490210975023745,8.432346887081716,2025-09-30 10:56:59.503845
7.456991407044696,8.332280570620584,2025-09-30 10:56:59.503845
7.868593669937518,8.188432116030926,2025-09-30 10:56:59.503845
7.426138703288325,8.303662666391162,2025-09-30 10:56:59.503845
7.361870479491901,7.9153293147207835,2025-09-30 10:56:59.503845
7.5498949241255096,8.39785345274367,2025-09-30 10:56:59.503845
7.5030544223557385,8.168241145245947,2025-09-30 10:56:59.503845
7.504313394142831,8.090565632131288,2025-09-30 10:56:59.503845
7.490311268165509,8.356632568336357,2025-09-30 10:56:59.503845
7.390349855099682,8.033037968796869,2025-09-30 10:56:59.503845
7.320527852859385,8.370866338034183,2025-09-30 10:56:59.503845
7.451568107138485,8.159743417020382,2025-09-30 10:56:59.503845
7.684789091167873,8.464209989050257,2025-09-30 10:56:59.503845
7.25120329754018,8.484995407617157,2025-09-30 10:56:59.503845
7.855793245354164,8.099611932892849,2025-09-30 10:56:59.503845
7.415902304263206,8.577395334125944,2025-09-30 10:56:59.503845
7.592032267954528,8.073977558584511,2025-09-30 10:56:59.503845
7.734287405172378,8.291329569374895,2025-09-30 10:56:59.503845
7.345060162111392,8.231719880065294,2025-09-30 10:56:59.503845
7.485764195273843,8.233859031943457,2025-09-30 10:56:59.503845
7.42845154215194,8.094961902300792,2025-09-30 10:56:59.503845
7.502899301545403,8.44895667890492,2025-09-30 10:56:59.503845
7.324236283017437,8.356385957375702,2025-09-30 10:56:59.503845
7.303711201704072,8.137868215743016,2025-09-30 10:56:59.503845
7.499252855472374,8.346259666773273,2025-09-30 10:56:59.503845
7.393244894184361,8.62967344560025,2025-09-30 10:56:59.503845
7.726692563471525,8.663755995056654,2025-09-30 10:56:59.503845
7.580189613097049,8.586696652216478,2025-09-30 10:56:59.503845
7.285760655539908,8.440699003664031,2025-09-30 10:56:59.503845
7.4571475530702225,8.562828391228434,2025-09-30 10:56:59.503845
7.6721842095657795,8.128607702314751,2025-09-30 10:56:59.503845
7.399299675819563,8.62177483767708,2025-09-30 10:56:59.503845
7.443054120949606,8.288285798378022,2025-09-30 10:56:59.503845
7.320509739436053,8.332143329621092,2025-09-30 10:56:59.503845
7.216401863846221,8.492049919064607,2025-09-30 10:56:59.503845
7.469869156410923,8.312320758519588,2025-09-30 10:56:59.503845
7.750044243238303,8.436822964767998,2025-09-30 10:56:59.503845
7.694143179624679,8.786389582698405,2025-09-30 10:56:59.503845
7.433847878392724,8.40815662725768,2025-09-30 10:56:59.503845
7.179787981302912,8.706569109748393,2025-09-30 10:56:59.503845
7.579443079368389,8.384753747181602,2025-09-30 10:56:59.503845
7.7363504859814265,8.410721842732817,2025-09-30 10:56:59.503845
7.5313915844314945,8.060586215530028,2025-09-30 10:56:59.503845
7.256047867031458,8.35339569955925,2025-09-30 10:56:59.503845
7.742446611704399,8.217132020097969,2025-09-30 10:56:59.503845
7.406978479484453,8.225836110087625,2025-09-30 10:56:59.503845
7.397526197789315,8.313939747618234,2025-09-30 10:56:59.503845
7.355334575154175,8.530867127077418,2025-09-30 10:56:59.503845
7.306689465568017,8.229498128739799,2025-09-30 10:56:59.503845
7.141717450906528,8.664902308502148,2025-09-30 10:56:59.503845
7.632358320104675,8.306462061480834,2025-09-30 10:56:59.503845
7.702630572487653,8.19277152051977,2025-09-30 10:56:59.503845
7.241056863070202,8.018385470420624,2025-09-30 10:56:59.503845
7.4192308886064895,8.042227486414184,2025-09-30 10:56:59.503845
7.473522813227087,8.585853432539556,2025-09-30 10:56:59.503845
7.677394427045442,8.389629633488738,2025-09-30 10:56:59.503845
7.55439725632754,8.506011204873465,2025-09-30 10:56:59.503845
7.491048699991717,8.26532749070915,2025-09-30 10:56:59.503845
7.430026740280256,8.195879438876167,2025-09-30 10:56:59.503845
7.457705902519384,8.27756007815714,2025-09-30 10:56:59.503845
7.333084797580799,8.467423325560505,2025-09-30 10:56:59.503845
7.649305795295586,8.447405278728,2025-09-30 10:56:59.503845
7.228262156762436,8.362254789968912,2025-09-30 10:56:59.503845
7.561137005489185,8.251462921487363,2025-09-30 10:56:59.503845
7.208246100241004,8.218527645917769,2025-09-30 10:56:59.503845
7.3380474238676,8.638248681004347,2025-09-30 10:56:59.503845
7.5335750641449755,8.551491700230907,2025-09-30 10:56:59.503845
7.383721125243947,8.25115524854261,2025-09-30 10:56:59.503845
7.65275244322298,8.69376933247464,2025-09-30 10:56:59.503845
7.535852919355958,8.46133276005999,2025-09-30 10:56:59.503845
7.772330580099484,8.580692114970674,2025-09-30 10:56:59.503845
7.8188378816215405,8.339999979091159,2025-09-30 10:56:59.503845
7.602034635698769,8.326951224876556,2025-09-30 10:56:59.503845
7.653457850062904,8.692893008458318,2025-09-30 10:56:59.503845
7.749173270219687,8.234727005603947,2025-09-30 10:56:59.503845
7.705157936439633,8.294752978803883,2025-09-30 10:56:59.503845
7.63946317142598,8.567919054594924,2025-09-30 10:56:59.503845
7.387222788857547,8.207000617890579,2025-09-30 10:56:59.503845
7.526732334507725,7.896813891407692,2025-09-30 10:56:59.503845
7.777069941197762,8.235846971497836,2025-09-30 10:56:59.503845
7.416663901377847,8.431059672793479,2025-09-30 10:56:59.503845
7.586784760818043,8.536383086435562,2025-09-30 10:56:59.503845
7.7950375126460525,8.270254253864369,2025-09-30 10:56:59.503845
7.5799796477582015,8.097244699415144,2025-09-30 10:56:59.503845
7.712099215487713,8.653047605241545,2025-09-30 10:56:59.503845
7.489499211028186,8.47946569675903,2025-09-30 10:56:59.503845
7.715857815094342,8.66803860317796,2025-09-30 10:56:59.503845
7.40043019656258,8.0888739868127,2025-09-30 10:56:59.503845
7.517044901800445,8.235487010090136,2025-09-30 10:56:59.503845
7.712052072416098,8.307879900350507,2025-09-30 10:56:59.503845
7.813055732501376,8.746245968331202,2025-09-30 10:56:59.503845
7.412028356858711,8.491862174816205,2025-09-30 10:56:59.503845
7.883844742034556,8.249128897506695,2025-09-30 10:56:59.503845
7.761125897866936,8.320767880879103,2025-09-30 10:56:59.503845
7.601981701534065,8.185057016424103,2025-09-30 10:56:59.503845
7.521418169844699,8.187084916482734,2025-09-30 10:56:59.503845
7.645687092563322,8.516862508129607,2025-09-30 10:56:59.503845
7.860538666767656,8.347587120662789,2025-09-30 10:56:59.503845
7.47162478772404,8.3913515521001,2025-09-30 10:56:59.503845
7.462306510778353,8.308721579837352,2025-09-30 10:56:59.503845
7.354989563368746,8.47847596196942,2025-09-30 10:56:59.503845
7.428113090038001,8.292986366920967,2025-09-30 10:56:59.503845
7.706863646897191,8.21897629651277,2025-09-30 10:56:59.503845
7.490757269300533,8.41004502984071,2025-09-30 10:56:59.503845
7.316123642025988,8.149009618770446,2025-09-30 10:56:59.503845
7.558503874889526,8.214601796250568,2025-09-30 10:56:59.503845
7.270893947225481,8.430944673167085,2025-09-30 10:56:59.503845
7.6658223909569685,8.352234649326594,2025-09-30 10:56:59.503845
7.537793660539925,8.585607109372445,2025-09-30 10:56:59.503845
7.625116789919806,8.27671824964921,2025-09-30 10:56:59.503845
7.281919896689765,8.165809364277353,2025-09-30 10:56:59.503845
7.567778459280507,8.360587404551893,2025-09-30 10:56:59.503845
7.739475221517632,7.929826436210912,2025-09-30 10:56:59.503845
7.6224334253798895,8.297550851778354,2025-09-30 10:56:59.503845
7.457195753478592,8.811876427810889,2025-09-30 10:56:59.503845
7.543845098834473,8.210212459654526,2025-09-30 10:56:59.503845
7.428080006674425,8.66087855721951,2025-09-30 10:56:59.503845
7.429071072728694,8.427644321327826,2025-09-30 10:56:59.503845
7.625665411659337,8.589296202002263,2025-09-30 10:56:59.503845
7.551565768244187,8.582331985123476,2025-09-30 10:56:59.503845
7.286348994772755,8.522115516079248,2025-09-30 10:56:59.503845
7.4641634104004995,8.50242263627893,2025-09-30 10:56:59.503845
7.334099716876068,8.322845762211314,2025-09-30 10:56:59.503845
7.698350604814771,8.290613755382573,2025-09-30 10:56:59.503845
7.586949920337101,8.409549912638042,2025-09-30 10:56:59.503845
7.47244937865565,8.271521548391256,2025-09-30 10:56:59.503845
7.754753260457302,7.8976019040713235,2025-09-30 10:56:59.503845
7.539329516214163,8.711765282987052,2025-09-30 10:56:59.503845
7.755791027086779,8.347939735530248,2025-09-30 10:56:59.503845
7.469654036200896,8.43235073780551,2025-09-30 10:56:59.503845
7.559581278159839,8.607040683432377,2025-09-30 10:56:59.503845
7.442617225056796,8.012642607687598,2025-09-30 10:56:59.503845
7.762109903379215,8.147008839786764,2025-09-30 10:56:59.503845
7.309132716564607,8.67934112678672,2025-09-30 10:56:59.503845
7.43798458437734,8.37680447106291,2025-09-30 10:56:59.503845
7.4068532247739824,8.316774127840326,2025-09-30 10:56:59.503845
7.640970023066477,8.258347678799304,2025-09-30 10:56:59.503845
7.3086151548644125,8.303489978746725,2025-09-30 10:56:59.503845
7.296545907412562,8.169738755566081,2025-09-30 10:56:59.503845
7.368752992739512,8.238471041691549,2025-09-30 10:56:59.503845
7.342195583191683,8.475717466140244,2025-09-30 10:56:59.503845
7.585631158018617,8.372233159467958,2025-09-30 10:56:59.503845
7.460000038415364,8.251847141663184,2025-09-30 10:56:59.503845
7.484474908931891,8.244355835500768,2025-09-30 10:56:59.503845
7.644153406546471,8.413787835632464,2025-09-30 10:56:59.503845
7.263229539576414,8.288915037182317,2025-09-30 10:56:59.503845
7.610153559643895,8.038524209899087,2025-09-30 10:56:59.503845
7.642329718843834,8.351710786984892,2025-09-30 10:56:59.503845
7.478212215181629,8.322787889184836,2025-09-30 10:56:59.503845
7.508682439249139,8.584664195625047,2025-09-30 10:56:59.503845
7.55956965046379,8.006056627140147,2025-09-30 10:56:59.503845
7.351492290529655,8.627935158050683,2025-09-30 10:56:59.503845
7.416727019934686,8.614927995364765,2025-09-30 10:56:59.503845
7.458006284149935,8.182171453086422,2025-09-30 10:56:59.503845
7.445363934169446,8.219587354887562,2025-09-30 10:56:59.503845
7.532203354584801,8.43227623146242,2025-09-30 10:56:59.503845
7.659697806197553,8.097027510717506,2025-09-30 10:56:59.503845
7.405611130113296,8.291332819915914,2025-09-30 10:56:59.503845
7.419249788281229,8.36596946064225,2025-09-30 10:56:59.503845
7.379582315012297,8.163855497102617,2025-09-30 10:56:59.503845
7.370643107747108,8.434634613478618,2025-09-30 10:56:59.503845
7.505012571082232,8.426522852758046,2025-09-30 10:56:59.503845
7.479501625709015,8.13753994239988,2025-09-30 10:56:59.503845
7.654701126643353,8.466582890492136,2025-09-30 10:56:59.503845
7.440327232612047,8.316625333775905,2025-09-30 10:56:59.503845
7.142138980620394,8.887937086495908,2025-09-30 10:56:59.503845
7.491073171029366,8.04662015528196,2025-09-30 10:56:59.503845
7.463862876707488,8.047930281377047,2025-09-30 10:56:59.503845
7.527854754376841,8.599565914022582,2025-09-30 10:56:59.503845
7.377395466893264,8.448067807176791,2025-09-30 10:56:59.503845
7.541601910370907,8.390668824530936,2025-09-30 10:56:59.503845
7.5914125092874665,8.38603265394864,2025-09-30 10:56:59.503845
7.565839719353412,8.515524592063171,2025-09-30 10:56:59.503845
7.3610229919989,8.364355322242513,2025-09-30 10:56:59.503845
7.505156339958402,8.125646125895157,2025-09-30 10:56:59.503845
7.4528893376254794,8.320931621788608,2025-09-30 10:56:59.503845
7.5021195084246965,8.372718651922417,2025-09-30 10:56:59.503845
7.451444112850549,8.467749212170109,2025-09-30 10:56:59.503845
7.828047825760682,7.959726113842579,2025-09-30 10:56:59.503845
7.504884897212815,8.119117317367401,2025-09-30 10:56:59.503845
7.604425186336352,8.149220262680268,2025-09-30 10:56:59.503845
7.481792254976802,8.322713385660963,2025-09-30 10:56:59.503845
7.508260306212148,8.67676188211071,2025-09-30 10:56:59.503845
7.5985019777039335,8.362337889871919,2025-09-30 10:56:59.503845
7.373659204024832,8.392009356954057,2025-09-30 10:56:59.503845
7.488203819724913,8.776470543234192,2025-09-30 10:56:59.503845
7.640513180276264,8.47349011576077,2025-09-30 10:56:59.503845
7.682435598602792,8.53634304409962,2025-09-30 10:56:59.503845
7.67306840701031,8.598545858607576,2025-09-30 10:56:59.503845
7.404512415167135,8.167474750020586,2025-09-30 10:56:59.503845
7.542844949566039,8.425782016123684,2025-09-30 10:56:59.503845
7.78683849377007,8.104018007057105,2025-09-30 10:56:59.503845
7.099969504054158,8.473150090848705,2025-09-30 10:56:59.503845
7.922657695757499,8.255030379112382,2025-09-30 10:56:59.503845
7.453395293829001,8.085792953439038,2025-09-30 10:56:59.503845
7.458754251846463,8.632174459771491,2025-09-30 10:56:59.503845
7.59977723198854,7.9945683202557944,2025-09-30 10:56:59.503845
7.687376576126301,8.420072489719347,2025-09-30 10:56:59.503845
7.204816386376434,8.291716317856052,2025-09-30 10:56:59.503845
7.189098607317701,8.732247998680645,2025-09-30 10:56:59.503845
7.454986942823689,8.404151326704811,2025-09-30 10:56:59.503845
7.38443351289508,8.540342808452717,2025-09-30 10:56:59.503845
7.508437091749427,8.6377656721066,2025-09-30 10:56:59.503845
7.28076414296783,8.238832531328656,2025-09-30 10:56:59.503845
7.579214722391122,8.361550774303783,2025-09-30 10:56:59.503845
7.63180582203674,8.508793440323105,2025-09-30 10:56:59.503845
7.36928479323958,8.73785411257354,2025-09-30 10:56:59.503845
7.415919835146874,8.368221107002325,2025-09-30 10:56:59.503845
7.434726809813288,8.13268203164075,2025-09-30 10:56:59.503845
7.361155907160299,8.329536587872564,2025-09-30 10:56:59.503845
7.4631462505418105,8.05629104417714,2025-09-30 10:56:59.503845
7.363565072117256,8.400425130258006,2025-09-30 10:56:59.503845
7.447427281643849,8.771959725205349,2025-09-30 10:56:59.503845
7.367651963799104,8.086249145985665,2025-09-30 10:56:59.503845
7.415504253096668,8.248202531351465,2025-09-30 10:56:59.503845
7.542650032505105,8.289350445177519,2025-09-30 10:56:59.503845
7.559833783633733,8.200405875082314,2025-09-30 10:56:59.503845
7.577619839695343,8.764870307150467,2025-09-30 10:56:59.503845
7.359502842541451,8.283254114253479,2025-09-30 10:56:59.503845
7.56735423335365,8.333846794299664,2025-09-30 10:56:59.503845
7.463589383102451,8.316465466090275,2025-09-30 10:56:59.503845
7.322044793402369,8.234599673915714,2025-09-30 10:56:59.503845
7.549566195845932,8.476649406054584,2025-09-30 10:56:59.503845
7.316527788234738,8.366842891459314,2025-09-30 10:56:59.503845
7.571073036040351,8.286675716813106,2025-09-30 10:56:59.503845
7.483069102229455,7.9781087083847915,2025-09-30 10:56:59.503845
7.549894163386641,8.499724102346708,2025-09-30 10:56:59.503845
7.670866548068705,8.643819720534909,2025-09-30 10:56:59.503845
7.098226421570941,8.223640438170097,2025-09-30 10:56:59.503845
7.500679467902492,8.095035242551909,2025-09-30 10:56:59.503845
7.477567978761794,8.393774782041309,2025-09-30 10:56:59.503845
7.460358474332157,8.288951631380513,2025-09-30 10:56:59.503845
7.5231832349857015,8.384616822595703,2025-09-30 10:56:59.503845
7.526359825163636,8.348081777351618,2025-09-30 10:56:59.503845
7.4101505709172875,8.256541820334828,2025-09-30 10:56:59.503845
7.607800633675137,8.366528831476375,2025-09-30 10:56:59.503845
7.442076011559947,8.336092491335933,2025-09-30 10:56:59.503845
7.384986902632889,8.239772438772354,2025-09-30 10:56:59.503845
7.529934217406176,8.376456670762972,2025-09-30 10:56:59.503845
7.508750958217282,8.323943799977302,2025-09-30 10:56:59.503845
7.402602738899386,8.388781701184941,2025-09-30 10:56:59.503845
7.3508083074427315,8.302222195233513,2025-09-30 10:56:59.503845
7.6320330705080615,7.905292493042614,2025-09-30 10:56:59.503845
7.541805300496889,8.178784641749921,2025-09-30 10:56:59.503845
7.664789426521589,8.560106660194426,2025-09-30 10:56:59.503845
7.8680558824704026,8.076022216221194,2025-09-30 10:56:59.503845
7.289770058752816,8.39005291790154,2025-09-30 10:56:59.503845
7.55378479942106,8.294860441924575,2025-09-30 10:56:59.503845
7.435024213285299,8.885777481350186,2025-09-30 10:56:59.503845
7.802304418336256,8.361824782762513,2025-09-30 10:56:59.503845
7.4580823905733356,8.654797968894492,2025-09-30 10:56:59.503845
7.63279067532784,8.448025286030287,2025-09-30 10:56:59.503845
7.599439981655508,8.05691164246771,2025-09-30 10:56:59.503845
7.692936619672535,8.505592636901484,2025-09-30 10:56:59.503845
7.3116957955546455,8.453999285980245,2025-09-30 10:56:59.503845
7.432677817145395,8.378609435564641,2025-09-30 10:56:59.503845
7.528619976974719,8.183504210954467,2025-09-30 10:56:59.503845
7.1808795487187655,8.306248864468428,2025-09-30 10:56:59.503845
7.38086696123845,8.121473075695748,2025-09-30 10:56:59.503845
7.490489679964908,8.645377335422545,2025-09-30 10:56:59.503845
7.414576831846181,8.36062012615351,2025-09-30 10:56:59.503845
7.467368683585208,8.428925854235327,2025-09-30 10:56:59.503845
7.587036963856627,8.276281260461294,2025-09-30 10:56:59.503845
7.413739567672021,8.03926938168733,2025-09-30 10:56:59.503845
7.870895263467855,8.269349245312542,2025-09-30 10:56:59.503845
7.474083123370632,8.155041163505794,2025-09-30 10:56:59.503845
7.217445069625996,8.22277594843787,2025-09-30 10:56:59.503845
7.321891746273739,8.721940229022444,2025-09-30 10:56:59.503845
7.582259450747899,8.30311601682689,2025-09-30 10:56:59.503845
7.73496466137489,8.15820158948856,2025-09-30 10:56:59.503845
7.532603492748893,8.216755060557102,2025-09-30 10:56:59.503845
7.306452017936107,8.41112767708153,2025-09-30 10:56:59.503845
7.3989517585705,8.452593973789996,2025-09-30 10:56:59.503845
7.470592729994095,8.461592670673648,2025-09-30 10:56:59.503845
7.369792495148645,8.248936822920859,2025-09-30 10:56:59.503845
7.872356061787753,8.219109154316373,2025-09-30 10:56:59.503845
7.30000460852667,8.24245658874647,2025-09-30 10:56:59.503845
7.329174233190176,8.178551886124545,2025-09-30 10:56:59.503845
7.230431300156214,8.28541785761092,2025-09-30 10:56:59.503845
7.516107225230104,8.183372058704823,2025-09-30 10:56:59.503845
7.739448266561871,8.048841832454617,2025-09-30 10:56:59.503845
7.546789657755614,8.524199326666723,2025-09-30 10:56:59.503845
7.529210565190136,8.580287827791322,2025-09-30 10:56:59.503845
7.475131414941024,8.470960862112637,2025-09-30 10:56:59.503845
7.687959640599102,8.288415450718254,2025-09-30 10:56:59.503845
7.394778014191134,8.679091526228351,2025-09-30 10:56:59.503845
7.610755548483981,8.274668617681703,2025-09-30 10:56:59.503845
7.248835303733917,8.8111300981667,2025-09-30 10:56:59.503845
7.434636253540346,8.54639492187737,2025-09-30 10:56:59.503845
7.594688542168062,8.65733949317026,2025-09-30 10:56:59.503845
7.336057037368434,8.304318547108151,2025-09-30 10:56:59.503845
7.515600593441248,8.389464627112744,2025-09-30 10:56:59.503845
7.407970905945026,8.810588199091319,2025-09-30 10:56:59.503845
7.537985704906858,8.315257178394258,2025-09-30 10:56:59.503845
7.697708227061651,8.372732909319051,2025-09-30 10:56:59.503845
7.56328896740899,7.973146779863818,2025-09-30 10:56:59.503845
7.794146797095106,8.252298708424835,2025-09-30 10:56:59.503845
7.071279904438852,8.492388068478343,2025-09-30 10:56:59.503845
7.312882865243588,8.475761919053516,2025-09-30 10:56:59.503845
7.419166294857414,8.395081503408788,2025-09-30 10:56:59.503845
7.375230724127108,8.609061423771259,2025-09-30 10:56:59.503845
7.525488630014728,8.202083778433472,2025-09-30 10:56:59.503845
7.610416822364974,8.259590191609217,2025-09-30 10:56:59.503845
7.356120804274771,8.134165454627755,2025-09-30 10:56:59.503845
7.4015643996307485,8.328816112549037,2025-09-30 10:56:59.503845
7.184304504507721,8.388450701119599,2025-09-30 10:56:59.503845
7.632841201227989,8.407167348698144,2025-09-30 10:56:59.503845
7.671187317304517,8.26901993700965,2025-09-30 10:56:59.503845
7.584758241476084,8.54958267211176,2025-09-30 10:56:59.503845
7.360893631233218,8.211413568873324,2025-09-30 10:56:59.503845
7.667516992806576,8.266965609651551,2025-09-30 10:56:59.503845
7.266492694998992,8.349934835745538,2025-09-30 10:56:59.503845
7.571248168713124,8.472006502016336,2025-09-30 10:56:59.503845
7.250366875556759,8.286362120858705,2025-09-30 10:56:59.503845
7.168816962892508,8.061316036606549,2025-09-30 10:56:59.503845
7.595627526197902,8.457270193731373,2025-09-30 10:56:59.503845
7.439159716385914,8.326769801926888,2025-09-30 10:56:59.503845
7.27019290085288,8.469941872519446,2025-09-30 10:56:59.503845
7.487099114590795,8.290986706551017,2025-09-30 10:56:59.503845
7.330489019611944,8.528609517253678,2025-09-30 10:56:59.503845
7.513208751548676,8.337465781035807,2025-09-30 10:56:59.503845
7.33253273456684,8.389246908299752,2025-09-30 10:56:59.503845
7.29664438248184,8.652644506491116,2025-09-30 10:56:59.503845
7.229662981101058,8.354961966882424,2025-09-30 10:56:59.503845
7.277844073299808,8.226361554252517,2025-09-30 10:56:59.503845
7.70036006939741,8.248302866731416,2025-09-30 10:56:59.503845
7.543473916180986,8.1612947462945,2025-09-30 10:56:59.503845
7.485715793581906,8.338054864490761,2025-09-30 10:56:59.503845
7.2477302103996895,8.206863654589878,2025-09-30 10:56:59.503845
7.374953076100292,8.241868674870197,2025-09-30 10:56:59.503845
7.56693545616381,8.449404349913827,2025-09-30 10:56:59.503845
7.237990278474694,8.391624927645978,2025-09-30 10:56:59.503845
7.5061524716298464,8.677830200978782,2025-09-30 10:56:59.503845
7.482218384780078,7.977378492488306,2025-09-30 10:56:59.503845
7.510798967080384,7.976347845665306,2025-09-30 10:56:59.503845
7.511988341627934,8.182344537027054,2025-09-30 10:56:59.503845
7.631903308138013,8.528628804308493,2025-09-30 10:56:59.503845
7.636202877420021,8.07240162337609,2025-09-30 10:56:59.503845
7.134947398841088,8.324864521664658,2025-09-30 10:56:59.503845
7.411621015654016,8.501585576773245,2025-09-30 10:56:59.503845
7.412231835235194,8.075233274449328,2025-09-30 10:56:59.503845
7.487430795963295,8.349016682310305,2025-09-30 10:56:59.503845
7.316731591057087,8.46432512175764,2025-09-30 10:56:59.503845
7.580228902972541,8.380194914272636,2025-09-30 10:56:59.503845
7.24920565555921,8.6685898604766,2025-09-30 10:56:59.503845
7.4688057183013505,8.405113893237358,2025-09-30 10:56:59.503845
6.957105670663433,8.397887285114892,2025-09-30 10:56:59.503845
7.384989192584747,8.31547357894361,2025-09-30 10:56:59.503845
7.828898873894037,8.460455065983737,2025-09-30 10:56:59.503845
7.575871292563317,8.448831012158626,2025-09-30 10:56:59.503845
7.6656594974635075,8.291947876987352,2025-09-30 10:56:59.503845
7.721838211832053,8.205798332778185,2025-09-30 10:56:59.503845
7.674944473660639,8.871232930254372,2025-09-30 10:56:59.503845
7.307021627194056,8.614600940704468,2025-09-30 10:56:59.503845
7.504546279844698,8.44412845902456,2025-09-30 10:56:59.503845
7.328074402181975,8.106001835802061,2025-09-30 10:56:59.503845
7.600379006451452,8.493167762365765,2025-09-30 10:56:59.503845
7.7237852376260925,8.462866366031083,2025-09-30 10:56:59.503845
7.670696750610509,8.427288570027427,2025-09-30 10:56:59.503845
7.196016579462509,8.524107356559693,2025-09-30 10:56:59.503845
7.691966457165135,8.51902616899079,2025-09-30 10:56:59.503845
7.287154628334172,8.33461678218066,2025-09-30 10:56:59.503845
7.620026996303899,8.504323857253942,2025-09-30 10:56:59.503845
7.410324290128709,8.47861819989062,2025-09-30 10:56:59.503845
7.463685520443002,8.725206425806004,2025-09-30 10:56:59.503845
7.66124627892553,8.204136415841239,2025-09-30 10:56:59.503845
7.583043825437642,8.392958050499688,2025-09-30 10:56:59.503845
7.358540592220137,8.414949626780805,2025-09-30 10:56:59.503845
7.3546619612256565,8.323889310679855,2025-09-30 10:56:59.503845
7.478105571018307,8.361640061777512,2025-09-30 10:56:59.503845
7.832139027306352,8.415033773830745,2025-09-30 10:56:59.503845
7.434974189605661,8.84126917028526,2025-09-30 10:56:59.503845
7.195203018744455,8.803088616773142,2025-09-30 10:56:59.503845
7.547286484535702,8.33208348231975,2025-09-30 10:56:59.503845
7.452786550920424,8.781634233324276,2025-09-30 10:56:59.503845
7.69905665362478,8.377054136763169,2025-09-30 10:56:59.503845
7.426293357133845,8.268194598975223,2025-09-30 10:56:59.503845
7.346902505731558,8.459007474716211,2025-09-30 10:56:59.503845
7.762474849664529,8.288564066739472,2025-09-30 10:56:59.503845
7.540563953475607,8.088737124488885,2025-09-30 10:56:59.503845
7.391115113477046,8.368248311639714,2025-09-30 10:56:59.503845
7.622177128556136,8.210130221037831,2025-09-30 10:56:59.503845
7.6092689931549184,8.448479149719518,2025-09-30 10:56:59.503845
7.369191756122615,8.514770052703575,2025-09-30 10:56:59.503845
7.575313675523158,8.483703338275689,2025-09-30 10:56:59.503845
7.417574268412728,8.293563471767364,2025-09-30 10:56:59.503845
7.425345887177959,8.661857888422912,2025-09-30 10:56:59.503845
7.453345743854012,8.431306403013966,2025-09-30 10:56:59.503845
7.541329645942932,8.4056056149705,2025-09-30 10:56:59.503845
7.681906757090857,8.197530810416469,2025-09-30 10:56:59.503845
7.509000714555231,8.411239631319662,2025-09-30 10:56:59.503845
7.707563588385818,8.369762863627614,2025-09-30 10:56:59.503845
7.433979016328231,8.05464067989516,2025-09-30 10:56:59.503845
7.505636973462516,8.40796334008204,2025-09-30 10:56:59.503845
7.518990522384162,8.429479775348847,2025-09-30 10:56:59.503845
7.617581558543642,8.314390557763861,2025-09-30 10:56:59.503845
7.342126660680176,8.276779589969605,2025-09-30 10:56:59.503845
7.36990335117418,8.163245894312178,2025-09-30 10:56:59.503845
7.267017445459425,8.335234055209378,2025-09-30 10:56:59.503845
7.4499084161042735,8.281866417456772,2025-09-30 10:56:59.503845
7.399357353524592,8.285212268792318,2025-09-30 10:56:59.503845
7.233138868341865,8.179764828021888,2025-09-30 10:56:59.503845
7.411543620079896,8.285581134780067,2025-09-30 10:56:59.503845
7.577286441924172,8.200540775206571,2025-09-30 10:56:59.503845
7.34072856680283,8.119588376973983,2025-09-30 10:56:59.503845
7.450514850030629,8.084334397625833,2025-09-30 10:56:59.503845
7.6345273209491005,8.430226918629074,2025-09-30 10:56:59.503845
7.60792908846213,8.544995356873654,2025-09-30 10:56:59.503845
7.732345901635308,8.448556449102812,2025-09-30 10:56:59.503845
7.340468298986982,8.301199004410885,2025-09-30 10:56:59.503845
7.627626393455098,8.521856018792535,2025-09-30 10:56:59.503845
7.757993623757388,8.415705026310633,2025-09-30 10:56:59.503845
7.521130062388169,8.546587080301956,2025-09-30 10:56:59.503845
7.42496044053443,8.297598201725696,2025-09-30 10:56:59.503845
7.349564326503337,8.64930723819791,2025-09-30 10:56:59.503845
7.965438613114477,8.329576636737228,2025-09-30 10:56:59.503845
7.542019564152944,8.142205000340992,2025-09-30 10:56:59.503845
7.58379997506175,8.160824806726769,2025-09-30 10:56:59.503845
7.710320415108963,8.299749641891776,2025-09-30 10:56:59.503845
7.4838391183806365,8.41688234974425,2025-09-30 10:56:59.503845
7.782500146851596,8.478532491966423,2025-09-30 10:56:59.503845
7.760504810230344,8.239153971521992,2025-09-30 10:56:59.503845
7.609303585263016,8.558848282998772,2025-09-30 10:56:59.503845
7.495241886504706,8.394956706657688,2025-09-30 10:56:59.503845
7.8320788573768585,8.050500273327783,2025-09-30 10:56:59.503845
7.627617262998639,8.466630008175416,2025-09-30 10:56:59.503845
7.315275586920988,8.152736529285168,2025-09-30 10:56:59.503845
7.52497774347015,8.665711930577329,2025-09-30 10:56:59.503845
7.438777309690919,8.11999169403798,2025-09-30 10:56:59.503845
7.510939898968949,8.143636464262451,2025-09-30 10:56:59.503845
7.551063417773172,8.121103623359256,2025-09-30 10:56:59.503845
7.487939444261094,8.213492556099652,2025-09-30 10:56:59.503845
7.634529919399317,8.365960691059422,2025-09-30 10:56:59.503845
7.283552898448941,8.47729287492912,2025-09-30 10:56:59.503845
7.5898814885111205,8.470032488724723,2025-09-30 10:56:59.503845
7.5569330076853225,8.24732821288224,2025-09-30 10:56:59.503845
7.605786190861913,8.08530557802004,2025-09-30 10:56:59.503845
7.673125105556555,8.373547361151035,2025-09-30 10:56:59.503845
7.246843255337862,8.42966211235872,2025-09-30 10:56:59.503845
7.402485818880116,8.706671421491558,2025-09-30 10:56:59.503845
7.428511414870971,8.07848391646208,2025-09-30 10:56:59.503845
7.32137775753946,8.47543021930037,2025-09-30 10:56:59.503845
7.199763753175128,8.600992260257748,2025-09-30 10:56:59.503845
7.814143208380994,8.161209753702755,2025-09-30 10:56:59.503845
7.633918991013757,8.214491481922744,2025-09-30 10:56:59.503845
7.495829015367325,8.81569880054592,2025-09-30 10:56:59.503845
7.516807863106239,8.085855167264583,2025-09-30 10:56:59.503845
7.408867360016081,8.586067261422052,2025-09-30 10:56:59.503845
7.4223384717537915,8.32627673919851,2025-09-30 10:56:59.503845
7.393211343741169,8.325334376171421,2025-09-30 10:56:59.503845
7.361393493674616,8.21100982129146,2025-09-30 10:56:59.503845
7.470235178688013,8.484287335222499,2025-09-30 10:56:59.503845
7.493805746657317,8.420096560632546,2025-09-30 10:56:59.503845
7.535879522831094,8.692134693514653,2025-09-30 10:56:59.503845
7.236826575264849,8.72414227742387,2025-09-30 10:56:59.503845
7.56355094505085,8.446234728878622,2025-09-30 10:56:59.503845
7.4446636461044795,8.650780627427475,2025-09-30 10:56:59.503845
7.348358500937942,8.44388552987052,2025-09-30 10:56:59.503845
7.527214326732997,8.328062378385953,2025-09-30 10:56:59.503845
7.615399809002043,8.268366968062395,2025-09-30 10:56:59.503845
7.558446144909305,8.438869166390973,2025-09-30 10:56:59.503845
7.862930894993266,8.007410042196488,2025-09-30 10:56:59.503845
7.577264160657759,8.406179821796854,2025-09-30 10:56:59.503845
7.525643347832733,8.119701141718492,2025-09-30 10:56:59.503845
7.933227833756615,8.985387681134556,2025-09-30 10:56:59.503845
7.3831827299171096,8.199405513040825,2025-09-30 10:56:59.503845
7.445563886802299,8.514942302751297,2025-09-30 10:56:59.503845
7.493313148303772,8.419951290203894,2025-09-30 10:56:59.503845
7.43747258257276,8.119586686575193,2025-09-30 10:56:59.503845
7.5060941721204335,8.428381535308487,2025-09-30 10:56:59.503845
7.638508748267443,8.719505627241464,2025-09-30 10:56:59.503845
7.532921561661365,8.397930806928063,2025-09-30 10:56:59.503845
7.240458326847272,8.736934058207204,2025-09-30 10:56:59.503845
7.649327610692274,8.291274592594467,2025-09-30 10:56:59.503845
7.375105198700535,8.23999428977675,2025-09-30 10:56:59.503845
7.574289632222626,8.473318010158833,2025-09-30 10:56:59.503845
7.1575188910438445,8.149114728438246,2025-09-30 10:56:59.503845
7.649647073793106,8.395633763004206,2025-09-30 10:56:59.503845
7.7575700172841655,8.329373390821628,2025-09-30 10:56:59.503845
7.526334134803939,8.395217979769981,2025-09-30 10:56:59.503845
7.389528534838588,8.480242336900504,2025-09-30 10:56:59.503845
7.3515344833830305,8.231245797728995,2025-09-30 10:56:59.503845
7.2446460343431145,8.20705950428253,2025-09-30 10:56:59.503845
7.539822495533507,8.236366133297357,2025-09-30 10:56:59.503845
7.380254514389886,8.440002753126171,2025-09-30 10:56:59.503845
7.265536914431571,8.279100408310066,2025-09-30 10:56:59.503845
7.305922446428763,8.147347964659042,2025-09-30 10:56:59.503845
7.397026627832661,8.235250273735984,2025-09-30 10:56:59.503845
7.737356427435045,8.141349410528626,2025-09-30 10:56:59.503845
7.673796576187645,8.148715292625994,2025-09-30 10:56:59.503845
7.527174489309774,8.836161119975072,2025-09-30 10:56:59.503845
7.456979123945028,8.257199112667362,2025-09-30 10:56:59.503845
7.404875250728486,8.469268937782163,2025-09-30 10:56:59.503845
7.54738699572779,8.45528368567945,2025-09-30 10:56:59.503845
7.312273054637938,8.694266739680081,2025-09-30 10:56:59.503845
7.454727590613891,8.765007735926877,2025-09-30 10:56:59.503845
7.672478517182802,8.534184548908797,2025-09-30 10:56:59.503845
7.37528036348651,8.225055630515508,2025-09-30 10:56:59.503845
7.2031272660454855,8.105970175892782,2025-09-30 10:56:59.503845
7.258507406323558,8.125877140739952,2025-09-30 10:56:59.503845
7.2624201361349225,8.279772172490118,2025-09-30 10:56:59.503845
7.494568268144449,8.444114425663349,2025-09-30 10:56:59.503845
7.325765577151971,8.08462289576928,2025-09-30 10:56:59.503845
7.226305651252985,8.17282874449937,2025-09-30 10:56:59.503845
7.514508577659096,8.112095512333918,2025-09-30 10:56:59.503845
7.572998074847267,8.058837382585844,2025-09-30 10:56:59.503845
7.471458794974279,8.723280157125785,2025-09-30 10:56:59.503845
7.477828902274548,8.500048592972398,2025-09-30 10:56:59.503845
7.600545144553525,8.273524153098878,2025-09-30 10:56:59.503845
7.49700999165497,8.312043439314401,2025-09-30 10:56:59.503845
7.250768921779563,8.399670831279069,2025-09-30 10:56:59.503845
7.307994853243987,8.282706725363504,2025-09-30 10:56:59.503845
7.76928202071537,8.176864909437288,2025-09-30 10:56:59.503845
7.411427124035527,8.546925106365697,2025-09-30 10:56:59.503845
7.380586092303507,8.880861739746331,2025-09-30 10:56:59.503845
7.500414963558944,8.449778369778521,2025-09-30 10:56:59.503845
7.3532433088680795,8.45515822168176,2025-09-30 10:56:59.503845
7.386931891898738,8.325111405301731,2025-09-30 10:56:59.503845
7.391897886660187,8.37084345799498,2025-09-30 10:56:59.503845
7.612601052544525,8.685837002691565,2025-09-30 10:56:59.503845
7.772039621987043,8.4197886251926,2025-09-30 10:56:59.503845
7.424178863093286,8.164052391734653,2025-09-30 10:56:59.503845
7.712408837761451,8.342059465442384,2025-09-30 10:56:59.503845
7.3890300227079715,8.591776666512711,2025-09-30 10:56:59.503845
7.494938448346305,8.468557244801536,2025-09-30 10:56:59.503845
7.463476969399515,8.159782174007226,2025-09-30 10:56:59.503845
7.657937629392859,8.300311098403032,2025-09-30 10:56:59.503845
7.441924877195127,8.878557309911931,2025-09-30 10:56:59.503845
7.4991852637034215,8.52767287012536,2025-09-30 10:56:59.503845
7.457227963327468,8.180633927971314,2025-09-30 10:56:59.503845
7.6737924174819385,8.452780014087109,2025-09-30 10:56:59.503845
7.101734790285151,8.08549176061501,2025-09-30 10:56:59.503845
7.480375953354005,8.075333966927783,2025-09-30 10:56:59.503845
7.487859767962347,8.433257555832418,2025-09-30 10:56:59.503845
7.079318439698957,8.508050356587123,2025-09-30 10:56:59.503845
7.720870472727212,8.089974217807079,2025-09-30 10:56:59.503845
7.551670039153871,8.077467766883105,2025-09-30 10:56:59.503845
7.937772010245896,8.626084167669019,2025-09-30 10:56:59.503845
7.571990820838635,8.387448159050528,2025-09-30 10:56:59.503845
7.449177204446693,8.489975143265678,2025-09-30 10:56:59.503845
7.367507952673519,8.286732604600667,2025-09-30 10:56:59.503845
7.801111692516721,8.294546798209998,2025-09-30 10:56:59.503845
7.476179637177656,8.591261593619594,2025-09-30 10:56:59.503845
7.618665193666351,8.604437740358012,2025-09-30 10:56:59.503845
7.34393968015103,8.625438486665637,2025-09-30 10:56:59.503845
7.465841777940047,8.254549429636919,2025-09-30 10:56:59.503845
7.5682044085107325,8.048033453828012,2025-09-30 10:56:59.503845
7.533811578502817,8.168581332935704,2025-09-30 10:56:59.503845
7.369658916804412,8.3298575660401,2025-09-30 10:56:59.503845
7.38822849217628,8.544791633585422,2025-09-30 10:56:59.503845
7.614559671574368,7.987949508975621,2025-09-30 10:56:59.503845
7.615872937155123,8.43235747623297,2025-09-30 10:56:59.503845
7.342451697664576,8.111100563274046,2025-09-30 10:56:59.503845
7.512664211860505,8.550918821925702,2025-09-30 10:56:59.503845
7.170834863388397,8.412334692873952,2025-09-30 10:56:59.503845
7.651058776870243,8.276822440186448,2025-09-30 10:56:59.503845
7.431855497836326,8.549204087241682,2025-09-30 10:56:59.503845
7.4620575995363705,8.42917573527443,2025-09-30 10:56:59.503845
7.238837726653916,8.250457903932567,2025-09-30 10:56:59.503845
7.542665810065879,8.329650805634937,2025-09-30 10:56:59.503845
7.603737756853626,8.469224954102637,2025-09-30 10:56:59.503845
7.591425160048524,7.940890946649934,2025-09-30 10:56:59.503845
7.469137452754203,8.333639137254647,2025-09-30 10:56:59.503845
7.923209052469658,8.311140168594653,2025-09-30 10:56:59.503845
7.710801718022322,8.818198457263591,2025-09-30 10:56:59.503845
7.402609889226868,8.27286770155518,2025-09-30 10:56:59.503845
7.311840677627262,8.400401437700397,2025-09-30 10:56:59.503845
7.525767060963572,8.197216365019205,2025-09-30 10:56:59.503845
7.400777630531656,8.08571299509735,2025-09-30 10:56:59.503845
7.559040695556291,8.418814297497413,2025-09-30 10:56:59.503845
7.472963262068141,8.732241467633298,2025-09-30 10:56:59.503845
7.4930341725166185,8.60164833684396,2025-09-30 10:56:59.503845
7.222213728135026,8.362195057414205,2025-09-30 10:56:59.503845
7.278932957998966,8.259196631083473,2025-09-30 10:56:59.503845
7.6585888852117945,8.16652504476399,2025-09-30 10:56:59.503845
7.638457389786384,8.536055000158186,2025-09-30 10:56:59.503845
7.632716615160068,8.395037496110909,2025-09-30 10:56:59.503845
7.296914235755566,8.5289948417434,2025-09-30 10:56:59.503845
7.182891525636112,8.300980379824486,2025-09-30 10:56:59.503845
7.479266242683953,8.560109918486116,2025-09-30 10:56:59.503845
7.557364866846088,8.644519613324915,2025-09-30 10:56:59.503845
7.448912689064969,8.051320721391548,2025-09-30 10:56:59.503845
7.778635659801968,8.029605831121074,2025-09-30 10:56:59.503845
7.423632960686873,8.555130160537114,2025-09-30 10:56:59.503845
7.523042200086117,8.311535263700716,2025-09-30 10:56:59.503845
7.56770563454304,8.298703405447377,2025-09-30 10:56:59.503845
7.558662296520052,8.23368176819954,2025-09-30 10:56:59.503845
7.57165754000894,8.633367969430283,2025-09-30 10:56:59.503845
7.4866684845696225,8.477815588770712,2025-09-30 10:56:59.503845
7.7245590191134506,8.320327116232079,2025-09-30 10:56:59.503845
7.771029265930468,8.517307840420107,2025-09-30 10:56:59.503845
7.495371875609208,8.178485722206634,2025-09-30 10:56:59.503845
7.615366312096022,8.326070500165343,2025-09-30 10:56:59.503845
7.528159227008037,8.099045188875396,2025-09-30 10:56:59.503845
7.548500581166858,8.383936488533259,2025-09-30 10:56:59.503845
7.5391045959506835,8.490849675806741,2025-09-30 10:56:59.503845
7.418186390462321,8.316747254593809,2025-09-30 10:56:59.503845
7.537500705107021,8.715068894413637,2025-09-30 10:56:59.503845
7.456849349077332,8.417720594367339,2025-09-30 10:56:59.503845
7.419522456033734,8.41997776137235,2025-09-30 10:56:59.503845
7.476276838560697,8.388095218887049,2025-09-30 10:56:59.503845
7.507578070829586,8.519092111349915,2025-09-30 10:56:59.503845
7.388392829919347,8.809192473493383,2025-09-30 10:56:59.503845
7.439432568299251,8.477161502994061,2025-09-30 10:56:59.503845
7.811082929031351,8.40622727959984,2025-09-30 10:56:59.503845
7.545023202462483,8.246441201846839,2025-09-30 10:56:59.503845
7.519018243204332,8.256056352619227,2025-09-30 10:56:59.503845
7.483181725256259,8.42826804642033,2025-09-30 10:56:59.503845
7.545684873655283,8.484545435232192,2025-09-30 10:56:59.503845
7.696538703910827,8.366538230209393,2025-09-30 10:56:59.503845
7.384684285918207,8.13745896530406,2025-09-30 10:56:59.503845
7.6652399397833815,8.619175053435812,2025-09-30 10:56:59.503845
7.828609760399558,8.20493384879241,2025-09-30 10:56:59.503845
7.670722001333883,8.596842736504453,2025-09-30 10:56:59.503845
7.502098821266762,8.32903717969422,2025-09-30 10:56:59.503845
7.659399488979227,8.43275025527845,2025-09-30 10:56:59.503845
7.4470648729805315,8.463663746279028,2025-09-30 10:56:59.503845
7.884242516410356,8.271439011923556,2025-09-30 10:56:59.503845
7.1807890831680625,8.708199382109608,2025-09-30 10:56:59.503845
7.524449798376534,8.401493809880288,2025-09-30 10:56:59.503845
7.505618712771074,8.158837615048528,2025-09-30 10:56:59.503845
7.278849477177614,8.582888627743937,2025-09-30 10:56:59.503845
7.340531646986865,8.276214083105847,2025-09-30 10:56:59.503845
7.517817102329052,8.092265914729738,2025-09-30 10:56:59.503845
7.547057212062996,8.162403970375156,2025-09-30 10:56:59.503845
7.4362178506386005,8.368177572596775,2025-09-30 10:56:59.503845
7.405960655011169,8.282694876177038,2025-09-30 10:56:59.503845
7.8412168745659345,8.471074363093233,2025-09-30 10:56:59.503845
7.4844800766357,8.115150027977268,2025-09-30 10:56:59.503845
7.42012440013354,8.475627531704353,2025-09-30 10:56:59.503845
7.429317186722824,8.47913057791199,2025-09-30 10:56:59.503845
7.442906797836243,8.406856979208133,2025-09-30 10:56:59.503845
7.62896096875108,8.375389068730271,2025-09-30 10:56:59.503845
7.801554903899294,8.578519300123547,2025-09-30 10:56:59.503845
7.338861447448548,8.193997108137252,2025-09-30 10:56:59.503845
7.487478110953169,8.601561765356632,2025-09-30 10:56:59.503845
7.181079775154706,8.347839150849785,2025-09-30 10:56:59.503845
7.4847767634225315,8.360164660486133,2025-09-30 10:56:59.503845
7.697953185492927,8.340947115830602,2025-09-30 10:56:59.503845
7.455430784153051,8.458976949916362,2025-09-30 10:56:59.503845
7.640150157065821,8.389538199329962,2025-09-30 10:56:59.503845
7.281918004938586,8.21703215105653,2025-09-30 10:56:59.503845
7.549497940491617,8.12900208695292,2025-09-30 10:56:59.503845
7.3656853564727145,8.319091370671957,2025-09-30 10:56:59.503845
7.463159870873113,8.518892736780545,2025-09-30 10:56:59.503845
7.507572962496661,8.484042860493258,2025-09-30 10:56:59.503845
7.702799879382385,8.612048487612494,2025-09-30 10:56:59.503845
7.455673070650493,8.497865938828136,2025-09-30 10:56:59.503845
7.568332086749464,8.096547104928572,2025-09-30 10:56:59.503845
7.497051571743176,8.393111471688469,2025-09-30 10:56:59.503845
7.535408542458166,8.719995853010541,2025-09-30 10:56:59.503845
7.59512440625313,8.628821814299132,2025-09-30 10:56:59.503845
7.425791205350754,8.56417463660326,2025-09-30 10:56:59.503845
7.492088814163247,8.164711650329826,2025-09-30 10:56:59.503845
7.524503094469036,8.431081816475515,2025-09-30 10:56:59.503845
7.265068247785513,8.205520636090759,2025-09-30 10:56:59.503845
7.439564752515504,8.167298157879703,2025-09-30 10:56:59.503845
7.3879867551801,8.209525689213695,2025-09-30 10:56:59.503845
7.615535797322397,8.787706362733196,2025-09-30 10:56:59.503845
7.8590915966557695,8.36396989698153,2025-09-30 10:56:59.503845
7.64004687408884,8.62242529097985,2025-09-30 10:56:59.503845
7.498622828404026,8.500732196377374,2025-09-30 10:56:59.503845
7.380146370248378,8.275113598465955,2025-09-30 10:56:59.503845
7.387992474509428,8.037001635645673,2025-09-30 10:56:59.503845
7.4039147802442615,8.440088114444952,2025-09-30 10:56:59.503845
7.687453720430574,8.36707096918232,2025-09-30 10:56:59.503845
7.607400083418203,8.619561950806656,2025-09-30 10:56:59.503845
7.728870742629957,8.004170331985136,2025-09-30 10:56:59.503845
7.642216522806478,8.425696975235578,2025-09-30 10:56:59.503845
7.525730419350981,8.082227867635588,2025-09-30 10:56:59.503845
7.58128186764749,8.292467122812266,2025-09-30 10:56:59.503845
7.544526093890439,8.590001639113941,2025-09-30 10:56:59.503845
7.548763080941045,8.346311441630489,2025-09-30 10:56:59.503845
7.417043420237956,8.681700797532683,2025-09-30 10:56:59.503845
7.386638473020058,8.41775142514446,2025-09-30 10:56:59.503845
7.033221430099291,8.332968090509777,2025-09-30 10:56:59.503845
7.401099712968665,8.011769852378691,2025-09-30 10:56:59.503845
7.686538442790298,8.308442671348168,2025-09-30 10:56:59.503845
7.516633072815478,7.907225654536833,2025-09-30 10:56:59.503845
7.421649023015396,8.129560732639384,2025-09-30 10:56:59.503845
7.267878754925084,8.08418534286063,2025-09-30 10:56:59.503845
7.858241471495421,8.472708540823389,2025-09-30 10:56:59.503845
7.53939062229385,8.26412147286515,2025-09-30 10:56:59.503845
7.562023577841665,8.105050231261986,2025-09-30 10:56:59.503845
7.43133922382874,8.281808839522933,2025-09-30 10:56:59.503845
7.506628996068575,8.231548966371776,2025-09-30 10:56:59.503845
7.568404662635758,8.021982895269476,2025-09-30 10:56:59.503845
7.436746617381769,8.400720161825868,2025-09-30 10:56:59.503845
7.23124627342087,8.621762603890458,2025-09-30 10:56:59.503845
7.462024155137324,7.918626576026298,2025-09-30 10:56:59.503845
7.365748481869103,8.393691957629308,2025-09-30 10:56:59.503845
7.6074257765409925,8.443527553772622,2025-09-30 10:56:59.503845
7.602105678508169,8.406694581107635,2025-09-30 10:56:59.503845
7.365520076515136,8.404085747348017,2025-09-30 10:56:59.503845
7.264033660442111,8.531185093156765,2025-09-30 10:56:59.503845
7.660305495941436,8.584665355523025,2025-09-30 10:56:59.503845
7.5040739230155635,7.996960039001695,2025-09-30 10:56:59.503845
7.500778533083556,8.668888825251196,2025-09-30 10:56:59.503845
7.597509844779489,8.20639309614352,2025-09-30 10:56:59.503845
7.767887026717537,8.113312239612295,2025-09-30 10:56:59.503845
7.529571263679539,8.646982514096742,2025-09-30 10:56:59.503845
7.2596773345972565,8.120845904228988,2025-09-30 10:56:59.503845
7.775750557827239,7.667705326968432,2025-09-30 10:56:59.503845
7.42321967168932,8.3269445406804,2025-09-30 10:56:59.503845
7.615845317156416,8.265052528028203,2025-09-30 10:56:59.503845
7.430238809672762,8.313615325033297,2025-09-30 10:56:59.503845
7.414522706255591,8.521967375904355,2025-09-30 10:56:59.503845
7.362945717390565,8.507402890268862,2025-09-30 10:56:59.503845
7.233648022923672,8.366503353278969,2025-09-30 10:56:59.503845
7.4906286593785865,8.322976382425967,2025-09-30 10:56:59.503845
7.4276660355895805,8.405093398561199,2025-09-30 10:56:59.503845
7.460930599491435,7.977957386609202,2025-09-30 10:56:59.503845
7.503018600839408,8.110090657636473,2025-09-30 10:56:59.503845
7.717634617614591,8.569746810201037,2025-09-30 10:56:59.503845
7.5296876455422534,8.48103574201511,2025-09-30 10:56:59.503845
7.666058045120583,8.608489645868307,2025-09-30 10:56:59.503845
7.44925351909029,8.145929418619806,2025-09-30 10:56:59.503845
7.322189954609402,8.452319210980681,2025-09-30 10:56:59.503845
7.487342609259057,8.594860583776383,2025-09-30 10:56:59.503845
7.412757705476258,8.20490642738945,2025-09-30 10:56:59.503845
7.707247676511157,8.277057198511907,2025-09-30 10:56:59.503845
7.497723664937442,8.491061532480938,2025-09-30 10:56:59.503845
7.418242739960576,8.233710679323387,2025-09-30 10:56:59.503845
7.612437998291734,8.366119815981564,2025-09-30 10:56:59.503845
7.580090893879637,8.369122527046303,2025-09-30 10:56:59.503845
7.489974032683766,8.604512296071313,2025-09-30 10:56:59.503845
7.588747483110386,8.657770019619782,2025-09-30 10:56:59.503845
7.567620495403876,8.567846690732702,2025-09-30 10:56:59.503845
7.500920598304456,8.362542219786338,2025-09-30 10:56:59.503845
7.380648191516827,8.147906300045499,2025-09-30 10:56:59.503845
7.470398513877621,8.305070031699342,2025-09-30 10:56:59.503845
7.620260157553884,8.628154080237882,2025-09-30 10:56:59.503845
7.365616810425268,8.415622134770938,2025-09-30 10:56:59.503845
7.376545201969531,8.620225620645813,2025-09-30 10:56:59.503845
7.6405923089991585,8.54901899174174,2025-09-30 10:56:59.503845
7.5439953643745135,8.377881136576082,2025-09-30 10:56:59.503845
7.406953811234318,8.012748503658704,2025-09-30 10:56:59.503845
7.283742277398462,8.555597415341508,2025-09-30 10:56:59.503845
7.474253865709275,8.35366392901769,2025-09-30 10:56:59.503845
7.471270402318772,8.393736282582028,2025-09-30 10:56:59.503845
7.6284911962756805,8.408255890930013,2025-09-30 10:56:59.503845
7.25761753121799,8.37377687580512,2025-09-30 10:56:59.503845
7.550317640081881,8.308878303725667,2025-09-30 10:56:59.503845
7.517112030010757,8.486180024614526,2025-09-30 10:56:59.503845
7.547099934335129,8.037686587111963,2025-09-30 10:56:59.503845
7.531489872485586,8.34709987102753,2025-09-30 10:56:59.503845
7.201595311224346,8.405685699148266,2025-09-30 10:56:59.503845
7.564925591194571,8.509242519828726,2025-09-30 10:56:59.503845
7.377575618073727,8.590683245065348,2025-09-30 10:56:59.503845
7.496666184825384,8.252627724983306,2025-09-30 10:56:59.503845
7.541686169613222,8.262413060927864,2025-09-30 10:56:59.503845
7.4028543743553055,8.12331360485321,2025-09-30 10:56:59.503845
7.743913576673398,8.607258944924041,2025-09-30 10:56:59.503845
7.488298839789938,8.235965002699896,2025-09-30 10:56:59.503845
7.445795280309727,8.642699644054739,2025-09-30 10:56:59.503845
7.623508513959829,8.32964945382874,2025-09-30 10:56:59.503845
7.527994192200799,8.208487590038468,2025-09-30 10:56:59.503845
7.467487670991145,8.480380954802778,2025-09-30 10:56:59.503845
7.5043351762725194,8.200049374586294,2025-09-30 10:56:59.503845
7.503731739335808,8.356880809662776,2025-09-30 10:56:59.503845
6.967494076621934,7.947552593234536,2025-09-30 10:56:59.503845
7.818591688159249,8.183060645009228,2025-09-30 10:56:59.503845
7.607909408232928,8.486962788000163,2025-09-30 10:56:59.503845
7.470180709147666,8.461950612220132,2025-09-30 10:56:59.503845
7.431606743914196,8.161763144403581,2025-09-30 10:56:59.503845
7.625199289017652,8.539999061032255,2025-09-30 10:56:59.503845
7.223823878997658,8.625293654951879,2025-09-30 10:56:59.503845
7.5359442153799945,8.059021886645002,2025-09-30 10:56:59.503845
7.579311990749486,8.599644119370296,2025-09-30 10:56:59.503845
7.29833302897259,8.50789499651948,2025-09-30 10:56:59.503845
7.632264175378692,8.118961328744595,2025-09-30 10:56:59.503845
7.639084277402314,8.27053247875684,2025-09-30 10:56:59.503845
7.388604705725087,8.45809894740735,2025-09-30 10:56:59.503845
7.530816477062233,8.477657068439488,2025-09-30 10:56:59.503845
7.364498844266946,8.392925485344332,2025-09-30 10:56:59.503845
7.473259731786524,8.154408160340697,2025-09-30 10:56:59.503845
7.545862311759071,7.9789062835826146,2025-09-30 10:56:59.503845
7.812053489916929,8.468270345990797,2025-09-30 10:56:59.503845
7.581139588921772,7.967530393873611,2025-09-30 10:56:59.503845
7.276578680454561,8.28230164552962,2025-09-30 10:56:59.503845
7.3306487273087795,8.239405884692705,2025-09-30 10:56:59.503845
7.5218159717953155,8.240859390000479,2025-09-30 10:56:59.503845
7.653488936580554,8.18330091278757,2025-09-30 10:56:59.503845
7.738461062199572,8.24027063775552,2025-09-30 10:56:59.503845
7.544637705798976,8.732640012458862,2025-09-30 10:56:59.503845
7.778082126967479,8.259179331304203,2025-09-30 10:56:59.503845
7.450225607037194,7.998982884496961,2025-09-30 10:56:59.503845
7.557745323533509,8.054410883817344,2025-09-30 10:56:59.503845
7.60584199891824,7.894072229826544,2025-09-30 10:56:59.503845
7.481539586192859,8.57104182076137,2025-09-30 10:56:59.503845
7.439791395851851,8.306401770616782,2025-09-30 10:56:59.503845
7.480833009759355,8.47792018597163,2025-09-30 10:56:59.503845
7.622144331175094,8.538512618549902,2025-09-30 10:56:59.503845
7.5227676749825605,8.45026333134976,2025-09-30 10:56:59.503845
7.154906139667477,8.637833972061596,2025-09-30 10:56:59.503845
7.7022193003967,8.591775378070794,2025-09-30 10:56:59.503845
7.734004457175852,8.674230065976525,2025-09-30 10:56:59.503845
7.4940592581809895,8.34252639917648,2025-09-30 10:56:59.503845
7.454511596323333,7.921717776426853,2025-09-30 10:56:59.503845
7.675993347675111,8.384739839331782,2025-09-30 10:56:59.503845
7.436635225404305,8.558547565387457,2025-09-30 10:56:59.503845
7.36879494565148,7.8026930440180005,2025-09-30 10:56:59.503845
7.2952212322983225,8.191969024620803,2025-09-30 10:56:59.503845
7.810263650650684,8.389562415497164,2025-09-30 10:56:59.503845
7.495501304311936,8.313441602966652,2025-09-30 10:56:59.503845
7.553075091410546,8.386390564588153,2025-09-30 10:56:59.503845
7.463907556643996,8.443758394391502,2025-09-30 10:56:59.503845
7.402738139470843,8.339477276194652,2025-09-30 10:56:59.503845
7.515514119899786,8.256130258054325,2025-09-30 10:56:59.503845
7.702521507494324,8.447416159178811,2025-09-30 10:56:59.503845
7.525492393321363,8.34341291046083,2025-09-30 10:56:59.503845
7.196922797851366,8.502510297284676,2025-09-30 10:56:59.503845
7.3814417871283915,8.625007732287381,2025-09-30 10:56:59.503845
7.754088936156604,8.430479595219495,2025-09-30 10:56:59.503845
7.732628502657369,8.329364396413915,2025-09-30 10:56:59.503845
7.515094549775409,8.196745972183713,2025-09-30 10:56:59.503845
7.718560278878627,8.115946269555414,2025-09-30 10:56:59.503845
7.676544644816515,8.241227120376186,2025-09-30 10:56:59.503845
7.703780273113911,8.346866614491042,2025-09-30 10:56:59.503845
7.4536448144899845,8.341136387261187,2025-09-30 10:56:59.503845
7.695646089726606,8.47950681425943,2025-09-30 10:56:59.503845
7.356312088220018,8.447260845165951,2025-09-30 10:56:59.503845
7.570738171058071,8.278755897508054,2025-09-30 10:56:59.503845
7.285827476637605,8.330525710374623,2025-09-30 10:56:59.503845
7.720930702845929,7.982426151948254,2025-09-30 10:56:59.503845
7.626794639719865,8.132746590034932,2025-09-30 10:56:59.503845
7.606892631263955,8.299711214983873,2025-09-30 10:56:59.503845
7.316816644990748,8.125695654932313,2025-09-30 10:56:59.503845
7.452576112866899,8.301301904891407,2025-09-30 10:56:59.503845
7.45587732833529,8.616177564295578,2025-09-30 10:56:59.503845
7.484303371574913,8.178745132845911,2025-09-30 10:56:59.503845
7.243046575128109,8.192220641055432,2025-09-30 10:56:59.503845
7.515425810373741,8.115440969917698,2025-09-30 10:56:59.503845
7.5954489639503215,8.247815528592781,2025-09-30 10:56:59.503845
7.420697458841313,8.693945270806672,2025-09-30 10:56:59.503845
7.474808641982649,8.296225822266653,2025-09-30 10:56:59.503845
7.317199403590198,8.124514339979394,2025-09-30 10:56:59.503845
7.486286317488745,8.406144679793833,2025-09-30 10:56:59.503845
7.428080037294627,8.439264110575534,2025-09-30 10:56:59.503845
7.593509874872707,8.610445285837551,2025-09-30 10:56:59.503845
7.593779425356254,8.205686750663016,2025-09-30 10:56:59.503845
7.4780467410319345,8.657238417414746,2025-09-30 10:56:59.503845
7.675429631477876,8.207024362031387,2025-09-30 10:56:59.503845
7.5179849505488745,8.539992107466187,2025-09-30 10:56:59.503845
7.698541015881713,8.632041497757283,2025-09-30 10:56:59.503845
7.358527504438499,8.315370368143135,2025-09-30 10:56:59.503845
7.323265364664699,8.369378690791786,2025-09-30 10:56:59.503845
7.266260523744593,8.23668589437802,2025-09-30 10:56:59.503845
7.779669420622558,8.56514530442519,2025-09-30 10:56:59.503845
7.613154513421759,8.142937033415247,2025-09-30 10:56:59.503845
7.515579885178866,8.515225409319708,2025-09-30 10:56:59.503845
7.445043567775548,8.66279265692006,2025-09-30 10:56:59.503845
7.222569507290918,8.208281928560677,2025-09-30 10:56:59.503845
7.508465604154039,8.425758158165157,2025-09-30 10:56:59.503845
7.586321456312884,8.78458560368692,2025-09-30 10:56:59.503845
7.309069831846776,8.551111896487406,2025-09-30 10:56:59.503845
7.4590784231858285,8.786388964445678,2025-09-30 10:56:59.503845
7.286133821120774,8.84280369858184,2025-09-30 10:56:59.503845
7.532689940595824,8.186849552010942,2025-09-30 10:56:59.503845
7.53206793682986,8.219159678031733,2025-09-30 10:56:59.503845
7.706876864013684,8.197390352334487,2025-09-30 10:56:59.503845
7.431951246720743,8.817301801614613,2025-09-30 10:56:59.503845
7.678995448133908,8.680785005019114,2025-09-30 10:56:59.503845
7.311709268316274,8.490713743447126,2025-09-30 10:56:59.503845
7.760287264699547,8.176198715688068,2025-09-30 10:56:59.503845
7.956385139432666,8.238731966176429,2025-09-30 10:56:59.503845
7.098628549080576,8.480757579861045,2025-09-30 10:56:59.503845
7.473898839745617,8.066811726852375,2025-09-30 10:56:59.503845
7.221105284231095,8.28702220826344,2025-09-30 10:56:59.503845
7.705631479745087,8.122954830249979,2025-09-30 10:56:59.503845
7.3463573288292725,8.435537569525406,2025-09-30 10:56:59.503845
7.471464426664684,8.467015125532306,2025-09-30 10:56:59.503845
7.482237702280355,8.510489953619862,2025-09-30 10:56:59.503845
7.464912127743392,8.361960258154369,2025-09-30 10:56:59.503845
7.425717697300449,8.126587493728595,2025-09-30 10:56:59.503845
7.556250305231497,8.289495515495142,2025-09-30 10:56:59.503845
7.570399181067181,8.596357732528274,2025-09-30 10:56:59.503845
7.55799149099678,8.714711376654277,2025-09-30 10:56:59.503845
7.422211295888541,8.317641579153214,2025-09-30 10:56:59.503845
7.410201111109753,8.45295058680419,2025-09-30 10:56:59.503845
7.181617255181059,8.53348883089161,2025-09-30 10:56:59.503845
7.321842191843816,8.126607242917126,2025-09-30 10:56:59.503845
7.453219855374812,8.554637949231884,2025-09-30 10:56:59.503845
7.834364598977285,8.723931361231088,2025-09-30 10:56:59.503845
7.341141229412368,8.157638957563735,2025-09-30 10:56:59.503845
7.656525856979204,7.978401759005809,2025-09-30 10:56:59.503845
7.57090193373305,8.465159278797366,2025-09-30 10:56:59.503845
7.444519637821464,8.440148489490179,2025-09-30 10:56:59.503845
7.619773229173011,8.285437210383613,2025-09-30 10:56:59.503845
7.401651363368357,8.451032055245754,2025-09-30 10:56:59.503845
7.569309463316509,8.292392804935432,2025-09-30 10:56:59.503845
7.5502336298988135,8.196844347704983,2025-09-30 10:56:59.503845
7.422198555424661,8.588846522604372,2025-09-30 10:56:59.503845
7.508423974021425,8.600080393444344,2025-09-30 10:56:59.503845
7.701895467100537,8.328231628500655,2025-09-30 10:56:59.503845
7.592403768876296,8.41884517723279,2025-09-30 10:56:59.503845
7.347204985435753,8.515692872870577,2025-09-30 10:56:59.503845
7.6053455369527825,8.386506914526027,2025-09-30 10:56:59.503845
7.261234182869001,8.607550350305328,2025-09-30 10:56:59.503845
7.459725123690449,8.453225186592178,2025-09-30 10:56:59.503845
7.148430518656218,8.348534162542915,2025-09-30 10:56:59.503845
7.577549496614917,8.436732843532475,2025-09-30 10:56:59.503845
7.535815158873182,8.076883891527832,2025-09-30 10:56:59.503845
7.483280683275862,8.225737165779062,2025-09-30 10:56:59.503845
7.6696078824175045,8.287982686807172,2025-09-30 10:56:59.503845
7.613191771722692,8.438851951182196,2025-09-30 10:56:59.503845
7.385663088055972,8.665597130652042,2025-09-30 10:56:59.503845
7.517160024168257,8.267647239810211,2025-09-30 10:56:59.503845
7.534836007181596,8.175620426447399,2025-09-30 10:56:59.503845
7.249144802090222,8.246988467663023,2025-09-30 10:56:59.503845
7.522471109180344,8.14613421149533,2025-09-30 10:56:59.503845
7.683562881239061,8.46934701893055,2025-09-30 10:56:59.503845
7.64654724649432,8.128808221538456,2025-09-30 10:56:59.503845
7.326819113874995,8.396361283547622,2025-09-30 10:56:59.503845
7.452690188783502,8.400886911744477,2025-09-30 10:56:59.503845
7.479769967891947,8.261360606119414,2025-09-30 10:56:59.503845
7.601053417927765,8.441309233041197,2025-09-30 10:56:59.503845
7.768820046540126,8.294716660866628,2025-09-30 10:56:59.503845
7.739427121223436,8.608379329760867,2025-09-30 10:56:59.503845
7.714164735970535,8.291882719721027,2025-09-30 10:56:59.503845
7.584379087306082,8.316668735804841,2025-09-30 10:56:59.503845
7.36926329112794,8.174981715402476,2025-09-30 10:56:59.503845
7.449405611765848,8.51830525172415,2025-09-30 10:56:59.503845
7.498831477903971,8.352357247124871,2025-09-30 10:56:59.503845
7.5943974433899974,8.658991932187085,2025-09-30 10:56:59.503845
7.256399990378652,8.839047196247865,2025-09-30 10:56:59.503845
7.548348573200838,8.479304043191183,2025-09-30 10:56:59.503845
7.241208885492072,7.9745933763363075,2025-09-30 10:56:59.503845
7.64512342501351,8.129918615746028,2025-09-30 10:56:59.503845
7.392567492872724,8.64240087122352,2025-09-30 10:56:59.503845
7.446882806043308,8.582213590901151,2025-09-30 10:56:59.503845
7.360976338035148,8.468831954673053,2025-09-30 10:56:59.503845
7.6551466859805135,8.55449910913675,2025-09-30 10:56:59.503845
7.1114321314202344,8.427509386008358,2025-09-30 10:56:59.503845
7.5044033009731255,8.181614224076254,2025-09-30 10:56:59.503845
7.4944280065312725,8.253119402144817,2025-09-30 10:56:59.503845
7.340706688099521,8.593778381890253,2025-09-30 10:56:59.503845
7.498346582486001,8.012717386948047,2025-09-30 10:56:59.503845
7.335259820253785,8.212977360955833,2025-09-30 10:56:59.503845
7.076074173943965,8.177732918410602,2025-09-30 10:56:59.503845
7.4661359359907475,8.611240382830614,2025-09-30 10:56:59.503845
7.550019579813795,8.704256600577885,2025-09-30 10:56:59.503845
7.65470203694126,8.118200298249715,2025-09-30 10:56:59.503845
7.637852108070918,8.356913563271052,2025-09-30 10:56:59.503845
7.552096326056037,8.223601623302555,2025-09-30 10:56:59.503845
7.232556710181155,8.480598261761932,2025-09-30 10:56:59.503845
7.452996832439194,8.44297765502693,2025-09-30 10:56:59.503845
7.664668032563657,8.34181795967398,2025-09-30 10:56:59.503845
7.47443148125115,8.692934190176425,2025-09-30 10:56:59.503845
7.439901433791771,8.482994483927776,2025-09-30 10:56:59.503845
7.717689248324571,8.224600521300516,2025-09-30 10:56:59.503845
7.421563602370692,8.300924829899397,2025-09-30 10:56:59.503845
7.788990200568295,8.075453617448112,2025-09-30 10:56:59.503845
7.506890589350986,8.349477929974588,2025-09-30 10:56:59.503845
7.162336363236155,8.35714820552273,2025-09-30 10:56:59.503845
7.428747938767274,7.991005510017137,2025-09-30 10:56:59.503845
7.546063388735765,8.564712069318794,2025-09-30 10:56:59.503845
7.434216394793896,8.364039175524484,2025-09-30 10:56:59.503845
7.642506964355965,8.099163294201713,2025-09-30 10:56:59.503845
7.455870037258595,8.61366555845948,2025-09-30 10:56:59.503845
7.344637887302546,8.320320769247092,2025-09-30 10:56:59.503845
7.3859772555553045,8.125061612993536,2025-09-30 10:56:59.503845
7.583023919991294,8.048692507712019,2025-09-30 10:56:59.503845
7.526413767814069,8.409197378974469,2025-09-30 10:56:59.503845
7.476378658676638,8.239435976721346,2025-09-30 10:56:59.503845
7.503450753986149,8.46659477289166,2025-09-30 10:56:59.503845
7.194243820548843,8.070189701321077,2025-09-30 10:56:59.503845
7.697314364916294,8.458201483908466,2025-09-30 10:56:59.503845
7.662386768746231,8.535864787281314,2025-09-30 10:56:59.503845
7.443274910709847,8.270686514585288,2025-09-30 10:56:59.503845
7.386166701496202,8.551369646146371,2025-09-30 10:56:59.503845
7.578298976841425,8.13732467282415,2025-09-30 10:56:59.503845
7.345592289841304,8.415951596115965,2025-09-30 10:56:59.503845
7.5443255015864175,8.39720378508505,2025-09-30 10:56:59.503845
7.538131465930435,8.434843330132791,2025-09-30 10:56:59.503845
7.641358999405733,8.523220322925228,2025-09-30 10:56:59.503845
7.33600506242632,8.16873540005025,2025-09-30 10:56:59.503845
7.516966785584114,8.351851026534662,2025-09-30 10:56:59.503845
7.41904515873179,8.38650057675905,2025-09-30 10:56:59.503845
7.411592124590297,8.401472086705025,2025-09-30 10:56:59.503845
7.580538630079447,8.506264368701927,2025-09-30 10:56:59.503845
7.3446721849338115,8.542865245675653,2025-09-30 10:56:59.503845
7.840315385552652,8.348220829016098,2025-09-30 10:56:59.503845
7.580936640853414,8.211245650236366,2025-09-30 10:56:59.503845
7.163600913907226,8.296104817365467,2025-09-30 10:56:59.503845
7.466089871560841,8.713122512490392,2025-09-30 10:56:59.503845
7.737310581515207,8.409419793204885,2025-09-30 10:56:59.503845
7.583013926024105,8.730245770776582,2025-09-30 10:56:59.503845
7.5805236315184406,8.063917789240337,2025-09-30 10:56:59.503845
7.328038550619012,8.550978389715935,2025-09-30 10:56:59.503845
7.512289665910489,8.199856796168524,2025-09-30 10:56:59.503845
7.437245950546964,8.454741724105222,2025-09-30 10:56:59.503845
7.586193701898102,8.240962002849566,2025-09-30 10:56:59.503845
7.426803369354286,8.428668976433505,2025-09-30 10:56:59.503845
7.428254182061976,8.198256011874623,2025-09-30 10:56:59.503845
7.4847600425643055,8.172805681509924,2025-09-30 10:56:59.503845
7.598848335787812,8.477571371132843,2025-09-30 10:56:59.503845
7.607674019035192,8.351882121660537,2025-09-30 10:56:59.503845
7.442145246092331,8.395429137342974,2025-09-30 10:56:59.503845
7.2666042543308285,8.55385256175234,2025-09-30 10:56:59.503845
7.20627522321948,7.953925881919698,2025-09-30 10:56:59.503845
7.486110610112367,7.979302602955822,2025-09-30 10:56:59.503845
7.91468615867962,8.478233190828789,2025-09-30 10:56:59.503845
7.604152800847716,8.549053416890139,2025-09-30 10:56:59.503845
7.510225243037523,8.097586259845691,2025-09-30 10:56:59.503845
7.44992023498093,8.332826803124387,2025-09-30 10:56:59.503845
7.5397814702115635,8.445707791693827,2025-09-30 10:56:59.503845
7.598184529002075,8.290162875845098,2025-09-30 10:56:59.503845
7.526837518582915,7.997714052135746,2025-09-30 10:56:59.503845
7.550440023504759,8.293217027966227,2025-09-30 10:56:59.503845
7.460916217952271,8.008469152542267,2025-09-30 10:56:59.503845
7.446317016537225,8.239494734635937,2025-09-30 10:56:59.503845
7.598035466677183,8.231625212114599,2025-09-30 10:56:59.503845
7.674225686665867,8.572086150366268,2025-09-30 10:56:59.503845
7.420320938465732,8.506357360841244,2025-09-30 10:56:59.503845
7.322690271435379,8.587526552315813,2025-09-30 10:56:59.503845
7.75670226502805,8.477921673720369,2025-09-30 10:56:59.503845
7.731167524018706,8.394144619842516,2025-09-30 10:56:59.503845
7.6774526996557215,8.490619049419026,2025-09-30 10:56:59.503845
7.482392895430386,8.510744001685275,2025-09-30 10:56:59.503845
7.801554735308678,8.346113604971698,2025-09-30 10:56:59.503845
7.465446216815716,7.912075535318261,2025-09-30 10:56:59.503845
7.410896075273688,8.41589145550031,2025-09-30 10:56:59.503845
7.536859812644801,8.580192361454019,2025-09-30 10:56:59.503845
7.533806641741207,8.288336704234244,2025-09-30 10:56:59.503845
7.595282916068667,8.53872153674087,2025-09-30 10:56:59.503845
7.723919985176265,8.463615263049865,2025-09-30 10:56:59.503845
7.61850900017905,8.200764707262575,2025-09-30 10:56:59.503845
7.588322940791122,8.31905409390814,2025-09-30 10:56:59.503845
7.522483338240316,8.692523118841237,2025-09-30 10:56:59.503845
7.337321275604587,8.469403899518973,2025-09-30 10:56:59.503845
7.552021513237788,8.450624806375872,2025-09-30 10:56:59.503845
7.574082229815808,8.485317951312142,2025-09-30 10:56:59.503845
7.75530930998206,8.34348332961335,2025-09-30 10:56:59.503845
7.446668092942275,8.359259719952453,2025-09-30 10:56:59.503845
7.474841732033079,8.69181766070153,2025-09-30 10:56:59.503845
7.5926166774614,8.18545204656181,2025-09-30 10:56:59.503845
7.464766565572565,8.290266924024667,2025-09-30 10:56:59.503845
7.64888689369133,8.37121511010799,2025-09-30 10:56:59.503845
7.2678722432615315,8.58805288602896,2025-09-30 10:56:59.503845
7.692838177710286,8.090346494127322,2025-09-30 10:56:59.503845
7.555371570004374,8.245690479447557,2025-09-30 10:56:59.503845
7.574495632320319,8.200546904081442,2025-09-30 10:56:59.503845
7.858872584216215,8.129588699759912,2025-09-30 10:56:59.503845
7.451295252922528,8.314435807310748,2025-09-30 10:56:59.503845
7.275766502066435,8.257094221702427,2025-09-30 10:56:59.503845
7.368182479681304,8.284135887816152,2025-09-30 10:56:59.503845
7.529056664220369,8.278998719477487,2025-09-30 10:56:59.503845
7.223384247131008,8.441400669667672,2025-09-30 10:56:59.503845
7.487594077417079,8.634124507535924,2025-09-30 10:56:59.503845
7.448324360085427,8.229912259341342,2025-09-30 10:56:59.503845
7.364971739629886,8.603306342464634,2025-09-30 10:56:59.503845
7.382406797749683,8.268581008419131,2025-09-30 10:56:59.503845
7.461793816154926,8.12724572806623,2025-09-30 10:56:59.503845
7.509909675443992,8.255669268982109,2025-09-30 10:56:59.503845
7.214258237263347,8.24101195447511,2025-09-30 10:56:59.503845
7.435429137187792,8.360827139237799,2025-09-30 10:56:59.503845
7.182712097019274,8.371921609170924,2025-09-30 10:56:59.503845
7.608555886066649,8.207880021420266,2025-09-30 10:56:59.503845
7.410398629897688,8.534335285753956,2025-09-30 10:56:59.503845
7.607589235202814,8.56720738144681,2025-09-30 10:56:59.503845
7.425173785946359,8.49863279101911,2025-09-30 10:56:59.503845
7.563141012403226,8.305655955574355,2025-09-30 10:56:59.503845
7.395722632572914,8.407772784576371,2025-09-30 10:56:59.503845
7.302173720514732,8.409233633063677,2025-09-30 10:56:59.503845
7.518710444193291,8.072686992802556,2025-09-30 10:56:59.503845
7.616421950689145,8.588805397822197,2025-09-30 10:56:59.503845
7.607746860636064,8.40813760531337,2025-09-30 10:56:59.503845
7.736611566756457,8.466819348053003,2025-09-30 10:56:59.503845
7.288955109691173,8.292186024078383,2025-09-30 10:56:59.503845
7.491340622273229,8.400121152144958,2025-09-30 10:56:59.503845
7.458890313080288,8.401396259019814,2025-09-30 10:56:59.503845
7.626750497577522,8.159604088504395,2025-09-30 10:56:59.503845
7.400074390432776,8.186306892968984,2025-09-30 10:56:59.503845
7.706964223623077,8.251719410551408,2025-09-30 10:56:59.503845
7.545450950861057,8.215707712601004,2025-09-30 10:56:59.503845
7.309136083474954,8.32944150546274,2025-09-30 10:56:59.503845
7.721346386427281,8.561410171979157,2025-09-30 10:56:59.503845
7.3044476614399665,8.574858394329965,2025-09-30 10:56:59.503845
7.696576904954814,8.160232142230425,2025-09-30 10:56:59.503845
7.719482328959119,8.278151862907487,2025-09-30 10:56:59.503845
7.492018816717928,8.613380445081786,2025-09-30 10:56:59.503845
7.304910480426789,8.449316085382923,2025-09-30 10:56:59.503845
7.452434574735559,8.564753336127513,2025-09-30 10:56:59.503845
7.723643425117214,8.221362227575105,2025-09-30 10:56:59.503845
7.840586699950852,8.585108936490542,2025-09-30 10:56:59.503845
7.072860653430689,8.121131213187715,2025-09-30 10:56:59.503845
7.51636164455345,8.243457818520584,2025-09-30 10:56:59.503845
7.739909665612403,8.38887499535091,2025-09-30 10:56:59.503845
7.5256098171422865,7.9687008643493,2025-09-30 10:56:59.503845
7.465426701664599,8.292995936743758,2025-09-30 10:56:59.503845
7.564050334720103,8.552429185428592,2025-09-30 10:56:59.503845
7.369962859334199,8.426522841669737,2025-09-30 10:56:59.503845
7.589895340718462,8.378926470042401,2025-09-30 10:56:59.503845
7.489767594278963,8.21778771904971,2025-09-30 10:56:59.503845
7.534732265097954,8.2459484186813,2025-09-30 10:56:59.503845
7.649376380730199,7.925349299168746,2025-09-30 10:56:59.503845
7.632821049187826,8.486598237993434,2025-09-30 10:56:59.503845
7.368426243977803,8.142598627044602,2025-09-30 10:56:59.503845
7.463718750340487,8.65575562112279,2025-09-30 10:56:59.503845
7.413908641614482,8.2388228336104,2025-09-30 10:56:59.503845
7.4001732284301,8.383476316690112,2025-09-30 10:56:59.503845
7.307398459353605,8.143023408136063,2025-09-30 10:56:59.503845
7.469060975108387,8.178217401547643,2025-09-30 10:56:59.503845
7.252011556390574,8.64356833247968,2025-09-30 10:56:59.503845
7.533607537277292,8.379113167379927,2025-09-30 10:56:59.503845
7.631891307669695,8.128227135341369,2025-09-30 10:56:59.503845
7.522761273266333,8.198743704181913,2025-09-30 10:56:59.503845
7.7140407738673815,8.39240541225063,2025-09-30 10:56:59.503845
7.598944397916967,8.255343619924597,2025-09-30 10:56:59.503845
7.6341999717513485,8.559056494769779,2025-09-30 10:56:59.503845
7.378047514121249,8.33727026919735,2025-09-30 10:56:59.503845
7.489815796665402,8.410305146867987,2025-09-30 10:56:59.503845
7.643375431927982,8.62390233975759,2025-09-30 10:56:59.503845
7.181250664386019,8.333298025770121,2025-09-30 10:56:59.503845
7.333107831320314,8.263057934039136,2025-09-30 10:56:59.503845
7.636862575863949,8.483239129890276,2025-09-30 10:56:59.503845
7.371438670132172,8.607693016562042,2025-09-30 10:56:59.503845
7.50356789441982,7.974042056236526,2025-09-30 10:56:59.503845
7.2547000444675325,8.486516992381366,2025-09-30 10:56:59.503845
7.375909165236484,8.4510649761316,2025-09-30 10:56:59.503845
7.261615329439304,8.77452749369739,2025-09-30 10:56:59.503845
7.834581613928991,8.505279070400528,2025-09-30 10:56:59.503845
7.494102854997925,8.14325741356306,2025-09-30 10:56:59.503845
7.491798518468687,8.371934704991105,2025-09-30 10:56:59.503845
7.639995240804187,8.576818193207819,2025-09-30 10:56:59.503845
7.548931632185592,8.200447939592038,2025-09-30 10:56:59.503845
7.196683902047574,8.617551355035166,2025-09-30 10:56:59.503845
7.31808810635164,8.401962644715827,2025-09-30 10:56:59.503845
7.749276848204443,8.769770627021268,2025-09-30 10:56:59.503845
7.383154196217461,8.356893256583557,2025-09-30 10:56:59.503845
7.516256311884362,8.192627797637844,2025-09-30 10:56:59.503845
7.28652299061887,8.551693402682808,2025-09-30 10:56:59.503845
7.4611178487698435,8.58903145757203,2025-09-30 10:56:59.503845
7.7162581473387455,8.026975728241194,2025-09-30 10:56:59.503845
7.502035556943816,8.514426617785833,2025-09-30 10:56:59.503845
7.47188982185767,7.89346039887959,2025-09-30 10:56:59.503845
7.642483344903017,8.28197193299488,2025-09-30 10:56:59.503845
7.633999474219041,8.261022584840967,2025-09-30 10:56:59.503845
7.598409023001336,8.292352118112044,2025-09-30 10:56:59.503845
7.7082103229464565,8.165183389513308,2025-09-30 10:56:59.503845
7.482946433593526,8.419982946948517,2025-09-30 10:56:59.503845
7.646031705296961,8.551940984153553,2025-09-30 10:56:59.503845
7.749757892084901,8.542291892615768,2025-09-30 10:56:59.503845
7.37025940229741,8.002735758103713,2025-09-30 10:56:59.503845
7.302291048294851,8.092120623282783,2025-09-30 10:56:59.503845
7.621926341156289,8.188125577459882,2025-09-30 10:56:59.503845
7.609814803321883,8.222108325515464,2025-09-30 10:56:59.503845
7.385189965540865,8.488895788046834,2025-09-30 10:56:59.503845
7.5745361084592,8.617635666149084,2025-09-30 10:56:59.503845
7.478825972110452,8.492361003206772,2025-09-30 10:56:59.503845
7.405103470911063,8.289333577199603,2025-09-30 10:56:59.503845
7.184491581191752,8.317712110922155,2025-09-30 10:56:59.503845
7.671714036659233,8.26426846035319,2025-09-30 10:56:59.503845
7.468345482606709,8.429860669414705,2025-09-30 10:56:59.503845
7.586372013076374,8.466385810937968,2025-09-30 10:56:59.503845
7.300740470900191,8.49426876173386,2025-09-30 10:56:59.503845
7.580653992168988,8.378870843430606,2025-09-30 10:56:59.503845
7.600239830949056,8.300352099096179,2025-09-30 10:56:59.503845
7.412099729255862,8.667767369278833,2025-09-30 10:56:59.503845
7.558256133386215,8.182923826217735,2025-09-30 10:56:59.503845
7.39047232476636,8.34499073021465,2025-09-30 10:56:59.503845
7.420461863141633,8.307848012450284,2025-09-30 10:56:59.503845
7.184486410642938,7.9519817443751615,2025-09-30 10:56:59.503845
7.731586527157399,8.372153622166092,2025-09-30 10:56:59.503845
7.754779440719065,8.466268072276304,2025-09-30 10:56:59.503845
7.2061243837833855,8.63090569710555,2025-09-30 10:56:59.503845
7.4158706940108745,8.14482564442073,2025-09-30 10:56:59.503845
7.3634900211466165,8.27100136449652,2025-09-30 10:56:59.503845
7.295421495563653,8.2488741610832,2025-09-30 10:56:59.503845
7.509880685024344,8.21441467822158,2025-09-30 10:56:59.503845
7.799633735928267,8.178040020569135,2025-09-30 10:56:59.503845
7.352898961523317,8.404680631345263,2025-09-30 10:56:59.503845
7.261143431546958,8.039912678289333,2025-09-30 10:56:59.503845
7.465319536213617,8.445712816581445,2025-09-30 10:56:59.503845
7.29290054965357,8.448532142187437,2025-09-30 10:56:59.503845
7.273282989287045,8.177965809286668,2025-09-30 10:56:59.503845
7.4917234603552085,8.12356816586939,2025-09-30 10:56:59.503845
7.570949135027835,8.488484008071913,2025-09-30 10:56:59.503845
7.441140563549956,8.245747267192913,2025-09-30 10:56:59.503845
7.792457316296635,8.296847915162102,2025-09-30 10:56:59.503845
7.466636089448179,8.451923993734502,2025-09-30 10:56:59.503845
7.421773810672213,8.319623336311583,2025-09-30 10:56:59.503845
7.470675633266077,8.572375649888137,2025-09-30 10:56:59.503845
7.51271397660234,8.176958166372101,2025-09-30 10:56:59.503845
7.558416565593194,8.115028368555278,2025-09-30 10:56:59.503845
7.654252597170201,8.205694982021141,2025-09-30 10:56:59.503845
7.540643350867373,8.090811798182218,2025-09-30 10:56:59.503845
7.4299729546350415,8.233825618714326,2025-09-30 10:56:59.503845
7.442443011670356,8.697970609218244,2025-09-30 10:56:59.503845
7.619695475583534,8.565357934982613,2025-09-30 10:56:59.503845
7.521875771177409,7.820897921295771,2025-09-30 10:56:59.503845
7.43128735956511,8.500725423488868,2025-09-30 10:56:59.503845
7.668017436687307,8.306037024447402,2025-09-30 10:56:59.503845
7.2358985857425,8.6259346854969,2025-09-30 10:56:59.503845
7.682305857657791,8.267945008922219,2025-09-30 10:56:59.503845
7.353614671455892,7.966343576988573,2025-09-30 10:56:59.503845
7.2915035338567655,8.530096050236242,2025-09-30 10:56:59.503845
7.4638369711202905,8.339712090244518,2025-09-30 10:56:59.503845
7.3025421073047845,8.3884880200083,2025-09-30 10:56:59.503845
7.343535148432754,8.242553039816976,2025-09-30 10:56:59.503845
7.426037527465477,8.371335399171686,2025-09-30 10:56:59.503845
7.355650997439098,8.508669462866996,2025-09-30 10:56:59.503845
7.3677495288227846,8.422458654407837,2025-09-30 10:56:59.503845
7.55296096356567,8.233394241648774,2025-09-30 10:56:59.503845
7.474581675896425,8.258557299196712,2025-09-30 10:56:59.503845
7.515833296310686,8.407274681405752,2025-09-30 10:56:59.503845
7.682249225991623,8.313337483997472,2025-09-30 10:56:59.503845
7.637624224563015,8.159006695427662,2025-09-30 10:56:59.503845
7.388631091804439,8.513365570413882,2025-09-30 10:56:59.503845
7.567158696540522,8.308923541353455,2025-09-30 10:56:59.503845
7.251953004007703,8.466749044559299,2025-09-30 10:56:59.503845
7.382628079190352,8.323457634794806,2025-09-30 10:56:59.503845
7.28856416129102,8.30147959143545,2025-09-30 10:56:59.503845
7.558241029043196,8.319698032238557,2025-09-30 10:56:59.503845
7.215698997547887,8.198530060278744,2025-09-30 10:56:59.503845
7.588034111471407,8.271053971515471,2025-09-30 10:56:59.503845
7.884144415703892,8.06782538871443,2025-09-30 10:56:59.503845
7.56608478932357,8.54908976271814,2025-09-30 10:56:59.503845
7.640981965146715,8.252658815616957,2025-09-30 10:56:59.503845
7.583477815069548,8.631907782451275,2025-09-30 10:56:59.503845
7.654225412474688,8.392376577465363,2025-09-30 10:56:59.503845
7.706380064773517,8.55133406060186,2025-09-30 10:56:59.503845
7.419176130369638,8.141128137836333,2025-09-30 10:56:59.503845
7.47163438161901,8.446845506761084,2025-09-30 10:56:59.503845
7.891518928640206,8.47308297737165,2025-09-30 10:56:59.503845
7.5292510610572725,7.9300424492134685,2025-09-30 10:56:59.503845
7.748883999342213,8.199341045362756,2025-09-30 10:56:59.503845
7.787231855233165,8.402283671775614,2025-09-30 10:56:59.503845
7.448556619994625,8.543719190975713,2025-09-30 10:56:59.503845
7.389204186281864,8.655834688031598,2025-09-30 10:56:59.503845
7.434712708825805,8.369457063525058,2025-09-30 10:56:59.503845
7.438378978355785,8.660029250479468,2025-09-30 10:56:59.503845
7.419146202047192,8.3649662653408,2025-09-30 10:56:59.503845
7.365482527828249,8.454944542486826,2025-09-30 10:56:59.503845
7.258237594664467,7.952795115355377,2025-09-30 10:56:59.503845
7.602735988299975,8.325585660756705,2025-09-30 10:56:59.503845
7.573059313323931,7.9796485377849065,2025-09-30 10:56:59.503845
7.220533253967558,8.259023706527255,2025-09-30 10:56:59.503845
7.580313824807547,8.463989375114636,2025-09-30 10:56:59.503845
7.761351084270911,8.47729255840393,2025-09-30 10:56:59.503845
7.371198418348859,8.529072525010411,2025-09-30 10:56:59.503845
7.356420191202273,8.080071979208489,2025-09-30 10:56:59.503845
7.629483924469661,8.094256052216588,2025-09-30 10:56:59.503845
7.4631321776147175,8.283766522964397,2025-09-30 10:56:59.503845
7.656777763306204,8.46011599686889,2025-09-30 10:56:59.503845
7.717483802230917,8.578512752816323,2025-09-30 10:56:59.503845
7.407315344537624,8.319930504988795,2025-09-30 10:56:59.503845
7.6689650702617564,8.501537225301833,2025-09-30 10:56:59.503845
7.439870640133807,8.618412259196328,2025-09-30 10:56:59.503845
7.3826807577147875,8.324375783177098,2025-09-30 10:56:59.503845
7.082822767691944,8.711227237294056,2025-09-30 10:56:59.503845
7.659837372243241,8.364440337691486,2025-09-30 10:56:59.503845
7.3191602363917685,8.574939333434763,2025-09-30 10:56:59.503845
7.746278073833008,8.391686312925394,2025-09-30 10:56:59.503845
7.759478222192227,8.16889792897023,2025-09-30 10:56:59.503845
7.628782616877041,8.413828219962687,2025-09-30 10:56:59.503845
7.292893696899279,8.377592880710733,2025-09-30 10:56:59.503845
7.011776343708732,8.384970025977715,2025-09-30 10:56:59.503845
7.762475526532988,8.430218832669391,2025-09-30 10:56:59.503845
7.836872634133016,8.403987358244114,2025-09-30 10:56:59.503845
7.741632246487396,8.670257762198005,2025-09-30 10:56:59.503845
7.261531515218896,8.274491292467243,2025-09-30 10:56:59.503845
7.627393030847408,8.260698676715416,2025-09-30 10:56:59.503845
7.625211659852901,8.538580344814097,2025-09-30 10:56:59.503845
7.399036755614749,8.752122701232874,2025-09-30 10:56:59.503845
7.671493543670186,8.37073982867957,2025-09-30 10:56:59.503845
7.775094927929383,8.086314817228864,2025-09-30 10:56:59.503845
7.484231873574174,8.534844982790334,2025-09-30 10:56:59.503845
7.471675764668474,7.822294323169935,2025-09-30 10:56:59.503845
7.471019270391333,8.541438587303428,2025-09-30 10:56:59.503845
7.672611458544074,8.454378139505197,2025-09-30 10:56:59.503845
7.517714546589645,8.340805873480098,2025-09-30 10:56:59.503845
7.264107431880722,8.385723085254053,2025-09-30 10:56:59.503845
7.524679109237692,8.373761082410903,2025-09-30 10:56:59.503845
7.457832115277248,8.380770275857396,2025-09-30 10:56:59.503845
7.2976840070467155,8.226992844348278,2025-09-30 10:56:59.503845
7.5211674482733955,8.548015232894429,2025-09-30 10:56:59.503845
7.810761152769637,8.470273318027282,2025-09-30 10:56:59.503845
7.471012636980815,8.607997305593088,2025-09-30 10:56:59.503845
7.153386970456412,8.206499998361165,2025-09-30 10:56:59.503845
7.716902884515391,8.602602791292798,2025-09-30 10:56:59.503845
7.532390519654596,8.270943141898854,2025-09-30 10:56:59.503845
7.570567006082347,8.404044705923148,2025-09-30 10:56:59.503845
7.689884613066168,8.326364415624845,2025-09-30 10:56:59.503845
7.952674165078968,8.152579989412672,2025-09-30 10:56:59.503845
7.432920668736595,8.223310795770706,2025-09-30 10:56:59.503845
7.696211391531406,8.564468398466266,2025-09-30 10:56:59.503845
7.553471368977849,8.490111107406406,2025-09-30 10:56:59.503845
7.769176050934917,8.12535234100881,2025-09-30 10:56:59.503845
7.575340544982375,8.607913562931902,2025-09-30 10:56:59.503845
7.254888061820058,8.444126057667642,2025-09-30 10:56:59.503845
7.651845217983228,8.360868573263737,2025-09-30 10:56:59.503845
7.400659600202883,8.82745793245698,2025-09-30 10:56:59.503845
7.576444797726108,8.061121899063176,2025-09-30 10:56:59.503845
7.528360221573504,8.311630424144226,2025-09-30 10:56:59.503845
7.5033481014981955,8.360870174425655,2025-09-30 10:56:59.503845
7.48699869260581,8.664588585603465,2025-09-30 10:56:59.503845
7.7150235284191195,8.247734747761397,2025-09-30 10:56:59.503845
7.558071861531858,8.552613021471878,2025-09-30 10:56:59.503845
7.606982128248134,8.229246937604298,2025-09-30 10:56:59.503845
7.808611235470143,8.584852223996107,2025-09-30 10:56:59.503845
7.715697101801032,8.230102387800367,2025-09-30 10:56:59.503845
7.53425923929587,8.142309853522754,2025-09-30 10:56:59.503845
7.471574886662739,8.436446005452991,2025-09-30 10:56:59.503845
7.543470362849384,8.432420753261667,2025-09-30 10:56:59.503845
7.7259244744420865,8.442293107514534,2025-09-30 10:56:59.503845
7.566072746006115,8.358416999327455,2025-09-30 10:56:59.503845
7.268102288617075,8.353519379826492,2025-09-30 10:56:59.503845
7.681524744444871,8.012626435843123,2025-09-30 10:56:59.503845
7.693569734188004,8.32573528900713,2025-09-30 10:56:59.503845
7.311163250294135,8.125764933114286,2025-09-30 10:56:59.503845
7.39110499779336,8.393686193851979,2025-09-30 10:56:59.503845
7.6546787812972115,8.203804997410748,2025-09-30 10:56:59.503845
7.325317473929618,8.217218335086642,2025-09-30 10:56:59.503845
7.767553679589354,8.259130919579691,2025-09-30 10:56:59.503845
7.50545086513669,8.15278672343421,2025-09-30 10:56:59.503845
7.580946413830373,8.58623503585667,2025-09-30 10:56:59.503845
7.34702053977669,8.69459475677378,2025-09-30 10:56:59.503845
7.213280605356936,8.366114895067257,2025-09-30 10:56:59.503845
7.338594821372443,8.19296556991838,2025-09-30 10:56:59.503845
7.350342148191157,8.329812901340926,2025-09-30 10:56:59.503845
7.384030227129455,8.8066480492065,2025-09-30 10:56:59.503845
7.525606503446634,8.259615628961063,2025-09-30 10:56:59.503845
7.5715603768309885,8.089818534314288,2025-09-30 10:56:59.503845
7.585821981383227,8.329020906539837,2025-09-30 10:56:59.503845
7.650149135032461,8.034269165834887,2025-09-30 10:56:59.503845
7.312456984025013,8.268393196132944,2025-09-30 10:56:59.503845
7.73670175083802,8.570808387873374,2025-09-30 10:56:59.503845
7.596999265449678,8.277913624928214,2025-09-30 10:56:59.503845
7.725621762744703,8.310631587200316,2025-09-30 10:56:59.503845
7.400458536479907,8.229719104731624,2025-09-30 10:56:59.503845
7.61891568313542,8.547108803090529,2025-09-30 10:56:59.503845
7.7971387561815,8.131166267192281,2025-09-30 10:56:59.503845
7.429980649576452,8.431856000974948,2025-09-30 10:56:59.503845
7.619403469877986,8.378058178049947,2025-09-30 10:56:59.503845
7.109603298344967,8.220944383678718,2025-09-30 10:56:59.503845
7.830649813114368,8.247424364556025,2025-09-30 10:56:59.503845
7.693884723034546,8.52484716150319,2025-09-30 10:56:59.503845
7.614724204972688,8.495739154332627,2025-09-30 10:56:59.503845
7.4439586273131795,8.074428171192864,2025-09-30 10:56:59.503845
7.666667485896,8.445047297434103,2025-09-30 10:56:59.503845
7.26969527998181,8.49568071234106,2025-09-30 10:56:59.503845
7.450782994720607,8.1975082980127,2025-09-30 10:56:59.503845
7.613075013293011,8.469847813153594,2025-09-30 10:56:59.503845
7.849807720224132,7.977182456845738,2025-09-30 10:56:59.503845
7.543961716327687,8.307179058547877,2025-09-30 10:56:59.503845
7.426633892262622,8.560163988361671,2025-09-30 10:56:59.503845
7.748165674386362,8.441291443361274,2025-09-30 10:56:59.503845
7.416403280968722,8.792854871312088,2025-09-30 10:56:59.503845
7.820887709830921,8.271692107608182,2025-09-30 10:56:59.503845
7.597970995140361,8.215199546514597,2025-09-30 10:56:59.503845
7.576349041774189,8.455155418516943,2025-09-30 10:56:59.503845
7.595425092499374,8.022290576865164,2025-09-30 10:56:59.503845
7.726973121893228,8.193194136409243,2025-09-30 10:56:59.503845
7.435812475427838,8.43768725921703,2025-09-30 10:56:59.503845
7.4399265744799585,8.193952622897692,2025-09-30 10:56:59.503845
7.37626729124608,8.000883931782965,2025-09-30 10:56:59.503845
7.514004480872583,8.00819653717801,2025-09-30 10:56:59.503845
7.656594156401582,8.265736452073911,2025-09-30 10:56:59.503845
7.475171126535427,8.239450900324135,2025-09-30 10:56:59.503845
7.425322569910367,8.29527501700677,2025-09-30 10:56:59.503845
7.3296075232624975,8.32319510018141,2025-09-30 10:56:59.503845
7.52235290938501,8.730419027093115,2025-09-30 10:56:59.503845
7.409503647915145,8.103348363640686,2025-09-30 10:56:59.503845
7.430475168107334,8.343908582619493,2025-09-30 10:56:59.503845
7.939373466527633,8.361980215799345,2025-09-30 10:56:59.503845
7.402681926877585,8.231615961885716,2025-09-30 10:56:59.503845
7.406804735470111,8.6186505499122,2025-09-30 10:56:59.503845
7.37935137655119,8.489287311892388,2025-09-30 10:56:59.503845
7.453804945634351,8.5777474451768,2025-09-30 10:56:59.503845
7.56095554318887,8.67629705018164,2025-09-30 10:56:59.503845
7.137316401754694,8.212966809538443,2025-09-30 10:56:59.503845
7.508645027173744,8.474582158252977,2025-09-30 10:56:59.503845
7.741821036426873,8.44315109050118,2025-09-30 10:56:59.503845
7.34490146645376,8.37024700395754,2025-09-30 10:56:59.503845
7.2495090969794305,8.479896196367443,2025-09-30 10:56:59.503845
7.476709969181588,8.478118824107119,2025-09-30 10:56:59.503845
7.538569891553307,8.587741662501914,2025-09-30 10:56:59.503845
7.624229882840381,8.246783041615537,2025-09-30 10:56:59.503845
7.148256898661032,8.167112446954434,2025-09-30 10:56:59.503845
7.570944333154234,8.48698949669964,2025-09-30 10:56:59.503845
7.4825692630465275,8.238188586237502,2025-09-30 10:56:59.503845
7.524055400489559,8.263796905397868,2025-09-30 10:56:59.503845
7.817385569786296,8.414406974200345,2025-09-30 10:56:59.503845
7.392139996643711,8.442504563145684,2025-09-30 10:56:59.503845
7.435115044945937,8.279972396844057,2025-09-30 10:56:59.503845
7.21376960288491,8.395597225494262,2025-09-30 10:56:59.503845
7.702685156647394,8.50425986017985,2025-09-30 10:56:59.503845
7.780634092538716,8.710649734965658,2025-09-30 10:56:59.503845
7.369729352817803,8.28437651328356,2025-09-30 10:56:59.503845
7.481735925554189,8.590518630715005,2025-09-30 10:56:59.503845
7.373613007558792,8.370396081791759,2025-09-30 10:56:59.503845
7.46971977033876,8.489021127103923,2025-09-30 10:56:59.503845
7.64419505972488,8.20437935609909,2025-09-30 10:56:59.503845
7.478081395551941,8.311148844743053,2025-09-30 10:56:59.503845
7.846128564416725,8.536029504740746,2025-09-30 10:56:59.503845
7.605299494421281,8.344094756888596,2025-09-30 10:56:59.503845
7.539356828148126,8.34098096417037,2025-09-30 10:56:59.503845
7.511553956461997,8.560122823608646,2025-09-30 10:56:59.503845
7.0412031570582405,8.211851463548957,2025-09-30 10:56:59.503845
7.682438493869441,8.032476473453059,2025-09-30 10:56:59.503845
7.682241262647965,8.064781412393392,2025-09-30 10:56:59.503845
7.405734231624455,8.173830417075902,2025-09-30 10:56:59.503845
7.746173112411217,8.245425759365048,2025-09-30 10:56:59.503845
7.485336558957996,8.574703539066041,2025-09-30 10:56:59.503845
7.772873731143817,8.514531125155802,2025-09-30 10:56:59.503845
7.667746647579046,8.38564176640937,2025-09-30 10:56:59.503845
7.32168217731064,8.501746984491678,2025-09-30 10:56:59.503845
7.336199628609822,8.358355844452019,2025-09-30 10:56:59.503845
7.2496693098079525,8.593598478141203,2025-09-30 10:56:59.503845
7.46965012387414,8.527989100098587,2025-09-30 10:56:59.503845
7.495725705325821,8.395486136177919,2025-09-30 10:56:59.503845
7.260196678736627,8.51167914943458,2025-09-30 10:56:59.503845
7.368173147216948,8.85194388969098,2025-09-30 10:56:59.503845
7.776089107730607,8.52462262477122,2025-09-30 10:56:59.503845
7.749829479094108,8.17360515532793,2025-09-30 10:56:59.503845
7.512733379634541,8.60933677571726,2025-09-30 10:56:59.503845
7.476903215750709,8.707216504360147,2025-09-30 10:56:59.503845
7.5296181841532785,8.17583894244805,2025-09-30 10:56:59.503845
7.666790262334956,8.294934131139584,2025-09-30 10:56:59.503845
7.64355261556246,7.957289445801478,2025-09-30 10:56:59.503845
7.377015814625157,8.45836292893243,2025-09-30 10:56:59.503845
7.621778561398511,8.444879527573626,2025-09-30 10:56:59.503845
7.334007643220254,8.257132950458951,2025-09-30 10:56:59.503845
7.2006533050048045,8.562729293709282,2025-09-30 10:56:59.503845
7.357473349911187,8.482781038947769,2025-09-30 10:56:59.503845
7.651649392027114,8.549901014196683,2025-09-30 10:56:59.503845
7.9513398661702865,8.433756980604688,2025-09-30 10:56:59.503845
7.45509749151102,8.247455187517113,2025-09-30 10:56:59.503845
7.4498378975984165,8.165329939971425,2025-09-30 10:56:59.503845
7.440374957815591,8.001350387844893,2025-09-30 10:56:59.503845
7.490821479206629,8.60269752942981,2025-09-30 10:56:59.503845
7.496827104032513,8.355636444393129,2025-09-30 10:56:59.503845
7.672496193200283,8.537157347049266,2025-09-30 10:56:59.503845
7.623194864122606,8.563402803863372,2025-09-30 10:56:59.503845
7.604319007747236,8.21197943743891,2025-09-30 10:56:59.503845
7.621393343738861,8.451700410808838,2025-09-30 10:56:59.503845
7.40932594813737,8.545678993166758,2025-09-30 10:56:59.503845
7.442922778568686,8.25375906156823,2025-09-30 10:56:59.503845
7.599294989147165,8.317659771559917,2025-09-30 10:56:59.503845
7.665501200112022,8.420488009526014,2025-09-30 10:56:59.503845
7.4725113767415525,8.144385596164126,2025-09-30 10:56:59.503845
7.554518534262102,8.04364236017939,2025-09-30 10:56:59.503845
7.566708969290954,8.195821537308037,2025-09-30 10:56:59.503845
7.389012996307763,8.43997722914495,2025-09-30 10:56:59.503845
7.570316836227298,8.337650455201508,2025-09-30 10:56:59.503845
7.516113673526402,8.03217565024547,2025-09-30 10:56:59.503845
7.752315632042227,8.342527774370728,2025-09-30 10:56:59.503845
7.51653612084409,8.262238067585546,2025-09-30 10:56:59.503845
7.669489622087652,8.099952458935016,2025-09-30 10:56:59.503845
7.37856418756005,8.393919598967187,2025-09-30 10:56:59.503845
7.407526910622921,8.283768691221912,2025-09-30 10:56:59.503845
7.474124747546252,8.234818059839007,2025-09-30 10:56:59.503845
7.6514063125329725,8.325058101128153,2025-09-30 10:56:59.503845
7.344596654287038,8.291930298031382,2025-09-30 10:56:59.503845
7.719285065573113,8.410322889815063,2025-09-30 10:56:59.503845
7.337623158375251,8.189005790573018,2025-09-30 10:56:59.503845
7.426980261566901,8.373140391727048,2025-09-30 10:56:59.503845
7.611722356641756,8.28955697502372,2025-09-30 10:56:59.503845
7.54105307150521,8.441194479908306,2025-09-30 10:56:59.503845
7.302031476806578,7.947742976340713,2025-09-30 10:56:59.503845
7.8542846630998415,8.338919739211214,2025-09-30 10:56:59.503845
8.00162969860941,8.611214416214953,2025-09-30 10:56:59.503845
7.563411453742572,7.976817772792263,2025-09-30 10:56:59.503845
7.456430923787347,8.551575643852468,2025-09-30 10:56:59.503845
7.235308458355509,8.541729567726875,2025-09-30 10:56:59.503845
7.705978264253046,8.34032395424886,2025-09-30 10:56:59.503845
7.2900104468360025,8.200451708526547,2025-09-30 10:56:59.503845
7.521500391074785,8.38934305553562,2025-09-30 10:56:59.503845
7.6160958574737165,8.785308534180466,2025-09-30 10:56:59.503845
7.437942009950212,8.509963174378846,2025-09-30 10:56:59.503845
8.003314383115884,8.608639202672789,2025-09-30 10:56:59.503845
7.576698552258535,8.329167919461879,2025-09-30 10:56:59.503845
7.31649820667928,8.193795912046774,2025-09-30 10:56:59.503845
7.623051511113399,8.406681239906513,2025-09-30 10:56:59.503845
7.351883238786202,7.993706806992926,2025-09-30 10:56:59.503845
7.562559488644385,7.942799185209232,2025-09-30 10:56:59.503845
7.580120371557592,8.63663733159765,2025-09-30 10:56:59.503845
7.624851694956071,8.153460589928944,2025-09-30 10:56:59.503845
7.528588036498462,8.30957098335435,2025-09-30 10:56:59.503845
7.511345170399688,8.235425288977723,2025-09-30 10:56:59.503845
7.503125290584335,8.373749626899766,2025-09-30 10:56:59.503845
7.603299148012524,8.63592953365967,2025-09-30 10:56:59.503845
7.236546045133663,8.487915054918115,2025-09-30 10:56:59.503845
7.4437211370972065,8.662068211327444,2025-09-30 10:56:59.503845
7.3746696534949265,8.490830681477176,2025-09-30 10:56:59.503845
7.547271180320897,8.226903054476889,2025-09-30 10:56:59.503845
7.29074548069692,8.476717829177002,2025-09-30 10:56:59.503845
7.618532307396215,8.337203050565263,2025-09-30 10:56:59.503845
7.64268402581413,8.334316384918642,2025-09-30 10:56:59.503845
7.8985690601242435,8.299294167754029,2025-09-30 10:56:59.503845
7.469239008415564,8.166440338140939,2025-09-30 10:56:59.503845
7.240513587523445,8.328968935963463,2025-09-30 10:56:59.503845
7.733646678266438,8.175934413649143,2025-09-30 10:56:59.503845
7.224698941187999,8.264007849428133,2025-09-30 10:56:59.503845
7.345640253071448,8.228240235424389,2025-09-30 10:56:59.503845
7.457045105405526,8.196623736861351,2025-09-30 10:56:59.503845
7.573466767274552,8.261987865763224,2025-09-30 10:56:59.503845
7.671509577267396,8.205780279110984,2025-09-30 10:56:59.503845
7.395485441507483,8.311757031102086,2025-09-30 10:56:59.503845
7.606003119054664,8.402379351366386,2025-09-30 10:56:59.503845
7.262453056789523,8.42805983949054,2025-09-30 10:56:59.503845
7.395273502142096,8.480078216829252,2025-09-30 10:56:59.503845
7.581365163931952,8.604925083544215,2025-09-30 10:56:59.503845
7.599544258584453,8.562673895083742,2025-09-30 10:56:59.503845
7.490394154688128,8.058506954984134,2025-09-30 10:56:59.503845
7.317297281128139,8.399879833470624,2025-09-30 10:56:59.503845
7.224666170994709,8.252623728757529,2025-09-30 10:56:59.503845
7.3025709166354345,8.424338986763042,2025-09-30 10:56:59.503845
7.28664573480066,7.937719705448267,2025-09-30 10:56:59.503845
7.599042927929303,8.368304180128073,2025-09-30 10:56:59.503845
7.537896740973797,8.569761534787974,2025-09-30 10:56:59.503845
7.547568842616628,8.203576928919347,2025-09-30 10:56:59.503845
7.4962632913504645,8.762126519934675,2025-09-30 10:56:59.503845
7.639922435615693,8.250349896553834,2025-09-30 10:56:59.503845
7.430685448824424,8.607556797311124,2025-09-30 10:56:59.503845
7.469453178566102,8.458886832528043,2025-09-30 10:56:59.503845
7.481616320715254,8.39906723908769,2025-09-30 10:56:59.503845
7.354799346512702,8.370627565283042,2025-09-30 10:56:59.503845
7.731821799362168,8.02365025747815,2025-09-30 10:56:59.503845
7.282694490343175,8.735485624946012,2025-09-30 10:56:59.503845
7.158764481403552,8.455572425267267,2025-09-30 10:56:59.503845
7.279115628827797,8.337641419712075,2025-09-30 10:56:59.503845
7.545158255468956,8.315314446480276,2025-09-30 10:56:59.503845
7.598753268387085,8.326451626318208,2025-09-30 10:56:59.503845
7.235143687150132,8.560130676700783,2025-09-30 10:56:59.503845
7.378852257261465,8.095216077420078,2025-09-30 10:56:59.503845
7.406577242471152,8.48760099534991,2025-09-30 10:56:59.503845
7.268778512945731,8.20878068808312,2025-09-30 10:56:59.503845
7.651678698118201,8.618806579145613,2025-09-30 10:56:59.503845
7.465945139147751,8.459097335586913,2025-09-30 10:56:59.503845
7.2976417107579135,8.35483283581397,2025-09-30 10:56:59.503845
7.6361452875030364,8.804965718481766,2025-09-30 10:56:59.503845
7.479636286277561,8.478403614197603,2025-09-30 10:56:59.503845
7.557308515953662,8.354371060874593,2025-09-30 10:56:59.503845
7.184819243138486,8.137538007951692,2025-09-30 10:56:59.503845
7.422129596272278,8.113497811027496,2025-09-30 10:56:59.503845
7.467348809196145,8.189249373597592,2025-09-30 10:56:59.503845
7.879599250787652,8.406099547680814,2025-09-30 10:56:59.503845
7.425122489349456,8.75141085105106,2025-09-30 10:56:59.503845
7.492820988467169,8.432944796723191,2025-09-30 10:56:59.503845
7.567789833671041,8.43457172692889,2025-09-30 10:56:59.503845
7.634747216451743,8.012623113365668,2025-09-30 10:56:59.503845
7.288955612756938,7.958259756009087,2025-09-30 10:56:59.503845
7.491488819623225,8.336790962499215,2025-09-30 10:56:59.503845
7.467988365121897,8.572465638633314,2025-09-30 10:56:59.503845
7.297247085243268,8.231508572358987,2025-09-30 10:56:59.503845
7.314016824351724,8.462882980911576,2025-09-30 10:56:59.503845
7.337829865901947,8.12774655618128,2025-09-30 10:56:59.503845
7.213057334896431,8.102246327752626,2025-09-30 10:56:59.503845
7.669782521742793,8.446547824396067,2025-09-30 10:56:59.503845
7.715050697379224,8.258706452922155,2025-09-30 10:56:59.503845
7.789413249298726,8.651239456884339,2025-09-30 10:56:59.503845
7.879691138968481,8.56939030572461,2025-09-30 10:56:59.503845
7.4324068636295415,8.532992960733546,2025-09-30 10:56:59.503845
7.296655692350173,8.224383104058694,2025-09-30 10:56:59.503845
7.526584239381081,8.426767476409463,2025-09-30 10:56:59.503845
7.599539775754932,8.365981741223578,2025-09-30 10:56:59.503845
7.621367162080035,8.194313546580911,2025-09-30 10:56:59.503845
7.530108536782752,8.533909853667172,2025-09-30 10:56:59.503845
7.4591230075011135,8.428808750875561,2025-09-30 10:56:59.503845
7.597897994536403,8.27358206740592,2025-09-30 10:56:59.503845
7.2736885878261885,8.70019219039642,2025-09-30 10:56:59.503845
7.564875480540827,8.284072098458143,2025-09-30 10:56:59.503845
7.2708404542696,8.333182772813203,2025-09-30 10:56:59.503845
7.567727324288067,8.028786524857486,2025-09-30 10:56:59.503845
7.448059840849444,8.528302892587861,2025-09-30 10:56:59.503845
7.601670043632807,8.330161868937196,2025-09-30 10:56:59.503845
7.4348895576933876,8.338430683799405,2025-09-30 10:56:59.503845
7.63769589581496,8.352046862885867,2025-09-30 10:56:59.503845
7.522950078777569,8.480985906703657,2025-09-30 10:56:59.503845
7.74299722193539,8.084391983161929,2025-09-30 10:56:59.503845
7.5038064705378815,8.236064746960444,2025-09-30 10:56:59.503845
7.314925493922277,8.549105123036009,2025-09-30 10:56:59.503845
7.52504172786515,8.503154621621826,2025-09-30 10:56:59.503845
7.449889405921022,8.455499456572003,2025-09-30 10:56:59.503845
7.411672555437056,8.57849864556056,2025-09-30 10:56:59.503845
7.178292425649445,8.48669186849099,2025-09-30 10:56:59.503845
7.853333342804678,8.34306895681693,2025-09-30 10:56:59.503845
7.5839205114477934,8.291011240905641,2025-09-30 10:56:59.503845
7.812593943205443,8.708731344101082,2025-09-30 10:56:59.503845
7.384980318901586,8.609112073522901,2025-09-30 10:56:59.503845
7.720911760733984,8.82593851290708,2025-09-30 10:56:59.503845
7.742394849334996,8.489711190107897,2025-09-30 10:56:59.503845
7.322907050738156,8.52073029557811,2025-09-30 10:56:59.503845
7.356748391839802,8.672078713638363,2025-09-30 10:56:59.503845
7.315925960665169,8.060006363855601,2025-09-30 10:56:59.503845
7.874176964590545,8.459100036637167,2025-09-30 10:56:59.503845
7.18357177938926,8.290162301302978,2025-09-30 10:56:59.503845
7.823605678083765,8.395878828532634,2025-09-30 10:56:59.503845
7.417452580701302,8.226465283388949,2025-09-30 10:56:59.503845
7.4265980804826235,8.275132851373138,2025-09-30 10:56:59.503845
7.620053030569092,8.333941179891335,2025-09-30 10:56:59.503845
7.237914617674928,8.596753965981138,2025-09-30 10:56:59.503845
7.295275962194157,8.676672353885179,2025-09-30 10:56:59.503845
7.421246301991731,8.114159877505054,2025-09-30 10:56:59.503845
7.52824262770536,8.519013504218867,2025-09-30 10:56:59.503845
7.382405241557802,8.429562824449267,2025-09-30 10:56:59.503845
7.319251577577759,8.180643615468886,2025-09-30 10:56:59.503845
7.7362036869989135,7.921567217787508,2025-09-30 10:56:59.503845
7.450803583340908,8.184428968805756,2025-09-30 10:56:59.503845
7.281645744081913,8.817986833622662,2025-09-30 10:56:59.503845
7.598042460005116,8.17153259395073,2025-09-30 10:56:59.503845
7.403789069735357,8.422682440407625,2025-09-30 10:56:59.503845
7.515212666972833,8.602244166754152,2025-09-30 10:56:59.503845
7.478889416019575,8.005799274910878,2025-09-30 10:56:59.503845
7.5620899594742,8.136923006918272,2025-09-30 10:56:59.503845
7.15082325617669,8.5364652492156,2025-09-30 10:56:59.503845
7.602135272285235,8.200763318099074,2025-09-30 10:56:59.503845
7.484013503245547,8.43220757659935,2025-09-30 10:56:59.503845
7.532193973379319,8.290426114162612,2025-09-30 10:56:59.503845
7.579976255503732,8.252283683624732,2025-09-30 10:56:59.503845
7.577914279527891,8.258048805798646,2025-09-30 10:56:59.503845
7.7260903006314114,8.213269953387357,2025-09-30 10:56:59.503845
7.944253336772896,8.301682682818706,2025-09-30 10:56:59.503845
7.568424192452965,8.534226780812428,2025-09-30 10:56:59.503845
7.333181733485755,8.77503816214169,2025-09-30 10:56:59.503845
7.478383166176884,8.745665770445445,2025-09-30 10:56:59.503845
7.596924417916262,8.512066581043927,2025-09-30 10:56:59.503845
7.611700314477939,8.196192537168265,2025-09-30 10:56:59.503845
7.211478406149866,8.244050000375866,2025-09-30 10:56:59.503845
7.459422687376663,8.7221948727264,2025-09-30 10:56:59.503845
7.856387674444092,8.400490511593542,2025-09-30 10:56:59.503845
7.353175255376129,8.030137451203698,2025-09-30 10:56:59.503845
7.361374833572626,8.388369684198892,2025-09-30 10:56:59.503845
7.360404723695599,8.733451326489186,2025-09-30 10:56:59.503845
7.570312736773622,8.44539691703407,2025-09-30 10:56:59.503845
7.275826688205267,8.111839961149924,2025-09-30 10:56:59.503845
7.323875075481578,8.167194415324046,2025-09-30 10:56:59.503845
7.5145513293339725,8.288939099001784,2025-09-30 10:56:59.503845
7.6296415559528565,8.380935431841257,2025-09-30 10:56:59.503845
7.465553231960393,8.557042471390606,2025-09-30 10:56:59.503845
7.39973318123876,8.30547031542553,2025-09-30 10:56:59.503845
7.611138920791364,8.344088712498975,2025-09-30 10:56:59.503845
7.311149560090513,8.3642061931229,2025-09-30 10:56:59.503845
7.5421477718988825,8.68131810644053,2025-09-30 10:56:59.503845
7.643686530773785,8.266181161408165,2025-09-30 10:56:59.503845
7.246061480671818,8.348075031721129,2025-09-30 10:56:59.503845
7.638928900659997,8.254742727946008,2025-09-30 10:56:59.503845
7.700819130362518,7.960911090961443,2025-09-30 10:56:59.503845
7.602451086914666,8.520740775928912,2025-09-30 10:56:59.503845
7.70145486357675,8.79724700760158,2025-09-30 10:56:59.503845
7.514594474888765,8.445324152989462,2025-09-30 10:56:59.503845
7.765979296040781,8.427628297084938,2025-09-30 10:56:59.503845
7.572969136987936,7.954164795377278,2025-09-30 10:56:59.503845
7.653411509245039,8.191732573413663,2025-09-30 10:56:59.503845
7.451777579080984,8.662327896975743,2025-09-30 10:56:59.503845
7.000844481358782,8.122253572809086,2025-09-30 10:56:59.503845
7.672889310377197,8.296065205671715,2025-09-30 10:56:59.503845
7.32617310471452,8.315919206809152,2025-09-30 10:56:59.503845
7.570561844695657,8.452309497192276,2025-09-30 10:56:59.503845
7.6660358741137555,8.229561736106051,2025-09-30 10:56:59.503845
7.450142910426905,8.459567099199854,2025-09-30 10:56:59.503845
7.413036107945243,8.224529668574748,2025-09-30 10:56:59.503845
7.771719646073814,8.063317445527598,2025-09-30 10:56:59.503845
7.595377286421982,8.569627034090265,2025-09-30 10:56:59.503845
7.302003564944066,8.379811327882129,2025-09-30 10:56:59.503845
7.311129642429798,8.465196257354807,2025-09-30 10:56:59.503845
7.392295623865808,8.163286526659151,2025-09-30 10:56:59.503845
7.66698700472496,8.706066873732224,2025-09-30 10:56:59.503845
7.3495488549433725,8.241453843588745,2025-09-30 10:56:59.503845
7.613639025206525,8.326211154225666,2025-09-30 10:56:59.503845
7.575330780874819,8.437750175058056,2025-09-30 10:56:59.503845
7.55588761267208,8.430153044223095,2025-09-30 10:56:59.503845
7.0986981237835645,8.318070238734949,2025-09-30 10:56:59.503845
7.513662830934073,8.619580085636844,2025-09-30 10:56:59.503845
7.520005911807257,7.983650846831274,2025-09-30 10:56:59.503845
7.512961061740173,8.482067606810926,2025-09-30 10:56:59.503845
7.467881649393552,8.38671520707876,2025-09-30 10:56:59.503845
7.549485537540219,8.504335562373985,2025-09-30 10:56:59.503845
7.426581379472188,8.190586411545077,2025-09-30 10:56:59.503845
7.518026642957241,8.19222378136569,2025-09-30 10:56:59.503845
7.1046750578541475,8.453580018325951,2025-09-30 10:56:59.503845
7.622512468831203,8.07944451037695,2025-09-30 10:56:59.503845
7.49016304526223,8.476305431897767,2025-09-30 10:56:59.503845
7.4844938204813145,8.335611323979032,2025-09-30 10:56:59.503845
7.417355155301764,8.517274433152664,2025-09-30 10:56:59.503845
7.622388906535849,8.118160781537691,2025-09-30 10:56:59.503845
7.423035872660867,8.624925048290313,2025-09-30 10:56:59.503845
7.596776442909288,8.752876691449542,2025-09-30 10:56:59.503845
7.719598055143729,8.199033101618985,2025-09-30 10:56:59.503845
7.523369535222109,8.131816563667822,2025-09-30 10:56:59.503845
7.326336316362142,8.574225056802751,2025-09-30 10:56:59.503845
7.383455340344363,8.389631796213626,2025-09-30 10:56:59.503845
7.522329729343985,8.648184372144904,2025-09-30 10:56:59.503845
7.314575721652034,8.266945061849144,2025-09-30 10:56:59.503845
7.526368220385909,8.259886085639646,2025-09-30 10:56:59.503845
7.628697418202702,8.303623176689701,2025-09-30 10:56:59.503845
7.533827116026671,8.672776399159556,2025-09-30 10:56:59.503845
7.62472859084023,8.37172304037868,2025-09-30 10:56:59.503845
7.4819100635094005,8.424702816101686,2025-09-30 10:56:59.503845
7.335830996157619,8.278224078798804,2025-09-30 10:56:59.503845
7.422723307810028,8.128615577639007,2025-09-30 10:56:59.503845
7.768403792904791,8.226618290898982,2025-09-30 10:56:59.503845
7.525308868187011,8.441650816148412,2025-09-30 10:56:59.503845
7.622998556311419,8.57402333572957,2025-09-30 10:56:59.503845
7.176607109147634,8.238404052789468,2025-09-30 10:56:59.503845
7.333188051186729,8.34300169777842,2025-09-30 10:56:59.503845
7.556520831307737,8.6617789263416,2025-09-30 10:56:59.503845
7.630319078177399,8.509289636821439,2025-09-30 10:56:59.503845
7.81881271802177,8.15456142045222,2025-09-30 10:56:59.503845
7.615622992834612,8.347588522290774,2025-09-30 10:56:59.503845
7.586024159904507,8.358831948283468,2025-09-30 10:56:59.503845
7.547913878110491,8.50149630229831,2025-09-30 10:56:59.503845
7.455824822105652,8.59269671137655,2025-09-30 10:56:59.503845
7.5481102362879025,8.193995043375175,2025-09-30 10:56:59.503845
7.523619034672118,8.585668885996213,2025-09-30 10:56:59.503845
7.326334700837763,8.359811249106718,2025-09-30 10:56:59.503845
7.297659939579884,8.517902362197608,2025-09-30 10:56:59.503845
7.271164261504597,8.08203936630474,2025-09-30 10:56:59.503845
7.653118803694125,8.311669801077963,2025-09-30 10:56:59.503845
7.571620426365712,8.1818286955599,2025-09-30 10:56:59.503845
7.621440448521924,8.577776011433606,2025-09-30 10:56:59.503845
7.301320696195956,8.136044446792399,2025-09-30 10:56:59.503845
7.700157403203886,8.293469942041337,2025-09-30 10:56:59.503845
7.539364142511948,8.418891146666422,2025-09-30 10:56:59.503845
7.817350096855361,8.587712901383686,2025-09-30 10:56:59.503845
7.506226609593297,8.347012520478964,2025-09-30 10:56:59.503845
7.362969037187155,8.182582862206843,2025-09-30 10:56:59.503845
7.455633599382042,8.482570243210258,2025-09-30 10:56:59.503845
7.36132958998374,8.014902241493113,2025-09-30 10:56:59.503845
7.364327527859617,8.030902799156765,2025-09-30 10:56:59.503845
7.379356406586389,8.663850025018272,2025-09-30 10:56:59.503845
7.5354824288771685,8.15441296427642,2025-09-30 10:56:59.503845
7.436555601941441,8.466724786621725,2025-09-30 10:56:59.503845
7.3883006793581005,8.525722767003806,2025-09-30 10:56:59.503845
7.326212329678048,8.501464880043219,2025-09-30 10:56:59.503845
7.589353343072941,8.37770414640071,2025-09-30 10:56:59.503845
7.687791715893069,8.628814762616756,2025-09-30 10:56:59.503845
7.537436712072313,8.691866419196478,2025-09-30 10:56:59.503845
7.654316485592781,8.529456470813454,2025-09-30 10:56:59.503845
7.182210868887813,8.344720271469756,2025-09-30 10:56:59.503845
7.963227525219316,8.531410574379322,2025-09-30 10:56:59.503845
7.383874330690555,8.742383454840606,2025-09-30 10:56:59.503845
7.442942905427962,8.220065839568694,2025-09-30 10:56:59.503845
7.579010369303327,8.323373605502638,2025-09-30 10:56:59.503845
7.426300709693543,8.224882591530458,2025-09-30 10:56:59.503845
7.792224611691438,8.400827404229728,2025-09-30 10:56:59.503845
7.539979413072248,8.455337471681359,2025-09-30 10:56:59.503845
7.38914458492915,8.454723026233504,2025-09-30 10:56:59.503845
7.310569467587836,8.322578006514028,2025-09-30 10:56:59.503845
7.503572936979067,8.296257192617288,2025-09-30 10:56:59.503845
7.536814429960723,8.477063970001858,2025-09-30 10:56:59.503845
7.89533665133084,8.451221776306124,2025-09-30 10:56:59.503845
7.573428335485615,8.606550720519383,2025-09-30 10:56:59.503845
7.2391486626256665,8.495093141782,2025-09-30 10:56:59.503845
7.795898614400947,8.48688036281302,2025-09-30 10:56:59.503845
7.611679937426107,8.146543490151622,2025-09-30 10:56:59.503845
7.880630693107505,7.770248853001393,2025-09-30 10:56:59.503845
7.482890260658463,8.028033388821394,2025-09-30 10:56:59.503845
7.6190421172514196,8.335696166799654,2025-09-30 10:56:59.503845
7.357140499171827,8.278309052413357,2025-09-30 10:56:59.503845
7.410539575682565,8.109394916243744,2025-09-30 10:56:59.503845
7.5475909428149555,8.539432539799991,2025-09-30 10:56:59.503845
7.455310025541661,8.432399265414722,2025-09-30 10:56:59.503845
7.3589203009089275,8.417638698745002,2025-09-30 10:56:59.503845
7.334296673955829,8.356373662766956,2025-09-30 10:56:59.503845
7.604544369324259,8.307751984384883,2025-09-30 10:56:59.503845
7.3115212962212395,8.541731505688386,2025-09-30 10:56:59.503845
7.170193336823562,8.364914511005724,2025-09-30 10:56:59.503845
7.615700880825396,8.298744425275281,2025-09-30 10:56:59.503845
7.589534436643893,8.213669970539087,2025-09-30 10:56:59.503845
7.332415514173512,8.33941128720336,2025-09-30 10:56:59.503845
7.524040303910212,8.165061235393884,2025-09-30 10:56:59.503845
7.781238947757465,8.732062083637345,2025-09-30 10:56:59.503845
7.552396117204816,8.281801652916746,2025-09-30 10:56:59.503845
7.6581351053811755,8.506793910632766,2025-09-30 10:56:59.503845
7.594689016419546,8.379485600562573,2025-09-30 10:56:59.503845
7.497772774375992,8.345640411180751,2025-09-30 10:56:59.503845
7.529734537582997,8.055612019413152,2025-09-30 10:56:59.503845
7.351178230418856,8.157289802626858,2025-09-30 10:56:59.503845
7.278367176026748,8.489982492517436,2025-09-30 10:56:59.503845
7.352810025673318,8.42866001893854,2025-09-30 10:56:59.503845
7.491937716340247,8.550410704821928,2025-09-30 10:56:59.503845
7.7841153905678615,8.604637699113265,2025-09-30 10:56:59.503845
7.300145207135047,8.361164478617303,2025-09-30 10:56:59.503845
7.628748884154086,8.677617443756228,2025-09-30 10:56:59.503845
7.517038459666313,8.486586157968262,2025-09-30 10:56:59.503845
7.244569004831988,8.552833956441647,2025-09-30 10:56:59.503845
7.749098278901717,8.47375708945433,2025-09-30 10:56:59.503845
7.532290511969725,8.23160024449096,2025-09-30 10:56:59.503845
7.555096045823511,8.49903212657369,2025-09-30 10:56:59.503845
7.588043603711096,8.330818738411494,2025-09-30 10:56:59.503845
7.364568745461601,8.279766042134531,2025-09-30 10:56:59.503845
7.650012117067495,8.28094893863054,2025-09-30 10:56:59.503845
7.383035395186944,8.265049860321492,2025-09-30 10:56:59.503845
7.567972001165703,8.585169499977605,2025-09-30 10:56:59.503845
7.441806414140304,8.719026108560406,2025-09-30 10:56:59.503845
7.464182939202094,8.293293363477087,2025-09-30 10:56:59.503845
7.455809458817489,8.315012440122652,2025-09-30 10:56:59.503845
7.800117459962354,8.447235435646533,2025-09-30 10:56:59.503845
7.791615447010299,8.494403198746848,2025-09-30 10:56:59.503845
7.514993919563722,8.00133198831936,2025-09-30 10:56:59.503845
7.560539384943516,8.559753976637438,2025-09-30 10:56:59.503845
7.392338799730759,8.563129250529594,2025-09-30 10:56:59.503845
7.5327845857399245,8.566375885693677,2025-09-30 10:56:59.503845
7.40499513756075,8.433119511210503,2025-09-30 10:56:59.503845
7.386717247851649,8.096830937665146,2025-09-30 10:56:59.503845
7.548999661630747,8.431962583519057,2025-09-30 10:56:59.503845
7.462231784354159,8.22890779745714,2025-09-30 10:56:59.503845
7.445424807728846,8.653123790889785,2025-09-30 10:56:59.503845
7.469733923320476,8.322638096728939,2025-09-30 10:56:59.503845
7.644623284669941,8.11033097227492,2025-09-30 10:56:59.503845
7.710856295311935,8.326295577816518,2025-09-30 10:56:59.503845
7.768759366423156,8.180545144010223,2025-09-30 10:56:59.503845
7.454954364169183,8.398335516530391,2025-09-30 10:56:59.503845
7.647181943584479,8.456466144089715,2025-09-30 10:56:59.503845
7.390890078233096,8.352440551695063,2025-09-30 10:56:59.503845
7.370034712137937,8.174325317401145,2025-09-30 10:56:59.503845
7.429288680188257,8.490025901604177,2025-09-30 10:56:59.503845
7.5029780229297405,8.290777991109778,2025-09-30 10:56:59.503845
7.5187412422638875,8.33500553508776,2025-09-30 10:56:59.503845
7.592945342828667,8.289754976712224,2025-09-30 10:56:59.503845
7.439239885966156,8.534461513374357,2025-09-30 10:56:59.503845
7.347684047211215,8.618733512444864,2025-09-30 10:56:59.503845
7.300022376193056,8.358758157989607,2025-09-30 10:56:59.503845
7.207425539198743,8.372094939203237,2025-09-30 10:56:59.503845
7.354504106768782,7.860632766724053,2025-09-30 10:56:59.503845
7.527669090269076,8.228074067043748,2025-09-30 10:56:59.503845
7.330391488865892,8.143217824191916,2025-09-30 10:56:59.503845
7.503018529901009,8.222235106914221,2025-09-30 10:56:59.503845
7.5095264619883215,8.654879263676817,2025-09-30 10:56:59.503845
7.8022023930293685,8.583122402490433,2025-09-30 10:56:59.503845
7.630698928379156,8.483941058978452,2025-09-30 10:56:59.503845
7.442941224239214,8.295001115862414,2025-09-30 10:56:59.503845
7.382790613557657,8.184233943683823,2025-09-30 10:56:59.503845
7.556775127083496,8.253017594569119,2025-09-30 10:56:59.503845
7.452887869691262,8.700718386045697,2025-09-30 10:56:59.503845
7.398170540493248,8.216153350243262,2025-09-30 10:56:59.503845
7.1875984214798265,8.62049089874309,2025-09-30 10:56:59.503845
7.554777080813603,8.374552716902778,2025-09-30 10:56:59.503845
7.559289723232601,8.512027905759949,2025-09-30 10:56:59.503845
7.305329637807791,8.155966437470891,2025-09-30 10:56:59.503845
7.713566394334029,8.20589540117744,2025-09-30 10:56:59.503845
7.417848409686968,8.065029122595673,2025-09-30 10:56:59.503845
7.601569402782433,8.53881637283094,2025-09-30 10:56:59.503845
7.485826254184543,8.674380419371023,2025-09-30 10:56:59.503845
7.577227123254466,8.120038502757827,2025-09-30 10:56:59.503845
7.4487615642042755,7.9782231961580505,2025-09-30 10:56:59.503845
7.790698939836089,8.609218301904273,2025-09-30 10:56:59.503845
7.380266649657454,8.577642991683334,2025-09-30 10:56:59.503845
7.344714981179943,8.707149114183457,2025-09-30 10:56:59.503845
7.839010592440283,8.29119138934443,2025-09-30 10:56:59.503845
7.2288550460835035,8.705753308184837,2025-09-30 10:56:59.503845
7.3563697824865315,8.756924449321948,2025-09-30 10:56:59.503845
7.681657514300298,8.55667991708606,2025-09-30 10:56:59.503845
7.390778375608345,8.396287040339516,2025-09-30 10:56:59.503845
7.361650906666363,8.215147949716597,2025-09-30 10:56:59.503845
7.484322277103294,8.275615380416856,2025-09-30 10:56:59.503845
7.644024149734725,8.501937878047523,2025-09-30 10:56:59.503845
7.400402239881991,8.42521568853852,2025-09-30 10:56:59.503845
7.328896972765473,8.188593521938476,2025-09-30 10:56:59.503845
7.511501069732908,8.494593084143245,2025-09-30 10:56:59.503845
7.473021799611415,8.440622327053006,2025-09-30 10:56:59.503845
7.728137434907237,8.296635202845886,2025-09-30 10:56:59.503845
7.495215839086458,8.143548378695034,2025-09-30 10:56:59.503845
7.3614403391561245,8.200925447308217,2025-09-30 10:56:59.503845
7.293720262124843,8.411587557678006,2025-09-30 10:56:59.503845
7.471536240911317,8.322274130825459,2025-09-30 10:56:59.503845
7.370218702833764,8.42959187994915,2025-09-30 10:56:59.503845
7.437694135643009,8.436731755369033,2025-09-30 10:56:59.503845
7.473043089677077,8.046864153410711,2025-09-30 10:56:59.503845
7.591495734226731,8.554916388999073,2025-09-30 10:56:59.503845
7.385538548425061,8.439950601789556,2025-09-30 10:56:59.503845
7.606193165734095,8.205466298947904,2025-09-30 10:56:59.503845
7.479192499702969,8.829637988363647,2025-09-30 10:56:59.503845
7.264212552314612,8.456391645100934,2025-09-30 10:56:59.503845
7.340100702314024,8.236316453653009,2025-09-30 10:56:59.503845
7.291684086897294,8.301361845946577,2025-09-30 10:56:59.503845
7.3599507617046624,8.49271562975747,2025-09-30 10:56:59.503845
7.514656572218822,8.39956316606344,2025-09-30 10:56:59.503845
7.7293134240059995,8.323168369016361,2025-09-30 10:56:59.503845
7.844309313714281,8.401462966972383,2025-09-30 10:56:59.503845
7.593176065081822,7.92600146688441,2025-09-30 10:56:59.503845
7.458533520884422,8.133985388916104,2025-09-30 10:56:59.503845
7.423707766638274,8.762910582136584,2025-09-30 10:56:59.503845
7.319161488536288,8.171470658187593,2025-09-30 10:56:59.503845
7.455156839603056,8.167988941541129,2025-09-30 10:56:59.503845
7.435577737522874,8.404015503114692,2025-09-30 10:56:59.503845
7.537000039335174,8.345439543266716,2025-09-30 10:56:59.503845
7.589206590248227,8.503059931834434,2025-09-30 10:56:59.503845
7.615372325290776,8.293689685855929,2025-09-30 10:56:59.503845
7.501692322408916,8.442978136100592,2025-09-30 10:56:59.503845
7.37832061104309,8.706497354106906,2025-09-30 10:56:59.503845
7.4678734554048125,8.462824839572177,2025-09-30 10:56:59.503845
7.41333471049167,8.42547340482619,2025-09-30 10:56:59.503845
7.178530932913699,8.408854533140714,2025-09-30 10:56:59.503845
7.4592748056974525,8.32747727724452,2025-09-30 10:56:59.503845
7.450029399181339,7.996223796086247,2025-09-30 10:56:59.503845
7.660057880296922,8.455636281640501,2025-09-30 10:56:59.503845
7.252134607218208,8.498470948444249,2025-09-30 10:56:59.503845
7.789871070962467,8.45771618221577,2025-09-30 10:56:59.503845
7.636919643942777,8.594600377718546,2025-09-30 10:56:59.503845
7.505093722444844,8.582020925126058,2025-09-30 10:56:59.503845
7.5733180211409366,8.267712287057453,2025-09-30 10:56:59.503845
7.723136736401167,8.415921123296538,2025-09-30 10:56:59.503845
7.595097392053843,8.34234425934364,2025-09-30 10:56:59.503845
7.836207330858036,8.433516546193664,2025-09-30 10:56:59.503845
7.316113354153774,8.650608057092947,2025-09-30 10:56:59.503845
7.593746686352777,8.478094666109454,2025-09-30 10:56:59.503845
7.3626585877660915,8.337226860807203,2025-09-30 10:56:59.503845
7.481131006154849,8.486765325431888,2025-09-30 10:56:59.503845
7.29880359119444,8.286755381919425,2025-09-30 10:56:59.503845
7.6595525376007485,8.054556699661553,2025-09-30 10:56:59.503845
7.3766678447228164,8.576469907461146,2025-09-30 10:56:59.503845
7.424201138921494,8.49063375067724,2025-09-30 10:56:59.503845
7.3783154432870095,8.052481489824203,2025-09-30 10:56:59.503845
7.670115548576654,8.41392731884459,2025-09-30 10:56:59.503845
7.473794357945584,8.196780478912071,2025-09-30 10:56:59.503845
7.508918236999765,8.469109650380943,2025-09-30 10:56:59.503845
7.708363055030575,8.155059321390773,2025-09-30 10:56:59.503845
7.244405475232123,8.124237179321577,2025-09-30 10:56:59.503845
7.528226660917478,8.24387513040144,2025-09-30 10:56:59.503845
7.587297114206853,7.960232324713628,2025-09-30 10:56:59.503845
7.601857577245557,8.431416387610499,2025-09-30 10:56:59.503845
7.865646805133753,7.992422386147281,2025-09-30 10:56:59.503845
7.506188109842509,8.452439236297657,2025-09-30 10:56:59.503845
7.459373865511587,8.473062203265282,2025-09-30 10:56:59.503845
7.4065540987250795,8.493291137611509,2025-09-30 10:56:59.503845
7.4320263038197165,8.807905989421592,2025-09-30 10:56:59.503845
7.456791183001286,8.32287166534548,2025-09-30 10:56:59.503845
7.449970207835782,8.285945899102211,2025-09-30 10:56:59.503845
7.428895772633626,8.14508632726502,2025-09-30 10:56:59.503845
7.56075875253285,8.374176888359576,2025-09-30 10:56:59.503845
7.501003308745811,8.414149867514215,2025-09-30 10:56:59.503845
7.475034203808323,8.126541892139583,2025-09-30 10:56:59.503845
7.387526578631341,8.308725352199,2025-09-30 10:56:59.503845
7.398519314050189,8.108180236728964,2025-09-30 10:56:59.503845
7.375321611284949,8.160878216302876,2025-09-30 10:56:59.503845
7.304644350838212,8.461133061077422,2025-09-30 10:56:59.503845
7.518608700407687,8.465262046080776,2025-09-30 10:56:59.503845
7.626912295186386,8.415472829657057,2025-09-30 10:56:59.503845
7.37595735287312,8.364254254577942,2025-09-30 10:56:59.503845
7.537038345064969,8.249853770388398,2025-09-30 10:56:59.503845
7.357770734929148,8.284102672415411,2025-09-30 10:56:59.503845
7.625915514373826,8.700857066869,2025-09-30 10:56:59.503845
7.572313830305706,8.159538027721256,2025-09-30 10:56:59.503845
7.51472527331343,8.289977350156082,2025-09-30 10:56:59.503845
7.58185813377148,8.567168340737698,2025-09-30 10:56:59.503845
7.423206706625912,8.625548580841237,2025-09-30 10:56:59.503845
7.323295855480859,8.561733042354765,2025-09-30 10:56:59.503845
7.562320449392661,8.021833460624634,2025-09-30 10:56:59.503845
7.333314769742411,8.333147204392006,2025-09-30 10:56:59.503845
7.806620662009188,8.339690598961822,2025-09-30 10:56:59.503845
7.823900250013846,8.368013921000763,2025-09-30 10:56:59.503845
7.649455000082535,8.278593492283655,2025-09-30 10:56:59.503845
7.829612955000217,8.1030636379937,2025-09-30 10:56:59.503845
7.539259857317715,8.379293064159684,2025-09-30 10:56:59.503845
7.435706495693087,8.970071593121524,2025-09-30 10:56:59.503845
7.796841472361758,8.394787151200738,2025-09-30 10:56:59.503845
7.53821291597632,8.45176331861958,2025-09-30 10:56:59.503845
7.195695982810453,8.452926051878446,2025-09-30 10:56:59.503845
7.604328532838648,8.176043927984454,2025-09-30 10:56:59.503845
7.635660202962945,8.318851055097436,2025-09-30 10:56:59.503845
7.664049806396475,8.438799668959001,2025-09-30 10:56:59.503845
7.640780460903978,8.586668265521993,2025-09-30 10:56:59.503845
7.785690346403054,8.062718926814057,2025-09-30 10:56:59.503845
7.380391909093088,8.112834042593478,2025-09-30 10:56:59.503845
7.335062188436835,8.527125029926276,2025-09-30 10:56:59.503845
7.610976078023189,8.272330999998779,2025-09-30 10:56:59.503845
7.482093277960541,8.25560937785715,2025-09-30 10:56:59.503845
7.890302756494428,8.109279965043907,2025-09-30 10:56:59.503845
7.341915944902367,8.611427708619766,2025-09-30 10:56:59.503845
7.40278644490339,8.430939716161111,2025-09-30 10:56:59.503845
7.438337827405598,8.225557395784131,2025-09-30 10:56:59.503845
7.545682701698067,8.195019954551219,2025-09-30 10:56:59.503845
7.639695903631607,8.334796723039114,2025-09-30 10:56:59.503845
7.569411119044808,8.132565178865683,2025-09-30 10:56:59.503845
7.396884725015246,8.501914553199653,2025-09-30 10:56:59.503845
7.6464369264716066,8.276365994776885,2025-09-30 10:56:59.503845
7.4808226502012065,8.487911980790319,2025-09-30 10:56:59.503845
7.371344514623638,8.337469534898938,2025-09-30 10:56:59.503845
7.420489141372111,8.072872723406228,2025-09-30 10:56:59.503845
7.669609651200824,8.667857096373817,2025-09-30 10:56:59.503845
7.41453213629249,8.240230234005802,2025-09-30 10:56:59.503845
7.562524785628377,7.920221673482921,2025-09-30 10:56:59.503845
7.343868149200198,8.445731975059799,2025-09-30 10:56:59.503845
7.41719197296762,8.597720771196853,2025-09-30 10:56:59.503845
7.563774281689071,8.217846661676806,2025-09-30 10:56:59.503845
7.644070605885275,8.16180977695143,2025-09-30 10:56:59.503845
7.179733996579987,8.19862052559904,2025-09-30 10:56:59.503845
7.708594627752869,8.426506930306129,2025-09-30 10:56:59.503845
7.433655707892149,8.137134902567263,2025-09-30 10:56:59.503845
7.6069574452631095,8.154999420015583,2025-09-30 10:56:59.503845
7.401028180533987,7.919374859108071,2025-09-30 10:56:59.503845
7.591291044657966,8.444414270038287,2025-09-30 10:56:59.503845
7.548578174187368,8.379206087698911,2025-09-30 10:56:59.503845
7.492476978425974,8.327345447309593,2025-09-30 10:56:59.503845
7.467222732308796,8.815113599903341,2025-09-30 10:56:59.503845
7.568929117889582,8.490172727744234,2025-09-30 10:56:59.503845
7.300417750451479,8.476451773009819,2025-09-30 10:56:59.503845
7.464811391470339,8.567913948154596,2025-09-30 10:56:59.503845
7.5991170162936035,8.258989718104312,2025-09-30 10:56:59.503845
7.526034730661487,8.228192159343168,2025-09-30 10:56:59.503845
7.596412321402117,8.027543041317424,2025-09-30 10:56:59.503845
7.507886761161134,8.359541771139577,2025-09-30 10:56:59.503845
7.542153656605485,8.515117861848994,2025-09-30 10:56:59.503845
7.568516005482762,7.945062095719253,2025-09-30 10:56:59.503845
7.54158285215132,8.269694526069392,2025-09-30 10:56:59.503845
7.359633601772417,8.191413225103055,2025-09-30 10:56:59.503845
7.456733827745781,8.495000469252297,2025-09-30 10:56:59.503845
7.474591747282218,8.441254535530545,2025-09-30 10:56:59.503845
7.156658748528678,8.550529805541734,2025-09-30 10:56:59.503845
7.688854135729187,8.250934779310077,2025-09-30 10:56:59.503845
7.401695198924647,8.183840984153328,2025-09-30 10:56:59.503845
7.598340966705556,8.374656326035641,2025-09-30 10:56:59.503845
7.927936951634866,8.362423260642979,2025-09-30 10:56:59.503845
7.795564113695738,8.191271906264223,2025-09-30 10:56:59.503845
7.4039313555449615,8.341665534658201,2025-09-30 10:56:59.503845
7.55261612169881,8.306580345983217,2025-09-30 10:56:59.503845
7.569041184018143,8.337842185713106,2025-09-30 10:56:59.503845
7.410272498779799,8.238028266090108,2025-09-30 10:56:59.503845
7.356751584162472,8.250455792172495,2025-09-30 10:56:59.503845
7.175770257868176,8.541426161570085,2025-09-30 10:56:59.503845
7.591719410932788,8.373715436265663,2025-09-30 10:56:59.503845
7.271815846825844,8.263476056963844,2025-09-30 10:56:59.503845
7.531224707407773,8.275895889957658,2025-09-30 10:56:59.503845
7.387848009684557,8.499627194535664,2025-09-30 10:56:59.503845
7.592903470395239,8.35656210256635,2025-09-30 10:56:59.503845
7.794038062965753,8.065079258062044,2025-09-30 10:56:59.503845
7.711581011284466,8.180664611241344,2025-09-30 10:56:59.503845
7.507357895418937,8.443250099962448,2025-09-30 10:56:59.503845
7.575189350416185,8.649566518821432,2025-09-30 10:56:59.503845
7.649438463332984,8.432245660812551,2025-09-30 10:56:59.503845
7.528871981407565,8.20270888719297,2025-09-30 10:56:59.503845
7.276907630564944,8.166985656543805,2025-09-30 10:56:59.503845
7.239899301741775,8.334556240847323,2025-09-30 10:56:59.503845
7.362685077905086,8.489709541641766,2025-09-30 10:56:59.503845
7.485346896421242,8.335116272400843,2025-09-30 10:56:59.503845
7.77952444592753,8.044942824902172,2025-09-30 10:56:59.503845
7.463589024695112,8.58433551492999,2025-09-30 10:56:59.503845
7.70938908722273,8.299317388781882,2025-09-30 10:56:59.503845
7.603762015305316,8.433198707594425,2025-09-30 10:56:59.503845
7.403732386749129,8.255035781534689,2025-09-30 10:56:59.503845
7.74470147094656,8.060231509441497,2025-09-30 10:56:59.503845
7.754191976435763,8.125532224155773,2025-09-30 10:56:59.503845
7.648462557631556,8.13958529278943,2025-09-30 10:56:59.503845
7.372481367648744,8.146732842017343,2025-09-30 10:56:59.503845
7.491269006441285,8.75353129195734,2025-09-30 10:56:59.503845
7.427803021004559,8.244037960038508,2025-09-30 10:56:59.503845
7.659986818224471,8.356883073854327,2025-09-30 10:56:59.503845
7.485589018318906,8.335156002560188,2025-09-30 10:56:59.503845
7.228363200841216,8.477666150289316,2025-09-30 10:56:59.503845
7.405810750353273,8.631578813074448,2025-09-30 10:56:59.503845
7.674047902709984,7.775110989360307,2025-09-30 10:56:59.503845
7.92031357960999,8.568926937892313,2025-09-30 10:56:59.503845
7.612410069062249,8.181814055049436,2025-09-30 10:56:59.503845
7.507081884694489,8.31986635738717,2025-09-30 10:56:59.503845
7.353700211679327,8.202440194046655,2025-09-30 10:56:59.503845
7.329959892137393,8.78317378447372,2025-09-30 10:56:59.503845
7.395531396501599,7.993071898349169,2025-09-30 10:56:59.503845
7.349762000293355,7.88196831500757,2025-09-30 10:56:59.503845
7.412595894626316,8.71419274782474,2025-09-30 10:56:59.503845
7.307651007100576,8.245702520922144,2025-09-30 10:56:59.503845
7.4070734257723325,8.310756568246758,2025-09-30 10:56:59.503845
7.472329425218058,8.43089173459778,2025-09-30 10:56:59.503845
7.531068111291345,8.56142690415409,2025-09-30 10:56:59.503845
7.816421783270038,8.431811032659825,2025-09-30 10:56:59.503845
7.630092262794967,8.373943913008407,2025-09-30 10:56:59.503845
7.129420466734256,8.335444817136333,2025-09-30 10:56:59.503845
7.198509200731378,8.122802325306214,2025-09-30 10:56:59.503845
7.592082730586402,8.421842803538965,2025-09-30 10:56:59.503845
7.457774024658515,8.478026958823104,2025-09-30 10:56:59.503845
7.568963637656383,8.507385626466762,2025-09-30 10:56:59.503845
7.4335445073737105,8.477759846308148,2025-09-30 10:56:59.503845
7.6393946618117425,8.65001847864816,2025-09-30 10:56:59.503845
7.769160842252709,8.064301433026419,2025-09-30 10:56:59.503845
7.315908941415395,8.638420076958095,2025-09-30 10:56:59.503845
7.548828570692909,8.43452270395619,2025-09-30 10:56:59.503845
7.4028292713154125,8.485687120914653,2025-09-30 10:56:59.503845
7.2923620475546524,8.315317175801736,2025-09-30 10:56:59.503845
7.322408001718733,8.390775991944682,2025-09-30 10:56:59.503845
7.3413879274202865,8.403484166746377,2025-09-30 10:56:59.503845
7.614728939926625,8.573732044566006,2025-09-30 10:56:59.503845
7.474088182162486,8.439376338108055,2025-09-30 10:56:59.503845
7.653980012540111,8.637923838921417,2025-09-30 10:56:59.503845
7.5883065764884545,8.583192564066568,2025-09-30 10:56:59.503845
7.527453951844669,8.13144157305772,2025-09-30 10:56:59.503845
7.587627113658093,8.624348150239394,2025-09-30 10:56:59.503845
7.430983025236991,8.437092819324358,2025-09-30 10:56:59.503845
7.624151005325777,8.44762255486605,2025-09-30 10:56:59.503845
7.516516989466342,8.89986559328841,2025-09-30 10:56:59.503845
7.539190978756329,8.672711409555099,2025-09-30 10:56:59.503845
7.283909005357521,8.25282516501333,2025-09-30 10:56:59.503845
7.347397042941965,8.131936431139119,2025-09-30 10:56:59.503845
7.551764672761163,8.506222919250467,2025-09-30 10:56:59.503845
7.3489249913816055,8.525017820415993,2025-09-30 10:56:59.503845
7.32030118200044,8.288296851583771,2025-09-30 10:56:59.503845
7.611381740497313,8.022340059861953,2025-09-30 10:56:59.503845
7.2780454480360826,8.285501173327027,2025-09-30 10:56:59.503845
7.589075346529527,8.324375813507146,2025-09-30 10:56:59.503845
7.686644441959629,8.078392483561675,2025-09-30 10:56:59.503845
7.441986696680799,8.405456730709853,2025-09-30 10:56:59.503845
7.407247062859401,8.336645093790656,2025-09-30 10:56:59.503845
7.480695178046875,8.279064936906648,2025-09-30 10:56:59.503845
7.357830139648822,8.501054543350634,2025-09-30 10:56:59.503845
7.488295710645422,8.051657877492694,2025-09-30 10:56:59.503845
7.458513522155148,8.834966810383268,2025-09-30 10:56:59.503845
7.362214541826869,8.559192751580726,2025-09-30 10:56:59.503845
7.798568589470403,8.283586932498713,2025-09-30 10:56:59.503845
7.361081133514753,8.11601087853415,2025-09-30 10:56:59.503845
7.473578535375867,8.305539304695461,2025-09-30 10:56:59.503845
7.280626670434955,8.500085590194992,2025-09-30 10:56:59.503845
7.648210508333689,8.349849149174501,2025-09-30 10:56:59.503845
7.4517157012993955,8.223002080466436,2025-09-30 10:56:59.503845
7.3576099960075165,8.239374005155073,2025-09-30 10:56:59.503845
7.59798173387209,8.452947828266938,2025-09-30 10:56:59.503845
7.73595073575974,8.37149859415927,2025-09-30 10:56:59.503845
7.374435806233078,8.286863904179121,2025-09-30 10:56:59.503845
7.710000732353086,8.2941007394178,2025-09-30 10:56:59.503845
7.048229779417155,8.595674968852235,2025-09-30 10:56:59.503845
7.498056944594083,8.419739939819884,2025-09-30 10:56:59.503845
7.147841146891801,8.089538343779727,2025-09-30 10:56:59.503845
7.370468232492101,8.290498379023344,2025-09-30 10:56:59.503845
7.329775571551634,8.355903498961114,2025-09-30 10:56:59.503845
7.362122695231739,8.31508525153317,2025-09-30 10:56:59.503845
7.810097854318465,8.677464037830294,2025-09-30 10:56:59.503845
7.4749552667083545,8.213296174009944,2025-09-30 10:56:59.503845
7.296883679524166,8.257407369723332,2025-09-30 10:56:59.503845
7.661723149957204,8.263588349290288,2025-09-30 10:56:59.503845
7.660592627354427,8.489584667109282,2025-09-30 10:56:59.503845
7.455432332664103,8.207893092610982,2025-09-30 10:56:59.503845
7.491772310610493,8.444610545455285,2025-09-30 10:56:59.503845
7.616528613318911,8.383442486178941,2025-09-30 10:56:59.503845
7.248135582783568,8.38176085840583,2025-09-30 10:56:59.503845
7.653363910691216,7.992170603766165,2025-09-30 10:56:59.503845
7.26823229327757,8.36780630057077,2025-09-30 10:56:59.503845
7.370672144765327,7.969942627045707,2025-09-30 10:56:59.503845
7.677071853971521,8.564778967405212,2025-09-30 10:56:59.503845
7.5430024343351265,8.054285891676736,2025-09-30 10:56:59.503845
7.780062816493747,8.587473437077037,2025-09-30 10:56:59.503845
7.480044480432478,8.201613229156882,2025-09-30 10:56:59.503845
7.645965681710576,8.205736770328777,2025-09-30 10:56:59.503845
7.446326163696199,8.050507575309494,2025-09-30 10:56:59.503845
7.394354716815877,8.625526234930062,2025-09-30 10:56:59.503845
7.349632625891198,8.223437562706065,2025-09-30 10:56:59.503845
7.696087719381946,7.935940442271601,2025-09-30 10:56:59.503845
7.569072424904088,8.599154830933257,2025-09-30 10:56:59.503845
7.780264882117821,8.37519822840355,2025-09-30 10:56:59.503845
7.47817729974052,8.42780711553646,2025-09-30 10:56:59.503845
7.544907230181168,8.478215361175508,2025-09-30 10:56:59.503845
7.481204299263385,8.711107388596407,2025-09-30 10:56:59.503845
7.613075430686117,8.322141787847956,2025-09-30 10:56:59.503845
7.277360757884262,7.867384616313025,2025-09-30 10:56:59.503845
7.350248023025981,8.3481845066647,2025-09-30 10:56:59.503845
7.430042150260454,8.164120200588542,2025-09-30 10:56:59.503845
7.413581709008789,8.419899449317287,2025-09-30 10:56:59.503845
7.596281059207104,8.351467437616682,2025-09-30 10:56:59.503845
7.61740521810922,8.71712288328801,2025-09-30 10:56:59.503845
7.753847263893549,8.3984759157252,2025-09-30 10:56:59.503845
7.230394821537418,8.639804528902472,2025-09-30 10:56:59.503845
7.629223284655295,8.349098630035126,2025-09-30 10:56:59.503845
7.455539277720474,8.515663545687902,2025-09-30 10:56:59.503845
7.301267798473516,8.65313081229052,2025-09-30 10:56:59.503845
7.528846626759981,8.39327950413393,2025-09-30 10:56:59.503845
7.63439555193284,8.570491034787814,2025-09-30 10:56:59.503845
7.492037690271913,8.146254973836358,2025-09-30 10:56:59.503845
7.654485600041701,8.345338885512412,2025-09-30 10:56:59.503845
7.5140233424888985,8.114964179914962,2025-09-30 10:56:59.503845
7.55333964644761,8.561012269464964,2025-09-30 10:56:59.503845
7.740690613716031,8.574739993619437,2025-09-30 10:56:59.503845
7.288829633469727,8.382928276133022,2025-09-30 10:56:59.503845
7.619110829539693,8.469794591171478,2025-09-30 10:56:59.503845
7.585313875765657,8.398779064948547,2025-09-30 10:56:59.503845
7.647207086973796,8.568211083059174,2025-09-30 10:56:59.503845
7.502319901023829,8.558319172557804,2025-09-30 10:56:59.503845
7.845409470692791,8.300765840610264,2025-09-30 10:56:59.503845
7.453152306461783,8.305769598633303,2025-09-30 10:56:59.503845
7.378656353943258,8.382068082490845,2025-09-30 10:56:59.503845
7.275280161329543,8.31952984226508,2025-09-30 10:56:59.503845
7.398228463739185,8.196952262153143,2025-09-30 10:56:59.503845
7.370044859222816,8.43333688568969,2025-09-30 10:56:59.503845
7.26098290440416,8.077693750761108,2025-09-30 10:56:59.503845
7.473422687402002,8.348699991431026,2025-09-30 10:56:59.503845
7.553526883723322,8.52417030115872,2025-09-30 10:56:59.503845
7.135455051328961,8.170050533329224,2025-09-30 10:56:59.503845
7.329804370496445,7.945751575031149,2025-09-30 10:56:59.503845
7.559542150229954,8.50720171226973,2025-09-30 10:56:59.503845
7.6340437049015915,8.58168073261494,2025-09-30 10:56:59.503845
7.755840582613237,8.357455219920428,2025-09-30 10:56:59.503845
7.039993581202752,8.453968597424804,2025-09-30 10:56:59.503845
7.369794083919856,8.533819479016952,2025-09-30 10:56:59.503845
7.644657083539653,8.359110884351763,2025-09-30 10:56:59.503845
7.534724583129041,8.30743397826071,2025-09-30 10:56:59.503845
7.621171387174845,8.442633956075017,2025-09-30 10:56:59.503845
7.515538892142437,8.393078159793566,2025-09-30 10:56:59.503845
7.499265051235825,8.5866206150407,2025-09-30 10:56:59.503845
7.399868445782089,8.319464510434683,2025-09-30 10:56:59.503845
7.423015876061505,8.321728319600096,2025-09-30 10:56:59.503845
7.518330135261476,8.682631339925829,2025-09-30 10:56:59.503845
7.900261695254331,8.013987955313873,2025-09-30 10:56:59.503845
7.374439584493384,8.419434147311145,2025-09-30 10:56:59.503845
7.615234151739045,8.398050261118454,2025-09-30 10:56:59.503845
7.891599890244889,8.789685334377454,2025-09-30 10:56:59.503845
7.521177689156725,8.243359976429437,2025-09-30 10:56:59.503845
7.63874564246258,8.324063238898665,2025-09-30 10:56:59.503845
7.551905971041589,8.38250938828693,2025-09-30 10:56:59.503845
7.6523502940673165,8.181009443677125,2025-09-30 10:56:59.503845
7.3446654956818325,8.850033561741707,2025-09-30 10:56:59.503845
7.476332471595912,8.483854070930011,2025-09-30 10:56:59.503845
7.471248691323655,8.265474233914652,2025-09-30 10:56:59.503845
7.6505296466748804,8.520634776017484,2025-09-30 10:56:59.503845
7.945695390798242,8.161815344371647,2025-09-30 10:56:59.503845
7.217364800655351,8.787782915986922,2025-09-30 10:56:59.503845
7.476957437666814,8.188363618712879,2025-09-30 10:56:59.503845
7.328528062818445,8.27366385506184,2025-09-30 10:56:59.503845
7.533909283867065,8.501569420509455,2025-09-30 10:56:59.503845
7.668792318440815,8.142161692512584,2025-09-30 10:56:59.503845
7.472815021805891,8.614438523825443,2025-09-30 10:56:59.503845
7.280470552373027,8.236763884824626,2025-09-30 10:56:59.503845
7.800355387440783,8.529242918030915,2025-09-30 10:56:59.503845
7.63555692990421,8.17723486226362,2025-09-30 10:56:59.503845
7.25211353788633,8.27803029111681,2025-09-30 10:56:59.503845
7.36156504232194,8.479444938536844,2025-09-30 10:56:59.503845
7.40208253414673,8.19849295222878,2025-09-30 10:56:59.503845
7.578837191179619,8.432515566513898,2025-09-30 10:56:59.503845
7.334003971725035,8.099347839261078,2025-09-30 10:56:59.503845
7.486681837183632,8.493756262666157,2025-09-30 10:56:59.503845
7.823716387530791,8.240201585502483,2025-09-30 10:56:59.503845
7.556701752065458,8.124362769803284,2025-09-30 10:56:59.503845
7.62179831118432,8.410794792174213,2025-09-30 10:56:59.503845
7.722095482079326,8.348894453347107,2025-09-30 10:56:59.503845
7.679945340769392,8.391472351392917,2025-09-30 10:56:59.503845
7.314645956523849,8.715272436366583,2025-09-30 10:56:59.503845
7.245506564139349,7.987157651751241,2025-09-30 10:56:59.503845
7.291209127073235,8.327633832324077,2025-09-30 10:56:59.503845
7.36851010536589,8.295004118932185,2025-09-30 10:56:59.503845
7.409355283931738,8.554745181851175,2025-09-30 10:56:59.503845
7.573620101157531,8.28854379567307,2025-09-30 10:56:59.503845
7.217428191073398,8.605570534765564,2025-09-30 10:56:59.503845
7.472336142341493,8.218416900115107,2025-09-30 10:56:59.503845
7.338272014535712,8.628437930581917,2025-09-30 10:56:59.503845
7.7416757182188825,8.206426856003173,2025-09-30 10:56:59.503845
7.756800437117947,8.403370160946675,2025-09-30 10:56:59.503845
7.497708319622008,8.358392683893776,2025-09-30 10:56:59.503845
7.161223878227984,8.153541440448024,2025-09-30 10:56:59.503845
7.46710532111369,8.340327951766508,2025-09-30 10:56:59.503845
7.1941421847221605,8.353624219875154,2025-09-30 10:56:59.503845
7.478807408276681,8.392130820609431,2025-09-30 10:56:59.503845
7.605049166910305,7.962297130923447,2025-09-30 10:56:59.503845
7.54502574213484,8.354913048481261,2025-09-30 10:56:59.503845
7.5207090000978205,8.624507547793025,2025-09-30 10:56:59.503845
7.323835635549186,8.227030907910093,2025-09-30 10:56:59.503845
7.592822996530648,8.515838668938104,2025-09-30 10:56:59.503845
7.4290589522406805,8.254874799647004,2025-09-30 10:56:59.503845
7.551472759292076,8.663819917432635,2025-09-30 10:56:59.503845
7.628434198047846,8.271023919890949,2025-09-30 10:56:59.503845
7.62467215596382,8.56934593307552,2025-09-30 10:56:59.503845
7.465463306616466,8.388388582081525,2025-09-30 10:56:59.503845
7.713846499978801,8.450843015721489,2025-09-30 10:56:59.503845
7.217015767446805,8.367452416025241,2025-09-30 10:56:59.503845
7.770506057605923,8.155888403293721,2025-09-30 10:56:59.503845
7.546766804770908,8.117982592748774,2025-09-30 10:56:59.503845
7.421105308552813,8.304206454798322,2025-09-30 10:56:59.503845
7.367604817628979,8.720584319541365,2025-09-30 10:56:59.503845
7.470787736733128,8.28290651420746,2025-09-30 10:56:59.503845
7.62441784405163,8.404449403010174,2025-09-30 10:56:59.503845
7.672216818312287,8.449295572852566,2025-09-30 10:56:59.503845
7.3432346407945595,8.540485681526523,2025-09-30 10:56:59.503845
7.690161299009219,8.194396895860041,2025-09-30 10:56:59.503845
7.384209183108346,8.258447424121911,2025-09-30 10:56:59.503845
7.269112287996114,8.258436497258936,2025-09-30 10:56:59.503845
7.523839036623033,8.137697512378235,2025-09-30 10:56:59.503845
7.354058375641893,8.551870378142437,2025-09-30 10:56:59.503845
7.5777832825784275,8.046300404389251,2025-09-30 10:56:59.503845
7.365675568281688,8.474375553927356,2025-09-30 10:56:59.503845
7.224937022757555,8.285167103359383,2025-09-30 10:56:59.503845
7.506173674507266,8.40579325129835,2025-09-30 10:56:59.503845
7.343774043145344,8.10260440158042,2025-09-30 10:56:59.503845
7.289574789485847,8.131429602189119,2025-09-30 10:56:59.503845
7.656316352811709,8.217940828678888,2025-09-30 10:56:59.503845
7.442334956270332,8.334270506701921,2025-09-30 10:56:59.503845
7.442010603663096,8.616834119221291,2025-09-30 10:56:59.503845
7.257637504729521,8.347789041049047,2025-09-30 10:56:59.503845
7.5389403703156646,8.315107310060773,2025-09-30 10:56:59.503845
7.8076118679933515,8.078030211820103,2025-09-30 10:56:59.503845
7.421534763538023,8.129522808973052,2025-09-30 10:56:59.503845
7.484416930987874,7.986533072546684,2025-09-30 10:56:59.503845
7.7272214873324465,8.50892496521412,2025-09-30 10:56:59.503845
7.700117447715295,8.277074217474365,2025-09-30 10:56:59.503845
7.379905498258569,8.331579720974512,2025-09-30 10:56:59.503845
7.199213325690583,8.636134593840707,2025-09-30 10:56:59.503845
7.147362394495222,8.209228781104656,2025-09-30 10:56:59.503845
7.562355148087705,8.405989555502675,2025-09-30 10:56:59.503845
7.670873993550281,8.451301089668819,2025-09-30 10:56:59.503845
7.630157908897665,8.333046638278173,2025-09-30 10:56:59.503845
7.393196040571422,8.119355422179993,2025-09-30 10:56:59.503845
7.659654135964512,8.226738480374832,2025-09-30 10:56:59.503845
7.478934877082337,8.287781415029135,2025-09-30 10:56:59.503845
7.278970815120776,8.254913765842938,2025-09-30 10:56:59.503845
7.315398443043095,8.77274836231532,2025-09-30 10:56:59.503845
7.183429432266982,8.518413006801296,2025-09-30 10:56:59.503845
7.23971562365105,8.359264266846685,2025-09-30 10:56:59.503845
7.485624342917558,8.208837779558431,2025-09-30 10:56:59.503845
7.493944294203026,8.321185211196811,2025-09-30 10:56:59.503845
7.400817101281415,8.311103899898097,2025-09-30 10:56:59.503845
7.715830522850375,8.555709144832015,2025-09-30 10:56:59.503845
7.431350524566187,7.9902443743009846,2025-09-30 10:56:59.503845
7.32781190252749,8.058640119928112,2025-09-30 10:56:59.503845
7.678061610914049,8.373580985713096,2025-09-30 10:56:59.503845
7.38143327249169,8.08089096954042,2025-09-30 10:56:59.503845
7.310689680123551,8.35575038114016,2025-09-30 10:56:59.503845
7.494979828368291,8.587122319488223,2025-09-30 10:56:59.503845
7.591053915568585,8.434329773476641,2025-09-30 10:56:59.503845
7.781816715773429,8.253179095594449,2025-09-30 10:56:59.503845
7.693330257473002,8.414636907973144,2025-09-30 10:56:59.503845
7.658497635534452,8.26010798677367,2025-09-30 10:56:59.503845
7.479861086732859,8.135555241280466,2025-09-30 10:56:59.503845
7.838263631841442,8.351894703411638,2025-09-30 10:56:59.503845
7.435702034158025,8.427134781101955,2025-09-30 10:56:59.503845
7.963131784572561,8.341680631017578,2025-09-30 10:56:59.503845
7.707053953482143,8.623636825355765,2025-09-30 10:56:59.503845
7.48622740714639,8.39338714196502,2025-09-30 10:56:59.503845
7.5405559366738295,8.638763877410371,2025-09-30 10:56:59.503845
7.48123902446985,8.347861622672914,2025-09-30 10:56:59.503845
7.689906815584814,8.335716215490534,2025-09-30 10:56:59.503845
7.7954927023410585,8.194700437942368,2025-09-30 10:56:59.503845
7.811716150827188,8.71679223585435,2025-09-30 10:56:59.503845
7.340415910638054,7.87877785676572,2025-09-30 10:56:59.503845
7.496193965930148,8.419653402692585,2025-09-30 10:56:59.503845
7.3926114315053795,8.403211491126799,2025-09-30 10:56:59.503845
7.5514810522791755,8.16259008740204,2025-09-30 10:56:59.503845
7.170079766868567,8.359022442906499,2025-09-30 10:56:59.503845
7.378473628638376,8.173831825969176,2025-09-30 10:56:59.503845
7.565875226634652,8.281899997892834,2025-09-30 10:56:59.503845
7.490301705787424,8.021976679308217,2025-09-30 10:56:59.503845
7.629789080852729,8.418417056243278,2025-09-30 10:56:59.503845
7.447801287527642,8.483749824526692,2025-09-30 10:56:59.503845
7.520668156697355,8.277316894563612,2025-09-30 10:56:59.503845
7.273311446749554,8.221256491343551,2025-09-30 10:56:59.503845
7.4074583372401595,8.626877412719953,2025-09-30 10:56:59.503845
7.671808684445955,8.264831093995605,2025-09-30 10:56:59.503845
7.36043445026095,8.718401569411494,2025-09-30 10:56:59.503845
7.606473448522422,8.438596153778171,2025-09-30 10:56:59.503845
7.228337195337535,8.415820758510614,2025-09-30 10:56:59.503845
7.427373028269026,8.33888445060313,2025-09-30 10:56:59.503845
7.544975606319716,8.246920914612968,2025-09-30 10:56:59.503845
7.562832115467015,8.073988510946197,2025-09-30 10:56:59.503845
7.293090862657384,8.51546857952319,2025-09-30 10:56:59.503845
7.254131312608485,8.310082053535126,2025-09-30 10:56:59.503845
7.29734555295147,8.665559960672805,2025-09-30 10:56:59.503845
7.361848277679417,8.44611481945672,2025-09-30 10:56:59.503845
7.764512979650627,8.331955062657407,2025-09-30 10:56:59.503845
7.544833610572832,8.379825027238521,2025-09-30 10:56:59.503845
7.459527196695927,8.406217542351603,2025-09-30 10:56:59.503845
7.569307176827557,8.106608211014773,2025-09-30 10:56:59.503845
8.109862924936536,8.52764131707561,2025-09-30 10:56:59.503845
7.345837324515147,8.585563241687977,2025-09-30 10:56:59.503845
7.38080093359954,8.382034714442147,2025-09-30 10:56:59.503845
7.295018473338693,8.512598835663997,2025-09-30 10:56:59.503845
7.388531132359058,8.269863809314268,2025-09-30 10:56:59.503845
7.418576402325314,8.355117677260735,2025-09-30 10:56:59.503845
7.554047921167518,8.201370869960506,2025-09-30 10:56:59.503845
7.500771670427671,8.554803643071747,2025-09-30 10:56:59.503845
7.2354537948077216,8.386137320649656,2025-09-30 10:56:59.503845
7.451244660655861,8.107322798330085,2025-09-30 10:56:59.503845
7.545430389593929,8.298958361593373,2025-09-30 10:56:59.503845
7.756686785429303,8.650010202866861,2025-09-30 10:56:59.503845
7.57501486086738,8.103713637134856,2025-09-30 10:56:59.503845
7.607417775724947,8.31281241054156,2025-09-30 10:56:59.503845
7.25406916713958,8.049183139510607,2025-09-30 10:56:59.503845
7.755618064566328,8.414879851024452,2025-09-30 10:56:59.503845
7.519984631261823,8.52404976122098,2025-09-30 10:56:59.503845
7.430843582373171,8.512710008230027,2025-09-30 10:56:59.503845
7.30597051028665,8.364805251365253,2025-09-30 10:56:59.503845
7.411837628519477,8.324960153233006,2025-09-30 10:56:59.503845
7.11044990831954,8.2383848630829,2025-09-30 10:56:59.503845
7.550165254456706,8.436630990052425,2025-09-30 10:56:59.503845
7.481944557759289,8.254908744778506,2025-09-30 10:56:59.503845
7.435206117632748,8.715195409800174,2025-09-30 10:56:59.503845
7.580729743671514,8.270009288925968,2025-09-30 10:56:59.503845
7.171530385978536,8.041007883064562,2025-09-30 10:56:59.503845
7.328661266084026,8.51422396949139,2025-09-30 10:56:59.503845
7.3041024053351356,8.184570565781737,2025-09-30 10:56:59.503845
7.504202211377489,8.390301149007648,2025-09-30 10:56:59.503845
7.460209292949424,7.97648093151165,2025-09-30 10:56:59.503845
7.737003834513181,8.524772566815024,2025-09-30 10:56:59.503845
7.395888220505874,8.485363790959381,2025-09-30 10:56:59.503845
7.564491662492544,8.17167739427499,2025-09-30 10:56:59.503845
7.211707931449906,8.403428835530828,2025-09-30 10:56:59.503845
7.75908762304336,8.029459456745414,2025-09-30 10:56:59.503845
7.57001127462194,8.447837819106175,2025-09-30 10:56:59.503845
7.46665039301938,8.236311725490642,2025-09-30 10:56:59.503845
7.518913102116901,8.184133028251672,2025-09-30 10:56:59.503845
7.537325517740289,8.275633229563182,2025-09-30 10:56:59.503845
7.592886971280483,8.082163701892041,2025-09-30 10:56:59.503845
7.427609613400787,8.387535161088808,2025-09-30 10:56:59.503845
7.845205430507134,8.424390341553414,2025-09-30 10:56:59.503845
7.784232536394495,8.568288128530108,2025-09-30 10:56:59.503845
7.422742846485841,8.682182265582146,2025-09-30 10:56:59.503845
7.515796121655801,8.653094506747118,2025-09-30 10:56:59.503845
7.5513526141521865,8.760965045239391,2025-09-30 10:56:59.503845
7.801002186875808,8.322393035445954,2025-09-30 10:56:59.503845
7.609223417721926,8.611691947931712,2025-09-30 10:56:59.503845
7.669408065756135,8.5093844033901,2025-09-30 10:56:59.503845
7.40937955599929,8.25303857801482,2025-09-30 10:56:59.503845
7.345045119059687,8.281564418588106,2025-09-30 10:56:59.503845
7.5576347513717925,8.62434314045564,2025-09-30 10:56:59.503845
7.677378580086589,8.511784406795684,2025-09-30 10:56:59.503845
7.507990347803759,8.18962917511455,2025-09-30 10:56:59.503845
7.40928655746341,8.287538766943841,2025-09-30 10:56:59.503845
7.514517493829292,8.511874571893143,2025-09-30 10:56:59.503845
7.205834334743267,8.419416884466672,2025-09-30 10:56:59.503845
7.637052280858907,8.307566307978663,2025-09-30 10:56:59.503845
7.636249201881049,8.167693219018279,2025-09-30 10:56:59.503845
7.575766403687235,8.670318993652534,2025-09-30 10:56:59.503845
7.506448772641554,8.356422745381966,2025-09-30 10:56:59.503845
7.714783683594551,8.362996526981687,2025-09-30 10:56:59.503845
7.378562209839089,8.192780547725588,2025-09-30 10:56:59.503845
7.416486521292722,8.463451415097703,2025-09-30 10:56:59.503845
7.3686524161222735,8.22390020272518,2025-09-30 10:56:59.503845
7.359464336914128,7.949269767967165,2025-09-30 10:56:59.503845
7.785956731952021,8.589118395188843,2025-09-30 10:56:59.503845
7.488129906386154,8.54816258997354,2025-09-30 10:56:59.503845
7.636869162166778,8.67905785580716,2025-09-30 10:56:59.503845
7.641050132831981,8.458889099408992,2025-09-30 10:56:59.503845
7.038102102396488,8.1892710804298,2025-09-30 10:56:59.503845
7.549145256449304,8.39445688439,2025-09-30 10:56:59.503845
7.4930615060218715,8.590146832963425,2025-09-30 10:56:59.503845
7.5973037006763695,8.266501883679037,2025-09-30 10:56:59.503845
7.3919140668788135,8.106947317755852,2025-09-30 10:56:59.503845
7.338262416560241,8.164976495469835,2025-09-30 10:56:59.503845
7.401540637570799,8.24426053502075,2025-09-30 10:56:59.503845
7.457892996273754,8.516235808725082,2025-09-30 10:56:59.503845
7.889430353703571,8.416175999506612,2025-09-30 10:56:59.503845
7.650671899158317,8.316881851982892,2025-09-30 10:56:59.503845
7.667449985337165,8.250575376983642,2025-09-30 10:56:59.503845
7.395738140529534,8.288702220212185,2025-09-30 10:56:59.503845
7.517603516031024,8.838863840936838,2025-09-30 10:56:59.503845
7.393588491414726,8.177748505345726,2025-09-30 10:56:59.503845
7.307767334304787,8.245100136398989,2025-09-30 10:56:59.503845
7.417885564214407,8.421885248671192,2025-09-30 10:56:59.503845
7.6361888128082365,8.30080240551863,2025-09-30 10:56:59.503845
7.323335947298324,8.615257403235223,2025-09-30 10:56:59.503845
7.331644905868349,8.575914123585392,2025-09-30 10:56:59.503845
7.530552042291453,8.354559052461234,2025-09-30 10:56:59.503845
7.566106135435146,8.917110114628507,2025-09-30 10:56:59.503845
7.248643318265946,8.181820977627025,2025-09-30 10:56:59.503845
7.57133413812417,8.253710550576345,2025-09-30 10:56:59.503845
7.442341637104202,8.374950936268439,2025-09-30 10:56:59.503845
7.39603289021989,8.429969154658668,2025-09-30 10:56:59.503845
7.356589429691459,8.31252332768177,2025-09-30 10:56:59.503845
7.411901842376904,8.270432644869048,2025-09-30 10:56:59.503845
7.486885155999406,8.423932478059886,2025-09-30 10:56:59.503845
7.691798191465546,8.501888753071903,2025-09-30 10:56:59.503845
7.510651431321777,8.437696103603939,2025-09-30 10:56:59.503845
7.561968590541433,7.955230698393773,2025-09-30 10:56:59.503845
7.500413546863607,8.210704663489024,2025-09-30 10:56:59.503845
7.1715182348228,8.422494738254887,2025-09-30 10:56:59.503845
7.65959314710879,8.047593644017347,2025-09-30 10:56:59.503845
7.649334540642047,7.885651589541757,2025-09-30 10:56:59.503845
7.2895244826688455,8.114098908518253,2025-09-30 10:56:59.503845
7.688769517944321,8.706867007293214,2025-09-30 10:56:59.503845
7.32057620191424,8.46691396976451,2025-09-30 10:56:59.503845
7.306018022267888,8.173894795113695,2025-09-30 10:56:59.503845
7.180429791460137,8.507453272611443,2025-09-30 10:56:59.503845
7.168982777731887,8.09054970538158,2025-09-30 10:56:59.503845
7.4638732064663165,8.179373262148044,2025-09-30 10:56:59.503845
7.427053576797955,8.440535152315721,2025-09-30 10:56:59.503845
7.332488067248016,8.33026807339818,2025-09-30 10:56:59.503845
7.465240589846857,8.221012873280554,2025-09-30 10:56:59.503845
7.510138176614696,8.445106209775993,2025-09-30 10:56:59.503845
7.550104014189518,8.569988125913806,2025-09-30 10:56:59.503845
7.359539135028748,8.254250512288603,2025-09-30 10:56:59.503845
7.5834611407322,8.585291880738312,2025-09-30 10:56:59.503845
7.63011736366235,8.392056060029082,2025-09-30 10:56:59.503845
7.4618278344313875,8.476106501827836,2025-09-30 10:56:59.503845
7.501363818212773,8.360742867897532,2025-09-30 10:56:59.503845
7.19476674729503,8.53902306288177,2025-09-30 10:56:59.503845
7.499420333682473,8.270585769922477,2025-09-30 10:56:59.503845
7.719630211063244,8.197278007867952,2025-09-30 10:56:59.503845
7.5451157051700894,8.146798059532694,2025-09-30 10:56:59.503845
7.508314940141633,8.559531731341508,2025-09-30 10:56:59.503845
7.5835901143308595,8.35231236099446,2025-09-30 10:56:59.503845
7.461859397911348,8.591431095265957,2025-09-30 10:56:59.503845
7.2734197534966425,8.208716307235319,2025-09-30 10:56:59.503845
7.4257340003308805,8.068900705342793,2025-09-30 10:56:59.503845
7.535640605839459,8.433880139859934,2025-09-30 10:56:59.503845
7.533977300993072,8.503535163253636,2025-09-30 10:56:59.503845
7.350363102525941,8.447525405407003,2025-09-30 10:56:59.503845
7.248995304760557,8.352253515282325,2025-09-30 10:56:59.503845
7.502833746157645,8.439655403509132,2025-09-30 10:56:59.503845
7.295315102500155,8.439596374747662,2025-09-30 10:56:59.503845
7.524387850578789,8.65023914119304,2025-09-30 10:56:59.503845
7.584428467892885,8.59986393808547,2025-09-30 10:56:59.503845
7.570575994348942,8.028418988175124,2025-09-30 10:56:59.503845
7.199861182468829,8.545695013998014,2025-09-30 10:56:59.503845
7.301910643002797,8.462075903161475,2025-09-30 10:56:59.503845
7.613934868287347,8.442900685556918,2025-09-30 10:56:59.503845
7.637404781475803,8.891946343893391,2025-09-30 10:56:59.503845
7.436934498823147,8.30467209899664,2025-09-30 10:56:59.503845
7.745507018424881,7.9719617376235465,2025-09-30 10:56:59.503845
7.512058500701472,8.022840830464235,2025-09-30 10:56:59.503845
7.359695676334433,8.125245786977743,2025-09-30 10:56:59.503845
7.721499187460064,8.675825629337059,2025-09-30 10:56:59.503845
7.400571546760785,8.498360423651604,2025-09-30 10:56:59.503845
7.600731769865408,8.675024864009533,2025-09-30 10:56:59.503845
7.4090120870117,8.314082250696089,2025-09-30 10:56:59.503845
7.413521416339172,8.340727129736347,2025-09-30 10:56:59.503845
7.641056494613185,8.407377879654042,2025-09-30 10:56:59.503845
7.682757076456021,8.015333985247818,2025-09-30 10:56:59.503845
7.539412497534628,8.0302038780157,2025-09-30 10:56:59.503845
7.646653870223186,8.11199783014056,2025-09-30 10:56:59.503845
7.591316791262074,8.390768522575897,2025-09-30 10:56:59.503845
7.503710113260778,8.325137552741968,2025-09-30 10:56:59.503845
7.426906422053539,8.43655356599822,2025-09-30 10:56:59.503845
7.611021386918671,8.38946680370148,2025-09-30 10:56:59.503845
7.5409784152419475,8.343684827489767,2025-09-30 10:56:59.503845
7.32155417260337,8.52518321363208,2025-09-30 10:56:59.503845
7.397173752515766,8.525640917794094,2025-09-30 10:56:59.503845
7.583012224033374,8.554282377849066,2025-09-30 10:56:59.503845
7.610201584083076,8.509362125658367,2025-09-30 10:56:59.503845
7.455863715739234,8.288893389363487,2025-09-30 10:56:59.503845
7.122848708829752,8.121050359993683,2025-09-30 10:56:59.503845
7.295693327471296,8.163298802946226,2025-09-30 10:56:59.503845
7.351611709445521,8.38360839951993,2025-09-30 10:56:59.503845
7.623882223864249,8.162910506951205,2025-09-30 10:56:59.503845
7.3198302246404,8.531593267318112,2025-09-30 10:56:59.503845
7.512911274713582,8.43399072837088,2025-09-30 10:56:59.503845
7.392104930900735,8.303703911061474,2025-09-30 10:56:59.503845
7.611252518276654,8.495974487147823,2025-09-30 10:56:59.503845
7.595904605626564,8.547122036246048,2025-09-30 10:56:59.503845
7.626216960637415,8.538831487741215,2025-09-30 10:56:59.503845
7.4225750083760165,8.257105115620062,2025-09-30 10:56:59.503845
7.710597230767495,8.273635226139502,2025-09-30 10:56:59.503845
7.55613014789192,8.413489994332057,2025-09-30 10:56:59.503845
7.583470062823595,8.140578442878514,2025-09-30 10:56:59.503845
7.592559739126731,8.312938750456631,2025-09-30 10:56:59.503845
7.6616560891475,8.488333164100817,2025-09-30 10:56:59.503845
7.604715053022327,8.324436180847282,2025-09-30 10:56:59.503845
7.444804143642476,8.427882588085327,2025-09-30 10:56:59.503845
7.805622550608952,8.389866940487705,2025-09-30 10:56:59.503845
7.158956019767306,8.482785429331287,2025-09-30 10:56:59.503845
7.6841601975726315,8.48220320905725,2025-09-30 10:56:59.503845
7.252456285716667,8.292822775591043,2025-09-30 10:56:59.503845
7.419460729120723,8.324604143696092,2025-09-30 10:56:59.503845
7.528537157326352,7.902996949633453,2025-09-30 10:56:59.503845
7.459203288935413,8.79598851036633,2025-09-30 10:56:59.503845
7.345016633842189,8.28485798545542,2025-09-30 10:56:59.503845
7.387759014297434,8.459481472313874,2025-09-30 10:56:59.503845
7.478803257673038,8.25574272073237,2025-09-30 10:56:59.503845
7.735745615392726,8.41096075942601,2025-09-30 10:56:59.503845
7.127118192773918,8.180456606429846,2025-09-30 10:56:59.503845
7.764844232385353,8.463034059060611,2025-09-30 10:56:59.503845
7.452245365790336,8.475799886418194,2025-09-30 10:56:59.503845
7.549955102142009,7.931010132326647,2025-09-30 10:56:59.503845
7.513381977920418,8.189817723496747,2025-09-30 10:56:59.503845
7.347977855720813,8.390224514611475,2025-09-30 10:56:59.503845
7.389998874243982,8.328743730982133,2025-09-30 10:56:59.503845
7.8739118055782615,8.757263256562986,2025-09-30 10:56:59.503845
7.446171100852205,8.297277647985172,2025-09-30 10:56:59.503845
7.676175908102794,8.29060675764862,2025-09-30 10:56:59.503845
7.312183167200497,8.298597592635806,2025-09-30 10:56:59.503845
7.501952503367448,8.316449043511868,2025-09-30 10:56:59.503845
7.577961778120133,8.092094460465606,2025-09-30 10:56:59.503845
7.5420744669311315,8.141611831517642,2025-09-30 10:56:59.503845
7.6540031615148045,8.476290700179398,2025-09-30 10:56:59.503845
7.449495572222048,8.340551219425162,2025-09-30 10:56:59.503845
7.789075649617449,8.424203130296943,2025-09-30 10:56:59.503845
7.598293969394231,8.504521865434542,2025-09-30 10:56:59.503845
7.526903260940017,8.339804270630822,2025-09-30 10:56:59.503845
7.429329660637267,8.346071187260888,2025-09-30 10:56:59.503845
7.622765260118789,8.373407084963722,2025-09-30 10:56:59.503845
7.437018507924493,8.707275696226896,2025-09-30 10:56:59.503845
7.442641165214215,7.779566449993303,2025-09-30 10:56:59.503845
7.437094250104308,8.207319823945562,2025-09-30 10:56:59.503845
7.671867213079371,7.926515345752511,2025-09-30 10:56:59.503845
7.494864886756247,8.338172297421028,2025-09-30 10:56:59.503845
7.598387237535483,8.096268631177887,2025-09-30 10:56:59.503845
7.572730544677465,8.113276855793151,2025-09-30 10:56:59.503845
7.515479583387983,8.180547505152454,2025-09-30 10:56:59.503845
7.671612494876866,8.1660142429803,2025-09-30 10:56:59.503845
7.935180372262209,8.497462111246213,2025-09-30 10:56:59.503845
7.418211673631008,8.376528181359502,2025-09-30 10:56:59.503845
7.431807387702585,8.288425103784155,2025-09-30 10:56:59.503845
7.813694517633616,8.582204747106804,2025-09-30 10:56:59.503845
7.560762701299494,8.555161942467858,2025-09-30 10:56:59.503845
7.554351447758316,8.458462135011409,2025-09-30 10:56:59.503845
7.562751284037977,8.35610105527432,2025-09-30 10:56:59.503845
7.5131819612556905,8.163168337340869,2025-09-30 10:56:59.503845
7.605281501649103,8.54583538062985,2025-09-30 10:56:59.503845
7.6456129465679705,8.327636481802687,2025-09-30 10:56:59.503845
7.465554220196559,8.45953448345621,2025-09-30 10:56:59.503845
7.42905698035443,7.992544867354379,2025-09-30 10:56:59.503845
7.33992927245937,8.058683238390046,2025-09-30 10:56:59.503845
7.7610883085854265,8.746914281997842,2025-09-30 10:56:59.503845
7.42712772687348,8.728800296767819,2025-09-30 10:56:59.503845
7.706527501518807,8.337443198395638,2025-09-30 10:56:59.503845
7.297253542779886,8.523549395080751,2025-09-30 10:56:59.503845
7.685475268971089,8.128754170217297,2025-09-30 10:56:59.503845
7.6016282330680225,8.234903877751211,2025-09-30 10:56:59.503845
7.5459345817741745,8.063566715952229,2025-09-30 10:56:59.503845
7.441715285030957,8.465508122226243,2025-09-30 10:56:59.503845
7.319306048527511,8.11626061962457,2025-09-30 10:56:59.503845
7.370387473447471,7.965875360137106,2025-09-30 10:56:59.503845
7.51172375164735,8.498779269969711,2025-09-30 10:56:59.503845
7.343408000667757,8.015774863873038,2025-09-30 10:56:59.503845
7.527279484280576,8.564678616322755,2025-09-30 10:56:59.503845
7.482290752019248,8.358689408818382,2025-09-30 10:56:59.503845
7.511045439105584,8.537926094785401,2025-09-30 10:56:59.503845
7.431797527407522,8.357670297416036,2025-09-30 10:56:59.503845
7.588159155086766,8.250923712592979,2025-09-30 10:56:59.503845
7.418663666356655,8.327994208095117,2025-09-30 10:56:59.503845
7.6767723738068705,8.465083139202596,2025-09-30 10:56:59.503845
7.455619463504078,8.394802780269515,2025-09-30 10:56:59.503845
7.4959048868007185,8.77093686831492,2025-09-30 10:56:59.503845
7.596566593799678,8.545983534819587,2025-09-30 10:56:59.503845
7.205508535319388,8.46685033336493,2025-09-30 10:56:59.503845
7.498950912519068,8.15648554553792,2025-09-30 10:56:59.503845
7.501907498745016,8.010239064664141,2025-09-30 10:56:59.503845
7.424695003397464,8.019565081712164,2025-09-30 10:56:59.503845
7.786336029061538,8.611630972714298,2025-09-30 10:56:59.503845
7.6290516111532,8.262469300912883,2025-09-30 10:56:59.503845
7.642777193302269,8.342368903029032,2025-09-30 10:56:59.503845
7.2104108049679345,8.350345035259283,2025-09-30 10:56:59.503845
7.140306595013177,8.308068318044826,2025-09-30 10:56:59.503845
7.658255004807958,8.230474312127603,2025-09-30 10:56:59.503845
7.549771644419108,7.948856852397811,2025-09-30 10:56:59.503845
7.517415870580413,8.050418641712822,2025-09-30 10:56:59.503845
7.471127170012222,8.424254646053672,2025-09-30 10:56:59.503845
7.261298384899275,8.297301272164775,2025-09-30 10:56:59.503845
7.742177661111708,8.17574441768566,2025-09-30 10:56:59.503845
7.577207804460221,8.113470256354706,2025-09-30 10:56:59.503845
7.671111261130258,8.638600596011749,2025-09-30 10:56:59.503845
7.5056169578755645,8.395528014817948,2025-09-30 10:56:59.503845
7.818447926953841,8.415828706034931,2025-09-30 10:56:59.503845
7.342092673781601,8.347597173981281,2025-09-30 10:56:59.503845
7.415913939399366,8.279025320803735,2025-09-30 10:56:59.503845
7.70049168107527,8.359960794259786,2025-09-30 10:56:59.503845
7.624150099990456,8.32145173008401,2025-09-30 10:56:59.503845
7.4957083957092445,8.483362318815763,2025-09-30 10:56:59.503845
7.49637354959604,8.380802697152292,2025-09-30 10:56:59.503845
7.520790505417402,7.830975071190553,2025-09-30 10:56:59.503845
7.344686353141793,8.624490902581945,2025-09-30 10:56:59.503845
7.4948749590186425,8.397588354827105,2025-09-30 10:56:59.503845
7.376525591152953,7.980711276850478,2025-09-30 10:56:59.503845
7.4861779471832985,8.284201150600296,2025-09-30 10:56:59.503845
7.6599406964426855,8.368685528340983,2025-09-30 10:56:59.503845
7.235638439974114,8.274264185442584,2025-09-30 10:56:59.503845
7.377365862564542,8.549685192968875,2025-09-30 10:56:59.503845
7.426107355164876,8.199895476100199,2025-09-30 10:56:59.503845
7.586494945565721,7.899446616288562,2025-09-30 10:56:59.503845
7.424971209515009,8.399043507722466,2025-09-30 10:56:59.503845
7.304728960954775,8.183079334676671,2025-09-30 10:56:59.503845
7.394361697090311,8.236780897455615,2025-09-30 10:56:59.503845
7.319456417865971,8.236078054709882,2025-09-30 10:56:59.503845
7.600189982266856,8.55285530628755,2025-09-30 10:56:59.503845
7.404677169261784,8.356964278464934,2025-09-30 10:56:59.503845
7.649468716412559,8.345286132966292,2025-09-30 10:56:59.503845
7.607752621232403,8.183700120433368,2025-09-30 10:56:59.503845
7.223442907728864,8.395295676669607,2025-09-30 10:56:59.503845
7.620481767831948,8.297902085117979,2025-09-30 10:56:59.503845
7.397985008020122,8.36220470562586,2025-09-30 10:56:59.503845
7.509593388252332,8.242575679936916,2025-09-30 10:56:59.503845
7.355121341811611,8.388183230963573,2025-09-30 10:56:59.503845
7.6719904942559545,8.332822005107607,2025-09-30 10:56:59.503845
7.556956050150213,8.596105498307994,2025-09-30 10:56:59.503845
7.708739736867528,8.377961288213784,2025-09-30 10:56:59.503845
7.362097307944711,8.545543808138815,2025-09-30 10:56:59.503845
7.498148542252099,8.562903071153494,2025-09-30 10:56:59.503845
7.665092855810399,8.151639610745317,2025-09-30 10:56:59.503845
7.648988649705883,8.199532986704028,2025-09-30 10:56:59.503845
7.381266903800997,8.684541894678722,2025-09-30 10:56:59.503845
7.491639809199514,8.13341626538712,2025-09-30 10:56:59.503845
7.480728795901813,8.356595085876817,2025-09-30 10:56:59.503845
7.591285121057903,8.599142605075151,2025-09-30 10:56:59.503845
7.355075482871085,7.901665469903273,2025-09-30 10:56:59.503845
7.736004898139666,8.451026498049067,2025-09-30 10:56:59.503845
7.6948072832651,8.50842506394454,2025-09-30 10:56:59.503845
7.284172949239243,8.39894583786313,2025-09-30 10:56:59.503845
7.360184505053327,8.631187760786066,2025-09-30 10:56:59.503845
7.451793976600261,8.16699526226455,2025-09-30 10:56:59.503845
7.366699860499481,8.389407534818659,2025-09-30 10:56:59.503845
7.1650232235836615,8.43774531360024,2025-09-30 10:56:59.503845
7.615732019744674,8.371388122458002,2025-09-30 10:56:59.503845
7.43628866470885,8.489582081152145,2025-09-30 10:56:59.503845
7.805831864327822,8.448849091915832,2025-09-30 10:56:59.503845
7.5737562937220675,8.225685021710486,2025-09-30 10:56:59.503845
7.456356253060761,8.64681201564568,2025-09-30 10:56:59.503845
7.66628232580095,8.315933648754406,2025-09-30 10:56:59.503845
7.68919471686701,8.55061611904487,2025-09-30 10:56:59.503845
7.5145877511745915,8.474872052222223,2025-09-30 10:56:59.503845
7.678416683871474,8.254355478056477,2025-09-30 10:56:59.503845
7.768737021797288,8.24682371066394,2025-09-30 10:56:59.503845
7.399135152740361,8.584473313245658,2025-09-30 10:56:59.503845
7.588792394229644,8.654421972249693,2025-09-30 10:56:59.503845
7.430156627752796,8.422542298056268,2025-09-30 10:56:59.503845
7.634794610404202,8.368753274498161,2025-09-30 10:56:59.503845
7.7386289970960425,8.340519560061292,2025-09-30 10:56:59.503845
7.395511097440896,8.440931768834949,2025-09-30 10:56:59.503845
7.436794295164529,8.224804912798099,2025-09-30 10:56:59.503845
7.723980839224244,8.08077273384179,2025-09-30 10:56:59.503845
7.562178189745327,8.443001393055773,2025-09-30 10:56:59.503845
7.582784042496222,8.19304533257082,2025-09-30 10:56:59.503845
7.560179494153361,8.323711642220504,2025-09-30 10:56:59.503845
7.42893223597891,7.937260130600296,2025-09-30 10:56:59.503845
7.413980419065061,8.234406591742914,2025-09-30 10:56:59.503845
7.557962417882719,8.379335106950185,2025-09-30 10:56:59.503845
7.5413012782928615,8.406173714702518,2025-09-30 10:56:59.503845
7.620925397888575,8.584507238331772,2025-09-30 10:56:59.503845
7.390606550478859,8.398465555346613,2025-09-30 10:56:59.503845
7.26416523816688,8.490307858409707,2025-09-30 10:56:59.503845
7.92575771257692,8.444631262749658,2025-09-30 10:56:59.503845
7.4870897530791,8.234854054034008,2025-09-30 10:56:59.503845
7.415307973691705,8.661830717263888,2025-09-30 10:56:59.503845
7.6479518982699135,8.055654953700683,2025-09-30 10:56:59.503845
7.283201248172792,8.222108685571657,2025-09-30 10:56:59.503845
7.491181052581363,8.441226336483032,2025-09-30 10:56:59.503845
7.51626342731663,8.519339090187302,2025-09-30 10:56:59.503845
7.4967428801340565,8.426788802310835,2025-09-30 10:56:59.503845
7.701459000624688,8.348623395239786,2025-09-30 10:56:59.503845
7.457440445655025,8.527518992628034,2025-09-30 10:56:59.503845
7.48469147777451,8.140086108514248,2025-09-30 10:56:59.503845
7.408277372207909,8.611494840842942,2025-09-30 10:56:59.503845
7.372191405080591,8.081133365693377,2025-09-30 10:56:59.503845
7.578521075753376,8.701109094277816,2025-09-30 10:56:59.503845
7.69450338000633,8.362955154420947,2025-09-30 10:56:59.503845
7.465508988944744,8.403035154322975,2025-09-30 10:56:59.503845
7.638774859841514,8.467389158353708,2025-09-30 10:56:59.503845
7.466836385897146,8.389745398802692,2025-09-30 10:56:59.503845
7.526127786048089,8.247962836922651,2025-09-30 10:56:59.503845
7.633964876541982,7.9715558938775235,2025-09-30 10:56:59.503845
7.502784000364375,8.260765966110721,2025-09-30 10:56:59.503845
7.478067654421365,8.275634714979944,2025-09-30 10:56:59.503845
7.455596174427487,8.443365906055273,2025-09-30 10:56:59.503845
7.720063920971287,8.510856776929678,2025-09-30 10:56:59.503845
7.294374698831834,8.143596772367315,2025-09-30 10:56:59.503845
7.493173139527848,8.369222486483295,2025-09-30 10:56:59.503845
7.29174094592201,8.390109004868426,2025-09-30 10:56:59.503845
7.503396070590581,7.828230028203143,2025-09-30 10:56:59.503845
6.940143076509751,8.325786083497865,2025-09-30 10:56:59.503845
7.511620460397404,8.445878679805126,2025-09-30 10:56:59.503845
7.345823629102026,8.03024903539204,2025-09-30 10:56:59.503845
7.565472395141434,8.298529809806096,2025-09-30 10:56:59.503845
7.4755512488791585,8.220707373939948,2025-09-30 10:56:59.503845
7.73661906672753,8.400848479535163,2025-09-30 10:56:59.503845
7.207003810651349,8.440129663494194,2025-09-30 10:56:59.503845
7.6469023138004975,8.683186787352126,2025-09-30 10:56:59.503845
7.5581185585657,8.15465374733902,2025-09-30 10:56:59.503845
7.24381151880791,8.350953727780464,2025-09-30 10:56:59.503845
7.200862559378474,8.589830376007143,2025-09-30 10:56:59.503845
7.659395314410741,8.22154927376081,2025-09-30 10:56:59.503845
7.464211234302503,8.351745574610938,2025-09-30 10:56:59.503845
7.463739588342812,8.327929476281774,2025-09-30 10:56:59.503845
7.606316133390522,8.152964492183457,2025-09-30 10:56:59.503845
7.181221121712382,8.052043428709823,2025-09-30 10:56:59.503845
7.682157695135915,8.303678787197843,2025-09-30 10:56:59.503845
7.416382974992771,8.424084196885293,2025-09-30 10:56:59.503845
7.684547182752048,8.386675119255255,2025-09-30 10:56:59.503845
7.604779490943094,8.652654658892924,2025-09-30 10:56:59.503845
7.503123661070854,8.204539425525248,2025-09-30 10:56:59.503845
7.675274127788291,8.506615258220224,2025-09-30 10:56:59.503845
7.109272438414225,8.549623098669738,2025-09-30 10:56:59.503845
7.6677635202658605,7.927667386505529,2025-09-30 10:56:59.503845
7.692972359618824,8.351311817736395,2025-09-30 10:56:59.503845
7.594185350196416,8.601570842986273,2025-09-30 10:56:59.503845
7.584667479683668,8.528279743578103,2025-09-30 10:56:59.503845
7.798237203037202,8.124879113717164,2025-09-30 10:56:59.503845
7.743198314840173,8.333372451612247,2025-09-30 10:56:59.503845
7.457533334159266,8.609300552802585,2025-09-30 10:56:59.503845
7.479477943018163,8.2757762854624,2025-09-30 10:56:59.503845
7.4059621230489165,8.261398066482759,2025-09-30 10:56:59.503845
7.4255970025320694,7.874053574491992,2025-09-30 10:56:59.503845
7.632063706472071,8.831282503975162,2025-09-30 10:56:59.503845
7.193838815053834,8.211288269264761,2025-09-30 10:56:59.503845
7.528466794457238,8.609044948971826,2025-09-30 10:56:59.503845
7.205743439602066,8.345907481936033,2025-09-30 10:56:59.503845
7.651878771507994,8.364773423824586,2025-09-30 10:56:59.503845
7.463127795018307,8.581885904014298,2025-09-30 10:56:59.503845
7.339096970413594,8.578733001558184,2025-09-30 10:56:59.503845
7.66127555058757,8.514911473933198,2025-09-30 10:56:59.503845
7.241588889425866,8.352444894161216,2025-09-30 10:56:59.503845
7.629704127301882,8.093113022384188,2025-09-30 10:56:59.503845
7.351704447882215,8.170385730207586,2025-09-30 10:56:59.503845
7.4419993156437085,8.675294130013127,2025-09-30 10:56:59.503845
7.4233307381450135,8.233137256285639,2025-09-30 10:56:59.503845
7.793525746556898,8.65623379184244,2025-09-30 10:56:59.503845
7.544381551995052,8.630680797954973,2025-09-30 10:56:59.503845
7.247940909344268,8.53240301452708,2025-09-30 10:56:59.503845
7.3736334584793,8.179334100162484,2025-09-30 10:56:59.503845
7.523088221897843,8.397588109428275,2025-09-30 10:56:59.503845
7.444385639991574,8.45942250516316,2025-09-30 10:56:59.503845
7.326461491353405,8.501952872173149,2025-09-30 10:56:59.503845
7.990199016616933,8.27923707350371,2025-09-30 10:56:59.503845
7.746671157151421,8.350097433371161,2025-09-30 10:56:59.503845
7.732036694022161,8.337188761352285,2025-09-30 10:56:59.503845
7.724631984421506,8.466800490913773,2025-09-30 10:56:59.503845
7.462736654903536,8.169525001705761,2025-09-30 10:56:59.503845
7.3961251228767395,8.279879140103368,2025-09-30 10:56:59.503845
7.371150007687699,8.60587736104957,2025-09-30 10:56:59.503845
7.249037685137236,8.416692520076541,2025-09-30 10:56:59.503845
7.445655705645048,8.128466456121195,2025-09-30 10:56:59.503845
7.362332932995254,8.491390533255949,2025-09-30 10:56:59.503845
7.6218996384542645,8.277395556105208,2025-09-30 10:56:59.503845
7.381642126023686,8.580402511032368,2025-09-30 10:56:59.503845
7.715639124399128,8.249508357963592,2025-09-30 10:56:59.503845
7.3521787189867425,8.495585603503596,2025-09-30 10:56:59.503845
7.300176467174144,8.133435440729302,2025-09-30 10:56:59.503845
7.449267304195992,8.245624549410145,2025-09-30 10:56:59.503845
7.606890007682271,8.661616299461883,2025-09-30 10:56:59.503845
7.265066780843352,8.053727997947867,2025-09-30 10:56:59.503845
7.64449578587316,8.177145083843234,2025-09-30 10:56:59.503845
7.430125353778812,8.42657429198992,2025-09-30 10:56:59.503845
7.376190107123605,8.26211970594938,2025-09-30 10:56:59.503845
7.308549413231274,7.972853949258203,2025-09-30 10:56:59.503845
7.568256736879673,8.133029173370517,2025-09-30 10:56:59.503845
7.384342993151518,8.794087470466259,2025-09-30 10:56:59.503845
7.541943305989926,8.172174066087045,2025-09-30 10:56:59.503845
7.4424409094162245,8.414665193528299,2025-09-30 10:56:59.503845
7.873562770813848,8.303811013959033,2025-09-30 10:56:59.503845
7.619642806654368,8.10058101608712,2025-09-30 10:56:59.503845
7.584791089414895,8.420449937090217,2025-09-30 10:56:59.503845
7.452921396982675,8.676204724877893,2025-09-30 10:56:59.503845
7.665949222496095,8.177513262666274,2025-09-30 10:56:59.503845
7.42955110255941,8.522281791155205,2025-09-30 10:56:59.503845
7.5035155741815,8.360595249105812,2025-09-30 10:56:59.503845
7.252446665049148,8.190213958995002,2025-09-30 10:56:59.503845
7.507243182608199,8.510003271324166,2025-09-30 10:56:59.503845
7.328790349162246,8.722430806420517,2025-09-30 10:56:59.503845
7.256130019685531,8.036276301345778,2025-09-30 10:56:59.503845
7.282582562868915,8.315115907849089,2025-09-30 10:56:59.503845
7.528362146310689,8.48477877078929,2025-09-30 10:56:59.503845
7.3619069508473425,8.498082192430578,2025-09-30 10:56:59.503845
7.367380796548657,8.300788836207584,2025-09-30 10:56:59.503845
7.621967110102487,8.412331624326738,2025-09-30 10:56:59.503845
7.509243228606321,8.32478793282275,2025-09-30 10:56:59.503845
7.5903314174530845,7.983240298831795,2025-09-30 10:56:59.503845
7.540909043985644,8.08605308839409,2025-09-30 10:56:59.503845
7.438051188954426,8.350359675576586,2025-09-30 10:56:59.503845
7.39093591050503,8.653829801467435,2025-09-30 10:56:59.503845
7.599857238442856,8.265063709666972,2025-09-30 10:56:59.503845
7.4087853016843,8.109102932530796,2025-09-30 10:56:59.503845
7.901900634319975,8.031842188476695,2025-09-30 10:56:59.503845
7.694562489286557,8.208159288241294,2025-09-30 10:56:59.503845
7.57037518199749,8.204053964553031,2025-09-30 10:56:59.503845
7.395875532291747,8.047980733219996,2025-09-30 10:56:59.503845
7.745689413711754,8.438133179518953,2025-09-30 10:56:59.503845
7.468686998712838,8.362652174203022,2025-09-30 10:56:59.503845
7.3646609640546,8.092368701387464,2025-09-30 10:56:59.503845
7.6833005386993944,8.652470947594805,2025-09-30 10:56:59.503845
7.638199240363899,8.006714910242902,2025-09-30 10:56:59.503845
7.574592053148487,8.37861989631196,2025-09-30 10:56:59.503845
7.152784334513437,8.460872708551705,2025-09-30 10:56:59.503845
7.425145747943911,8.011430844815951,2025-09-30 10:56:59.503845
7.6953809356103715,8.563044450136179,2025-09-30 10:56:59.503845
7.559268635411401,8.499038090481935,2025-09-30 10:56:59.503845
7.6288318969807465,8.026254063964574,2025-09-30 10:56:59.503845
7.449680330231767,8.363789887872226,2025-09-30 10:56:59.503845
7.703986530312523,8.16770753871418,2025-09-30 10:56:59.503845
7.56975518580203,8.327615142419173,2025-09-30 10:56:59.503845
7.591289331884535,8.457035860947828,2025-09-30 10:56:59.503845
7.59279770297118,8.14380547417613,2025-09-30 10:56:59.503845
7.210977434546198,8.422993485199296,2025-09-30 10:56:59.503845
7.932074709094671,8.580304983115447,2025-09-30 10:56:59.503845
7.465572839368996,8.552062712162266,2025-09-30 10:56:59.503845
7.059784133711882,8.48345442263334,2025-09-30 10:56:59.503845
7.305026499621513,8.256955408457817,2025-09-30 10:56:59.503845
7.850454452966343,8.536301915968462,2025-09-30 10:56:59.503845
7.69253784330452,8.086695139914472,2025-09-30 10:56:59.503845
7.647756887940814,8.449088743821093,2025-09-30 10:56:59.503845
7.64355414775252,8.182806919611073,2025-09-30 10:56:59.503845
7.452801802630636,7.979343641453019,2025-09-30 10:56:59.503845
7.523435894871171,8.168749420530576,2025-09-30 10:56:59.503845
7.155387162512884,8.625577139972897,2025-09-30 10:56:59.503845
7.492915622831297,8.129034653496824,2025-09-30 10:56:59.503845
7.401692140949691,8.396156520129924,2025-09-30 10:56:59.503845
7.4264504538786955,8.604082580843261,2025-09-30 10:56:59.503845
7.464334147374273,8.572270788246772,2025-09-30 10:56:59.503845
7.771711483095014,8.17806954680224,2025-09-30 10:56:59.503845
7.300541832791389,8.243548731111394,2025-09-30 10:56:59.503845
7.482369544634927,8.326833670792327,2025-09-30 10:56:59.503845
7.460285993487907,8.177765628054079,2025-09-30 10:56:59.503845
7.5096504473743675,8.537035264763794,2025-09-30 10:56:59.503845
7.697914498804675,8.317964181644614,2025-09-30 10:56:59.503845
7.522828942096328,8.680347584967722,2025-09-30 10:56:59.503845
7.275410928323473,8.442312250243644,2025-09-30 10:56:59.503845
7.429193682557843,8.327859966232749,2025-09-30 10:56:59.503845
7.351804321456857,8.497305677081064,2025-09-30 10:56:59.503845
7.731919924413742,8.487427569142795,2025-09-30 10:56:59.503845
7.702806755293589,8.38640055983057,2025-09-30 10:56:59.503845
7.595459737458709,8.505254749516576,2025-09-30 10:56:59.503845
7.356053940159525,8.518950151060368,2025-09-30 10:56:59.503845
7.1682361621603725,8.253647802277342,2025-09-30 10:56:59.503845
7.575395268407959,8.244243333923588,2025-09-30 10:56:59.503845
7.39469297893915,8.133115759381349,2025-09-30 10:56:59.503845
7.498208421579421,8.786030137642365,2025-09-30 10:56:59.503845
7.409917013321404,8.472770350154908,2025-09-30 10:56:59.503845
7.245814546624485,8.664738298052352,2025-09-30 10:56:59.503845
7.437892973655034,8.084149029630264,2025-09-30 10:56:59.503845
7.6603352394896875,8.371423222948717,2025-09-30 10:56:59.503845
7.393508300309973,8.477062465303346,2025-09-30 10:56:59.503845
7.491168835955431,8.192303374115538,2025-09-30 10:56:59.503845
7.595424209256664,8.159444939456462,2025-09-30 10:56:59.503845
7.398457327844886,8.368983966847098,2025-09-30 10:56:59.503845
7.64142611492118,8.07151321463982,2025-09-30 10:56:59.503845
7.349636314657192,8.400025371803068,2025-09-30 10:56:59.503845
7.462341305600643,8.155240386433261,2025-09-30 10:56:59.503845
7.680316876793513,8.205930538922876,2025-09-30 10:56:59.503845
7.203524017788344,8.468306847746284,2025-09-30 10:56:59.503845
7.679040482097624,8.452375019867995,2025-09-30 10:56:59.503845
7.578975945327638,8.435071066499635,2025-09-30 10:56:59.503845
7.75777456857434,8.417368795099017,2025-09-30 10:56:59.503845
7.22222676940386,8.426677854247894,2025-09-30 10:56:59.503845
7.832399653875968,8.341018397784685,2025-09-30 10:56:59.503845
7.441455610760798,8.04212051577128,2025-09-30 10:56:59.503845
7.632876410114541,8.125178817858663,2025-09-30 10:56:59.503845
7.565916130794838,8.330164219354096,2025-09-30 10:56:59.503845
7.748525517761905,8.517414885586133,2025-09-30 10:56:59.503845
7.444599263597778,8.32601311163008,2025-09-30 10:56:59.503845
7.6330469694705405,8.36980712305817,2025-09-30 10:56:59.503845
7.583162240360817,8.3975047086778,2025-09-30 10:56:59.503845
7.6698088081649285,8.27639787489376,2025-09-30 10:56:59.503845
7.809466572564264,8.445743446121934,2025-09-30 10:56:59.503845
7.753533231112196,8.502224695589645,2025-09-30 10:56:59.503845
7.63533010531142,8.638804846979962,2025-09-30 10:56:59.503845
7.488851702415406,8.325682951256985,2025-09-30 10:56:59.503845
7.569027125860127,8.750121522683402,2025-09-30 10:56:59.503845
7.512487131622387,8.332144298898795,2025-09-30 10:56:59.503845
7.768132863926225,8.332314929809186,2025-09-30 10:56:59.503845
7.647757115153209,8.611569419632705,2025-09-30 10:56:59.503845
7.624460293110151,8.574220063992865,2025-09-30 10:56:59.503845
7.463340404322774,8.16550229281347,2025-09-30 10:56:59.503845
7.56119559600206,8.141107815054024,2025-09-30 10:56:59.503845
7.543626718743429,8.527243826536823,2025-09-30 10:56:59.503845
7.506770138832246,8.26583804335907,2025-09-30 10:56:59.503845
7.368862291095898,8.634843091194128,2025-09-30 10:56:59.503845
7.5007150544199686,8.313277687113386,2025-09-30 10:56:59.503845
7.514927620395619,8.56853341351939,2025-09-30 10:56:59.503845
7.411445366248782,8.075253502430542,2025-09-30 10:56:59.503845
7.395838946657937,8.300632900580474,2025-09-30 10:56:59.503845
7.436527932282849,8.37941164316493,2025-09-30 10:56:59.503845
7.455875213113352,8.503274589959467,2025-09-30 10:56:59.503845
7.483427983260612,8.289159123154528,2025-09-30 10:56:59.503845
7.213674297615292,8.306300133557476,2025-09-30 10:56:59.503845
7.736070846860017,8.53108066144447,2025-09-30 10:56:59.503845
7.435477515524222,8.321502085348756,2025-09-30 10:56:59.503845
7.539988492467094,8.402309889677468,2025-09-30 10:56:59.503845
7.474160109916356,7.923668068155474,2025-09-30 10:56:59.503845
7.696098414617862,8.255060051578567,2025-09-30 10:56:59.503845
7.448094850923082,8.410902369532213,2025-09-30 10:56:59.503845
7.653704919062694,8.206442741510974,2025-09-30 10:56:59.503845
7.800890631634671,8.749708993383656,2025-09-30 10:56:59.503845
7.528258850575563,8.504757369875945,2025-09-30 10:56:59.503845
7.735245329093757,8.337972018894845,2025-09-30 10:56:59.503845
7.410446960321652,7.8233905742780285,2025-09-30 10:56:59.503845
7.644621282169383,8.616138272456453,2025-09-30 10:56:59.503845
7.6325777617879975,7.993504562738573,2025-09-30 10:56:59.503845
7.293738573089366,8.311978421277258,2025-09-30 10:56:59.503845
7.76866474982669,8.627607763982349,2025-09-30 10:56:59.503845
7.462063183404024,8.407134324789926,2025-09-30 10:56:59.503845
7.74257496235357,8.323627972339708,2025-09-30 10:56:59.503845
7.48799162852481,8.136414245248277,2025-09-30 10:56:59.503845
7.525237002830599,8.052727768987536,2025-09-30 10:56:59.503845
7.751019308021781,8.477366582324638,2025-09-30 10:56:59.503845
7.471802823221869,8.24786380747372,2025-09-30 10:56:59.503845
7.516647022523788,8.595800265957191,2025-09-30 10:56:59.503845
7.40974802948187,8.348253853287693,2025-09-30 10:56:59.503845
7.400287613538939,8.453569901957989,2025-09-30 10:56:59.503845
7.522325433384926,8.395098166277903,2025-09-30 10:56:59.503845
7.32104341098762,8.128609531470548,2025-09-30 10:56:59.503845
7.5813686379165,8.35921640255439,2025-09-30 10:56:59.503845
7.4251740275792,8.256735279131014,2025-09-30 10:56:59.503845
7.505695873750764,8.179522569297767,2025-09-30 10:56:59.503845
7.307138785775608,7.889351592167362,2025-09-30 10:56:59.503845
7.544656080955314,8.2638445637984,2025-09-30 10:56:59.503845
7.531667507034183,8.435843391741034,2025-09-30 10:56:59.503845
7.366124582302298,8.31349814019276,2025-09-30 10:56:59.503845
7.500422858379177,8.22041804274266,2025-09-30 10:56:59.503845
7.377817583711155,7.821157288498055,2025-09-30 10:56:59.503845
7.570823900120985,8.081002174685175,2025-09-30 10:56:59.503845
7.570139129971679,8.288394385774232,2025-09-30 10:56:59.503845
7.658159302748146,8.560375028567154,2025-09-30 10:56:59.503845
7.572132635031287,8.249303446035425,2025-09-30 10:56:59.503845
7.770494344115364,8.241887308307394,2025-09-30 10:56:59.503845
7.351809155287967,8.281283685135588,2025-09-30 10:56:59.503845
7.3729686443418405,8.448103468886217,2025-09-30 10:56:59.503845
7.583493879647551,8.48498605369442,2025-09-30 10:56:59.503845
7.325441547480604,8.340012036505508,2025-09-30 10:56:59.503845
7.338568153359084,8.641245504664214,2025-09-30 10:56:59.503845
7.545296945121417,8.438608053854313,2025-09-30 10:56:59.503845
7.380057805268934,8.280023478652346,2025-09-30 10:56:59.503845
7.55221173696233,8.424914890195842,2025-09-30 10:56:59.503845
7.478655385040242,8.52979858271436,2025-09-30 10:56:59.503845
7.1998138989310005,8.35135546693389,2025-09-30 10:56:59.503845
7.589726718838908,8.464203099439262,2025-09-30 10:56:59.503845
7.597410205002321,8.581176862566075,2025-09-30 10:56:59.503845
7.436814385741169,8.317239271031811,2025-09-30 10:56:59.503845
7.528318591828683,8.236031450302502,2025-09-30 10:56:59.503845
7.418180733313173,8.084261301218955,2025-09-30 10:56:59.503845
7.56475571258159,8.228026322337087,2025-09-30 10:56:59.503845
7.511309578243023,8.396221601649797,2025-09-30 10:56:59.503845
7.410502228920157,8.89005703967868,2025-09-30 10:56:59.503845
7.5397818891283395,8.267774072302542,2025-09-30 10:56:59.503845
7.4423111047473975,8.423895479146486,2025-09-30 10:56:59.503845
7.937788798043209,8.56355477912308,2025-09-30 10:56:59.503845
7.477407979276436,8.113048408164746,2025-09-30 10:56:59.503845
7.421183295944076,8.004840812271869,2025-09-30 10:56:59.503845
7.4766160948738465,8.703474799666244,2025-09-30 10:56:59.503845
7.254777391557691,8.30403673056571,2025-09-30 10:56:59.503845
7.443282459750551,8.389263177394426,2025-09-30 10:56:59.503845
7.421646488128029,8.567825297195094,2025-09-30 10:56:59.503845
7.626009978911224,8.299878040859051,2025-09-30 10:56:59.503845
7.626701461719087,8.37479384699235,2025-09-30 10:56:59.503845
7.615128111693727,8.675368984759642,2025-09-30 10:56:59.503845
7.922540526479236,8.317001541181492,2025-09-30 10:56:59.503845
7.4133945532671195,8.435043858784857,2025-09-30 10:56:59.503845
7.25962108927789,8.489668581769706,2025-09-30 10:56:59.503845
7.688335011316908,8.115898376064047,2025-09-30 10:56:59.503845
7.775050373989708,8.354360566797778,2025-09-30 10:56:59.503845
7.44760361547005,8.532652590958216,2025-09-30 10:56:59.503845
7.2961232211492995,8.320427251973513,2025-09-30 10:56:59.503845
7.253818807865459,8.387854034625457,2025-09-30 10:56:59.503845
7.570019940504474,8.370105752420539,2025-09-30 10:56:59.503845
7.485050189157929,8.615301881100388,2025-09-30 10:56:59.503845
7.255694275790054,8.033065710096333,2025-09-30 10:56:59.503845
7.434353893911752,8.312687567204106,2025-09-30 10:56:59.503845
7.450576760691309,8.411324695674345,2025-09-30 10:56:59.503845
7.241080357426646,8.41725201285518,2025-09-30 10:56:59.503845
7.607325674618306,7.852796963263096,2025-09-30 10:56:59.503845
7.268606524719426,8.126720874584997,2025-09-30 10:56:59.503845
7.618714187606004,8.487315546336905,2025-09-30 10:56:59.503845
7.537816029409256,8.489424628569337,2025-09-30 10:56:59.503845
7.30693692444603,8.260164170985897,2025-09-30 10:56:59.503845
7.335641828546944,8.189119502590598,2025-09-30 10:56:59.503845
7.737516370966635,8.31932317437169,2025-09-30 10:56:59.503845
7.56253670545916,8.190185790329895,2025-09-30 10:56:59.503845
7.444867139060317,8.36529879943696,2025-09-30 10:56:59.503845
7.496333699321994,8.306472705325117,2025-09-30 10:56:59.503845
7.4092753253530885,8.748037827596708,2025-09-30 10:56:59.503845
7.5057140893647585,8.84598960930573,2025-09-30 10:56:59.503845
7.36397158057949,8.261860397617344,2025-09-30 10:56:59.503845
7.1709666783572015,8.434434257414038,2025-09-30 10:56:59.503845
7.527547566000028,8.328468331093505,2025-09-30 10:56:59.503845
7.822726900465774,8.641132647984252,2025-09-30 10:56:59.503845
7.697383896314783,8.416377569182337,2025-09-30 10:56:59.503845
7.502020711926669,8.618152575524206,2025-09-30 10:56:59.503845
7.4607711581433325,8.31760994506178,2025-09-30 10:56:59.503845
7.809953892123531,8.254311803748447,2025-09-30 10:56:59.503845
7.383981354365049,8.034132527956102,2025-09-30 10:56:59.503845
7.395663983487547,8.418007824605876,2025-09-30 10:56:59.503845
7.6245532725625145,8.27149506958682,2025-09-30 10:56:59.503845
7.881359995222788,8.675036739618925,2025-09-30 10:56:59.503845
7.483818786196125,8.116522946893031,2025-09-30 10:56:59.503845
7.369672904132137,8.407987245080063,2025-09-30 10:56:59.503845
7.678754793333834,8.508191959250043,2025-09-30 10:56:59.503845
7.467496968151438,8.82399640619765,2025-09-30 10:56:59.503845
7.614758206377489,8.301810398367454,2025-09-30 10:56:59.503845
7.490087656909402,8.338741027769426,2025-09-30 10:56:59.503845
7.392734332331482,8.113127902213657,2025-09-30 10:56:59.503845
7.780975607562576,8.0981177801434,2025-09-30 10:56:59.503845
7.395512403433241,8.522721345268891,2025-09-30 10:56:59.503845
7.994421737824045,8.368855269412999,2025-09-30 10:56:59.503845
7.540173121093705,8.41850465850225,2025-09-30 10:56:59.503845
7.339203757339989,8.15467779109522,2025-09-30 10:56:59.503845
7.688535821918611,8.66849881902714,2025-09-30 10:56:59.503845
7.565553771265661,8.564826659867922,2025-09-30 10:56:59.503845
7.324545352571343,8.544674215193766,2025-09-30 10:56:59.503845
7.152423232531047,8.361227190262818,2025-09-30 10:56:59.503845
7.661293359371573,8.387087346656742,2025-09-30 10:56:59.503845
7.249911640361082,8.547182920220218,2025-09-30 10:56:59.503845
7.442482799836672,8.072513104034002,2025-09-30 10:56:59.503845
7.6250327879076965,8.647617559091145,2025-09-30 10:56:59.503845
7.570829981172935,8.216754164050663,2025-09-30 10:56:59.503845
7.7271268688536745,8.722131793780822,2025-09-30 10:56:59.503845
7.538613861693694,8.564970785003412,2025-09-30 10:56:59.503845
7.626553238965154,8.261124199837628,2025-09-30 10:56:59.503845
7.329851379071911,8.426555694113494,2025-09-30 10:56:59.503845
7.619393343501434,7.904636565590776,2025-09-30 10:56:59.503845
7.8424877144651495,8.232597066888186,2025-09-30 10:56:59.503845
7.547152039875395,8.27596669253255,2025-09-30 10:56:59.503845
7.463757624133538,8.145361700993563,2025-09-30 10:56:59.503845
7.87121074297386,8.53632558774484,2025-09-30 10:56:59.503845
7.616511616585027,8.347982608690058,2025-09-30 10:56:59.503845
7.64127095105199,8.520929524322455,2025-09-30 10:56:59.503845
7.871520644949921,8.273038024042386,2025-09-30 10:56:59.503845
7.537879889126063,8.36965405786224,2025-09-30 10:56:59.503845
7.69652014091877,8.102007093252409,2025-09-30 10:56:59.503845
7.358012741487124,8.344225363500627,2025-09-30 10:56:59.503845
7.502141535848322,8.42328166762677,2025-09-30 10:56:59.503845
7.058662993394551,8.861413178012224,2025-09-30 10:56:59.503845
7.432024593663437,8.564160923039593,2025-09-30 10:56:59.503845
7.669941657400244,8.244073854435435,2025-09-30 10:56:59.503845
7.463791058016676,8.257803079766331,2025-09-30 10:56:59.503845
7.438817353461488,8.50129061769146,2025-09-30 10:56:59.503845
7.48403069542741,8.75757731903315,2025-09-30 10:56:59.503845
7.533387185092703,8.214133102571752,2025-09-30 10:56:59.503845
7.6059500871530785,8.105278232942796,2025-09-30 10:56:59.503845
7.314710441883478,8.170079316540027,2025-09-30 10:56:59.503845
7.681180804459563,8.214006174789942,2025-09-30 10:56:59.503845
7.446550305063951,8.147866581297167,2025-09-30 10:56:59.503845
7.429438568806061,8.71453685604114,2025-09-30 10:56:59.503845
7.548943831365188,8.36718207239767,2025-09-30 10:56:59.503845
7.623665692070092,8.548527291423456,2025-09-30 10:56:59.503845
7.4660723862109455,8.355692822324492,2025-09-30 10:56:59.503845
7.551006134635611,8.527671685804197,2025-09-30 10:56:59.503845
7.603747561082846,8.24751239421996,2025-09-30 10:56:59.503845
7.49920961869639,8.087181986784284,2025-09-30 10:56:59.503845
7.552120820703998,8.400956732330723,2025-09-30 10:56:59.503845
7.668493891331749,8.275268135655809,2025-09-30 10:56:59.503845
7.628886780389973,8.354394180079773,2025-09-30 10:56:59.503845
7.616087424225023,8.367459301399215,2025-09-30 10:56:59.503845
7.844836979581632,8.223295922064365,2025-09-30 10:56:59.503845
7.43202818033272,8.305246005369186,2025-09-30 10:56:59.503845
7.663426618687431,8.281672716488226,2025-09-30 10:56:59.503845
7.406882423136248,8.622670110047324,2025-09-30 10:56:59.503845
7.676998099718684,8.410915067852203,2025-09-30 10:56:59.503845
7.310334485718125,8.228899698405154,2025-09-30 10:56:59.503845
7.769270985863644,8.435574975245506,2025-09-30 10:56:59.503845
7.578736800448886,8.320425598740766,2025-09-30 10:56:59.503845
7.658538209108314,8.784172071593739,2025-09-30 10:56:59.503845
7.737043614607644,8.257664494639988,2025-09-30 10:56:59.503845
7.5267990820564386,8.181834150687768,2025-09-30 10:56:59.503845
7.713451682505197,7.996051202122169,2025-09-30 10:56:59.503845
7.546069778309038,8.677990884617119,2025-09-30 10:56:59.503845
7.505400598149817,8.767542624338754,2025-09-30 10:56:59.503845
7.640868040230759,8.280585527823648,2025-09-30 10:56:59.503845
7.507475674465584,8.344498073337265,2025-09-30 10:56:59.503845
7.509244518479781,8.564953462093397,2025-09-30 10:56:59.503845
7.587018578246829,8.325203914840866,2025-09-30 10:56:59.503845
7.501680958634493,8.393760762841024,2025-09-30 10:56:59.503845
7.3710768372066715,8.63888763206926,2025-09-30 10:56:59.503845
7.495258941776326,8.472231285711846,2025-09-30 10:56:59.503845
7.480356379936858,8.132083839109713,2025-09-30 10:56:59.503845
7.607264328470943,8.297516122012343,2025-09-30 10:56:59.503845
7.276282104342455,8.381797995173212,2025-09-30 10:56:59.503845
7.250120329484269,8.672439883423126,2025-09-30 10:56:59.503845
7.296521871370695,8.622621546810336,2025-09-30 10:56:59.503845
7.62005673260148,8.311853227586626,2025-09-30 10:56:59.503845
7.204424486604839,8.312421298894183,2025-09-30 10:56:59.503845
7.447879972583602,8.321462806760536,2025-09-30 10:56:59.503845
7.458857219917278,8.747982762493915,2025-09-30 10:56:59.503845
7.634704245690744,8.101611273726006,2025-09-30 10:56:59.503845
7.5288501491132935,8.264345246174182,2025-09-30 10:56:59.503845
7.422912884686813,8.460948531481248,2025-09-30 10:56:59.503845
7.381475437439292,8.349531775450615,2025-09-30 10:56:59.503845
7.5003251495066605,8.028121865717408,2025-09-30 10:56:59.503845
7.696518099670823,8.300103595440717,2025-09-30 10:56:59.503845
7.548401766074077,8.333454626442201,2025-09-30 10:56:59.503845
7.072614831208118,8.368900980943954,2025-09-30 10:56:59.503845
7.722291010951541,8.281674864382284,2025-09-30 10:56:59.503845
7.611653552543893,8.512472103833463,2025-09-30 10:56:59.503845
7.620176276544133,8.459657289850322,2025-09-30 10:56:59.503845
7.465895508248878,8.079977842366606,2025-09-30 10:56:59.503845
7.307908948436467,8.375605991390547,2025-09-30 10:56:59.503845
7.5101230737003295,8.436180611547199,2025-09-30 10:56:59.503845
7.530833976851094,8.471410333845697,2025-09-30 10:56:59.503845
7.261768571377457,8.336280497772458,2025-09-30 10:56:59.503845
7.257312447335645,8.2495328552349,2025-09-30 10:56:59.503845
7.369855284244304,8.495026433772471,2025-09-30 10:56:59.503845
7.539869404683883,8.521317715216602,2025-09-30 10:56:59.503845
7.229642578717596,8.268270058122557,2025-09-30 10:56:59.503845
7.628300128501572,8.439954807592155,2025-09-30 10:56:59.503845
7.557321866693776,8.25030821197626,2025-09-30 10:56:59.503845
7.7164689319006765,8.643285793867694,2025-09-30 10:56:59.503845
7.516193415661634,8.33284318536006,2025-09-30 10:56:59.503845
7.740444688526526,8.058205603392146,2025-09-30 10:56:59.503845
7.379313824417864,8.553882687606373,2025-09-30 10:56:59.503845
7.1280658485588555,8.473981634062682,2025-09-30 10:56:59.503845
7.699627304917615,8.390405029492685,2025-09-30 10:56:59.503845
7.631545984265829,8.529779532498203,2025-09-30 10:56:59.503845
7.296729917310408,8.621415332855157,2025-09-30 10:56:59.503845
7.64782978899407,8.439555802563646,2025-09-30 10:56:59.503845
7.45124785687877,8.537980644125504,2025-09-30 10:56:59.503845
7.452079893901054,8.350141767489166,2025-09-30 10:56:59.503845
7.394190358641827,8.012705075112772,2025-09-30 10:56:59.503845
7.689527209917556,7.924136360998194,2025-09-30 10:56:59.503845
7.529193242980543,8.40618029243032,2025-09-30 10:56:59.503845
7.173888131671722,8.296730068809998,2025-09-30 10:56:59.503845
7.406371677117744,8.21262878105258,2025-09-30 10:56:59.503845
7.4106245351678535,8.004650304429068,2025-09-30 10:56:59.503845
7.760068262861316,8.746214084171967,2025-09-30 10:56:59.503845
7.584615700995954,8.241929106307254,2025-09-30 10:56:59.503845
7.557102357667492,8.29393676635805,2025-09-30 10:56:59.503845
7.307538395538509,8.433332670122397,2025-09-30 10:56:59.503845
7.490097712621665,8.092365780789132,2025-09-30 10:56:59.503845
7.553083768425665,8.677019995638169,2025-09-30 10:56:59.503845
7.603130430214774,8.232703710494718,2025-09-30 10:56:59.503845
7.533046706929016,8.359402103966792,2025-09-30 10:56:59.503845
7.532663865988844,8.120230986448929,2025-09-30 10:56:59.503845
7.463068478989117,8.632561108003713,2025-09-30 10:56:59.503845
7.374501837876881,8.356253172273655,2025-09-30 10:56:59.503845
7.387892471358852,8.476777677835434,2025-09-30 10:56:59.503845
7.751751298723247,8.242895819241284,2025-09-30 10:56:59.503845
7.361107147738545,8.257125522542015,2025-09-30 10:56:59.503845
7.676706867174896,8.26364075643834,2025-09-30 10:56:59.503845
7.600444513181615,8.457549447720302,2025-09-30 10:56:59.503845
7.447906597354852,8.781539335050299,2025-09-30 10:56:59.503845
7.5797665809537405,8.29901959809446,2025-09-30 10:56:59.503845
7.336270537544482,8.544155969989681,2025-09-30 10:56:59.503845
7.613040367511733,8.555408851604021,2025-09-30 10:56:59.503845
7.4943066920742,8.370955562906262,2025-09-30 10:56:59.503845
7.7797659516790905,8.370158675860885,2025-09-30 10:56:59.503845
7.480272813158822,8.617833526347429,2025-09-30 10:56:59.503845
7.600528709396808,8.326592653694936,2025-09-30 10:56:59.503845
7.3828743531928955,8.256050909749913,2025-09-30 10:56:59.503845
7.416725785444055,8.72746540355368,2025-09-30 10:56:59.503845
7.456239496908052,8.30339830471567,2025-09-30 10:56:59.503845
7.579467104240721,8.51876779914373,2025-09-30 10:56:59.503845
7.5210854246861025,8.379220397636471,2025-09-30 10:56:59.503845
7.632389357070875,8.42778823011918,2025-09-30 10:56:59.503845
7.66378273372852,8.353147592696763,2025-09-30 10:56:59.503845
7.24922930226152,8.48409469810212,2025-09-30 10:56:59.503845
7.309709105252243,8.085546341028289,2025-09-30 10:56:59.503845
7.530125090207358,8.382514769362768,2025-09-30 10:56:59.503845
7.248481103785731,8.032344537048502,2025-09-30 10:56:59.503845
7.291675480890531,8.336681109338766,2025-09-30 10:56:59.503845
7.797331948334826,8.115137481215589,2025-09-30 10:56:59.503845
7.474235248401054,8.486719215222704,2025-09-30 10:56:59.503845
7.929941351878328,8.573098746850782,2025-09-30 10:56:59.503845
7.590749550807872,8.380700492478265,2025-09-30 10:56:59.503845
7.394781269114343,8.345310753980334,2025-09-30 10:56:59.503845
7.743940357187024,8.046294299298733,2025-09-30 10:56:59.503845
7.443365318820575,8.290013644814536,2025-09-30 10:56:59.503845
7.476750908948182,8.481984046333192,2025-09-30 10:56:59.503845
7.431712155622174,8.296331142864496,2025-09-30 10:56:59.503845
7.5519340103027,8.177046026129677,2025-09-30 10:56:59.503845
7.613660394030316,8.40782424367448,2025-09-30 10:56:59.503845
7.529074167302172,8.512577015146874,2025-09-30 10:56:59.503845
7.585569048866143,8.116868302233158,2025-09-30 10:56:59.503845
7.409987751354063,8.33686699457083,2025-09-30 10:56:59.503845
7.216044904183543,8.641637015944083,2025-09-30 10:56:59.503845
7.6913679977263385,8.476434039871215,2025-09-30 10:56:59.503845
7.527582540433631,8.588184620610683,2025-09-30 10:56:59.503845
7.633086194506699,8.187304627622805,2025-09-30 10:56:59.503845
7.353104982105093,8.352480811947919,2025-09-30 10:56:59.503845
7.315866899353977,8.515815335912412,2025-09-30 10:56:59.503845
7.471585329658364,8.357446093630795,2025-09-30 10:56:59.503845
7.365127461799923,8.52973261425066,2025-09-30 10:56:59.503845
7.413936890820397,8.55560731483745,2025-09-30 10:56:59.503845
7.441810003109207,8.356111838600329,2025-09-30 10:56:59.503845
7.577445629822212,8.69409952455342,2025-09-30 10:56:59.503845
7.345369345015986,8.287243817627912,2025-09-30 10:56:59.503845
7.1550114024383085,8.596778898555616,2025-09-30 10:56:59.503845
7.720020875414268,8.239423764861257,2025-09-30 10:56:59.503845
7.502370596752197,8.847438632513924,2025-09-30 10:56:59.503845
7.5136577788423935,8.505062185229304,2025-09-30 10:56:59.503845
7.607912546283223,8.520577376316552,2025-09-30 10:56:59.503845
7.324680886380108,8.25559057468902,2025-09-30 10:56:59.503845
7.425892838982932,8.187275018844735,2025-09-30 10:56:59.503845
7.866972430978823,8.303296027824196,2025-09-30 10:56:59.503845
7.7506787011602505,8.398887618636335,2025-09-30 10:56:59.503845
7.296393769440545,8.23919624232246,2025-09-30 10:56:59.503845
7.499029407295344,8.265626684054858,2025-09-30 10:56:59.503845
7.318920365114593,8.447952929470823,2025-09-30 10:56:59.503845
7.145824235593548,8.201998488810665,2025-09-30 10:56:59.503845
7.7522306385255035,8.516042470351813,2025-09-30 10:56:59.503845
7.284767063000672,8.207224243433359,2025-09-30 10:56:59.503845
7.480307958863735,8.911484144288938,2025-09-30 10:56:59.503845
7.805570990526136,8.53074509878429,2025-09-30 10:56:59.503845
7.312063826621904,8.068978104710236,2025-09-30 10:56:59.503845
7.788619400759938,7.912140306324532,2025-09-30 10:56:59.503845
7.682942859770257,8.30677418682076,2025-09-30 10:56:59.503845
7.688291963911028,8.40422892588987,2025-09-30 10:56:59.503845
7.273854396591034,8.199494375036789,2025-09-30 10:56:59.503845
7.748830230709772,8.7521675327817,2025-09-30 10:56:59.503845
7.511104769140453,8.493450760058359,2025-09-30 10:56:59.503845
7.1707141548017885,8.397011453261044,2025-09-30 10:56:59.503845
7.664455976879296,8.473172096375642,2025-09-30 10:56:59.503845
7.2343660841403405,8.378701277275455,2025-09-30 10:56:59.503845
7.920351515382703,8.573862998423,2025-09-30 10:56:59.503845
7.4158089750371525,8.778583380895276,2025-09-30 10:56:59.503845
7.320124828813164,8.527246662336763,2025-09-30 10:56:59.503845
7.292359459267653,8.256484939738472,2025-09-30 10:56:59.503845
7.489006757145747,8.320771130955722,2025-09-30 10:56:59.503845
7.791759646437208,8.565551928722392,2025-09-30 10:56:59.503845
7.641719491804242,8.626970562368111,2025-09-30 10:56:59.503845
7.428218065527487,8.528412708681401,2025-09-30 10:56:59.503845
7.469371230321567,8.225495328067838,2025-09-30 10:56:59.503845
7.423009956280799,8.37659678820285,2025-09-30 10:56:59.503845
7.608290726995727,8.382658709343131,2025-09-30 10:56:59.503845
7.585789558231792,8.324433999670333,2025-09-30 10:56:59.503845
7.848857217357337,8.519337719105994,2025-09-30 10:56:59.503845
7.493537024680896,8.504492059393321,2025-09-30 10:56:59.503845
7.457658695510356,8.540362478802368,2025-09-30 10:56:59.503845
7.553596711505567,8.215090649376839,2025-09-30 10:56:59.503845
7.236572855927035,8.094016234443869,2025-09-30 10:56:59.503845
7.574820274003324,8.06606226624058,2025-09-30 10:56:59.503845
7.48724846052708,7.967354578141533,2025-09-30 10:56:59.503845
7.403064842565445,8.262898774573294,2025-09-30 10:56:59.503845
7.257193538247035,8.630261079844242,2025-09-30 10:56:59.503845
7.45016399165113,8.631131593466701,2025-09-30 10:56:59.503845
7.740379097574779,8.506780960318276,2025-09-30 10:56:59.503845
7.342842574667827,8.402975191267986,2025-09-30 10:56:59.503845
7.522689026471805,7.891819426608915,2025-09-30 10:56:59.503845
7.323337340610777,8.474765300875685,2025-09-30 10:56:59.503845
7.465269255366189,8.369706190354052,2025-09-30 10:56:59.503845
7.577975841882562,8.108287081367859,2025-09-30 10:56:59.503845
7.33092786280766,8.251276121346441,2025-09-30 10:56:59.503845
7.340471808869509,8.490331375372957,2025-09-30 10:56:59.503845
7.441950480123173,8.639831734350924,2025-09-30 10:56:59.503845
7.708642639106823,8.637274447066789,2025-09-30 10:56:59.503845
7.57491245517945,8.321506872003539,2025-09-30 10:56:59.503845
7.3775887241016616,8.349243908028967,2025-09-30 10:56:59.503845
7.5264865495554005,8.603904946961869,2025-09-30 10:56:59.503845
7.45186612221228,8.639184276275257,2025-09-30 10:56:59.503845
7.7845295212060295,8.006804879671462,2025-09-30 10:56:59.503845
7.436534515306875,8.268160743787611,2025-09-30 10:56:59.503845
7.444768032388889,8.474517897091,2025-09-30 10:56:59.503845
7.538137419255004,8.50403263873134,2025-09-30 10:56:59.503845
7.591200321872189,8.375313601960423,2025-09-30 10:56:59.503845
7.702022834475887,8.341361602511986,2025-09-30 10:56:59.503845
7.486733586170686,8.702198343466193,2025-09-30 10:56:59.503845
7.5057327161016865,8.429378886857462,2025-09-30 10:56:59.503845
7.392980229151247,8.981510342499446,2025-09-30 10:56:59.503845
7.6640954769156355,8.543309373933342,2025-09-30 10:56:59.503845
7.332435683426754,8.509446890203106,2025-09-30 10:56:59.503845
7.3478775232782425,8.37614634096147,2025-09-30 10:56:59.503845
7.644271103370576,8.474329851382118,2025-09-30 10:56:59.503845
7.363918976465195,8.310839131751532,2025-09-30 10:56:59.503845
7.296883096235933,8.387345626508573,2025-09-30 10:56:59.503845
7.746755633326775,8.167634192875761,2025-09-30 10:56:59.503845
7.226707601267334,8.563930746696036,2025-09-30 10:56:59.503845
7.433726353215187,8.304777854878601,2025-09-30 10:56:59.503845
7.511212059351383,8.502130555483607,2025-09-30 10:56:59.503845
7.385483255172196,8.214202703688704,2025-09-30 10:56:59.503845
7.772664959339383,8.483875579486572,2025-09-30 10:56:59.503845
7.187441051708799,8.399276548893793,2025-09-30 10:56:59.503845
7.449225835593025,8.478588520194126,2025-09-30 10:56:59.503845
7.6112290760922425,8.110254930831337,2025-09-30 10:56:59.503845
7.114674163741,8.222367591399587,2025-09-30 10:56:59.503845
7.4029952928031,8.103547457856665,2025-09-30 10:56:59.503845
7.579835261209414,8.38012522259609,2025-09-30 10:56:59.503845
7.292355384842567,8.417326321961905,2025-09-30 10:56:59.503845
7.737341051300185,8.14046790060242,2025-09-30 10:56:59.503845
7.688995144812512,8.069352146443462,2025-09-30 10:56:59.503845
7.309765181023032,8.697952203724178,2025-09-30 10:56:59.503845
7.601623702319692,8.32049345891038,2025-09-30 10:56:59.503845
7.367676540944037,8.555419808108542,2025-09-30 10:56:59.503845
7.416857570685584,8.495018143443792,2025-09-30 10:56:59.503845
7.564664871456835,8.484659340544292,2025-09-30 10:56:59.503845
7.679168140870738,8.756011863845586,2025-09-30 10:56:59.503845
7.482713997786674,8.611421289161228,2025-09-30 10:56:59.503845
7.312117464090122,8.466838862977882,2025-09-30 10:56:59.503845
7.475599856486143,8.311776049375032,2025-09-30 10:56:59.503845
7.543761319409146,8.607998992597226,2025-09-30 10:56:59.503845
7.44704931361419,7.929042876366583,2025-09-30 10:56:59.503845
7.304819817670442,8.06913959549088,2025-09-30 10:56:59.503845
7.656088114417366,7.854338458392727,2025-09-30 10:56:59.503845
7.702101674327362,8.070699747900887,2025-09-30 10:56:59.503845
7.290904873104423,8.465739429338115,2025-09-30 10:56:59.503845
7.533704611360126,8.146796493311605,2025-09-30 10:56:59.503845
7.386577667309058,8.098364687478211,2025-09-30 10:56:59.503845
7.435249931901448,8.40060126826163,2025-09-30 10:56:59.503845
7.75965372693358,8.187234896459062,2025-09-30 10:56:59.503845
7.582579947731102,8.079086852188407,2025-09-30 10:56:59.503845
7.5770718597150815,8.351170532855281,2025-09-30 10:56:59.503845
7.643655019779846,8.347868950256277,2025-09-30 10:56:59.503845
7.4729062392213175,8.59073698368852,2025-09-30 10:56:59.503845
7.115471749611254,8.241674350665395,2025-09-30 10:56:59.503845
7.400971131238573,8.379171300749677,2025-09-30 10:56:59.503845
7.688505315036362,8.709513260609153,2025-09-30 10:56:59.503845
7.429387295902664,8.388024640133295,2025-09-30 10:56:59.503845
7.650121050098854,8.430870748305447,2025-09-30 10:56:59.503845
7.768627882813087,8.111240523223252,2025-09-30 10:56:59.503845
7.527391867166509,8.115039814043753,2025-09-30 10:56:59.503845
7.567217362580259,8.237941027795516,2025-09-30 10:56:59.503845
7.546569965325177,8.485430428902465,2025-09-30 10:56:59.503845
7.339993452733444,8.030732503228782,2025-09-30 10:56:59.503845
7.725268603829802,8.508550679943397,2025-09-30 10:56:59.503845
7.484816421619215,8.194491293622624,2025-09-30 10:56:59.503845
7.612651328432245,8.653035593651037,2025-09-30 10:56:59.503845
7.445290717318277,8.457716594242214,2025-09-30 10:56:59.503845
7.548258932066449,8.554172633491834,2025-09-30 10:56:59.503845
7.475525720041695,8.42632320938411,2025-09-30 10:56:59.503845
7.667948227540226,8.254116342866451,2025-09-30 10:56:59.503845
7.6725959627496705,8.745112395104625,2025-09-30 10:56:59.503845
7.516044410925687,8.633871825485082,2025-09-30 10:56:59.503845
7.525332452482941,8.766462981536296,2025-09-30 10:56:59.503845
7.145093005342048,8.431559786175526,2025-09-30 10:56:59.503845
7.32210655624303,8.686548894803447,2025-09-30 10:56:59.503845
7.457732530883967,8.395092387693275,2025-09-30 10:56:59.503845
7.517074212254808,8.35194233894205,2025-09-30 10:56:59.503845
7.375192069800497,8.380240188949545,2025-09-30 10:56:59.503845
7.464159638628356,8.492121330292441,2025-09-30 10:56:59.503845
7.514764711139041,8.482531540851031,2025-09-30 10:56:59.503845
7.449974277058021,8.165608575982832,2025-09-30 10:56:59.503845
7.445081588790765,8.34986888113037,2025-09-30 10:56:59.503845
7.549633550946286,8.73768590895819,2025-09-30 10:56:59.503845
7.592840972867143,8.32260866627051,2025-09-30 10:56:59.503845
7.406634058177238,8.61322039689726,2025-09-30 10:56:59.503845
7.321164434978424,8.589592736939776,2025-09-30 10:56:59.503845
7.782430737549033,8.499396767021034,2025-09-30 10:56:59.503845
7.541384661615285,8.474398461734006,2025-09-30 10:56:59.503845
7.591106635229729,8.15290675238612,2025-09-30 10:56:59.503845
7.636019973318802,8.282898026354562,2025-09-30 10:56:59.503845
7.568481447111787,8.320908910309173,2025-09-30 10:56:59.503845
7.423214225137959,8.439696308779439,2025-09-30 10:56:59.503845
7.43145977050505,8.18991496410692,2025-09-30 10:56:59.503845
7.505426754666775,8.206755023007931,2025-09-30 10:56:59.503845
7.536707186362848,8.353263598906166,2025-09-30 10:56:59.503845
7.802336480144924,8.414921356410686,2025-09-30 10:56:59.503845
7.37730371692862,8.346982249312093,2025-09-30 10:56:59.503845
7.451249307080089,8.363982884519451,2025-09-30 10:56:59.503845
7.618775213466427,7.849434324621494,2025-09-30 10:56:59.503845
7.720784331172508,8.208863909534953,2025-09-30 10:56:59.503845
7.427010074622149,8.194544121401364,2025-09-30 10:56:59.503845
7.3018226106519,8.278412226929806,2025-09-30 10:56:59.503845
7.641911506319679,8.337421661593012,2025-09-30 10:56:59.503845
7.460376309229486,7.968211567996352,2025-09-30 10:56:59.503845
7.4213323296015945,8.407192501200967,2025-09-30 10:56:59.503845
7.468014059696702,8.483756593036322,2025-09-30 10:56:59.503845
7.8740761664501795,8.309137584190905,2025-09-30 10:56:59.503845
7.490506243965321,8.663610853721236,2025-09-30 10:56:59.503845
7.612061662182647,8.486039860808484,2025-09-30 10:56:59.503845
7.4797419563114635,8.167066886062653,2025-09-30 10:56:59.503845
7.640866491590139,8.070166512209827,2025-09-30 10:56:59.503845
7.4392033911518665,7.955542141423384,2025-09-30 10:56:59.503845
7.618024793435625,8.324081491190356,2025-09-30 10:56:59.503845
7.158637694808198,8.336358873170832,2025-09-30 10:56:59.503845
7.563783583078781,8.241847471932783,2025-09-30 10:56:59.503845
7.505867854387947,8.445131801649277,2025-09-30 10:56:59.503845
7.371116195486237,8.679404688600217,2025-09-30 10:56:59.503845
7.621470416414609,8.342540784776542,2025-09-30 10:56:59.503845
7.377324888969147,8.243456406782768,2025-09-30 10:56:59.503845
7.2058289343341375,8.293765657588928,2025-09-30 10:56:59.503845
7.443598013673454,8.35315417146516,2025-09-30 10:56:59.503845
7.445294555747989,8.03970784258137,2025-09-30 10:56:59.503845
7.434701064930991,8.351179697528499,2025-09-30 10:56:59.503845
7.602014327304553,8.204573246518448,2025-09-30 10:56:59.503845
7.470295911201262,8.439613833231107,2025-09-30 10:56:59.503845
7.650334180125961,8.33607949095459,2025-09-30 10:56:59.503845
7.297760495123119,8.535103095239942,2025-09-30 10:56:59.503845
7.428730359015521,8.239857787253296,2025-09-30 10:56:59.503845
7.554878591292717,8.335642302507129,2025-09-30 10:56:59.503845
7.584455271497548,8.297393374748344,2025-09-30 10:56:59.503845
7.468429360926606,8.574116923508507,2025-09-30 10:56:59.503845
7.476179386692233,8.421825743977589,2025-09-30 10:56:59.503845
7.278497379248489,8.12168413716742,2025-09-30 10:56:59.503845
7.297473133081004,8.16761514338532,2025-09-30 10:56:59.503845
7.521855255304085,8.4075747331911,2025-09-30 10:56:59.503845
7.708405035521211,8.449840302657375,2025-09-30 10:56:59.503845
7.3866088509918715,8.342928625433704,2025-09-30 10:56:59.503845
7.5052987464406,8.446555604787969,2025-09-30 10:56:59.503845
7.518445532689364,8.432001958915643,2025-09-30 10:56:59.503845
7.40579205449504,8.608313148042658,2025-09-30 10:56:59.503845
7.621947503812394,8.56385772070245,2025-09-30 10:56:59.503845
7.4642291258498945,8.184810620730602,2025-09-30 10:56:59.503845
7.400503890261562,8.060735436724663,2025-09-30 10:56:59.503845
7.655941117996611,8.383404433429604,2025-09-30 10:56:59.503845
7.471170160822882,8.189040495215817,2025-09-30 10:56:59.503845
7.496423872402801,8.28488383777457,2025-09-30 10:56:59.503845
7.473120506257517,8.57747182160889,2025-09-30 10:56:59.503845
7.525307805384842,8.401307602041621,2025-09-30 10:56:59.503845
7.467612084780656,8.490670714950221,2025-09-30 10:56:59.503845
7.7304669234855865,8.000719497115282,2025-09-30 10:56:59.503845
7.631682911041896,8.531568817882723,2025-09-30 10:56:59.503845
7.690734674016512,8.46238188422829,2025-09-30 10:56:59.503845
7.371642573441891,8.454844529667428,2025-09-30 10:56:59.503845
7.57536824884765,8.58272597465243,2025-09-30 10:56:59.503845
7.425065508193327,8.422830858473574,2025-09-30 10:56:59.503845
7.7599653271827425,8.35891614444254,2025-09-30 10:56:59.503845
7.400198417680847,8.515213971644151,2025-09-30 10:56:59.503845
7.60307854336361,8.196728017667018,2025-09-30 10:56:59.503845
7.475390694039817,8.155186070993103,2025-09-30 10:56:59.503845
7.554850667730157,8.424293013635939,2025-09-30 10:56:59.503845
7.64649070135003,8.258806425966297,2025-09-30 10:56:59.503845
7.596939740803858,8.312566565693114,2025-09-30 10:56:59.503845
7.488801679239422,8.29556088369606,2025-09-30 10:56:59.503845
7.205917448777342,8.597003335776346,2025-09-30 10:56:59.503845
7.434652972723945,8.208838734481034,2025-09-30 10:56:59.503845
7.445438051036123,8.308694472328934,2025-09-30 10:56:59.503845
7.539794990501375,8.418335321808549,2025-09-30 10:56:59.503845
7.834855621430803,8.427685355598166,2025-09-30 10:56:59.503845
7.765135541852218,8.411188720873929,2025-09-30 10:56:59.503845
7.257374461138507,8.240755471356694,2025-09-30 10:56:59.503845
7.059542276192401,8.558756407406621,2025-09-30 10:56:59.503845
7.339896358040703,8.221831189778063,2025-09-30 10:56:59.503845
7.141706489519415,8.54026895160157,2025-09-30 10:56:59.503845
7.3958865911176845,8.221107724089595,2025-09-30 10:56:59.503845
7.355767584307404,8.188754968097278,2025-09-30 10:56:59.503845
7.2527315712860085,8.728204506007758,2025-09-30 10:56:59.503845
7.473250891261293,8.341658840223275,2025-09-30 10:56:59.503845
7.485993141942022,7.960465288557308,2025-09-30 10:56:59.503845
7.350725521106927,8.357084576562771,2025-09-30 10:56:59.503845
7.516337055244647,8.485723756891469,2025-09-30 10:56:59.503845
7.219047273322689,8.331934384069708,2025-09-30 10:56:59.503845
7.3789604518779,8.20293333232738,2025-09-30 10:56:59.503845
7.270446115981927,8.38525129173719,2025-09-30 10:56:59.503845
7.266043088525944,8.357217285275086,2025-09-30 10:56:59.503845
7.552868481645031,8.09612043162882,2025-09-30 10:56:59.503845
7.432317068490504,8.200537222341188,2025-09-30 10:56:59.503845
7.672306729344702,8.659638975880142,2025-09-30 10:56:59.503845
7.667278621047952,8.232745085818108,2025-09-30 10:56:59.503845
7.644773015867126,8.554127329152431,2025-09-30 10:56:59.503845
7.372953171531041,8.059390173535473,2025-09-30 10:56:59.503845
7.487330914838815,8.552191805934411,2025-09-30 10:56:59.503845
7.679001987001052,8.25916679626375,2025-09-30 10:56:59.503845
7.154675361117648,8.303580067420995,2025-09-30 10:56:59.503845
7.618865720549667,8.476852709781555,2025-09-30 10:56:59.503845
7.319615590123986,8.196006070318372,2025-09-30 10:56:59.503845
7.588832285030232,8.326574352990042,2025-09-30 10:56:59.503845
7.520047709389724,8.368789450148931,2025-09-30 10:56:59.503845
7.365021071352835,8.679212864796979,2025-09-30 10:56:59.503845
7.407331883566244,8.369332044874282,2025-09-30 10:56:59.503845
7.199123426676933,8.575826628745284,2025-09-30 10:56:59.503845
7.746498816987462,8.565101930515386,2025-09-30 10:56:59.503845
7.843433688383127,8.352511617498376,2025-09-30 10:56:59.503845
7.535417238989809,8.679570222494585,2025-09-30 10:56:59.503845
7.073482307184925,8.173587314373579,2025-09-30 10:56:59.503845
7.613724333150797,8.231773877686535,2025-09-30 10:56:59.503845
7.705969416031554,8.059968098007223,2025-09-30 10:56:59.503845
7.648116107828203,8.158474139839855,2025-09-30 10:56:59.503845
7.4129185614781115,8.481522594924304,2025-09-30 10:56:59.503845
7.411722319273295,8.267836997368239,2025-09-30 10:56:59.503845
7.379153676806906,8.679072838410766,2025-09-30 10:56:59.503845
7.633714667384638,8.264832786198339,2025-09-30 10:56:59.503845
7.598373925273294,8.30763855920187,2025-09-30 10:56:59.503845
7.487361341992305,8.697278258532336,2025-09-30 10:56:59.503845
7.150110510495903,8.156997149023901,2025-09-30 10:56:59.503845
7.6359017312955375,8.383304589592537,2025-09-30 10:56:59.503845
7.33094703114224,8.356657313476374,2025-09-30 10:56:59.503845
7.464164409272996,8.417583720201721,2025-09-30 10:56:59.503845
7.459600601090515,8.434551054911008,2025-09-30 10:56:59.503845
7.602494660804236,8.224602525695332,2025-09-30 10:56:59.503845
7.591296761200539,8.184671104962742,2025-09-30 10:56:59.503845
7.308908583382714,8.723661930569811,2025-09-30 10:56:59.503845
7.639694039226618,8.024459417876304,2025-09-30 10:56:59.503845
7.45417294246047,8.44205976725606,2025-09-30 10:56:59.503845
7.697829201211889,8.001406169035196,2025-09-30 10:56:59.503845
7.585918677516853,8.382704836038956,2025-09-30 10:56:59.503845
7.380949327668035,8.7771634055034,2025-09-30 10:56:59.503845
7.47997688867778,8.468171187036194,2025-09-30 10:56:59.503845
7.36241619191758,8.303240351420081,2025-09-30 10:56:59.503845
7.897154483519025,8.03155101313853,2025-09-30 10:56:59.503845
7.721317477213469,8.46681718615207,2025-09-30 10:56:59.503845
7.653945244168148,8.185632775493561,2025-09-30 10:56:59.503845
7.3036653155457865,8.227136037155207,2025-09-30 10:56:59.503845
7.692986980735831,8.546489155294633,2025-09-30 10:56:59.503845
7.666540270985607,8.607295354427393,2025-09-30 10:56:59.503845
7.569565758282537,8.18583688273494,2025-09-30 10:56:59.503845
7.453531460859883,8.399094824587737,2025-09-30 10:56:59.503845
7.728282964220824,8.250762017915735,2025-09-30 10:56:59.503845
7.426894079656607,8.630686232747237,2025-09-30 10:56:59.503845
7.5894591483799045,8.333825121182034,2025-09-30 10:56:59.503845
7.44071759823192,8.607737683889884,2025-09-30 10:56:59.503845
7.550618678911939,8.522417379943802,2025-09-30 10:56:59.503845
7.798603900462796,8.372901592542823,2025-09-30 10:56:59.503845
7.226334727150632,8.34208601818502,2025-09-30 10:56:59.503845
7.586148463027057,8.488735617902744,2025-09-30 10:56:59.503845
7.3557795206237975,8.617222053162612,2025-09-30 10:56:59.503845
7.219711924510116,8.022928536080535,2025-09-30 10:56:59.503845
7.4805174400373575,8.142660501057122,2025-09-30 10:56:59.503845
7.586286310505974,8.491521446522858,2025-09-30 10:56:59.503845
7.703888843962425,8.138359822279483,2025-09-30 10:56:59.503845
7.381229600942629,8.443336424270107,2025-09-30 10:56:59.503845
7.317607189593435,8.119599501054727,2025-09-30 10:56:59.503845
7.451357310056056,8.533035652807236,2025-09-30 10:56:59.503845
7.415173423039665,8.427409082636578,2025-09-30 10:56:59.503845
7.747981454648925,8.735309297951972,2025-09-30 10:56:59.503845
7.409514721218922,8.613519290952967,2025-09-30 10:56:59.503845
7.268381629632049,8.473293731036426,2025-09-30 10:56:59.503845
7.255165529998367,8.265347705532985,2025-09-30 10:56:59.503845
7.174197949306715,8.325402382000993,2025-09-30 10:56:59.503845
7.660612709626228,8.826457489703587,2025-09-30 10:56:59.503845
7.331112796038993,8.074120276439674,2025-09-30 10:56:59.503845
7.6103594296748485,8.430928877033583,2025-09-30 10:56:59.503845
7.312469172874468,8.256869169729114,2025-09-30 10:56:59.503845
7.31478048948569,8.222586305960844,2025-09-30 10:56:59.503845
7.254128345190687,8.136599222018468,2025-09-30 10:56:59.503845
7.406505704423864,8.73013388696829,2025-09-30 10:56:59.503845
7.592477637252179,8.161936910418447,2025-09-30 10:56:59.503845
7.457125767542618,8.620921507405951,2025-09-30 10:56:59.503845
7.33234935262994,8.259969793697131,2025-09-30 10:56:59.503845
7.340177724931691,8.244672788812112,2025-09-30 10:56:59.503845
7.505362708994014,8.597251626402562,2025-09-30 10:56:59.503845
7.353556387725445,8.247069534211915,2025-09-30 10:56:59.503845
7.620044904398237,8.26191636213549,2025-09-30 10:56:59.503845
7.44152201270387,8.2923147464415,2025-09-30 10:56:59.503845
7.269822831372501,8.137558925797457,2025-09-30 10:56:59.503845
7.144714205780171,8.451273256288445,2025-09-30 10:56:59.503845
7.904574836695915,8.331151941954154,2025-09-30 10:56:59.503845
7.704759202642901,8.36113538017103,2025-09-30 10:56:59.503845
7.489551233619336,8.020071499438163,2025-09-30 10:56:59.503845
7.576889653973536,8.026056832553563,2025-09-30 10:56:59.503845
7.326581527307742,8.238730886761534,2025-09-30 10:56:59.503845
7.350207500373723,8.277345449898434,2025-09-30 10:56:59.503845
7.622964131469745,8.068767878847503,2025-09-30 10:56:59.503845
7.434834458292945,8.08711291613616,2025-09-30 10:56:59.503845
7.682380862453998,8.345268296093632,2025-09-30 10:56:59.503845
7.5538299368793185,8.258230247478116,2025-09-30 10:56:59.503845
7.385767520093105,8.844210152680166,2025-09-30 10:56:59.503845
7.623430108136911,8.428765069011384,2025-09-30 10:56:59.503845
7.319490466810531,8.445166570040833,2025-09-30 10:56:59.503845
7.848762612039154,8.22974629651092,2025-09-30 10:56:59.503845
7.648209649926706,8.41070138111282,2025-09-30 10:56:59.503845
7.436222957934595,8.499211991376205,2025-09-30 10:56:59.503845
7.447525305512692,8.319150761452523,2025-09-30 10:56:59.503845
7.518730922996112,8.204076962698702,2025-09-30 10:56:59.503845
7.642998964203992,8.398552799219665,2025-09-30 10:56:59.503845
7.58949042632442,8.217272096258677,2025-09-30 10:56:59.503845
7.487703962624996,8.441390893327721,2025-09-30 10:56:59.503845
7.582173899804494,8.525409046680752,2025-09-30 10:56:59.503845
7.497632261761195,8.12542096267555,2025-09-30 10:56:59.503845
7.259320870455085,8.233207153390923,2025-09-30 10:56:59.503845
7.215210587037089,8.48186151443984,2025-09-30 10:56:59.503845
7.5227716813156285,8.247408646337545,2025-09-30 10:56:59.503845
7.403588876005388,8.674663048116695,2025-09-30 10:56:59.503845
7.574973718205749,8.368122607674783,2025-09-30 10:56:59.503845
7.616828499940258,8.180235179847523,2025-09-30 10:56:59.503845
7.150973955538624,8.295227937640508,2025-09-30 10:56:59.503845
7.695460212534811,8.125914158049126,2025-09-30 10:56:59.503845
7.53346777157628,8.496606539637204,2025-09-30 10:56:59.503845
7.381631722044206,8.556108676504598,2025-09-30 10:56:59.503845
7.470193324188471,7.989170312591499,2025-09-30 10:56:59.503845
7.740296613378733,8.256057952182278,2025-09-30 10:56:59.503845
7.683463020106051,8.553398718241656,2025-09-30 10:56:59.503845
7.552243173700942,8.318108325173634,2025-09-30 10:56:59.503845
7.428710894636147,8.347362639578556,2025-09-30 10:56:59.503845
7.531642850777233,8.143433685724105,2025-09-30 10:56:59.503845
7.404185281537244,8.680789675508915,2025-09-30 10:56:59.503845
7.475582163347922,7.9552778942461995,2025-09-30 10:56:59.503845
7.4377418585147534,8.26411260051518,2025-09-30 10:56:59.503845
7.41223607906757,8.51213233737625,2025-09-30 10:56:59.503845
7.785660368728385,8.405311865604306,2025-09-30 10:56:59.503845
7.271042286799625,8.478448753669543,2025-09-30 10:56:59.503845
7.523295904810926,8.525051773013573,2025-09-30 10:56:59.503845
7.480283968687552,8.397858170506602,2025-09-30 10:56:59.503845
7.429331889976456,8.302625554859137,2025-09-30 10:56:59.503845
7.327488810180248,8.222632988924378,2025-09-30 10:56:59.503845
7.189480025131264,8.01815085811371,2025-09-30 10:56:59.503845
7.329008630250182,8.497673198519509,2025-09-30 10:56:59.503845
7.482665675608735,8.092240975659545,2025-09-30 10:56:59.503845
7.468651078976627,8.752375391278788,2025-09-30 10:56:59.503845
7.7212340390219225,8.13259051115676,2025-09-30 10:56:59.503845
7.175047149782473,8.117806629642823,2025-09-30 10:56:59.503845
7.5787270727401745,8.214847195671977,2025-09-30 10:56:59.503845
7.592968283105956,8.126245477184073,2025-09-30 10:56:59.503845
7.45762344792383,8.28530357575023,2025-09-30 10:56:59.503845
7.6148596969984,8.600203725627273,2025-09-30 10:56:59.503845
7.422185703063956,8.38863453991449,2025-09-30 10:56:59.503845
7.606842332655407,8.404977271111727,2025-09-30 10:56:59.503845
7.49113553622739,8.316950902137275,2025-09-30 10:56:59.503845
7.4198912603952545,8.305547864718994,2025-09-30 10:56:59.503845
7.698936800275171,8.103069481480906,2025-09-30 10:56:59.503845
7.360823518079458,8.391228271656715,2025-09-30 10:56:59.503845
7.144656471045964,8.463383478159985,2025-09-30 10:56:59.503845
7.424024017165038,8.412455406719522,2025-09-30 10:56:59.503845
7.59408881773334,8.46715894146046,2025-09-30 10:56:59.503845
7.464704120422945,8.00751961015466,2025-09-30 10:56:59.503845
7.431123985549214,8.599173765524391,2025-09-30 10:56:59.503845
7.718897810546672,8.2640781646615,2025-09-30 10:56:59.503845
7.573488672818917,8.44605425118791,2025-09-30 10:56:59.503845
7.562023933267239,8.463818352715565,2025-09-30 10:56:59.503845
7.262071457677678,8.03314628445323,2025-09-30 10:56:59.503845
7.495775371309154,8.429199086176888,2025-09-30 10:56:59.503845
7.904418721438831,8.219058117625588,2025-09-30 10:56:59.503845
7.58560704627762,8.392267285953082,2025-09-30 10:56:59.503845
7.7409121711868085,8.247564869474667,2025-09-30 10:56:59.503845
7.3638573051080325,8.227721103165708,2025-09-30 10:56:59.503845
7.194206279477869,8.095236447789954,2025-09-30 10:56:59.503845
7.538723064143247,8.474806656725928,2025-09-30 10:56:59.503845
7.564274925313119,8.66007723703294,2025-09-30 10:56:59.503845
7.7177680054283595,8.386439130699909,2025-09-30 10:56:59.503845
7.6266070808474895,8.358018433148379,2025-09-30 10:56:59.503845
7.442560822182363,8.182926626499729,2025-09-30 10:56:59.503845
7.720956555245451,8.04090879134543,2025-09-30 10:56:59.503845
7.503558012074144,8.584976759479586,2025-09-30 10:56:59.503845
7.428051772475065,8.129549510021127,2025-09-30 10:56:59.503845
7.730522735110071,8.238929468176545,2025-09-30 10:56:59.503845
7.680817404634959,8.165239279599584,2025-09-30 10:56:59.503845
7.622843033262247,8.0758482611828,2025-09-30 10:56:59.503845
7.799289287355003,8.354026909535547,2025-09-30 10:56:59.503845
7.3442199885364605,8.09475652564279,2025-09-30 10:56:59.503845
7.390963399488649,8.299534614761342,2025-09-30 10:56:59.503845
7.647742194759234,8.128719300628655,2025-09-30 10:56:59.503845
7.63052679303162,8.070170948646606,2025-09-30 10:56:59.503845
7.514828175352893,8.417991098897447,2025-09-30 10:56:59.503845
7.91129524096808,8.016523046474024,2025-09-30 10:56:59.503845
7.3224634545612854,8.071654661747916,2025-09-30 10:56:59.503845
7.754492863485961,8.122800922825677,2025-09-30 10:56:59.503845
7.473433882726045,8.368647398887738,2025-09-30 10:56:59.503845
7.660721150057633,8.424509795007888,2025-09-30 10:56:59.503845
7.590703945329417,8.49694245946269,2025-09-30 10:56:59.503845
7.256187965845339,8.405964547254468,2025-09-30 10:56:59.503845
7.369956636108996,8.411793004767054,2025-09-30 10:56:59.503845
7.231356442989206,8.418390667396414,2025-09-30 10:56:59.503845
7.5406603889160415,8.532937961053939,2025-09-30 10:56:59.503845
7.700896970462267,8.384975551760098,2025-09-30 10:56:59.503845
7.489663930741807,8.719902368742115,2025-09-30 10:56:59.503845
7.612146790453472,8.323188515542869,2025-09-30 10:56:59.503845
7.246685433500994,8.584760252209815,2025-09-30 10:56:59.503845
7.394774599109372,8.521552499793694,2025-09-30 10:56:59.503845
7.591574665007725,8.185104216874784,2025-09-30 10:56:59.503845
7.279875602208072,8.2827063232069,2025-09-30 10:56:59.503845
7.602255613697278,8.086322450156146,2025-09-30 10:56:59.503845
7.403673071465565,8.523904301484023,2025-09-30 10:56:59.503845
7.463601697885753,8.181845608561806,2025-09-30 10:56:59.503845
7.47663190898873,7.782794725840585,2025-09-30 10:56:59.503845
7.524399644107753,8.53282754183621,2025-09-30 10:56:59.503845
7.393041554388451,8.364396276974123,2025-09-30 10:56:59.503845
7.835890791962621,8.408890372180622,2025-09-30 10:56:59.503845
7.734227811338226,7.957841915669944,2025-09-30 10:56:59.503845
7.45731821226737,8.309429005895623,2025-09-30 10:56:59.503845
7.527361660904644,8.584089043140395,2025-09-30 10:56:59.503845
7.249426208500405,8.208682431656397,2025-09-30 10:56:59.503845
7.59866391697675,8.249744629946344,2025-09-30 10:56:59.503845
7.564825252058113,8.028768876430604,2025-09-30 10:56:59.503845
7.524018882948244,8.4886910314422,2025-09-30 10:56:59.503845
7.7178787081257205,8.725548681447446,2025-09-30 10:56:59.503845
7.565212778259429,8.31914407690403,2025-09-30 10:56:59.503845
7.247134648199097,7.860192210032459,2025-09-30 10:56:59.503845
7.656447898826638,8.264122903490122,2025-09-30 10:56:59.503845
7.520388050228993,8.47690746405237,2025-09-30 10:56:59.503845
7.556113504733636,8.251623016419083,2025-09-30 10:56:59.503845
7.443202280490224,8.118860448895516,2025-09-30 10:56:59.503845
7.333648516883237,8.601064625569599,2025-09-30 10:56:59.503845
7.601946544221211,8.034619170100006,2025-09-30 10:56:59.503845
7.3958020280087595,9.107458038634416,2025-09-30 10:56:59.503845
7.603086580784305,8.523677095032218,2025-09-30 10:56:59.503845
7.466392586635865,8.450524963726929,2025-09-30 10:56:59.503845
7.622173679665586,8.067937917093294,2025-09-30 10:56:59.503845
7.730648306611552,8.12709268051699,2025-09-30 10:56:59.503845
7.583346556079438,8.032184621978798,2025-09-30 10:56:59.503845
7.424545378327517,8.644818889753573,2025-09-30 10:56:59.503845
7.486163863323085,8.263041028681537,2025-09-30 10:56:59.503845
7.762653421809652,8.610866677361395,2025-09-30 10:56:59.503845
7.3265947597405345,8.456265188251043,2025-09-30 10:56:59.503845
7.507671604482751,8.08989962210816,2025-09-30 10:56:59.503845
7.4654130635840525,8.234348087788577,2025-09-30 10:56:59.503845
7.370992453208757,8.548856111176313,2025-09-30 10:56:59.503845
7.64300539878306,8.339203053498158,2025-09-30 10:56:59.503845
7.583423030973912,8.287748615058709,2025-09-30 10:56:59.503845
7.295846169180401,8.319327673180716,2025-09-30 10:56:59.503845
7.590452268230098,8.065484157934314,2025-09-30 10:56:59.503845
7.5065537212517,8.317402033733114,2025-09-30 10:56:59.503845
7.746241830989062,8.406386682661141,2025-09-30 10:56:59.503845
7.406738065367658,8.329895294361979,2025-09-30 10:56:59.503845
7.76702753880864,8.285000579189362,2025-09-30 10:56:59.503845
7.5366404145590895,8.63185525378328,2025-09-30 10:56:59.503845
7.5056908428918,8.34175842480701,2025-09-30 10:56:59.503845
7.659347239336772,8.172939192697582,2025-09-30 10:56:59.503845
7.210797606530682,8.193588831704043,2025-09-30 10:56:59.503845
7.576599090650054,8.36883251381215,2025-09-30 10:56:59.503845
7.591906553411487,8.510261244348664,2025-09-30 10:56:59.503845
7.394666279789316,8.527210501515459,2025-09-30 10:56:59.503845
7.281567599575394,8.668523921372868,2025-09-30 10:56:59.503845
7.4479506892541565,8.360457576976392,2025-09-30 10:56:59.503845
7.327105752230666,8.670497482685724,2025-09-30 10:56:59.503845
7.415155450162572,8.131611587395383,2025-09-30 10:56:59.503845
7.437643344984249,8.313896406487244,2025-09-30 10:56:59.503845
7.504481786908985,8.455302114922388,2025-09-30 10:56:59.503845
7.641972131553825,8.439735769153856,2025-09-30 10:56:59.503845
7.7297890147826385,8.03007481211719,2025-09-30 10:56:59.503845
7.634601234671056,8.525236823521022,2025-09-30 10:56:59.503845
7.524460366003968,8.169345751472804,2025-09-30 10:56:59.503845
7.376820556364163,8.339463851756015,2025-09-30 10:56:59.503845
7.575211872512676,8.601029963486333,2025-09-30 10:56:59.503845
7.514598388255585,8.640273414852718,2025-09-30 10:56:59.503845
7.376858259572788,8.183559686290286,2025-09-30 10:56:59.503845
7.401311244286676,8.258189446867279,2025-09-30 10:56:59.503845
7.568045170188656,8.228665945587322,2025-09-30 10:56:59.503845
7.0528153089156,8.33096894041922,2025-09-30 10:56:59.503845
7.484118320187977,8.674894543789778,2025-09-30 10:56:59.503845
7.389693140565283,8.291177427251238,2025-09-30 10:56:59.503845
7.298742788269466,8.441295682118902,2025-09-30 10:56:59.503845
7.30722125441917,8.190867159386075,2025-09-30 10:56:59.503845
7.55886332907858,8.651459616164592,2025-09-30 10:56:59.503845
7.574166344870533,8.618113605654962,2025-09-30 10:56:59.503845
7.563828392837849,8.367008167648581,2025-09-30 10:56:59.503845
7.440739003749351,8.607389594868986,2025-09-30 10:56:59.503845
7.651209551095787,7.876171230050495,2025-09-30 10:56:59.503845
7.163971842496306,8.45650680450875,2025-09-30 10:56:59.503845
7.371014921662882,8.337457738425982,2025-09-30 10:56:59.503845
7.804692301048679,8.412937189228083,2025-09-30 10:56:59.503845
7.33789369225844,8.2694119259604,2025-09-30 10:56:59.503845
7.367259796938458,8.45548672528381,2025-09-30 10:56:59.503845
7.56862660114187,8.287803385098417,2025-09-30 10:56:59.503845
7.635820812412177,8.718120636087265,2025-09-30 10:56:59.503845
7.075254402604365,8.312158723720174,2025-09-30 10:56:59.503845
7.626422953612567,8.405422582916794,2025-09-30 10:56:59.503845
7.400902577188822,8.22198156758836,2025-09-30 10:56:59.503845
7.296805210515212,8.154385838471136,2025-09-30 10:56:59.503845
7.65608599056268,8.242637962662538,2025-09-30 10:56:59.503845
7.6371281846802,8.286532735150034,2025-09-30 10:56:59.503845
7.708864740529872,8.12595369392695,2025-09-30 10:56:59.503845
7.430813301686527,8.393292377216875,2025-09-30 10:56:59.503845
7.37544878831715,8.530326560294466,2025-09-30 10:56:59.503845
7.684972810329824,8.41979957659119,2025-09-30 10:56:59.503845
7.385651414850889,8.684456138041558,2025-09-30 10:56:59.503845
7.3919774431080825,8.548786905310603,2025-09-30 10:56:59.503845
7.60504204493238,8.285560936214107,2025-09-30 10:56:59.503845
7.452437239093067,7.969283860427749,2025-09-30 10:56:59.503845
7.562814322736614,8.29078597645631,2025-09-30 10:56:59.503845
7.417549291492976,8.519418065873193,2025-09-30 10:56:59.503845
7.825774975598191,8.515722930139058,2025-09-30 10:56:59.503845
7.544743066929736,8.481763360723415,2025-09-30 10:56:59.503845
7.260557481420363,8.439670974571218,2025-09-30 10:56:59.503845
7.044080946581034,8.33040660466488,2025-09-30 10:56:59.503845
7.546530248597468,8.64095942019163,2025-09-30 10:56:59.503845
7.8514742010991965,8.100549981161379,2025-09-30 10:56:59.503845
7.474004618819369,8.654749603604255,2025-09-30 10:56:59.503845
7.557691440040977,8.288153191465222,2025-09-30 10:56:59.503845
7.595439666022044,8.36054800434197,2025-09-30 10:56:59.503845
7.547546401257596,8.546842170524025,2025-09-30 10:56:59.503845
7.547396657236982,8.456611601305495,2025-09-30 10:56:59.503845
7.558709174390854,8.219440795318972,2025-09-30 10:56:59.503845
7.506616128757853,8.547367070098735,2025-09-30 10:56:59.503845
7.662865736830327,8.126363549741798,2025-09-30 10:56:59.503845
7.634209072498433,8.341752865682178,2025-09-30 10:56:59.503845
7.44026526459075,8.427370443187046,2025-09-30 10:56:59.503845
7.4595393720591,8.40433090958241,2025-09-30 10:56:59.503845
7.695218996264262,8.361593865901492,2025-09-30 10:56:59.503845
7.760277762168032,8.26810184557377,2025-09-30 10:56:59.503845
7.268794455128532,8.60970370156438,2025-09-30 10:56:59.503845
7.4873504988852515,8.151709277591332,2025-09-30 10:56:59.503845
7.753331381694929,8.455325175416691,2025-09-30 10:56:59.503845
7.382312864957191,8.381996060857054,2025-09-30 10:56:59.503845
7.623738359629918,8.328330741848417,2025-09-30 10:56:59.503845
7.6352213471038235,8.21372514054095,2025-09-30 10:56:59.503845
7.5252163786482935,8.368225661547743,2025-09-30 10:56:59.503845
7.46181018640949,8.482626834366133,2025-09-30 10:56:59.503845
7.555381697298589,8.311320876119234,2025-09-30 10:56:59.503845
7.525638589262122,8.455954534348246,2025-09-30 10:56:59.503845
7.386108340592912,8.21757366398132,2025-09-30 10:56:59.503845
7.497851039171996,8.531873500716596,2025-09-30 10:56:59.503845
7.651595870284746,8.409479904795552,2025-09-30 10:56:59.503845
7.543436705684064,8.234123642575112,2025-09-30 10:56:59.503845
7.477820945735377,8.284299257072414,2025-09-30 10:56:59.503845
7.407490892681502,8.224827872301011,2025-09-30 10:56:59.503845
7.384164656309298,8.683342112289615,2025-09-30 10:56:59.503845
7.584966576577248,8.445400923016352,2025-09-30 10:56:59.503845
7.415429493296215,8.199362333848786,2025-09-30 10:56:59.503845
7.5707704311979525,8.259240085116371,2025-09-30 10:56:59.503845
7.308922122408019,8.408381702284778,2025-09-30 10:56:59.503845
7.156731830927315,8.414356120697143,2025-09-30 10:56:59.503845
7.465191251776674,8.506002729021349,2025-09-30 10:56:59.503845
7.354702761739573,8.107013838288617,2025-09-30 10:56:59.503845
7.387621974426663,8.626263547600113,2025-09-30 10:56:59.503845
7.52251672856177,8.288137157399087,2025-09-30 10:56:59.503845
7.50420183144437,8.191243071109144,2025-09-30 10:56:59.503845
7.457508626669807,8.115059408499175,2025-09-30 10:56:59.503845
7.381995773078827,8.28113872686387,2025-09-30 10:56:59.503845
7.454587546544304,8.544084556195058,2025-09-30 10:56:59.503845
7.497257188079639,8.626505144600461,2025-09-30 10:56:59.503845
7.2301347705406735,8.577824012241567,2025-09-30 10:56:59.503845
7.614115194062751,8.601002032917243,2025-09-30 10:56:59.503845
7.23115018872567,8.532213569698731,2025-09-30 10:56:59.503845
7.100080597534536,8.158438369656647,2025-09-30 10:56:59.503845
7.469929087127748,8.007852520975614,2025-09-30 10:56:59.503845
7.5331884454968545,8.144211169999737,2025-09-30 10:56:59.503845
7.494793591860954,8.493812291380975,2025-09-30 10:56:59.503845
7.239232051058998,8.49763468817871,2025-09-30 10:56:59.503845
7.448096586840035,8.391736782417398,2025-09-30 10:56:59.503845
7.657726631707956,8.397490965182207,2025-09-30 10:56:59.503845
7.576517331334453,8.344733847849378,2025-09-30 10:56:59.503845
7.435141983397963,8.277334774197222,2025-09-30 10:56:59.503845
7.73169175856775,8.263827238288666,2025-09-30 10:56:59.503845
7.346822891146442,8.38578677168926,2025-09-30 10:56:59.503845
7.760691896374457,8.166003568232364,2025-09-30 10:56:59.503845
7.503016462149621,8.382284249975116,2025-09-30 10:56:59.503845
7.510120616172307,8.740913869443682,2025-09-30 10:56:59.503845
7.232358764749354,7.943478943714503,2025-09-30 10:56:59.503845
7.428992946096615,8.56818707413373,2025-09-30 10:56:59.503845
7.383270695749303,8.22009627769622,2025-09-30 10:56:59.503845
7.446699643818645,8.478289782747524,2025-09-30 10:56:59.503845
7.588374534680791,8.256322001505318,2025-09-30 10:56:59.503845
7.209891615093052,8.16246426677025,2025-09-30 10:56:59.503845
7.356461991313296,8.452009856980894,2025-09-30 10:56:59.503845
7.583652704788734,8.243837729399951,2025-09-30 10:56:59.503845
7.730540805480377,8.240581266172006,2025-09-30 10:56:59.503845
7.403050858647897,8.177183334838189,2025-09-30 10:56:59.503845
7.5566880246404855,8.873950960710262,2025-09-30 10:56:59.503845
7.458611708567876,8.540580973407751,2025-09-30 10:56:59.503845
7.45735266310861,8.070365260910256,2025-09-30 10:56:59.503845
7.5975700339587915,8.62368840559473,2025-09-30 10:56:59.503845
7.486839343100311,8.799418327480844,2025-09-30 10:56:59.503845
7.404061743901496,8.09853820670024,2025-09-30 10:56:59.503845
7.42472072130286,8.57138692887891,2025-09-30 10:56:59.503845
7.569125304947307,8.44916030095962,2025-09-30 10:56:59.503845
7.3834539123329535,8.352258665298283,2025-09-30 10:56:59.503845
7.464695126256415,8.779407192061322,2025-09-30 10:56:59.503845
7.673757367715188,8.228010279412034,2025-09-30 10:56:59.503845
7.519534037561447,8.52977334622272,2025-09-30 10:56:59.503845
7.563837694149763,8.190182787706314,2025-09-30 10:56:59.503845
7.460120981409642,8.273698121424117,2025-09-30 10:56:59.503845
7.502027438974073,8.113600608955082,2025-09-30 10:56:59.503845
7.413178939220339,8.34810197025564,2025-09-30 10:56:59.503845
7.895809065449991,8.259209130222617,2025-09-30 10:56:59.503845
7.690719180438642,8.271149891619492,2025-09-30 10:56:59.503845
7.506686750600864,8.558635644558432,2025-09-30 10:56:59.503845
7.561726477266174,8.637046539718988,2025-09-30 10:56:59.503845
7.456336896003862,8.291461893229291,2025-09-30 10:56:59.503845
7.306726164319915,8.87756160408236,2025-09-30 10:56:59.503845
7.417617525700535,8.430873355881081,2025-09-30 10:56:59.503845
7.360919756139919,8.495425577911012,2025-09-30 10:56:59.503845
7.72694904036436,8.30980102538582,2025-09-30 10:56:59.503845
7.449528818848812,8.453323782529663,2025-09-30 10:56:59.503845
7.68434968768359,8.440264438666103,2025-09-30 10:56:59.503845
7.598309478991093,8.220234851948893,2025-09-30 10:56:59.503845
7.574720702901995,8.218042889608059,2025-09-30 10:56:59.503845
7.375310362659713,8.34756201685954,2025-09-30 10:56:59.503845
7.439337853319026,8.35764540777752,2025-09-30 10:56:59.503845
7.345424958512984,8.273200488702026,2025-09-30 10:56:59.503845
7.485967927723595,8.08713938999084,2025-09-30 10:56:59.503845
7.390316097285947,8.380635968063283,2025-09-30 10:56:59.503845
7.769215912232409,8.620633362495484,2025-09-30 10:56:59.503845
7.346061576122748,8.755842889827182,2025-09-30 10:56:59.503845
7.507085088599648,8.275680474853136,2025-09-30 10:56:59.503845
7.420338406923691,8.352311836131312,2025-09-30 10:56:59.503845
7.411582275972219,8.645101006557752,2025-09-30 10:56:59.503845
7.610090085728533,8.085320970801542,2025-09-30 10:56:59.503845
7.641360873647957,8.283617792010444,2025-09-30 10:56:59.503845
7.559346798051132,8.54504189818514,2025-09-30 10:56:59.503845
7.615180072745,8.170690450112609,2025-09-30 10:56:59.503845
7.285501750369097,8.320191284561853,2025-09-30 10:56:59.503845
7.423520424914368,8.328207313140894,2025-09-30 10:56:59.503845
7.580131325408654,8.43512760907681,2025-09-30 10:56:59.503845
7.642556359957458,8.295047209427372,2025-09-30 10:56:59.503845
7.587055303223072,8.332785008945399,2025-09-30 10:56:59.503845
7.514035271636361,8.322940168769339,2025-09-30 10:56:59.503845
7.308760093263998,8.586449232456557,2025-09-30 10:56:59.503845
7.382476548529149,8.42349350761161,2025-09-30 10:56:59.503845
7.372817690559978,8.329721533341198,2025-09-30 10:56:59.503845
7.427044975456511,8.314516669165387,2025-09-30 10:56:59.503845
7.474883721153643,8.13112836003381,2025-09-30 10:56:59.503845
7.562876404342334,8.376877351789,2025-09-30 10:56:59.503845
7.618593686907349,8.318642578504651,2025-09-30 10:56:59.503845
7.576396285834895,8.240023735717864,2025-09-30 10:56:59.503845
7.867370054625272,8.528463864924463,2025-09-30 10:56:59.503845
7.3753867206702335,8.290009982552485,2025-09-30 10:56:59.503845
7.726431302002194,8.553646126752257,2025-09-30 10:56:59.503845
7.1909335619206605,8.309556972722339,2025-09-30 10:56:59.503845
7.3986120953789145,8.470827259781089,2025-09-30 10:56:59.503845
7.553348767980963,8.352124594308028,2025-09-30 10:56:59.503845
7.40147654818664,8.12640402456394,2025-09-30 10:56:59.503845
7.799325238467403,7.9913495347725085,2025-09-30 10:56:59.503845
7.489216238142209,8.27439171468534,2025-09-30 10:56:59.503845
7.476885839156561,8.29130549118959,2025-09-30 10:56:59.503845
7.527380592613379,8.473111641487339,2025-09-30 10:56:59.503845
7.545311857214716,8.673634714559602,2025-09-30 10:56:59.503845
7.389736017138862,8.296503449926407,2025-09-30 10:56:59.503845
7.59571705002239,8.188811119230106,2025-09-30 10:56:59.503845
7.457516533987312,8.147341975201446,2025-09-30 10:56:59.503845
7.2437681617955345,8.605854903153825,2025-09-30 10:56:59.503845
7.4971651826898205,8.602648726970726,2025-09-30 10:56:59.503845
7.512913997025044,8.362538392342277,2025-09-30 10:56:59.503845
7.293454156837266,8.70890902937336,2025-09-30 10:56:59.503845
7.4585298066127015,8.202102073663195,2025-09-30 10:56:59.503845
7.163859954589635,8.472879988082415,2025-09-30 10:56:59.503845
7.4224124729861165,8.554585103245778,2025-09-30 10:56:59.503845
7.5109255944019155,8.269816267487212,2025-09-30 10:56:59.503845
7.710372342556852,8.208315981223542,2025-09-30 10:56:59.503845
7.271108218120012,8.446765811313758,2025-09-30 10:56:59.503845
7.366327865567928,8.046479441493462,2025-09-30 10:56:59.503845
7.572897233848267,8.38642011051812,2025-09-30 10:56:59.503845
7.361527511973316,8.420961467967402,2025-09-30 10:56:59.503845
7.623882835443134,8.542582766757103,2025-09-30 10:56:59.503845
7.664376363055446,8.252215738867285,2025-09-30 10:56:59.503845
7.3232244519522665,8.215039695215099,2025-09-30 10:56:59.503845
7.436338668608183,8.573849492036473,2025-09-30 10:56:59.503845
7.422626319347128,7.959846290246804,2025-09-30 10:56:59.503845
7.386430203536225,8.415041248351278,2025-09-30 10:56:59.503845
7.445195677412951,8.351676785197036,2025-09-30 10:56:59.503845
7.08469891371271,8.272896784183072,2025-09-30 10:56:59.503845
7.557296696636027,8.120236201586353,2025-09-30 10:56:59.503845
7.360422817199611,8.118697684484768,2025-09-30 10:56:59.503845
7.712490299582009,8.30643689470156,2025-09-30 10:56:59.503845
7.854717596336629,8.301083828639236,2025-09-30 10:56:59.503845
7.474284776521916,8.324819276850628,2025-09-30 10:56:59.503845
7.7645315050200985,8.292520672305859,2025-09-30 10:56:59.503845
7.50795798644032,8.401433112783234,2025-09-30 10:56:59.503845
7.452669404956005,8.375481035299288,2025-09-30 10:56:59.503845
7.508308004642979,8.153925574783177,2025-09-30 10:56:59.503845
7.4059691882017304,8.433392460728568,2025-09-30 10:56:59.503845
7.855482377985793,8.876069434089823,2025-09-30 10:56:59.503845
7.366026037218365,8.018893556954666,2025-09-30 10:56:59.503845
7.669714229913362,8.555671959762607,2025-09-30 10:56:59.503845
7.5673882899379015,8.464604535037276,2025-09-30 10:56:59.503845
7.522598956142471,8.449414604911702,2025-09-30 10:56:59.503845
7.658693722516299,8.496962810193905,2025-09-30 10:56:59.503845
7.555086363896143,8.597682893050742,2025-09-30 10:56:59.503845
7.529126732226193,8.480305593738375,2025-09-30 10:56:59.503845
7.608132726117169,8.756103544980371,2025-09-30 10:56:59.503845
7.389900986007422,8.24617021191006,2025-09-30 10:56:59.503845
7.312238456352112,8.49955657688538,2025-09-30 10:56:59.503845
7.486766392852787,8.310372584315344,2025-09-30 10:56:59.503845
7.133801517331451,8.472050541984519,2025-09-30 10:56:59.503845
7.908077161419573,8.539495702550068,2025-09-30 10:56:59.503845
7.633928342833695,8.341837983968823,2025-09-30 10:56:59.503845
7.696051847411137,8.561609878841798,2025-09-30 10:56:59.503845
7.519694136148803,8.7739662656591,2025-09-30 10:56:59.503845
7.432016860200345,8.176158309813614,2025-09-30 10:56:59.503845
7.659701683461749,8.481432409493248,2025-09-30 10:56:59.503845
7.482203083936388,8.259937362710476,2025-09-30 10:56:59.503845
7.407888793801841,8.580039536988002,2025-09-30 10:56:59.503845
7.385186874697103,8.400110115444866,2025-09-30 10:56:59.503845
7.541315724910561,8.485395859490295,2025-09-30 10:56:59.503845
7.686522401945676,8.575098406229568,2025-09-30 10:56:59.503845
7.493257593922311,8.059225907168402,2025-09-30 10:56:59.503845
7.486262322723545,8.217246722481622,2025-09-30 10:56:59.503845
7.382110468171158,8.35876801135832,2025-09-30 10:56:59.503845
7.589593530542375,8.162830888193993,2025-09-30 10:56:59.503845
7.347563549307586,8.236788886443886,2025-09-30 10:56:59.503845
7.401588284547121,8.613393224343527,2025-09-30 10:56:59.503845
7.314676894711976,8.190010099279656,2025-09-30 10:56:59.503845
7.190034402529254,8.61910775721309,2025-09-30 10:56:59.503845
7.515939470740413,8.425969549479666,2025-09-30 10:56:59.503845
7.553321507952929,8.383772894014381,2025-09-30 10:56:59.503845
7.659493244362882,8.67525330148623,2025-09-30 10:56:59.503845
7.686778098989305,8.449028403673456,2025-09-30 10:56:59.503845
7.673579316148844,8.384021355948876,2025-09-30 10:56:59.503845
7.659370154027924,8.603609985332444,2025-09-30 10:56:59.503845
7.573417036548366,8.335427022154557,2025-09-30 10:56:59.503845
7.462562182682432,8.39029630620739,2025-09-30 10:56:59.503845
7.4264533664885795,8.304708029443395,2025-09-30 10:56:59.503845
7.413010931713885,8.107923429345892,2025-09-30 10:56:59.503845
7.298952476383938,8.331414129230033,2025-09-30 10:56:59.503845
7.292095234020928,8.275430960089658,2025-09-30 10:56:59.503845
7.405135786200561,8.539020635234172,2025-09-30 10:56:59.503845
7.454114665466433,8.437964206887935,2025-09-30 10:56:59.503845
8.090336864817637,8.070048615107545,2025-09-30 10:56:59.503845
7.149086487025533,8.534315052494426,2025-09-30 10:56:59.503845
7.200166952245958,8.19438029843641,2025-09-30 10:56:59.503845
7.56997480380434,8.418414813307082,2025-09-30 10:56:59.503845
7.525945815250059,8.394978444442433,2025-09-30 10:56:59.503845
7.478530671778645,8.31970288241553,2025-09-30 10:56:59.503845
7.568908187647768,8.025471119107142,2025-09-30 10:56:59.503845
7.405939526390725,8.704849948169002,2025-09-30 10:56:59.503845
7.620120495849166,8.422708451819705,2025-09-30 10:56:59.503845
7.527354546804359,8.230021660112303,2025-09-30 10:56:59.503845
7.505728391992673,8.437568800063776,2025-09-30 10:56:59.503845
7.588077207056474,8.138993845191122,2025-09-30 10:56:59.503845
7.3861616981043285,8.259539665260483,2025-09-30 10:56:59.503845
7.609148255135223,8.485477890154733,2025-09-30 10:56:59.503845
7.488196539067548,8.56940367774258,2025-09-30 10:56:59.503845
7.478808422221896,7.961520766444293,2025-09-30 10:56:59.503845
7.776619850540825,8.13875954714699,2025-09-30 10:56:59.503845
7.5646984429158834,8.702977453068291,2025-09-30 10:56:59.503845
7.698208774806201,8.459376758888562,2025-09-30 10:56:59.503845
7.4272792624696455,8.553054439732378,2025-09-30 10:56:59.503845
7.6044129146141834,8.324177252599648,2025-09-30 10:56:59.503845
7.611219279088793,8.423712915781424,2025-09-30 10:56:59.503845
7.354862832441857,8.501714246523921,2025-09-30 10:56:59.503845
7.370603942098627,8.139133160607294,2025-09-30 10:56:59.503845
7.564718499628747,8.519728964309197,2025-09-30 10:56:59.503845
7.6162307319266205,8.069606728388521,2025-09-30 10:56:59.503845
7.517238538875793,8.112508629321106,2025-09-30 10:56:59.503845
7.476409105145194,8.406028940696272,2025-09-30 10:56:59.503845
7.609417196400521,8.635286069387856,2025-09-30 10:56:59.503845
7.533693492210495,8.36809741028033,2025-09-30 10:56:59.503845
7.558862051987033,8.657383197019692,2025-09-30 10:56:59.503845
7.587449594198726,8.413473278744746,2025-09-30 10:56:59.503845
7.517523503712766,8.720366482379859,2025-09-30 10:56:59.503845
7.331376261067631,8.44989634311974,2025-09-30 10:56:59.503845
7.668524122935133,8.387028914735838,2025-09-30 10:56:59.503845
7.375026486911953,8.451989242007713,2025-09-30 10:56:59.503845
7.705313471436311,8.614215813600923,2025-09-30 10:56:59.503845
7.53812991234394,8.528631819869418,2025-09-30 10:56:59.503845
7.677667724851082,8.12373718681404,2025-09-30 10:56:59.503845
7.493166346909681,8.557900254986324,2025-09-30 10:56:59.503845
7.380684489655825,8.352760945661542,2025-09-30 10:56:59.503845
7.55218953252664,8.383140697849655,2025-09-30 10:56:59.503845
7.562242965386443,8.426077656511202,2025-09-30 10:56:59.503845
7.266393164854685,8.170509887730688,2025-09-30 10:56:59.503845
7.675816421634009,7.6987012317219055,2025-09-30 10:56:59.503845
7.624152234350247,8.2989600806568,2025-09-30 10:56:59.503845
7.3895260097782804,7.945354401146792,2025-09-30 10:56:59.503845
7.611771311162437,8.57181668238337,2025-09-30 10:56:59.503845
7.49063993231318,8.652850149662516,2025-09-30 10:56:59.503845
7.2625962229849,8.382520930895069,2025-09-30 10:56:59.503845
7.537026500630488,8.104873736896357,2025-09-30 10:56:59.503845
7.740490392897091,8.130145529554797,2025-09-30 10:56:59.503845
7.2965782081345205,8.625713281599468,2025-09-30 10:56:59.503845
7.228144427805506,8.316873479617772,2025-09-30 10:56:59.503845
7.39553047748103,8.304037201598968,2025-09-30 10:56:59.503845
7.419001295892611,8.353432889184454,2025-09-30 10:56:59.503845
7.6029500457464865,8.491687013582265,2025-09-30 10:56:59.503845
7.346374155542121,8.180078619046926,2025-09-30 10:56:59.503845
7.470558649435174,8.4976140338905,2025-09-30 10:56:59.503845
7.743755982401406,8.497592069745263,2025-09-30 10:56:59.503845
7.516955477214587,8.009836177430897,2025-09-30 10:56:59.503845
7.63670047563763,8.42450490392181,2025-09-30 10:56:59.503845
7.479989149867093,8.247765877411876,2025-09-30 10:56:59.503845
7.595579104667626,8.147248291317212,2025-09-30 10:56:59.503845
7.580426657609565,8.663308708104688,2025-09-30 10:56:59.503845
7.372323632112362,8.165378318013852,2025-09-30 10:56:59.503845
7.569345087440327,8.59056234208486,2025-09-30 10:56:59.503845
7.542434904375235,8.142710509750861,2025-09-30 10:56:59.503845
7.593592197711,8.474436569113642,2025-09-30 10:56:59.503845
7.660667037013403,8.41237630438878,2025-09-30 10:56:59.503845
7.60063607545195,8.31283263010707,2025-09-30 10:56:59.503845
7.442286721391626,7.979948689226792,2025-09-30 10:56:59.503845
7.5385753381597524,8.456110152190682,2025-09-30 10:56:59.503845
7.637162378509812,8.887447210913052,2025-09-30 10:56:59.503845
7.750819828499478,8.350260783125922,2025-09-30 10:56:59.503845
7.502771628126081,8.396606831786498,2025-09-30 10:56:59.503845
7.3353015197097236,8.324315422665572,2025-09-30 10:56:59.503845
7.191315349859728,8.78404272934826,2025-09-30 10:56:59.503845
7.650189772530085,8.60364058393691,2025-09-30 10:56:59.503845
7.386801537650079,8.382770737690796,2025-09-30 10:56:59.503845
7.442588702127892,8.190913221149286,2025-09-30 10:56:59.503845
7.332914683719915,8.203119534751034,2025-09-30 10:56:59.503845
7.634673860825162,8.433490044150279,2025-09-30 10:56:59.503845
7.459295063449169,8.139491772532955,2025-09-30 10:56:59.503845
7.623691617866863,8.347762820705192,2025-09-30 10:56:59.503845
7.312438222675842,8.654913611149443,2025-09-30 10:56:59.503845
7.798917640202579,8.113668081571644,2025-09-30 10:56:59.503845
7.413211789592077,8.846735296678052,2025-09-30 10:56:59.503845
7.884514855433426,8.333012226263163,2025-09-30 10:56:59.503845
7.278723600912415,8.630193743283204,2025-09-30 10:56:59.503845
7.276713474380635,8.593293810744404,2025-09-30 10:56:59.503845
7.733567571076869,8.335545783119619,2025-09-30 10:56:59.503845
7.707724288536235,8.251221465759937,2025-09-30 10:56:59.503845
7.511406483037351,8.439910763084244,2025-09-30 10:56:59.503845
7.715597887717083,8.18593685552905,2025-09-30 10:56:59.503845
7.681214984952061,8.343969029304311,2025-09-30 10:56:59.503845
7.386976481125046,8.373687208112704,2025-09-30 10:56:59.503845
7.577102528537703,8.566935894062432,2025-09-30 10:56:59.503845
7.460354499941846,8.294685672583745,2025-09-30 10:56:59.503845
7.333183227267221,8.457780020816031,2025-09-30 10:56:59.503845
7.55959709681611,8.329126640531433,2025-09-30 10:56:59.503845
7.42736905365008,8.258791330809418,2025-09-30 10:56:59.503845
7.531962799407828,8.412713978750766,2025-09-30 10:56:59.503845
7.159141872228533,8.497740377290919,2025-09-30 10:56:59.503845
7.532541177970271,7.872195270040545,2025-09-30 10:56:59.503845
7.511116655475099,8.238486470620964,2025-09-30 10:56:59.503845
7.229207899425126,8.004306806411323,2025-09-30 10:56:59.503845
7.397086369711082,8.216359814917265,2025-09-30 10:56:59.503845
7.690300462889371,8.78737471503996,2025-09-30 10:56:59.503845
7.58746585645091,8.323099319390092,2025-09-30 10:56:59.503845
7.532546921591454,8.212122804257161,2025-09-30 10:56:59.503845
7.441217351643459,8.265677940966736,2025-09-30 10:56:59.503845
7.535970033283293,8.681958585343706,2025-09-30 10:56:59.503845
7.336801097248456,8.393899487139015,2025-09-30 10:56:59.503845
7.5011597506711745,8.385318619211693,2025-09-30 10:56:59.503845
7.17228373607875,8.484789422539523,2025-09-30 10:56:59.503845
7.365906475514658,8.291293672904393,2025-09-30 10:56:59.503845
7.249022154802291,8.656689861008516,2025-09-30 10:56:59.503845
7.451281940376819,8.393775842100057,2025-09-30 10:56:59.503845
7.177085539512519,8.442941039978692,2025-09-30 10:56:59.503845
7.74914709180378,8.621687314825008,2025-09-30 10:56:59.503845
7.536908152318111,8.243723379619913,2025-09-30 10:56:59.503845
7.4992619022807405,8.180325530163797,2025-09-30 10:56:59.503845
7.892073395481683,8.109328809021688,2025-09-30 10:56:59.503845
7.577403018785172,8.056720853863617,2025-09-30 10:56:59.503845
7.196996888329449,8.264658680705278,2025-09-30 10:56:59.503845
7.491839317368248,8.506497312360555,2025-09-30 10:56:59.503845
7.869403172841799,8.195917227599589,2025-09-30 10:56:59.503845
7.685159351219754,8.613978669116841,2025-09-30 10:56:59.503845
7.580818116493618,8.149324939491983,2025-09-30 10:56:59.503845
7.578308389658518,8.197713568254509,2025-09-30 10:56:59.503845
7.3825450469034255,8.260947524201018,2025-09-30 10:56:59.503845
7.5896263446793775,8.15918547987402,2025-09-30 10:56:59.503845
7.613119669652889,8.17327235404425,2025-09-30 10:56:59.503845
7.36514062305791,8.0254910912862,2025-09-30 10:56:59.503845
7.763388984008699,8.622421415306105,2025-09-30 10:56:59.503845
7.327026287484234,8.203493241254735,2025-09-30 10:56:59.503845
7.427494279811323,8.047629656942155,2025-09-30 10:56:59.503845
7.412624630682094,8.391504406336146,2025-09-30 10:56:59.503845
7.671603050953764,8.422139941631093,2025-09-30 10:56:59.503845
7.261566030950211,8.653763558687203,2025-09-30 10:56:59.503845
7.7091840520646,8.552277641937911,2025-09-30 10:56:59.503845
7.139236513165888,8.417371798971406,2025-09-30 10:56:59.503845
7.5209229135894216,8.360144411480784,2025-09-30 10:56:59.503845
7.410146203745714,8.332532468033836,2025-09-30 10:56:59.503845
7.735911821592331,8.524105503909924,2025-09-30 10:56:59.503845
7.932762334511652,8.209482718197098,2025-09-30 10:56:59.503845
7.318077387679144,8.593081669733206,2025-09-30 10:56:59.503845
7.5744226977398235,8.152538991353667,2025-09-30 10:56:59.503845
7.3542777696793395,8.417842066038588,2025-09-30 10:56:59.503845
7.5063351351061165,8.745118530444994,2025-09-30 10:56:59.503845
7.495647269200402,8.428105447152053,2025-09-30 10:56:59.503845
7.442679595534234,8.34460834751856,2025-09-30 10:56:59.503845
7.338809708376633,8.096852396301834,2025-09-30 10:56:59.503845
7.569787473803324,8.325439304297099,2025-09-30 10:56:59.503845
7.258929053657864,8.520664125488441,2025-09-30 10:56:59.503845
7.769411552894853,8.273276190013659,2025-09-30 10:56:59.503845
7.654820105292789,8.346547056712023,2025-09-30 10:56:59.503845
7.63806555061616,8.316555980918535,2025-09-30 10:56:59.503845
7.545624439011617,8.508193548253187,2025-09-30 10:56:59.503845
7.561080338925159,7.957813899104534,2025-09-30 10:56:59.503845
7.800962933299095,8.585300019148855,2025-09-30 10:56:59.503845
7.7217702663658265,8.784646180525433,2025-09-30 10:56:59.503845
7.619496556225282,8.544654954732149,2025-09-30 10:56:59.503845
7.626513672892051,8.306340581334513,2025-09-30 10:56:59.503845
7.551437286640018,8.334082192006944,2025-09-30 10:56:59.503845
7.269178224317012,8.370878815661719,2025-09-30 10:56:59.503845
7.504715857668576,8.31499140657171,2025-09-30 10:56:59.503845
7.403065852722444,8.590816370203935,2025-09-30 10:56:59.503845
7.686997036600857,8.41752276724756,2025-09-30 10:56:59.503845
7.466434915414387,8.380321563665596,2025-09-30 10:56:59.503845
7.6718538345960745,8.08918293226182,2025-09-30 10:56:59.503845
7.391942171357549,8.354643859332155,2025-09-30 10:56:59.503845
7.195268040683389,8.725234948597684,2025-09-30 10:56:59.503845
7.759886951662225,8.582322852820322,2025-09-30 10:56:59.503845
7.57602512300002,8.42652498639097,2025-09-30 10:56:59.503845
7.358824339759286,8.407608221017805,2025-09-30 10:56:59.503845
7.513638634901061,8.642372893064671,2025-09-30 10:56:59.503845
7.315675435549999,8.528291597233576,2025-09-30 10:56:59.503845
7.8604626490170695,8.112282946877533,2025-09-30 10:56:59.503845
7.411069877555325,8.457594195617801,2025-09-30 10:56:59.503845
7.610259109713325,8.38840027492396,2025-09-30 10:56:59.503845
7.571325546065384,8.209378476715596,2025-09-30 10:56:59.503845
7.469759314191761,8.351508892174147,2025-09-30 10:56:59.503845
7.628177150680239,8.480457549031684,2025-09-30 10:56:59.503845
7.386887877419737,8.217494553336373,2025-09-30 10:56:59.503845
7.699275484686126,8.270562777906457,2025-09-30 10:56:59.503845
7.1763656742858455,8.481334050131537,2025-09-30 10:56:59.503845
7.960829508342678,8.26118703312304,2025-09-30 10:56:59.503845
7.391023240472662,8.28703713329793,2025-09-30 10:56:59.503845
7.398842045539959,8.24084141475445,2025-09-30 10:56:59.503845
7.622574463882177,8.34054969571216,2025-09-30 10:56:59.503845
7.520994634744423,8.28305787490025,2025-09-30 10:56:59.503845
7.811770277272161,8.18810382505823,2025-09-30 10:56:59.503845
7.555373702349981,8.374529653379051,2025-09-30 10:56:59.503845
8.009142334642195,8.393286279083522,2025-09-30 10:56:59.503845
7.675877457421959,8.440404515811183,2025-09-30 10:56:59.503845
7.469835019129282,8.616654211665372,2025-09-30 10:56:59.503845
7.275472314531193,8.27709786739695,2025-09-30 10:56:59.503845
7.364330745306713,8.45572216295084,2025-09-30 10:56:59.503845
7.438078945090711,8.627459387111042,2025-09-30 10:56:59.503845
7.575264526082586,7.990544692029554,2025-09-30 10:56:59.503845
7.1574817897677505,8.39175135787226,2025-09-30 10:56:59.503845
7.550170852212617,7.934967974182811,2025-09-30 10:56:59.503845
7.357121361710174,8.14375328387198,2025-09-30 10:56:59.503845
7.2909957570986865,8.529604475736479,2025-09-30 10:56:59.503845
7.7070741436998125,8.085181079596618,2025-09-30 10:56:59.503845
7.174363709967207,8.850251517995389,2025-09-30 10:56:59.503845
7.411253015291025,8.11344069779448,2025-09-30 10:56:59.503845
7.496952746122358,8.726890091232244,2025-09-30 10:56:59.503845
7.328001059412202,8.52771703743042,2025-09-30 10:56:59.503845
7.358652251241198,8.798857943750608,2025-09-30 10:56:59.503845
7.455152360088358,8.485867590773006,2025-09-30 10:56:59.503845
7.57861300710494,8.296275245222592,2025-09-30 10:56:59.503845
7.445889260912667,8.631292129407727,2025-09-30 10:56:59.503845
7.534542532887162,8.26151620822648,2025-09-30 10:56:59.503845
7.360881599446949,8.330974865776216,2025-09-30 10:56:59.503845
7.513409785005212,8.199378383398225,2025-09-30 10:56:59.503845
7.673856147144083,8.42520133635543,2025-09-30 10:56:59.503845
7.446048982006503,8.96128162135305,2025-09-30 10:56:59.503845
7.32184360610087,8.516153206810872,2025-09-30 10:56:59.503845
7.581987281939016,8.262546339176861,2025-09-30 10:56:59.503845
7.228250745687781,8.61877624585504,2025-09-30 10:56:59.503845
7.667514376077273,8.185575729225775,2025-09-30 10:56:59.503845
7.692453730796932,8.281475250259403,2025-09-30 10:56:59.503845
7.3220180136479005,8.365211046053348,2025-09-30 10:56:59.503845
7.266876945581053,8.391565372354114,2025-09-30 10:56:59.503845
7.463888115527858,8.141836526845003,2025-09-30 10:56:59.503845
7.81011991102654,8.615956265473896,2025-09-30 10:56:59.503845
7.274997042716654,8.27400515650896,2025-09-30 10:56:59.503845
7.570286353502987,8.722521416117127,2025-09-30 10:56:59.503845
7.386897756107114,8.204556838596089,2025-09-30 10:56:59.503845
7.4750101026025915,8.211064187015344,2025-09-30 10:56:59.503845
7.465889289366028,8.529966676483495,2025-09-30 10:56:59.503845
7.459337596064248,8.14698388564516,2025-09-30 10:56:59.503845
7.607959538045292,8.019521125951513,2025-09-30 10:56:59.503845
7.611397514280889,8.144159460260058,2025-09-30 10:56:59.503845
7.662699815277806,8.464220969084456,2025-09-30 10:56:59.503845
7.432526949555966,8.089075113263357,2025-09-30 10:56:59.503845
7.6028312331905905,8.449440581561312,2025-09-30 10:56:59.503845
7.720200823302747,8.67693544493615,2025-09-30 10:56:59.503845
7.815169169031444,8.378088732015168,2025-09-30 10:56:59.503845
7.5177529191579895,8.291756745595006,2025-09-30 10:56:59.503845
7.347280472501426,8.349556526018146,2025-09-30 10:56:59.503845
7.762532788458223,8.375561081737985,2025-09-30 10:56:59.503845
7.577927261593761,8.46452518760904,2025-09-30 10:56:59.503845
7.284313464186997,8.293291872696052,2025-09-30 10:56:59.503845
7.251284736926248,8.544759040137727,2025-09-30 10:56:59.503845
7.5769035406586545,8.329649101064827,2025-09-30 10:56:59.503845
7.654938775401495,8.273022036763772,2025-09-30 10:56:59.503845
7.624688165214533,8.398320199776007,2025-09-30 10:56:59.503845
7.392430554581599,7.75702097430668,2025-09-30 10:56:59.503845
7.3567891761022635,8.425214037971761,2025-09-30 10:56:59.503845
7.813052896571872,8.246321926316316,2025-09-30 10:56:59.503845
7.373254737038908,8.118880268075236,2025-09-30 10:56:59.503845
7.474755168640202,8.215863105585058,2025-09-30 10:56:59.503845
7.464005785529684,8.648865660619125,2025-09-30 10:56:59.503845
7.28745819980629,8.44950964155308,2025-09-30 10:56:59.503845
7.326519155380463,8.063218569581323,2025-09-30 10:56:59.503845
7.675057472372424,8.426060408830308,2025-09-30 10:56:59.503845
7.397099835313418,8.914470747909565,2025-09-30 10:56:59.503845
7.746383658904155,8.23884934129927,2025-09-30 10:56:59.503845
7.30413392920966,8.369614255836726,2025-09-30 10:56:59.503845
7.538563620931679,8.196159769364643,2025-09-30 10:56:59.503845
7.881546866496987,8.355712173123566,2025-09-30 10:56:59.503845
7.220546391874717,8.438626740391188,2025-09-30 10:56:59.503845
7.2834896657537005,8.599570300280982,2025-09-30 10:56:59.503845
7.759056367869679,8.114267116452773,2025-09-30 10:56:59.503845
7.858213202208986,8.658186783961728,2025-09-30 10:56:59.503845
7.439588159518288,8.500120282523023,2025-09-30 10:56:59.503845
7.378906502683063,8.343945953053483,2025-09-30 10:56:59.503845
7.515383191359911,8.55495368083646,2025-09-30 10:56:59.503845
7.710280983630269,8.759706886092692,2025-09-30 10:56:59.503845
7.360259072440762,8.414289424667928,2025-09-30 10:56:59.503845
7.195402590307877,8.351864401389415,2025-09-30 10:56:59.503845
7.72109158422443,8.243317066506336,2025-09-30 10:56:59.503845
7.482280960020505,8.191342045559246,2025-09-30 10:56:59.503845
7.553981331403194,8.13670533293469,2025-09-30 10:56:59.503845
7.5288225805332765,8.52735473896156,2025-09-30 10:56:59.503845
7.501912835449185,8.352737563960176,2025-09-30 10:56:59.503845
7.32049295031498,8.086793659375346,2025-09-30 10:56:59.503845
7.2345639071851116,8.439240521654597,2025-09-30 10:56:59.503845
7.370431740465283,8.243265255114078,2025-09-30 10:56:59.503845
7.536667937893259,8.303392594514788,2025-09-30 10:56:59.503845
7.488337836903961,8.320236519863478,2025-09-30 10:56:59.503845
7.200058061698064,8.013117421345363,2025-09-30 10:56:59.503845
7.444864377866948,8.756054621193288,2025-09-30 10:56:59.503845
7.647087993857885,7.9595586961923965,2025-09-30 10:56:59.503845
7.570585184844126,8.161266290049149,2025-09-30 10:56:59.503845
7.4228764951160935,8.328999411168356,2025-09-30 10:56:59.503845
7.866254132129355,8.534532869446474,2025-09-30 10:56:59.503845
7.469005636482623,8.342741542141972,2025-09-30 10:56:59.503845
7.55156544241042,8.520991147936346,2025-09-30 10:56:59.503845
7.64062643569944,8.559755979540139,2025-09-30 10:56:59.503845
7.530421628159963,8.177150347061191,2025-09-30 10:56:59.503845
7.600176753838563,8.201269795249361,2025-09-30 10:56:59.503845
7.314191225024009,8.107688621026972,2025-09-30 10:56:59.503845
7.474326501863806,8.303255383636113,2025-09-30 10:56:59.503845
7.733808488631773,8.25414411318454,2025-09-30 10:56:59.503845
7.552120928715459,8.49260836052432,2025-09-30 10:56:59.503845
7.7209591540417915,8.566433108799039,2025-09-30 10:56:59.503845
7.707186693009534,8.504456003877948,2025-09-30 10:56:59.503845
7.397151122290407,8.392622212289824,2025-09-30 10:56:59.503845
7.318403653844491,8.247754718485197,2025-09-30 10:56:59.503845
7.452171656549699,8.289011019914545,2025-09-30 10:56:59.503845
7.664608980216631,8.175228014038153,2025-09-30 10:56:59.503845
7.644602085359066,8.03543178206268,2025-09-30 10:56:59.503845
7.492470918011747,8.390578155651603,2025-09-30 10:56:59.503845
7.53705004807319,8.008019097280489,2025-09-30 10:56:59.503845
7.44255309631768,8.440127808140014,2025-09-30 10:56:59.503845
7.4656582321825296,8.500858679957002,2025-09-30 10:56:59.503845
7.393588004806033,8.296460326112706,2025-09-30 10:56:59.503845
7.430392406976446,8.22918754369805,2025-09-30 10:56:59.503845
7.411420057154464,8.466222452162143,2025-09-30 10:56:59.503845
7.463733794713897,8.723891833382575,2025-09-30 10:56:59.503845
7.357417505468492,8.433867373818424,2025-09-30 10:56:59.503845
7.625162538042941,8.53173428946921,2025-09-30 10:56:59.503845
7.73857548111429,8.654165589838932,2025-09-30 10:56:59.503845
7.3831553207122225,8.48899742273346,2025-09-30 10:56:59.503845
7.519351239509702,8.479927050928866,2025-09-30 10:56:59.503845
7.586944150687094,8.221235903173447,2025-09-30 10:56:59.503845
7.319270173960124,8.371963348863913,2025-09-30 10:56:59.503845
7.3993796962049085,8.42190315349148,2025-09-30 10:56:59.503845
7.681948844679286,8.379188126744525,2025-09-30 10:56:59.503845
7.486459305300574,8.5075812300133,2025-09-30 10:56:59.503845
7.5599466472717225,8.709019128445291,2025-09-30 10:56:59.503845
7.301521323474707,8.73603117598831,2025-09-30 10:56:59.503845
7.529432396760121,8.217474068578756,2025-09-30 10:56:59.503845
7.4001822534584,8.469209761652762,2025-09-30 10:56:59.503845
7.5204516377690345,8.42944882375086,2025-09-30 10:56:59.503845
7.349932890680833,8.189607536770279,2025-09-30 10:56:59.503845
7.184484220769161,8.082430958977662,2025-09-30 10:56:59.503845
7.503639320044994,8.476367649313758,2025-09-30 10:56:59.503845
7.426220207258484,8.557441960347068,2025-09-30 10:56:59.503845
7.638866697161452,8.239741604182806,2025-09-30 10:56:59.503845
7.392051714508811,8.39519482255537,2025-09-30 10:56:59.503845
7.329274165464635,8.308823498992819,2025-09-30 10:56:59.503845
7.401943449193063,8.204137043598921,2025-09-30 10:56:59.503845
7.694273872770838,8.517553175582151,2025-09-30 10:56:59.503845
7.648405437480751,8.311216637411308,2025-09-30 10:56:59.503845
7.524187856759239,8.473018448977317,2025-09-30 10:56:59.503845
7.1518096083041,8.271663903759407,2025-09-30 10:56:59.503845
7.4754823464114875,8.40972710294366,2025-09-30 10:56:59.503845
7.548637278228438,8.415358068032422,2025-09-30 10:56:59.503845
7.433927639868036,8.016431855455195,2025-09-30 10:56:59.503845
7.496869508897363,8.654071605888031,2025-09-30 10:56:59.503845
7.443554123391212,8.323407167507943,2025-09-30 10:56:59.503845
7.509318559389438,8.233556053591288,2025-09-30 10:56:59.503845
7.308599916930203,8.132071586363024,2025-09-30 10:56:59.503845
7.242327111211537,8.952629652282727,2025-09-30 10:56:59.503845
7.294619406834628,8.42921534566112,2025-09-30 10:56:59.503845
7.581981716085474,8.49044986973287,2025-09-30 10:56:59.503845
7.4345618802326845,8.481283637178883,2025-09-30 10:56:59.503845
7.554999966633219,8.202022144251712,2025-09-30 10:56:59.503845
7.562386573749968,8.271100908838108,2025-09-30 10:56:59.503845
7.557277278945248,8.075408628267603,2025-09-30 10:56:59.503845
7.2947438647697656,8.282082778733717,2025-09-30 10:56:59.503845
7.483994967248223,8.425732209068753,2025-09-30 10:56:59.503845
7.633332266686904,8.311491596224515,2025-09-30 10:56:59.503845
7.617164202396469,8.473475267515663,2025-09-30 10:56:59.503845
7.205729260393371,8.607491617245195,2025-09-30 10:56:59.503845
7.400186136833044,8.522752349368336,2025-09-30 10:56:59.503845
7.377488181297174,8.318534487433922,2025-09-30 10:56:59.503845
7.419733958435099,8.094294165789565,2025-09-30 10:56:59.503845
7.533342053307084,8.496410194345728,2025-09-30 10:56:59.503845
7.481490246444988,8.376514564061468,2025-09-30 10:56:59.503845
7.687077162538434,8.427787505299976,2025-09-30 10:56:59.503845
7.5572660517213555,8.072711756537036,2025-09-30 10:56:59.503845
7.109583831826564,8.505327191278846,2025-09-30 10:56:59.503845
7.500820542417708,8.11683791063686,2025-09-30 10:56:59.503845
7.29063404745455,8.200855994220193,2025-09-30 10:56:59.503845
7.286977451104021,8.33125852234145,2025-09-30 10:56:59.503845
7.422872560468388,8.685121885096125,2025-09-30 10:56:59.503845
7.738852586557868,8.371392926339402,2025-09-30 10:56:59.503845
7.8231219214457415,8.371094002467052,2025-09-30 10:56:59.503845
7.334384421060486,8.228805774054932,2025-09-30 10:56:59.503845
7.315245268556945,8.252885177462474,2025-09-30 10:56:59.503845
7.74526471731207,8.525182257702431,2025-09-30 10:56:59.503845
7.306648346595332,8.047567401245557,2025-09-30 10:56:59.503845
7.5189949517300745,8.462846820948316,2025-09-30 10:56:59.503845
7.72705905100281,8.045638282366772,2025-09-30 10:56:59.503845
7.671926984836634,8.54466396572654,2025-09-30 10:56:59.503845
7.4575342904427595,8.207129370827856,2025-09-30 10:56:59.503845
7.59689906050006,8.279176057248868,2025-09-30 10:56:59.503845
7.333938480807434,8.498560270469177,2025-09-30 10:56:59.503845
7.527826967364459,7.991049423029194,2025-09-30 10:56:59.503845
7.633719351054755,8.361815347500038,2025-09-30 10:56:59.503845
7.4981251532538975,8.025359281255243,2025-09-30 10:56:59.503845
7.670431553024801,8.047905033517548,2025-09-30 10:56:59.503845
7.475826796504798,8.491683345274115,2025-09-30 10:56:59.503845
7.281668164666816,8.567956275880302,2025-09-30 10:56:59.503845
7.464620539783036,8.13174094429092,2025-09-30 10:56:59.503845
7.631114321333595,8.184492999101195,2025-09-30 10:56:59.503845
7.584728877635409,8.039909441692394,2025-09-30 10:56:59.503845
7.395408001408104,8.880328821983547,2025-09-30 10:56:59.503845
7.857578401686392,8.29860281592948,2025-09-30 10:56:59.503845
7.791856276210635,8.157360400766736,2025-09-30 10:56:59.503845
7.577351294284228,8.357734425729685,2025-09-30 10:56:59.503845
7.214150791981392,8.70647313874341,2025-09-30 10:56:59.503845
7.494135753322273,8.613764748468531,2025-09-30 10:56:59.503845
7.428371752125737,8.134978734785498,2025-09-30 10:56:59.503845
7.402729534255096,8.223455368015278,2025-09-30 10:56:59.503845
7.550161471953602,8.37354645706405,2025-09-30 10:56:59.503845
7.506397676479796,8.37905750874714,2025-09-30 10:56:59.503845
7.536282749613188,8.788876137705811,2025-09-30 10:56:59.503845
7.487606051879017,8.110752979471487,2025-09-30 10:56:59.503845
7.444737474973387,8.208004885160381,2025-09-30 10:56:59.503845
7.601992945911173,8.613075336439868,2025-09-30 10:56:59.503845
7.299380309270415,8.0703772526166,2025-09-30 10:56:59.503845
7.406312416884173,8.288957937111784,2025-09-30 10:56:59.503845
7.3567407121419865,8.226401679095254,2025-09-30 10:56:59.503845
7.488438615237616,8.806460391949464,2025-09-30 10:56:59.503845
7.443533016454455,8.352119152200506,2025-09-30 10:56:59.503845
7.455141607581459,8.48560968294632,2025-09-30 10:56:59.503845
7.569441621800414,8.379444079233949,2025-09-30 10:56:59.503845
7.649085556104076,8.145607954941292,2025-09-30 10:56:59.503845
7.39113594109845,8.540950299561622,2025-09-30 10:56:59.503845
7.318067388745364,8.251346696581766,2025-09-30 10:56:59.503845
7.54061800025144,8.260495783520875,2025-09-30 10:56:59.503845
7.634322369314166,8.245614790550881,2025-09-30 10:56:59.503845
7.463168301919261,8.424626534251296,2025-09-30 10:56:59.503845
7.527303234235007,8.330825077175161,2025-09-30 10:56:59.503845
7.638536748926364,8.235026097785855,2025-09-30 10:56:59.503845
7.397223966282038,8.532283377427374,2025-09-30 10:56:59.503845
7.609305695351046,8.521000220001234,2025-09-30 10:56:59.503845
7.515519470939334,8.331068226637312,2025-09-30 10:56:59.503845
7.330387106518863,8.319474863065253,2025-09-30 10:56:59.503845
7.694525614940802,8.220811444576071,2025-09-30 10:56:59.503845
7.634905798171038,8.470199312881704,2025-09-30 10:56:59.503845
7.214264335461167,8.29368200719365,2025-09-30 10:56:59.503845
7.562662903259024,8.844394364389702,2025-09-30 10:56:59.503845
7.571161970085995,8.104202368162534,2025-09-30 10:56:59.503845
7.464496373867636,8.08270979051846,2025-09-30 10:56:59.503845
7.332503292906954,8.344520343016677,2025-09-30 10:56:59.503845
7.326070197171627,8.454529111616399,2025-09-30 10:56:59.503845
7.420195262614028,8.365398876766646,2025-09-30 10:56:59.503845
7.542096384462125,8.283321582851574,2025-09-30 10:56:59.503845
7.363524235601714,8.128986470618788,2025-09-30 10:56:59.503845
7.326954649588546,8.26648237944411,2025-09-30 10:56:59.503845
7.465925886092305,8.526560245706934,2025-09-30 10:56:59.503845
7.407087531137451,8.105452670876872,2025-09-30 10:56:59.503845
7.297095604516125,8.636100402453048,2025-09-30 10:56:59.503845
7.736587252958502,8.25375009000658,2025-09-30 10:56:59.503845
7.418152671798862,8.454322938838661,2025-09-30 10:56:59.503845
7.627825306922763,8.339658378471803,2025-09-30 10:56:59.503845
7.635496059876791,8.41463601926492,2025-09-30 10:56:59.503845
7.110661292007013,8.048935854986325,2025-09-30 10:56:59.503845
7.487809159874028,8.433791618987685,2025-09-30 10:56:59.503845
7.606367190619313,8.579475774219617,2025-09-30 10:56:59.503845
7.588192314759001,8.688381509867723,2025-09-30 10:56:59.503845
7.6708979805087205,8.2547755133313,2025-09-30 10:56:59.503845
7.586674167358591,8.464918444114188,2025-09-30 10:56:59.503845
7.550564033740315,8.370360102913036,2025-09-30 10:56:59.503845
7.6297790263579435,8.765800345702353,2025-09-30 10:56:59.503845
7.59485224204574,8.353908146612191,2025-09-30 10:56:59.503845
7.631386247849746,8.512209469543121,2025-09-30 10:56:59.503845
7.500514101421101,8.608049892185978,2025-09-30 10:56:59.503845
7.343945662013182,8.458455723106665,2025-09-30 10:56:59.503845
7.648995710209533,8.318152851979264,2025-09-30 10:56:59.503845
7.497307296355825,8.413182345966378,2025-09-30 10:56:59.503845
7.3534972540323915,8.444832227815525,2025-09-30 10:56:59.503845
7.653903877386861,8.156374645218103,2025-09-30 10:56:59.503845
7.458118868117485,8.376733341434758,2025-09-30 10:56:59.503845
7.260480578018302,8.445303994366895,2025-09-30 10:56:59.503845
7.389211569315033,8.48081251962734,2025-09-30 10:56:59.503845
7.202096194937511,8.092939490391364,2025-09-30 10:56:59.503845
7.390541705375739,7.938536248169819,2025-09-30 10:56:59.503845
7.678657715645731,8.350982896581405,2025-09-30 10:56:59.503845
7.691148425569211,8.190694652604945,2025-09-30 10:56:59.503845
7.707798093231451,8.459233188509934,2025-09-30 10:56:59.503845
7.8175539751890195,8.249472152940486,2025-09-30 10:56:59.503845
7.4264991627875805,8.453979703081151,2025-09-30 10:56:59.503845
7.636187370765701,8.322671864253362,2025-09-30 10:56:59.503845
7.4141036019656585,8.142566410900788,2025-09-30 10:56:59.503845
7.572598464098579,8.215928953219402,2025-09-30 10:56:59.503845
7.226096992947946,8.557219478304539,2025-09-30 10:56:59.503845
7.49441593280932,8.463683223257894,2025-09-30 10:56:59.503845
7.486992047310673,8.621478537065942,2025-09-30 10:56:59.503845
7.626653142703998,8.256309777647568,2025-09-30 10:56:59.503845
7.1748386518856115,8.266118991145747,2025-09-30 10:56:59.503845
7.50918180597326,8.462596720860509,2025-09-30 10:56:59.503845
7.611842020312381,8.394772826719477,2025-09-30 10:56:59.503845
7.37053281917298,8.604185978343693,2025-09-30 10:56:59.503845
7.541091499136824,8.22440631548927,2025-09-30 10:56:59.503845
7.485708639552801,8.277660149967023,2025-09-30 10:56:59.503845
7.524088406804685,8.142504076081503,2025-09-30 10:56:59.503845
7.246537892099208,8.611292824134074,2025-09-30 10:56:59.503845
7.448571454757228,8.39618661663906,2025-09-30 10:56:59.503845
7.292547150327264,8.097832415252963,2025-09-30 10:56:59.503845
7.245248844144785,8.394063053728438,2025-09-30 10:56:59.503845
7.495516962933443,8.40726864477917,2025-09-30 10:56:59.503845
7.371321374541357,8.014608671899751,2025-09-30 10:56:59.503845
7.647667555855559,8.172961290189402,2025-09-30 10:56:59.503845
7.596020056534982,8.347253754030834,2025-09-30 10:56:59.503845
7.485493816356894,8.493042743489115,2025-09-30 10:56:59.503845
7.610610029005527,8.467411549108956,2025-09-30 10:56:59.503845
7.504130042903473,8.211769068114911,2025-09-30 10:56:59.503845
7.479156673297242,8.481020512065621,2025-09-30 10:56:59.503845
7.4710115646314685,7.964692353096977,2025-09-30 10:56:59.503845
7.515696847344294,8.58009792151017,2025-09-30 10:56:59.503845
7.399611269772208,8.47346322602841,2025-09-30 10:56:59.503845
7.718044974406264,8.474756106773722,2025-09-30 10:56:59.503845
7.310781404472604,8.334520056650103,2025-09-30 10:56:59.503845
7.638867377859327,8.262403443722729,2025-09-30 10:56:59.503845
7.436141697814321,8.26417394682905,2025-09-30 10:56:59.503845
7.404775413656831,8.289759167713902,2025-09-30 10:56:59.503845
7.457244786920912,8.491986978055712,2025-09-30 10:56:59.503845
7.451723510544765,8.275246108031023,2025-09-30 10:56:59.503845
7.231751779635642,8.285855689636715,2025-09-30 10:56:59.503845
7.368347384733267,8.237497895715453,2025-09-30 10:56:59.503845
7.473984184491838,8.28769345164136,2025-09-30 10:56:59.503845
7.469342295185689,8.56313960633157,2025-09-30 10:56:59.503845
7.660212988806217,8.554565452060798,2025-09-30 10:56:59.503845
7.820172973547977,8.408172922948806,2025-09-30 10:56:59.503845
7.330734307506375,8.284076127802466,2025-09-30 10:56:59.503845
7.617962401832359,8.26261748620478,2025-09-30 10:56:59.503845
7.295481166940999,8.096309462628994,2025-09-30 10:56:59.503845
7.3179203017128716,8.223839077222816,2025-09-30 10:56:59.503845
7.77791053838639,8.433257507884871,2025-09-30 10:56:59.503845
7.398485628184304,8.28795653182479,2025-09-30 10:56:59.503845
7.415473933923973,8.497686793581474,2025-09-30 10:56:59.503845
7.446219786479369,8.399307823830613,2025-09-30 10:56:59.503845
7.465786988174623,8.593695374309938,2025-09-30 10:56:59.503845
7.450214552742692,8.254963053790968,2025-09-30 10:56:59.503845
7.415727865694982,8.461710345743144,2025-09-30 10:56:59.503845
7.504374173639675,8.310599665928008,2025-09-30 10:56:59.503845
7.381526227846104,8.564362102932527,2025-09-30 10:56:59.503845
7.233952449113412,8.304487668576602,2025-09-30 10:56:59.503845
7.7180419728000595,8.378029683619069,2025-09-30 10:56:59.503845
7.238266589715797,8.490903821914355,2025-09-30 10:56:59.503845
7.557219137233699,8.374992115220994,2025-09-30 10:56:59.503845
7.578900067385696,8.561608808575713,2025-09-30 10:56:59.503845
7.483074169026966,8.136157897842176,2025-09-30 10:56:59.503845
7.41576208837025,8.49830030007329,2025-09-30 10:56:59.503845
7.5552195488675515,8.508702528123354,2025-09-30 10:56:59.503845
7.606935520011978,8.357375487851936,2025-09-30 10:56:59.503845
7.4413895557418295,8.31479547422404,2025-09-30 10:56:59.503845
7.411504029453094,8.497188574867181,2025-09-30 10:56:59.503845
7.678905992511124,7.987209704309745,2025-09-30 10:56:59.503845
7.565694010412878,8.481796127496878,2025-09-30 10:56:59.503845
7.648020479785232,8.224596576826283,2025-09-30 10:56:59.503845
7.559967449497354,8.171008918539481,2025-09-30 10:56:59.503845
7.52684458063064,8.358349407909792,2025-09-30 10:56:59.503845
7.338827203098947,8.209148635899123,2025-09-30 10:56:59.503845
7.465778156152256,8.32474214391976,2025-09-30 10:56:59.503845
7.333720896853899,8.40655085530279,2025-09-30 10:56:59.503845
7.525521177831455,8.364236430814561,2025-09-30 10:56:59.503845
7.780351731845259,8.321865287820446,2025-09-30 10:56:59.503845
7.577158919760442,8.07736573990411,2025-09-30 10:56:59.503845
7.273948860395007,8.294037620588973,2025-09-30 10:56:59.503845
7.47993835215286,8.519320958942911,2025-09-30 10:56:59.503845
7.684366242150559,8.684855602371684,2025-09-30 10:56:59.503845
7.124500329409881,8.480224819689528,2025-09-30 10:56:59.503845
7.555790330828082,7.844942236791354,2025-09-30 10:56:59.503845
7.539327173797082,8.199804450411893,2025-09-30 10:56:59.503845
7.609463996202301,8.484281865135653,2025-09-30 10:56:59.503845
7.617915499269774,8.53798428369483,2025-09-30 10:56:59.503845
7.490790395808703,8.417791416952605,2025-09-30 10:56:59.503845
7.543697252412436,8.549009077771883,2025-09-30 10:56:59.503845
7.587415770524755,8.553199709296239,2025-09-30 10:56:59.503845
7.596853000672791,8.22428319364896,2025-09-30 10:56:59.503845
7.284146713335376,8.262776806022774,2025-09-30 10:56:59.503845
7.326618824890903,8.274446039499624,2025-09-30 10:56:59.503845
7.490292903586641,8.22283106595435,2025-09-30 10:56:59.503845
7.497972959128987,8.26716104709357,2025-09-30 10:56:59.503845
7.52621532001117,8.437337959607722,2025-09-30 10:56:59.503845
7.500253173051906,8.350497701357034,2025-09-30 10:56:59.503845
7.404264958874192,7.949250636830837,2025-09-30 10:56:59.503845
7.807028673005391,8.380333336615292,2025-09-30 10:56:59.503845
7.291974313412064,8.604788846324682,2025-09-30 10:56:59.503845
7.443724492281387,8.467709404258803,2025-09-30 10:56:59.503845
7.259199793213061,8.161468952504235,2025-09-30 10:56:59.503845
7.421306822522605,8.292919450804545,2025-09-30 10:56:59.503845
7.459300981910053,8.5352164708941,2025-09-30 10:56:59.503845
7.924162644005799,7.967841755377883,2025-09-30 10:56:59.503845
7.380778287427891,8.598609863629287,2025-09-30 10:56:59.503845
7.368581153466828,8.35373220578977,2025-09-30 10:56:59.503845
7.429633884868926,8.493106167274506,2025-09-30 10:56:59.503845
7.721731534515168,8.328161626533662,2025-09-30 10:56:59.503845
7.515970513218227,8.315083334113256,2025-09-30 10:56:59.503845
7.677641840581895,8.681792322625759,2025-09-30 10:56:59.503845
7.435770595164071,8.43368729207246,2025-09-30 10:56:59.503845
7.516827196829808,8.248063576430113,2025-09-30 10:56:59.503845
7.443681623486424,8.18740907149269,2025-09-30 10:56:59.503845
7.256938326041005,8.44142075275427,2025-09-30 10:56:59.503845
7.034177828965325,8.235687523518902,2025-09-30 10:56:59.503845
7.826893202601996,8.354224390022713,2025-09-30 10:56:59.503845
7.2435098024105375,8.37967581067854,2025-09-30 10:56:59.503845
7.355483620825269,8.632388782681339,2025-09-30 10:56:59.503845
7.796618474332386,8.551541997495914,2025-09-30 10:56:59.503845
7.399198493453512,8.18134893777604,2025-09-30 10:56:59.503845
7.74617768706661,8.310532988089228,2025-09-30 10:56:59.503845
7.4896739198066795,7.908044621992868,2025-09-30 10:56:59.503845
7.3348019108762035,8.59054645152493,2025-09-30 10:56:59.503845
7.305208183493807,8.078443591123055,2025-09-30 10:56:59.503845
7.26629876040858,8.236593642514272,2025-09-30 10:56:59.503845
7.6100959881684735,7.9609692086119175,2025-09-30 10:56:59.503845
7.443069434453837,8.486036169521133,2025-09-30 10:56:59.503845
7.373565259971456,8.74454444941606,2025-09-30 10:56:59.503845
7.668179861038986,8.189801408720003,2025-09-30 10:56:59.503845
7.620063444846994,8.72073937881923,2025-09-30 10:56:59.503845
7.45370118191244,8.454625561117,2025-09-30 10:56:59.503845
7.411259901662826,8.474791976378022,2025-09-30 10:56:59.503845
7.292050721821315,8.148060862768183,2025-09-30 10:56:59.503845
7.439712628086221,8.254173472677094,2025-09-30 10:56:59.503845
7.320998061715448,8.567538088941227,2025-09-30 10:56:59.503845
7.519321643202462,8.190395776497546,2025-09-30 10:56:59.503845
7.6272094152352565,8.675823963860934,2025-09-30 10:56:59.503845
7.629079021656498,8.402970563131472,2025-09-30 10:56:59.503845
7.383548623963712,8.539533849168302,2025-09-30 10:56:59.503845
7.444549544789409,8.159034350149904,2025-09-30 10:56:59.503845
7.477633149200255,8.323987102678748,2025-09-30 10:56:59.503845
7.558770082850159,8.155717053467702,2025-09-30 10:56:59.503845
7.560726462538824,8.320139472625186,2025-09-30 10:56:59.503845
7.427679473241388,7.938227616148276,2025-09-30 10:56:59.503845
7.2378131865244715,8.242358339679873,2025-09-30 10:56:59.503845
7.497356379953688,8.210910543353991,2025-09-30 10:56:59.503845
7.448471900857664,8.43167021468801,2025-09-30 10:56:59.503845
7.367580714846477,8.341925688713157,2025-09-30 10:56:59.503845
7.35187166112167,8.364482138164723,2025-09-30 10:56:59.503845
7.698595566950965,8.197745469962005,2025-09-30 10:56:59.503845
7.564839363099747,8.570704169808211,2025-09-30 10:56:59.503845
7.4184514246243545,8.483669811443255,2025-09-30 10:56:59.503845
7.519941299716543,8.58034482127043,2025-09-30 10:56:59.503845
7.47767922084538,8.15805512070276,2025-09-30 10:56:59.503845
7.38455149744512,8.437581280823261,2025-09-30 10:56:59.503845
7.343529656487139,8.677569262498416,2025-09-30 10:56:59.503845
7.5375692773676555,8.090977833535192,2025-09-30 10:56:59.503845
7.619104789369361,8.4872231987243,2025-09-30 10:56:59.503845
7.303511341119792,8.648257470466433,2025-09-30 10:56:59.503845
7.669651760690919,8.162785944130732,2025-09-30 10:56:59.503845
7.482666169223971,8.370424551839482,2025-09-30 10:56:59.503845
7.612155955769869,8.557259592349626,2025-09-30 10:56:59.503845
7.307798639097509,8.26610530689319,2025-09-30 10:56:59.503845
7.521051641279144,9.044172267187717,2025-09-30 10:56:59.503845
7.485769611608769,8.189571424388152,2025-09-30 10:56:59.503845
7.601116379094784,8.457301389981152,2025-09-30 10:56:59.503845
7.358572498176411,8.394181843731724,2025-09-30 10:56:59.503845
7.592975442377434,8.089910739573995,2025-09-30 10:56:59.503845
7.447131219777436,8.25543778377954,2025-09-30 10:56:59.503845
7.868838615817494,8.312085028724937,2025-09-30 10:56:59.503845
7.492276936676929,7.9228615197020815,2025-09-30 10:56:59.503845
7.4740094280725256,8.20187024885129,2025-09-30 10:56:59.503845
7.7004342656939215,8.304977055165596,2025-09-30 10:56:59.503845
7.465995327852511,8.441630292967982,2025-09-30 10:56:59.503845
7.6037598164271705,8.339914053431771,2025-09-30 10:56:59.503845
7.554570130025207,8.53372529869439,2025-09-30 10:56:59.503845
7.314931243233938,8.326577534261505,2025-09-30 10:56:59.503845
7.218018671530271,8.403408763617284,2025-09-30 10:56:59.503845
7.493875111157696,8.586579849191574,2025-09-30 10:56:59.503845
7.400254485921606,8.684774182716412,2025-09-30 10:56:59.503845
7.4362335002575835,8.576909633330787,2025-09-30 10:56:59.503845
7.832905092348304,8.337884977739106,2025-09-30 10:56:59.503845
7.502357185138003,8.363428870008223,2025-09-30 10:56:59.503845
7.333960050064043,8.660219339313924,2025-09-30 10:56:59.503845
7.4526442743017585,8.295539017586481,2025-09-30 10:56:59.503845
7.561252113914717,8.68276148078648,2025-09-30 10:56:59.503845
7.325482196939356,8.54422566901515,2025-09-30 10:56:59.503845
7.919875911277306,8.300512788658144,2025-09-30 10:56:59.503845
7.758144855223121,8.68369468779762,2025-09-30 10:56:59.503845
7.618622423248039,8.591949977739931,2025-09-30 10:56:59.503845
7.531166211665468,8.417060724557464,2025-09-30 10:56:59.503845
7.613515961950686,8.066716211647993,2025-09-30 10:56:59.503845
7.170941831200972,8.184247635035364,2025-09-30 10:56:59.503845
7.148304932694699,8.295211714117698,2025-09-30 10:56:59.503845
7.381046090664593,8.513861550860252,2025-09-30 10:56:59.503845
7.8586745379218055,8.56416213076711,2025-09-30 10:56:59.503845
7.579310266524347,8.51461862159005,2025-09-30 10:56:59.503845
7.62800771106025,8.219330795281664,2025-09-30 10:56:59.503845
7.8217901330654005,8.258208970408086,2025-09-30 10:56:59.503845
7.6355261944379045,8.35654656604869,2025-09-30 10:56:59.503845
7.6353203559424765,8.513454140211149,2025-09-30 10:56:59.503845
7.706225920740757,8.221123648834826,2025-09-30 10:56:59.503845
7.621184926072927,8.07099993671218,2025-09-30 10:56:59.503845
7.206281051104573,8.34171155326266,2025-09-30 10:56:59.503845
7.6020633487110825,8.268057500745215,2025-09-30 10:56:59.503845
7.715796772605966,8.382528903890497,2025-09-30 10:56:59.503845
7.491698496413937,8.418513059926402,2025-09-30 10:56:59.503845
7.580277430877409,8.169516222245086,2025-09-30 10:56:59.503845
7.430077795064811,8.389918250043058,2025-09-30 10:56:59.503845
7.485679624751258,8.594171654053387,2025-09-30 10:56:59.503845
7.335538814175867,8.213862996055605,2025-09-30 10:56:59.503845
7.656526194823784,8.263162093713111,2025-09-30 10:56:59.503845
7.467752099142478,8.141185937077962,2025-09-30 10:56:59.503845
7.384455398683038,8.688482203800826,2025-09-30 10:56:59.503845
7.438526279057306,8.5567417644198,2025-09-30 10:56:59.503845
7.309394686326169,8.498006615276907,2025-09-30 10:56:59.503845
7.600882925647173,8.245697341571876,2025-09-30 10:56:59.503845
7.609491729331941,8.380199836450872,2025-09-30 10:56:59.503845
7.371477515567065,8.542012477337172,2025-09-30 10:56:59.503845
7.598720025192781,8.343389089831765,2025-09-30 10:56:59.503845
7.344117566362002,8.45099876396554,2025-09-30 10:56:59.503845
7.298875379377869,8.256953925620982,2025-09-30 10:56:59.503845
7.3884303111251795,8.366392432717797,2025-09-30 10:56:59.503845
7.5349561038611785,8.290371020563821,2025-09-30 10:56:59.503845
7.7829503470026005,8.12327903645819,2025-09-30 10:56:59.503845
7.138102937501664,8.237565989337666,2025-09-30 10:56:59.503845
7.414776505397786,8.485489983870817,2025-09-30 10:56:59.503845
7.602348279591897,8.269802522093837,2025-09-30 10:56:59.503845
7.509421733150536,8.328196430426969,2025-09-30 10:56:59.503845
7.427230855103254,8.303388279211829,2025-09-30 10:56:59.503845
7.267706769866676,8.520460596797873,2025-09-30 10:56:59.503845
7.4914319440915245,8.402499092271734,2025-09-30 10:56:59.503845
7.646273115015277,8.753499310603253,2025-09-30 10:56:59.503845
7.701686432327797,8.112258716156187,2025-09-30 10:56:59.503845
7.411099332071873,8.018074260686673,2025-09-30 10:56:59.503845
7.838834592942625,8.266668953297994,2025-09-30 10:56:59.503845
7.673629912931408,8.277281238408747,2025-09-30 10:56:59.503845
7.688206961195488,7.680554460425825,2025-09-30 10:56:59.503845
7.718134514332819,8.21675370488214,2025-09-30 10:56:59.503845
7.5436840931853775,8.519353417869763,2025-09-30 10:56:59.503845
7.67995241293426,8.433349163616603,2025-09-30 10:56:59.503845
7.4972240212000205,8.514597548143641,2025-09-30 10:56:59.503845
7.470504604653067,8.590054585867387,2025-09-30 10:56:59.503845
7.529244110864716,8.216303919329343,2025-09-30 10:56:59.503845
7.775934753926534,8.265655872042364,2025-09-30 10:56:59.503845
7.1822661628360125,8.225307502154807,2025-09-30 10:56:59.503845
7.413916238849674,8.048522155927179,2025-09-30 10:56:59.503845
7.52845808442793,8.515723977155655,2025-09-30 10:56:59.503845
7.403101610179136,8.28427869689166,2025-09-30 10:56:59.503845
7.760090385222652,8.43198046787922,2025-09-30 10:56:59.503845
7.358737608055197,8.287984696628337,2025-09-30 10:56:59.503845
7.502928187575133,8.425119166692621,2025-09-30 10:56:59.503845
7.1059160348493835,8.378140187805984,2025-09-30 10:56:59.503845
7.378294666193971,8.528813098500574,2025-09-30 10:56:59.503845
7.710796872869504,8.339156104130684,2025-09-30 10:56:59.503845
7.35245555095328,8.59623581905995,2025-09-30 10:56:59.503845
7.555694360560004,8.450427684921278,2025-09-30 10:56:59.503845
7.646124037874664,8.235558617362127,2025-09-30 10:56:59.503845
7.46495522509763,8.164975779017434,2025-09-30 10:56:59.503845
7.830128996711686,8.564810850860173,2025-09-30 10:56:59.503845
7.468600120023329,8.204482546160317,2025-09-30 10:56:59.503845
7.711278381382314,8.376737790210777,2025-09-30 10:56:59.503845
7.8786436172364445,8.283958336459593,2025-09-30 10:56:59.503845
7.53416490493662,8.411148485089328,2025-09-30 10:56:59.503845
7.2899294044874745,8.368771737284677,2025-09-30 10:56:59.503845
7.165431400717688,8.422131788849764,2025-09-30 10:56:59.503845
7.192146108271592,8.623273675140393,2025-09-30 10:56:59.503845
7.403419786287188,8.372562540518834,2025-09-30 10:56:59.503845
7.28259110479956,8.39649783985575,2025-09-30 10:56:59.503845
7.423602357114753,8.024348856606693,2025-09-30 10:56:59.503845
7.340268862268253,8.276765308914472,2025-09-30 10:56:59.503845
7.329022409279317,8.633363955859629,2025-09-30 10:56:59.503845
7.442366938996376,8.46165919565901,2025-09-30 10:56:59.503845
7.454128094725342,8.278597945711041,2025-09-30 10:56:59.503845
7.344846600545994,8.623757958226182,2025-09-30 10:56:59.503845
7.328232354444112,8.731606494466511,2025-09-30 10:56:59.503845
7.535064078998192,8.096125006826268,2025-09-30 10:56:59.503845
7.227029997423616,8.474039137274676,2025-09-30 10:56:59.503845
7.460876687019617,8.644032034103006,2025-09-30 10:56:59.503845
7.410553323607209,8.631528900211247,2025-09-30 10:56:59.503845
7.338972561779356,8.273252518912184,2025-09-30 10:56:59.503845
7.147929983876475,8.423850639943872,2025-09-30 10:56:59.503845
7.669610744866392,8.413796051302253,2025-09-30 10:56:59.503845
7.552174141886861,7.977522620835698,2025-09-30 10:56:59.503845
7.498515998984641,8.314669962381245,2025-09-30 10:56:59.503845
7.400782481178475,8.502536278686188,2025-09-30 10:56:59.503845
7.91262391662513,8.355882813551515,2025-09-30 10:56:59.503845
7.8371168730141925,8.582965301308855,2025-09-30 10:56:59.503845
6.990335787047927,8.255063304838814,2025-09-30 10:56:59.503845
7.348293184700998,8.798225393940697,2025-09-30 10:56:59.503845
7.5397276908277755,8.292810557549174,2025-09-30 10:56:59.503845
7.336237489102953,8.412510802387168,2025-09-30 10:56:59.503845
7.51450374212381,8.639943934443401,2025-09-30 10:56:59.503845
7.808209565964256,7.980228395922157,2025-09-30 10:56:59.503845
7.380245991786551,8.313379111623467,2025-09-30 10:56:59.503845
7.533539025609639,8.313609292116734,2025-09-30 10:56:59.503845
7.4571509147664115,8.206210064479144,2025-09-30 10:56:59.503845
7.652767114260752,8.476777760769048,2025-09-30 10:56:59.503845
7.139909733710643,8.239098091121695,2025-09-30 10:56:59.503845
7.5350025588689,8.24515900981368,2025-09-30 10:56:59.503845
7.714545276150334,8.178061519154097,2025-09-30 10:56:59.503845
7.315936228564456,8.453275919354043,2025-09-30 10:56:59.503845
7.332433480113041,8.170628112982659,2025-09-30 10:56:59.503845
7.26430158806943,8.289135966733976,2025-09-30 10:56:59.503845
7.713682060680902,8.286857271493592,2025-09-30 10:56:59.503845
7.273019433950359,8.26131334591316,2025-09-30 10:56:59.503845
7.433895393416822,8.025598251507331,2025-09-30 10:56:59.503845
7.009031387786559,8.170164689554467,2025-09-30 10:56:59.503845
7.612911257231852,8.294267372052873,2025-09-30 10:56:59.503845
7.549921460877132,8.302574562221679,2025-09-30 10:56:59.503845
7.677936255729323,8.564480380685037,2025-09-30 10:56:59.503845
7.253822815478843,8.209539087912853,2025-09-30 10:56:59.503845
7.320662563785573,8.613448427232262,2025-09-30 10:56:59.503845
7.413807511237773,8.397171559149328,2025-09-30 10:56:59.503845
7.513148635271326,8.379813175113936,2025-09-30 10:56:59.503845
7.272164804873882,8.322521612174071,2025-09-30 10:56:59.503845
7.567256076678987,8.02669961369252,2025-09-30 10:56:59.503845
7.356969432693526,8.582387709557489,2025-09-30 10:56:59.503845
7.646563995635902,8.163654557115146,2025-09-30 10:56:59.503845
7.290698623502227,8.208978230863336,2025-09-30 10:56:59.503845
7.493593140000797,8.342343025513479,2025-09-30 10:56:59.503845
7.59435696004376,8.22926605966261,2025-09-30 10:56:59.503845
7.395885151658329,8.318400343989769,2025-09-30 10:56:59.503845
7.557114338903572,8.253832251525086,2025-09-30 10:56:59.503845
7.561942586217317,8.620795822211285,2025-09-30 10:56:59.503845
7.402404506947013,7.956525778283099,2025-09-30 10:56:59.503845
7.27320053335594,8.460206603600131,2025-09-30 10:56:59.503845
7.399896906399894,8.229628267504175,2025-09-30 10:56:59.503845
7.509260330060414,8.152752123150961,2025-09-30 10:56:59.503845
7.2389558369615905,8.63703715952134,2025-09-30 10:56:59.503845
7.530887919565089,8.258387725994005,2025-09-30 10:56:59.503845
7.395340004080204,8.363659292902701,2025-09-30 10:56:59.503845
7.423953817820925,8.125446664320666,2025-09-30 10:56:59.503845
7.4244329834840785,8.446997613594771,2025-09-30 10:56:59.503845
7.729461124719628,8.533115265070643,2025-09-30 10:56:59.503845
7.3926295069054735,8.439586512137534,2025-09-30 10:56:59.503845
7.4706096433921605,8.23640321660308,2025-09-30 10:56:59.503845
7.749083274633216,8.27743607322734,2025-09-30 10:56:59.503845
7.44380888173574,8.30965735408427,2025-09-30 10:56:59.503845
7.747562498855752,8.331190501839218,2025-09-30 10:56:59.503845
7.711126102008663,8.683344734256243,2025-09-30 10:56:59.503845
7.691430389223886,8.46770395146825,2025-09-30 10:56:59.503845
7.544264175124337,8.42740629211694,2025-09-30 10:56:59.503845
7.57722508591474,8.44523896457051,2025-09-30 10:56:59.503845
7.326974764824919,8.769178424571566,2025-09-30 10:56:59.503845
7.79925290011004,8.420200404712778,2025-09-30 10:56:59.503845
7.44307677681893,8.36045781469095,2025-09-30 10:56:59.503845
7.647591472109436,8.623850866247393,2025-09-30 10:56:59.503845
7.724636799963173,8.348884946651792,2025-09-30 10:56:59.503845
7.200553756247299,8.133570555369447,2025-09-30 10:56:59.503845
7.724481178627335,8.061081885797584,2025-09-30 10:56:59.503845
7.546284967961465,8.349387560825026,2025-09-30 10:56:59.503845
7.460690836878939,8.197132200214869,2025-09-30 10:56:59.503845
7.454315458673152,8.260343396014193,2025-09-30 10:56:59.503845
7.457887122124875,8.527993276653396,2025-09-30 10:56:59.503845
7.7231392691561815,8.408239581744457,2025-09-30 10:56:59.503845
7.546828155249276,8.440814723829416,2025-09-30 10:56:59.503845
7.702834034524108,8.343863378777884,2025-09-30 10:56:59.503845
7.683849757840768,8.484636141986845,2025-09-30 10:56:59.503845
7.681488783953003,8.256554068981934,2025-09-30 10:56:59.503845
7.543400992071926,8.452135487174752,2025-09-30 10:56:59.503845
7.2459242078592645,8.138544043622831,2025-09-30 10:56:59.503845
7.585095741727478,8.516178764964701,2025-09-30 10:56:59.503845
7.471241630119083,8.388804993193226,2025-09-30 10:56:59.503845
7.620713421859571,8.446035330883035,2025-09-30 10:56:59.503845
7.711246215857318,8.348657358209302,2025-09-30 10:56:59.503845
7.39064803228347,8.304435030013533,2025-09-30 10:56:59.503845
7.719379052556539,8.649900402639203,2025-09-30 10:56:59.503845
7.179080379094787,8.106958263834258,2025-09-30 10:56:59.503845
7.356967634053373,8.185465408349414,2025-09-30 10:56:59.503845
7.647889420651081,8.307242982113612,2025-09-30 10:56:59.503845
7.878013855873198,8.207489630065227,2025-09-30 10:56:59.503845
7.31015603693815,8.286470938784761,2025-09-30 10:56:59.503845
7.432140133829249,8.662637475116627,2025-09-30 10:56:59.503845
7.646792950954883,8.421346960807671,2025-09-30 10:56:59.503845
7.616375847146971,8.27119668207551,2025-09-30 10:56:59.503845
7.445706292413938,8.333642606072933,2025-09-30 10:56:59.503845
7.589220049787228,8.462009565046754,2025-09-30 10:56:59.503845
7.431531380072724,8.193042868552558,2025-09-30 10:56:59.503845
7.424550539430587,8.421459182352447,2025-09-30 10:56:59.503845
7.497995707475685,8.422666897654233,2025-09-30 10:56:59.503845
7.35833245597094,8.381245818579242,2025-09-30 10:56:59.503845
7.6249104411703525,8.363210225995662,2025-09-30 10:56:59.503845
7.32249934334374,7.962414986826713,2025-09-30 10:56:59.503845
7.5953586631410595,8.257170626986227,2025-09-30 10:56:59.503845
7.3867296595588865,8.255562479886441,2025-09-30 10:56:59.503845
7.258198927576506,8.646592652790874,2025-09-30 10:56:59.503845
7.3795461962871185,8.340543959902321,2025-09-30 10:56:59.503845
7.586007050236546,8.452700305957658,2025-09-30 10:56:59.503845
7.69145894207168,8.024429132199765,2025-09-30 10:56:59.503845
7.4818984783949185,8.419907008470407,2025-09-30 10:56:59.503845
7.553319768002576,8.440941613558158,2025-09-30 10:56:59.503845
7.464749162870773,8.370216869138668,2025-09-30 10:56:59.503845
7.565362300759417,8.101856951300924,2025-09-30 10:56:59.503845
7.6389948310133535,8.417368876971272,2025-09-30 10:56:59.503845
7.690216484053729,8.318452492995037,2025-09-30 10:56:59.503845
7.8109441139190805,8.522834736128297,2025-09-30 10:56:59.503845
7.566482708444006,8.305996491990062,2025-09-30 10:56:59.503845
7.706701551831149,8.128802818420558,2025-09-30 10:56:59.503845
7.4638658172967505,8.29861802998438,2025-09-30 10:56:59.503845
7.6198972761009935,8.494129071279366,2025-09-30 10:56:59.503845
7.07682704119535,8.677755832771622,2025-09-30 10:56:59.503845
7.559748757857048,8.5247612290262,2025-09-30 10:56:59.503845
7.377229824375355,8.494649300316217,2025-09-30 10:56:59.503845
7.71674658734697,8.470343841006088,2025-09-30 10:56:59.503845
7.644956048111242,7.960586968980892,2025-09-30 10:56:59.503845
7.410388213409758,8.397311448393689,2025-09-30 10:56:59.503845
7.556086485911718,8.391791857916145,2025-09-30 10:56:59.503845
7.63105665890311,8.326655632079028,2025-09-30 10:56:59.503845
7.659851845821058,8.163890084517483,2025-09-30 10:56:59.503845
7.619490100946471,7.960744449656592,2025-09-30 10:56:59.503845
7.805068256897803,8.454407320467112,2025-09-30 10:56:59.503845
7.356611154344882,8.413479787242109,2025-09-30 10:56:59.503845
7.3493459355438535,8.234483549426923,2025-09-30 10:56:59.503845
7.442810694180459,8.195664194746966,2025-09-30 10:56:59.503845
7.466380509907484,8.230900364166999,2025-09-30 10:56:59.503845
7.032496531325172,8.513181174098266,2025-09-30 10:56:59.503845
7.508576436476838,8.236974073696498,2025-09-30 10:56:59.503845
7.529160368652568,8.195649292571417,2025-09-30 10:56:59.503845
7.648230965875791,8.529545440526512,2025-09-30 10:56:59.503845
7.59909846328373,8.571545788156437,2025-09-30 10:56:59.503845
7.349113345319095,8.190841088453423,2025-09-30 10:56:59.503845
7.639723053321513,8.699605335918656,2025-09-30 10:56:59.503845
7.209275606081508,8.188147307291322,2025-09-30 10:56:59.503845
7.746917120758485,8.515167993770966,2025-09-30 10:56:59.503845
7.46847951280266,8.623473470639171,2025-09-30 10:56:59.503845
7.280560963264963,8.324191910485384,2025-09-30 10:56:59.503845
7.51386302604157,8.318380840295708,2025-09-30 10:56:59.503845
7.7620194524474035,8.139528053936187,2025-09-30 10:56:59.503845
7.618631502620563,8.402774467437771,2025-09-30 10:56:59.503845
7.394213173622112,7.876915913932136,2025-09-30 10:56:59.503845
7.4207643493530835,8.16915193599097,2025-09-30 10:56:59.503845
7.53764391096065,8.483303804666892,2025-09-30 10:56:59.503845
7.561315897506454,8.267187822909209,2025-09-30 10:56:59.503845
7.397257349826047,8.240662844116981,2025-09-30 10:56:59.503845
7.299535660637915,8.012741476588662,2025-09-30 10:56:59.503845
7.679356170769469,8.213691172694599,2025-09-30 10:56:59.503845
7.438635049382772,8.681059847786843,2025-09-30 10:56:59.503845
7.627274156728883,8.514820285918086,2025-09-30 10:56:59.503845
7.493880649140419,8.327137383536572,2025-09-30 10:56:59.503845
7.660749211621905,8.293538364007222,2025-09-30 10:56:59.503845
7.456459889363295,8.529582058138573,2025-09-30 10:56:59.503845
7.481373825477324,8.050558415605385,2025-09-30 10:56:59.503845
7.271397640249139,8.298526494767936,2025-09-30 10:56:59.503845
7.537909834781235,8.278734766518197,2025-09-30 10:56:59.503845
7.3668952953026885,8.534529839336717,2025-09-30 10:56:59.503845
7.318036193503238,8.25480129765306,2025-09-30 10:56:59.503845
7.472701137101611,8.4485906773704,2025-09-30 10:56:59.503845
7.547884698091343,8.332341273646989,2025-09-30 10:56:59.503845
7.409333796077102,7.998706605553446,2025-09-30 10:56:59.503845
7.562463580434426,8.103719319082622,2025-09-30 10:56:59.503845
7.547460727380724,8.707463518484255,2025-09-30 10:56:59.503845
7.474100480613236,8.478615443722024,2025-09-30 10:56:59.503845
7.656445000305416,8.29054466160705,2025-09-30 10:56:59.503845
7.655166657781769,8.281503256212368,2025-09-30 10:56:59.503845
7.592718962541751,8.320579390254414,2025-09-30 10:56:59.503845
7.3232223704613135,8.273094678051695,2025-09-30 10:56:59.503845
7.384028019080323,8.304967862617707,2025-09-30 10:56:59.503845
7.471690007576948,8.350962171917084,2025-09-30 10:56:59.503845
7.617464554138549,8.645898073272491,2025-09-30 10:56:59.503845
7.559071596347465,8.524632389326417,2025-09-30 10:56:59.503845
7.343762131857338,8.239508423881828,2025-09-30 10:56:59.503845
7.606480602785806,8.595484097093694,2025-09-30 10:56:59.503845
7.751974938656195,8.387639050824312,2025-09-30 10:56:59.503845
7.8528912614753485,8.233272175186265,2025-09-30 10:56:59.503845
7.475581559241645,7.966341854524282,2025-09-30 10:56:59.503845
7.710484875782445,8.677511917046024,2025-09-30 10:56:59.503845
7.5584845074288465,8.224433553328996,2025-09-30 10:56:59.503845
7.60520205643377,8.021637478962672,2025-09-30 10:56:59.503845
7.463686059242438,8.183260547518573,2025-09-30 10:56:59.503845
7.577297557617173,8.230346414600227,2025-09-30 10:56:59.503845
7.628620228758828,8.58509839603032,2025-09-30 10:56:59.503845
7.6681972623196275,8.04684674238799,2025-09-30 10:56:59.503845
7.604289462063937,8.330018612121219,2025-09-30 10:56:59.503845
7.5312823910493725,8.433543081916435,2025-09-30 10:56:59.503845
7.526493909834874,8.16364179489726,2025-09-30 10:56:59.503845
7.6403350666318595,8.408494486489104,2025-09-30 10:56:59.503845
7.190401365934173,8.129045960228911,2025-09-30 10:56:59.503845
7.673307760392492,8.346964220143159,2025-09-30 10:56:59.503845
7.535758992425323,8.06856716907975,2025-09-30 10:56:59.503845
7.482227471927592,7.975030664869399,2025-09-30 10:56:59.503845
7.625059654947484,8.13153999207946,2025-09-30 10:56:59.503845
7.468117435432366,8.215958701364753,2025-09-30 10:56:59.503845
7.799494554531788,8.103117722615858,2025-09-30 10:56:59.503845
7.381579325522966,8.111648839517855,2025-09-30 10:56:59.503845
7.581719109030083,8.11119339146553,2025-09-30 10:56:59.503845
7.454282919588113,8.641420034191462,2025-09-30 10:56:59.503845
7.572022824320398,8.330975539003799,2025-09-30 10:56:59.503845
7.530735137609022,8.38204608676392,2025-09-30 10:56:59.503845
7.4916883041446,8.681843669739552,2025-09-30 10:56:59.503845
7.361151790460234,8.302711982858275,2025-09-30 10:56:59.503845
7.2290178900579924,8.38464371800372,2025-09-30 10:56:59.503845
7.4894653467437875,8.359496703459133,2025-09-30 10:56:59.503845
7.7206006654214425,8.371521339407773,2025-09-30 10:56:59.503845
7.6263684483658265,8.51404404634897,2025-09-30 10:56:59.503845
7.535455995892458,8.711704630725922,2025-09-30 10:56:59.503845
7.617600905804798,8.576566481021274,2025-09-30 10:56:59.503845
7.6099145568726,8.763592371981018,2025-09-30 10:56:59.503845
7.462435849943001,8.073497053920683,2025-09-30 10:56:59.503845
7.496908719845528,8.501106487175552,2025-09-30 10:56:59.503845
7.470882657753158,8.20380823608583,2025-09-30 10:56:59.503845
7.724235768165931,8.791434451986273,2025-09-30 10:56:59.503845
7.4630704758690225,8.22919222764843,2025-09-30 10:56:59.503845
7.575766004674868,8.314496288584925,2025-09-30 10:56:59.503845
7.574560879118995,8.531826482086089,2025-09-30 10:56:59.503845
7.273323523343443,8.347328465157611,2025-09-30 10:56:59.503845
7.311800735115401,8.0961725150657,2025-09-30 10:56:59.503845
7.483418383178518,8.501055741296693,2025-09-30 10:56:59.503845
7.575454428233642,8.28346739959265,2025-09-30 10:56:59.503845
7.571756965309687,8.013831700841212,2025-09-30 10:56:59.503845
7.495295023892437,8.2159247596064,2025-09-30 10:56:59.503845
7.534289439697544,8.667831935609664,2025-09-30 10:56:59.503845
7.3571790188749535,8.424253348003818,2025-09-30 10:56:59.503845
7.5700275693788655,8.448399436656809,2025-09-30 10:56:59.503845
7.498169724022147,8.507755036213249,2025-09-30 10:56:59.503845
7.269076067489317,8.425557400310307,2025-09-30 10:56:59.503845
7.837766997492591,8.365311455181283,2025-09-30 10:56:59.503845
7.693033993077929,8.361901981755299,2025-09-30 10:56:59.503845
7.659393923046965,8.441055639804672,2025-09-30 10:56:59.503845
7.60705395996853,8.2395407611905,2025-09-30 10:56:59.503845
7.431179688333761,8.081798280314626,2025-09-30 10:56:59.503845
7.635012447676054,8.421238611729745,2025-09-30 10:56:59.503845
7.493916167171579,8.285118148576213,2025-09-30 10:56:59.503845
7.836891722191405,8.644844802750827,2025-09-30 10:56:59.503845
7.412271879629329,8.025397317553551,2025-09-30 10:56:59.503845
7.40039236232122,8.166625420828305,2025-09-30 10:56:59.503845
7.502692576501735,8.124559422161271,2025-09-30 10:56:59.503845
7.640573448166304,8.19079875237426,2025-09-30 10:56:59.503845
7.329240805504419,8.53267452899951,2025-09-30 10:56:59.503845
7.274716468872364,8.552215938501439,2025-09-30 10:56:59.503845
7.295203374125212,8.143320001940817,2025-09-30 10:56:59.503845
7.5142541137385015,8.458804178615164,2025-09-30 10:56:59.503845
7.652528995311857,8.241496861103265,2025-09-30 10:56:59.503845
7.308741341209546,8.340138003763213,2025-09-30 10:56:59.503845
7.532847328196389,8.262015157934792,2025-09-30 10:56:59.503845
7.513248645444008,8.598831192480414,2025-09-30 10:56:59.503845
7.558097625169113,8.823523844675863,2025-09-30 10:56:59.503845
7.477396861433251,8.62376581055073,2025-09-30 10:56:59.503845
7.4940258215794575,8.220486395542622,2025-09-30 10:56:59.503845
7.296392797537221,8.622551890235032,2025-09-30 10:56:59.503845
7.3549876053826235,8.425865746367798,2025-09-30 10:56:59.503845
7.571365045046794,8.439789259813418,2025-09-30 10:56:59.503845
7.498175686549567,8.455871692645076,2025-09-30 10:56:59.503845
7.738176980507142,8.222438576150719,2025-09-30 10:56:59.503845
7.627115065943707,8.269965267057252,2025-09-30 10:56:59.503845
7.545632654159188,8.342334329751102,2025-09-30 10:56:59.503845
7.589754569112188,8.54039571738731,2025-09-30 10:56:59.503845
7.214300800695726,8.254218951960437,2025-09-30 10:56:59.503845
7.676308538019569,8.262224541213568,2025-09-30 10:56:59.503845
7.555421572874028,8.367542225540381,2025-09-30 10:56:59.503845
7.35150191997821,8.319909046347457,2025-09-30 10:56:59.503845
7.596664538436737,8.471076292462142,2025-09-30 10:56:59.503845
7.307104797215636,8.103827773712522,2025-09-30 10:56:59.503845
7.576494743973182,8.382650448926391,2025-09-30 10:56:59.503845
7.4762082736971225,8.365880160604805,2025-09-30 10:56:59.503845
7.420913684010732,8.294842425452698,2025-09-30 10:56:59.503845
7.541496808827007,8.171269507307999,2025-09-30 10:56:59.503845
7.867663067414259,8.242349273023576,2025-09-30 10:56:59.503845
7.569909060091075,8.22399731360457,2025-09-30 10:56:59.503845
7.4842891275759955,8.1479710378521,2025-09-30 10:56:59.503845
7.400552318952283,8.268529439752575,2025-09-30 10:56:59.503845
7.2905807338948465,8.28605942598664,2025-09-30 10:56:59.503845
7.207799317838872,8.225828535900625,2025-09-30 10:56:59.503845
7.663529551722733,8.610548434780744,2025-09-30 10:56:59.503845
7.663426342369348,8.13444962431637,2025-09-30 10:56:59.503845
7.300927875637365,8.287519166681147,2025-09-30 10:56:59.503845
7.844702670562307,8.460679510976888,2025-09-30 10:56:59.503845
7.436593186579855,8.276590741558302,2025-09-30 10:56:59.503845
7.651801513685757,8.321525645082442,2025-09-30 10:56:59.503845
7.099017607206363,8.402698570893042,2025-09-30 10:56:59.503845
7.547186068009877,8.26505580364763,2025-09-30 10:56:59.503845
7.677186269165939,8.29828404193404,2025-09-30 10:56:59.503845
7.5607632061722665,8.474101655943707,2025-09-30 10:56:59.503845
7.566406603302255,8.402485572861048,2025-09-30 10:56:59.503845
7.6199054547355995,8.20103164315254,2025-09-30 10:56:59.503845
7.131791273593496,8.26416140641011,2025-09-30 10:56:59.503845
7.571471404796289,8.690124946922632,2025-09-30 10:56:59.503845
7.420726772016251,8.392222055217665,2025-09-30 10:56:59.503845
7.393851869451687,8.39359988728273,2025-09-30 10:56:59.503845
7.363372972738253,8.45869786692369,2025-09-30 10:56:59.503845
7.35155510803545,8.187454236082003,2025-09-30 10:56:59.503845
7.369318338601112,8.146312171943743,2025-09-30 10:56:59.503845
7.5101136974246705,8.434984403940904,2025-09-30 10:56:59.503845
7.5926459425201,8.094582263378069,2025-09-30 10:56:59.503845
7.574923071841785,8.122181446391311,2025-09-30 10:56:59.503845
7.414524753781387,8.278414888042484,2025-09-30 10:56:59.503845
7.358963485110833,8.22413530683545,2025-09-30 10:56:59.503845
7.300223463964973,8.693212085739994,2025-09-30 10:56:59.503845
7.605996671815974,8.533565403632487,2025-09-30 10:56:59.503845
7.530413140735638,8.273046562477647,2025-09-30 10:56:59.503845
7.553730240221798,8.24624689048272,2025-09-30 10:56:59.503845
7.547203031202599,8.359489741360935,2025-09-30 10:56:59.503845
7.348293554052881,7.950592511765713,2025-09-30 10:56:59.503845
7.478645853850859,8.196443483163902,2025-09-30 10:56:59.503845
7.744161504604318,8.197052727580422,2025-09-30 10:56:59.503845
7.378796017992548,8.1252287513369,2025-09-30 10:56:59.503845
7.657870554786531,8.476949630702933,2025-09-30 10:56:59.503845
7.318858695901576,8.39899658242522,2025-09-30 10:56:59.503845
7.85867382621933,8.34122062337976,2025-09-30 10:56:59.503845
7.516926321222004,8.28983479575676,2025-09-30 10:56:59.503845
7.350693732442509,8.214230398458364,2025-09-30 10:56:59.503845
7.68036933171334,8.455377828181218,2025-09-30 10:56:59.503845
7.800284035024284,8.394830586205611,2025-09-30 10:56:59.503845
7.417807282624254,8.90890614487686,2025-09-30 10:56:59.503845
7.537696911062629,7.995303365267137,2025-09-30 10:56:59.503845
7.388498807788578,8.090366085159559,2025-09-30 10:56:59.503845
7.470000530422376,8.123299345477836,2025-09-30 10:56:59.503845
7.585550670376011,8.532624867021338,2025-09-30 10:56:59.503845
7.49018187110293,8.557745864089947,2025-09-30 10:56:59.503845
7.374388944064665,8.175352711617826,2025-09-30 10:56:59.503845
7.340223120286635,8.396794290310869,2025-09-30 10:56:59.503845
7.323155818911419,8.090105983891894,2025-09-30 10:56:59.503845
7.2824890127980035,8.37296485432361,2025-09-30 10:56:59.503845
7.633410003171712,8.407268723842444,2025-09-30 10:56:59.503845
7.703104839126277,8.642431638593886,2025-09-30 10:56:59.503845
7.695695724221323,8.37689602792235,2025-09-30 10:56:59.503845
7.5157683997428855,8.284149379138901,2025-09-30 10:56:59.503845
7.438098554156765,8.533964025269215,2025-09-30 10:56:59.503845
7.427743901355832,8.135801769266306,2025-09-30 10:56:59.503845
7.571930496144484,8.239369279320472,2025-09-30 10:56:59.503845
7.40069298602741,8.43483298333356,2025-09-30 10:56:59.503845
7.457555924889589,8.305090458236938,2025-09-30 10:56:59.503845
7.413721511804197,8.255814725139736,2025-09-30 10:56:59.503845
7.597188078832781,8.16490848804896,2025-09-30 10:56:59.503845
7.421761132049868,8.470834259528997,2025-09-30 10:56:59.503845
7.097001847865045,8.088592320925187,2025-09-30 10:56:59.503845
7.464925218534255,8.176872491079234,2025-09-30 10:56:59.503845
7.570342498927352,8.505112233021622,2025-09-30 10:56:59.503845
7.519075779789576,8.152368300847384,2025-09-30 10:56:59.503845
7.453539906337907,8.398433730235713,2025-09-30 10:56:59.503845
7.491493360183677,8.137179216634639,2025-09-30 10:56:59.503845
7.4436634009236196,8.2131256720532,2025-09-30 10:56:59.503845
7.889073541867636,8.535799682043175,2025-09-30 10:56:59.503845
7.657274809743525,8.234899785916157,2025-09-30 10:56:59.503845
7.584217351737406,8.729414636422291,2025-09-30 10:56:59.503845
7.279160870578403,8.510690775352533,2025-09-30 10:56:59.503845
7.228529845742624,8.067143048497417,2025-09-30 10:56:59.503845
7.614239502066683,8.383698429861564,2025-09-30 10:56:59.503845
7.362266789865132,8.488350259121217,2025-09-30 10:56:59.503845
7.533650370030257,8.30119862413463,2025-09-30 10:56:59.503845
7.393900258215835,8.56228593362895,2025-09-30 10:56:59.503845
7.60863146056667,7.9583895818581745,2025-09-30 10:56:59.503845
7.633682029065524,8.293138048153697,2025-09-30 10:56:59.503845
7.653653140064406,8.586682897438733,2025-09-30 10:56:59.503845
7.913277041229846,8.32188645818937,2025-09-30 10:56:59.503845
6.9543066423681035,8.143910146933377,2025-09-30 10:56:59.503845
7.507231236995548,8.395045930799592,2025-09-30 10:56:59.503845
7.354925702616759,8.089446151303768,2025-09-30 10:56:59.503845
7.086359407392424,8.149724579707804,2025-09-30 10:56:59.503845
7.34851568017382,8.361747151298148,2025-09-30 10:56:59.503845
7.347689553163447,8.467649451448075,2025-09-30 10:56:59.503845
7.363762338250513,7.8716207956539135,2025-09-30 10:56:59.503845
7.67182287943992,8.34038478158716,2025-09-30 10:56:59.503845
7.452322288522173,8.30204482153836,2025-09-30 10:56:59.503845
7.664415237036043,8.26397568460825,2025-09-30 10:56:59.503845
7.812239422757593,8.313288265565262,2025-09-30 10:56:59.503845
7.597789939710915,8.281369377651787,2025-09-30 10:56:59.503845
7.446583945592262,8.486567670451807,2025-09-30 10:56:59.503845
7.142886118838567,8.323012108963836,2025-09-30 10:56:59.503845
7.368276192646199,8.474552399570001,2025-09-30 10:56:59.503845
7.890337235897233,8.483208961234103,2025-09-30 10:56:59.503845
7.495293666357094,8.592479454872473,2025-09-30 10:56:59.503845
7.373896376733929,8.485261558058983,2025-09-30 10:56:59.503845
7.400886065680934,8.487108772980063,2025-09-30 10:56:59.503845
7.81477685481769,8.043647807980069,2025-09-30 10:56:59.503845
7.291866141870535,8.10995757273045,2025-09-30 10:56:59.503845
7.482696916465358,8.033392363577557,2025-09-30 10:56:59.503845
7.699302532837554,8.277393116716306,2025-09-30 10:56:59.503845
7.481813313974736,8.046984400258703,2025-09-30 10:56:59.503845
7.516777110829019,8.3419960477178,2025-09-30 10:56:59.503845
7.498681271618205,8.526758702927674,2025-09-30 10:56:59.503845
7.416438532273259,8.007999387323608,2025-09-30 10:56:59.503845
7.678448040282139,8.351786507929166,2025-09-30 10:56:59.503845
7.470584498972828,8.266566065079683,2025-09-30 10:56:59.503845
7.6016068747693275,8.490374422349063,2025-09-30 10:56:59.503845
7.615202382908928,8.018481355503797,2025-09-30 10:56:59.503845
7.741524043244464,8.107377423273395,2025-09-30 10:56:59.503845
7.615215069532316,8.15792468686645,2025-09-30 10:56:59.503845
7.481376580448932,8.612608682851002,2025-09-30 10:56:59.503845
7.44855936364807,8.289188238021021,2025-09-30 10:56:59.503845
7.51220697710602,8.345774956792521,2025-09-30 10:56:59.503845
7.5492247485022235,8.336153405906417,2025-09-30 10:56:59.503845
7.185457629129936,8.444771524651042,2025-09-30 10:56:59.503845
7.685093929808135,8.810238872417548,2025-09-30 10:56:59.503845
7.333673373941806,8.32054798508994,2025-09-30 10:56:59.503845
7.316324349753914,8.353205834393286,2025-09-30 10:56:59.503845
7.177744347049769,8.322065152064848,2025-09-30 10:56:59.503845
7.515770071976709,8.430634525493732,2025-09-30 10:56:59.503845
7.198793393142323,8.432521244208907,2025-09-30 10:56:59.503845
7.404630632378778,7.997660499995061,2025-09-30 10:56:59.503845
7.809504735311142,8.410093433043222,2025-09-30 10:56:59.503845
7.351777768276424,8.051121577394058,2025-09-30 10:56:59.503845
7.504642626616249,8.31844962006637,2025-09-30 10:56:59.503845
7.621376834098616,8.113494252687119,2025-09-30 10:56:59.503845
7.210801352632025,8.292256773405787,2025-09-30 10:56:59.503845
7.414592063831148,8.348202938805603,2025-09-30 10:56:59.503845
7.468705943449194,8.04485864970058,2025-09-30 10:56:59.503845
7.509104841525298,8.593914024785642,2025-09-30 10:56:59.503845
8.013163536918773,8.342370543762694,2025-09-30 10:56:59.503845
7.590622573297475,8.208954106024931,2025-09-30 10:56:59.503845
7.521561316659914,8.37123796379304,2025-09-30 10:56:59.503845
7.307271335748039,8.562836511912348,2025-09-30 10:56:59.503845
7.512553466100145,8.11326643163283,2025-09-30 10:56:59.503845
7.540044440515013,8.650658849394983,2025-09-30 10:56:59.503845
7.142451603913128,8.401329695696624,2025-09-30 10:56:59.503845
7.445222339621014,8.45153008120316,2025-09-30 10:56:59.503845
7.512607496772666,8.423337035827384,2025-09-30 10:56:59.503845
7.600927029620918,8.173926643461387,2025-09-30 10:56:59.503845
7.353045977476015,8.730361579214657,2025-09-30 10:56:59.503845
7.794835651135135,8.192263187875291,2025-09-30 10:56:59.503845
7.5251110623122655,8.17030961667284,2025-09-30 10:56:59.503845
7.503638624904253,8.427122871564611,2025-09-30 10:56:59.503845
7.574548344681574,8.4365246173018,2025-09-30 10:56:59.503845
7.444753685457747,8.050491521179513,2025-09-30 10:56:59.503845
7.611045885254007,8.468387850428186,2025-09-30 10:56:59.503845
7.651555954877306,8.151506253702344,2025-09-30 10:56:59.503845
7.606007545789969,8.520164985172984,2025-09-30 10:56:59.503845
7.588037400999128,8.28925491366983,2025-09-30 10:56:59.503845
7.354021791978245,8.62504188545418,2025-09-30 10:56:59.503845
7.534700685452761,8.48747970544161,2025-09-30 10:56:59.503845
7.63679505445687,8.525514386344954,2025-09-30 10:56:59.503845
7.286363292711332,8.557652945095628,2025-09-30 10:56:59.503845
7.676893356738395,8.135013837596292,2025-09-30 10:56:59.503845
7.222989789480805,7.953784473482423,2025-09-30 10:56:59.503845
7.582776262672163,8.38578867598009,2025-09-30 10:56:59.503845
7.511412439273001,8.039357629648935,2025-09-30 10:56:59.503845
7.438597047870713,8.56883651068972,2025-09-30 10:56:59.503845
7.476862454770845,8.222592891397886,2025-09-30 10:56:59.503845
7.562879915726826,8.478731121240514,2025-09-30 10:56:59.503845
7.600254722619207,7.978998581721955,2025-09-30 10:56:59.503845
7.494736745306181,8.126128324200334,2025-09-30 10:56:59.503845
7.3202167586959686,8.179036245219496,2025-09-30 10:56:59.503845
7.547731013607043,8.46080108113239,2025-09-30 10:56:59.503845
7.712036548599012,8.241224150339523,2025-09-30 10:56:59.503845
7.471712431353879,8.063715570935328,2025-09-30 10:56:59.503845
7.44246517045203,8.089577913800008,2025-09-30 10:56:59.503845
7.388100670720785,7.892667754173423,2025-09-30 10:56:59.503845
7.747537585006116,8.344460600635518,2025-09-30 10:56:59.503845
7.631705072341277,8.440283823276634,2025-09-30 10:56:59.503845
7.148806527471839,8.670850562941675,2025-09-30 10:56:59.503845
7.753801862043091,8.27936937728951,2025-09-30 10:56:59.503845
7.42718188891304,8.070007877735254,2025-09-30 10:56:59.503845
7.37949962089248,8.184806745168762,2025-09-30 10:56:59.503845
7.473463196548019,8.231853125475492,2025-09-30 10:56:59.503845
7.458204226516867,7.918442529232286,2025-09-30 10:56:59.503845
7.781661919638048,8.495987290992087,2025-09-30 10:56:59.503845
7.552470340438564,8.808831812319104,2025-09-30 10:56:59.503845
7.712330864843105,8.54495154608253,2025-09-30 10:56:59.503845
7.299318909467346,8.073400325065412,2025-09-30 10:56:59.503845
7.789349826449242,8.625537367352093,2025-09-30 10:56:59.503845
7.704557480968596,8.199063149783044,2025-09-30 10:56:59.503845
7.281512833425091,8.519796159763358,2025-09-30 10:56:59.503845
7.228553934756075,8.26889104446293,2025-09-30 10:56:59.503845
7.328661335920777,8.221613817505125,2025-09-30 10:56:59.503845
7.692835161494121,8.474586353206593,2025-09-30 10:56:59.503845
7.5184105815496745,8.390009462517414,2025-09-30 10:56:59.503845
7.278693909308846,8.438459250530807,2025-09-30 10:56:59.503845
7.369713019856377,8.461239219317296,2025-09-30 10:56:59.503845
7.317671172752402,8.414353020357238,2025-09-30 10:56:59.503845
7.411396255286831,8.818382004187425,2025-09-30 10:56:59.503845
7.46805800151928,8.526342762133027,2025-09-30 10:56:59.503845
7.336527287961517,8.703568925383252,2025-09-30 10:56:59.503845
7.432295037898304,8.26634783045927,2025-09-30 10:56:59.503845
7.512087596830175,8.349567803650817,2025-09-30 10:56:59.503845
7.643112027477931,8.161903952681431,2025-09-30 10:56:59.503845
7.303438677813567,8.578581802165846,2025-09-30 10:56:59.503845
7.666649876530246,8.486802758628334,2025-09-30 10:56:59.503845
7.521652804149618,8.273651855755487,2025-09-30 10:56:59.503845
7.506687170032102,8.260414055051301,2025-09-30 10:56:59.503845
7.795857038391291,8.305955329628938,2025-09-30 10:56:59.503845
7.416018488995929,8.415267945592278,2025-09-30 10:56:59.503845
7.627094197301548,8.57466935250563,2025-09-30 10:56:59.503845
7.8210008093802195,8.531266366424274,2025-09-30 10:56:59.503845
7.372225757065378,8.182307083367517,2025-09-30 10:56:59.503845
7.523831316508108,8.29824928703843,2025-09-30 10:56:59.503845
7.311066286443924,8.206141436003566,2025-09-30 10:56:59.503845
7.2895937930104715,8.385118461436837,2025-09-30 10:56:59.503845
7.642428743282661,8.571388724382086,2025-09-30 10:56:59.503845
7.604603903863555,8.135571084730874,2025-09-30 10:56:59.503845
7.359488423950218,8.16385772790526,2025-09-30 10:56:59.503845
7.391806796924424,8.761263341628943,2025-09-30 10:56:59.503845
7.59083006640347,8.285619707618213,2025-09-30 10:56:59.503845
7.508647793368842,8.060354631076152,2025-09-30 10:56:59.503845
7.6637014754512425,8.086455194804548,2025-09-30 10:56:59.503845
7.516023757531524,8.379504058453184,2025-09-30 10:56:59.503845
7.398923949860467,8.186383763862374,2025-09-30 10:56:59.503845
7.603053179193147,8.299391087801531,2025-09-30 10:56:59.503845
7.1905112053616485,8.295230389657515,2025-09-30 10:56:59.503845
7.4811863982703715,8.246633179559037,2025-09-30 10:56:59.503845
7.64019124774955,8.291827000945137,2025-09-30 10:56:59.503845
7.3197922602184455,8.298125666582347,2025-09-30 10:56:59.503845
7.213373595644944,8.131036775587628,2025-09-30 10:56:59.503845
7.441696987073156,8.212437465546707,2025-09-30 10:56:59.503845
7.356202288971226,8.363979285871848,2025-09-30 10:56:59.503845
7.420188231972487,8.448689068908994,2025-09-30 10:56:59.503845
7.333161712830934,8.342301766392639,2025-09-30 10:56:59.503845
7.47539570116669,8.2279974409791,2025-09-30 10:56:59.503845
7.338297305731724,8.635127700826763,2025-09-30 10:56:59.503845
7.762502167317096,8.70926335310173,2025-09-30 10:56:59.503845
7.545870948226243,8.420147747742167,2025-09-30 10:56:59.503845
7.566810385633356,8.230691031598003,2025-09-30 10:56:59.503845
7.5661278060733315,8.493500065213267,2025-09-30 10:56:59.503845
7.642565982685012,8.16941702193775,2025-09-30 10:56:59.503845
7.523463460060878,8.066431749845867,2025-09-30 10:56:59.503845
7.532488532548066,8.317559235207197,2025-09-30 10:56:59.503845
7.405284489747039,8.176792768483217,2025-09-30 10:56:59.503845
7.6849162014623955,8.562303429809111,2025-09-30 10:56:59.503845
7.393705146444189,8.26426368035055,2025-09-30 10:56:59.503845
7.587849053063273,8.373174512784217,2025-09-30 10:56:59.503845
7.642777602705177,8.392994221631325,2025-09-30 10:56:59.503845
7.31566581608261,8.168829776477573,2025-09-30 10:56:59.503845
7.421113602571932,8.360367257362663,2025-09-30 10:56:59.503845
7.522423554761316,8.344799913452556,2025-09-30 10:56:59.503845
7.532536990586482,8.438307719378395,2025-09-30 10:56:59.503845
7.545812727535928,8.46556014343493,2025-09-30 10:56:59.503845
7.762799778154235,8.176682387960302,2025-09-30 10:56:59.503845
7.611250248911,8.30876090198835,2025-09-30 10:56:59.503845
7.6013518845961165,8.532995669423617,2025-09-30 10:56:59.503845
7.610370698347713,8.41943088152698,2025-09-30 10:56:59.503845
7.31560957434655,8.132462010658626,2025-09-30 10:56:59.503845
7.463901253307446,8.58762421937405,2025-09-30 10:56:59.503845
7.686035064685061,8.215767741653059,2025-09-30 10:56:59.503845
7.397902826243344,8.449803044248137,2025-09-30 10:56:59.503845
7.682833375648436,8.24747313763115,2025-09-30 10:56:59.503845
7.420246337874147,8.425848317524324,2025-09-30 10:56:59.503845
7.713311791263407,8.354231981547565,2025-09-30 10:56:59.503845
7.7952285639404195,8.486482246691649,2025-09-30 10:56:59.503845
7.403855808212335,8.384280655312674,2025-09-30 10:56:59.503845
7.369216706526214,8.285490518078305,2025-09-30 10:56:59.503845
7.373912996407586,8.483096070844494,2025-09-30 10:56:59.503845
7.45719340784762,8.376883502252571,2025-09-30 10:56:59.503845
7.740367426877854,8.208224980018976,2025-09-30 10:56:59.503845
7.6100320681856335,8.029365691847884,2025-09-30 10:56:59.503845
7.439305660405208,8.470415185724681,2025-09-30 10:56:59.503845
7.7604059179791784,8.442556510123538,2025-09-30 10:56:59.503845
7.548943273043069,8.395200375388946,2025-09-30 10:56:59.503845
7.401568939864092,8.489230508269186,2025-09-30 10:56:59.503845
7.361506711819624,8.350919437980547,2025-09-30 10:56:59.503845
7.584384566346665,8.20292082529096,2025-09-30 10:56:59.503845
7.531522088857244,8.426266026342732,2025-09-30 10:56:59.503845
7.763272256228231,8.5589617044661,2025-09-30 10:56:59.503845
7.474324659541393,8.507386185357877,2025-09-30 10:56:59.503845
7.491366701402822,8.311519974710327,2025-09-30 10:56:59.503845
7.586973225834714,8.676172994084261,2025-09-30 10:56:59.503845
7.478453126868665,8.224528850924306,2025-09-30 10:56:59.503845
7.424765256721212,8.489297165079764,2025-09-30 10:56:59.503845
7.578632155657463,8.035633391480546,2025-09-30 10:56:59.503845
7.7170671799993915,8.206318233422895,2025-09-30 10:56:59.503845
7.394988859956461,8.30494283785752,2025-09-30 10:56:59.503845
7.29190582454051,8.188995200538052,2025-09-30 10:56:59.503845
7.198335823689061,8.178030271609147,2025-09-30 10:56:59.503845
7.659388770935838,8.705977450374967,2025-09-30 10:56:59.503845
7.509541597524347,8.260620631880569,2025-09-30 10:56:59.503845
7.198205722296231,8.375427922152271,2025-09-30 10:56:59.503845
7.707984924136996,8.33126597773396,2025-09-30 10:56:59.503845
7.320011621621205,8.515536881659276,2025-09-30 10:56:59.503845
7.697604323886014,8.074025179881316,2025-09-30 10:56:59.503845
7.3812154871763385,8.51040206363992,2025-09-30 10:56:59.503845
7.663631961574161,8.687329359023547,2025-09-30 10:56:59.503845
7.597557821645998,8.21875995773207,2025-09-30 10:56:59.503845
7.440324924897946,8.0580672531895,2025-09-30 10:56:59.503845
7.684099043071371,8.46182704830073,2025-09-30 10:56:59.503845
7.781895062172503,8.608865616125996,2025-09-30 10:56:59.503845
7.573201407503548,8.352107966933083,2025-09-30 10:56:59.503845
7.544093710116436,8.331553085728746,2025-09-30 10:56:59.503845
7.431769723490665,8.199344433721159,2025-09-30 10:56:59.503845
7.379324049044472,8.463093347865888,2025-09-30 10:56:59.503845
7.303917859707307,8.720371241586502,2025-09-30 10:56:59.503845
7.570003535164016,8.248320874103394,2025-09-30 10:56:59.503845
7.410060078059239,8.513101356108335,2025-09-30 10:56:59.503845
7.422572224843554,8.276051082570119,2025-09-30 10:56:59.503845
7.426639542211507,8.60935393429724,2025-09-30 10:56:59.503845
7.5176538902393295,8.56525188840966,2025-09-30 10:56:59.503845
7.180115390939863,8.176372495462674,2025-09-30 10:56:59.503845
7.167994619444923,8.23726085470499,2025-09-30 10:56:59.503845
7.575563160190429,8.168818573968968,2025-09-30 10:56:59.503845
7.623415700639488,8.279842500470112,2025-09-30 10:56:59.503845
7.53330510197924,8.38709212804503,2025-09-30 10:56:59.503845
7.59096175874755,8.097579391687828,2025-09-30 10:56:59.503845
7.3654252709205865,8.359792238185392,2025-09-30 10:56:59.503845
7.107874504295826,8.511686755924536,2025-09-30 10:56:59.503845
7.644123602584874,8.44548765827852,2025-09-30 10:56:59.503845
7.366769350316496,8.370034435618821,2025-09-30 10:56:59.503845
7.470330101075678,8.142615847561329,2025-09-30 10:56:59.503845
7.441864079758321,8.279592818187648,2025-09-30 10:56:59.503845
7.743091208865943,8.416799369091228,2025-09-30 10:56:59.503845
7.8527940631356925,8.392124382770898,2025-09-30 10:56:59.503845
7.380330441234056,8.613235817643371,2025-09-30 10:56:59.503845
7.29807831128377,8.281594926789426,2025-09-30 10:56:59.503845
7.32919143870552,8.664944621898986,2025-09-30 10:56:59.503845
7.326584025496853,8.620159771740147,2025-09-30 10:56:59.503845
7.688234890753506,8.373242690772411,2025-09-30 10:56:59.503845
7.4199853462975405,8.288249623682276,2025-09-30 10:56:59.503845
7.489902802428657,8.535442148141767,2025-09-30 10:56:59.503845
7.432600984807078,8.060437092926339,2025-09-30 10:56:59.503845
7.3105593609682185,8.558576341968296,2025-09-30 10:56:59.503845
7.479870634204312,8.37426806622513,2025-09-30 10:56:59.503845
7.5359266212172855,8.286810151557543,2025-09-30 10:56:59.503845
7.640958077814277,8.204177267381732,2025-09-30 10:56:59.503845
7.4419887124434085,8.353979115816,2025-09-30 10:56:59.503845
7.324673479661986,8.316714202624063,2025-09-30 10:56:59.503845
7.601028430141964,8.48560101609495,2025-09-30 10:56:59.503845
7.248297717743962,8.203440527356138,2025-09-30 10:56:59.503845
7.512758906862455,8.147950918961548,2025-09-30 10:56:59.503845
7.431537646038391,8.216022888477207,2025-09-30 10:56:59.503845
7.2823753861312275,8.453504585169224,2025-09-30 10:56:59.503845
7.480974124524485,8.34259334738784,2025-09-30 10:56:59.503845
7.43311433607037,8.192517398935575,2025-09-30 10:56:59.503845
7.229626421514311,7.892776255249353,2025-09-30 10:56:59.503845
7.63718340280725,8.333634810829306,2025-09-30 10:56:59.503845
7.529208813051973,8.491556494004158,2025-09-30 10:56:59.503845
7.301250730946629,8.386287135845363,2025-09-30 10:56:59.503845
7.129335737564922,8.369317356732576,2025-09-30 10:56:59.503845
7.444270326808221,8.795392244577435,2025-09-30 10:56:59.503845
7.682058767618849,8.471975291523659,2025-09-30 10:56:59.503845
7.368527054745331,8.3894656120195,2025-09-30 10:56:59.503845
7.615522021074316,8.303138021055483,2025-09-30 10:56:59.503845
7.494346303928637,8.429097796456828,2025-09-30 10:56:59.503845
7.284456142261046,8.54777402974029,2025-09-30 10:56:59.503845
7.594286832759341,8.073124042416593,2025-09-30 10:56:59.503845
7.51820939856318,8.156579096329997,2025-09-30 10:56:59.503845
7.439207960591124,8.497890326551932,2025-09-30 10:56:59.503845
7.261213797155985,8.073971550874921,2025-09-30 10:56:59.503845
7.438928143314265,8.324446480891455,2025-09-30 10:56:59.503845
7.897277199428004,8.286840433480641,2025-09-30 10:56:59.503845
7.2775226029139075,8.332062509388633,2025-09-30 10:56:59.503845
7.91341191871988,8.321516589610498,2025-09-30 10:56:59.503845
7.415620716834788,8.51430420573435,2025-09-30 10:56:59.503845
7.463730020195145,8.870072719433107,2025-09-30 10:56:59.503845
7.766800379061273,8.605718434693175,2025-09-30 10:56:59.503845
7.6997844777817726,8.340439837213578,2025-09-30 10:56:59.503845
7.5195390868918555,8.333108019589908,2025-09-30 10:56:59.503845
7.415087358385188,8.429133486819904,2025-09-30 10:56:59.503845
7.725893073674562,8.493720634277192,2025-09-30 10:56:59.503845
7.897997226885053,8.467960174228763,2025-09-30 10:56:59.503845
7.550786467619849,8.304099164701684,2025-09-30 10:56:59.503845
7.365437164282153,8.03027617893286,2025-09-30 10:56:59.503845
7.713118792647994,8.12023579839606,2025-09-30 10:56:59.503845
7.448931828943422,8.35671803484655,2025-09-30 10:56:59.503845
7.404023809301171,8.584441664619249,2025-09-30 10:56:59.503845
7.516919557941509,8.854813212225269,2025-09-30 10:56:59.503845
7.695912581671861,8.319178632555175,2025-09-30 10:56:59.503845
7.569622255185034,8.632642645011295,2025-09-30 10:56:59.503845
7.409068111970057,8.433600085578833,2025-09-30 10:56:59.503845
7.37337163977727,8.125885552449532,2025-09-30 10:56:59.503845
7.480866147392392,8.380565067005318,2025-09-30 10:56:59.503845
7.745294772009319,8.36852690506461,2025-09-30 10:56:59.503845
7.49007275735388,8.363327838490966,2025-09-30 10:56:59.503845
7.484308536061463,8.463273824085011,2025-09-30 10:56:59.503845
7.586175612532678,8.374796808935619,2025-09-30 10:56:59.503845
7.4825586570676075,8.133254249881922,2025-09-30 10:56:59.503845
7.761490650473304,8.364217785099852,2025-09-30 10:56:59.503845
7.489848030664333,8.120812441078888,2025-09-30 10:56:59.503845
7.710433010577331,8.302901984192568,2025-09-30 10:56:59.503845
7.565429513295431,8.320943182091042,2025-09-30 10:56:59.503845
7.405042910597997,8.391376329854893,2025-09-30 10:56:59.503845
7.419376437952512,8.70206102839907,2025-09-30 10:56:59.503845
7.560831313149221,7.835729951205927,2025-09-30 10:56:59.503845
7.340527694138001,8.183844620628767,2025-09-30 10:56:59.503845
7.4568609958486585,8.292357588086016,2025-09-30 10:56:59.503845
7.494895348130676,8.319790498976026,2025-09-30 10:56:59.503845
7.477596235799413,7.9572491449773315,2025-09-30 10:56:59.503845
7.736972965250909,8.306520553221786,2025-09-30 10:56:59.503845
7.441895887098329,8.01245507497155,2025-09-30 10:56:59.503845
7.326724040028352,8.577274475038253,2025-09-30 10:56:59.503845
7.361836688731252,8.663058625447908,2025-09-30 10:56:59.503845
7.343801107752764,8.626116102443483,2025-09-30 10:56:59.503845
7.380796101228606,8.271761280206103,2025-09-30 10:56:59.503845
7.3936496294859815,8.263827778275653,2025-09-30 10:56:59.503845
7.494531794678591,8.427958807189754,2025-09-30 10:56:59.503845
7.408069520464557,8.297527719449254,2025-09-30 10:56:59.503845
7.650876208196968,8.354238300773714,2025-09-30 10:56:59.503845
7.652963086665878,8.275851398379043,2025-09-30 10:56:59.503845
7.087926141055881,8.286747854264304,2025-09-30 10:56:59.503845
7.5949758886210565,8.20780317412691,2025-09-30 10:56:59.503845
7.449610397036242,8.231623194105667,2025-09-30 10:56:59.503845
7.528112760971895,8.373117955454704,2025-09-30 10:56:59.503845
7.518356330478052,7.997788588222804,2025-09-30 10:56:59.503845
7.337317194840966,8.16247336951756,2025-09-30 10:56:59.503845
7.520066070567601,8.290125205848572,2025-09-30 10:56:59.503845
7.404828575195806,8.26434186951948,2025-09-30 10:56:59.503845
7.5303227225817855,8.303299296257405,2025-09-30 10:56:59.503845
7.528481550190568,8.192653396442843,2025-09-30 10:56:59.503845
7.467920394247648,8.51622723246624,2025-09-30 10:56:59.503845
7.439106745418654,8.495304378577085,2025-09-30 10:56:59.503845
7.556883984942605,8.208033293521245,2025-09-30 10:56:59.503845
7.323020863291182,8.304116064233183,2025-09-30 10:56:59.503845
7.738013870013555,8.472229833010797,2025-09-30 10:56:59.503845
7.601877147528516,8.385985857230565,2025-09-30 10:56:59.503845
7.66383432161996,8.508211470138082,2025-09-30 10:56:59.503845
7.798241626252185,8.164978497135547,2025-09-30 10:56:59.503845
7.819701832659454,8.437413045538772,2025-09-30 10:56:59.503845
7.659851897885625,8.345276911686375,2025-09-30 10:56:59.503845
7.592118016283105,7.861720231516143,2025-09-30 10:56:59.503845
7.498286426042324,8.658961315397361,2025-09-30 10:56:59.503845
7.803157664936826,8.55666325952907,2025-09-30 10:56:59.503845
7.53994722809577,8.460350872331048,2025-09-30 10:56:59.503845
7.708235316569362,8.04970631193308,2025-09-30 10:56:59.503845
7.4709941267847135,8.457798718762893,2025-09-30 10:56:59.503845
7.336087009467597,8.395112247253108,2025-09-30 10:56:59.503845
7.747607247155576,8.923111559265415,2025-09-30 10:56:59.503845
7.938220104975438,8.57069767223746,2025-09-30 10:56:59.503845
7.523014359711204,8.464009650580806,2025-09-30 10:56:59.503845
7.247038186497123,8.374633679938551,2025-09-30 10:56:59.503845
7.244702481580222,7.881269535389242,2025-09-30 10:56:59.503845
7.705934978668635,8.115064861900114,2025-09-30 10:56:59.503845
7.391465229965669,8.400101717099393,2025-09-30 10:56:59.503845
7.163276692810779,8.493522556888644,2025-09-30 10:56:59.503845
7.563530592938251,7.99426916895887,2025-09-30 10:56:59.503845
7.403688937882173,8.168876122250941,2025-09-30 10:56:59.503845
7.205580355884593,7.972000260875777,2025-09-30 10:56:59.503845
7.322740321998474,8.347029235124202,2025-09-30 10:56:59.503845
7.646259904431198,8.114579071024705,2025-09-30 10:56:59.503845
7.503294417274143,8.421422824264445,2025-09-30 10:56:59.503845
7.799923322363686,8.138936843649137,2025-09-30 10:56:59.503845
7.6775211562269625,8.436704420600133,2025-09-30 10:56:59.503845
7.663597585294555,8.27520840443702,2025-09-30 10:56:59.503845
7.139294077423948,8.36057478740762,2025-09-30 10:56:59.503845
7.476938772722091,8.728496955299445,2025-09-30 10:56:59.503845
7.441416381867621,8.199826182186005,2025-09-30 10:56:59.503845
6.885865222366422,8.519072273329726,2025-09-30 10:56:59.503845
7.4912311319427,8.453901190677177,2025-09-30 10:56:59.503845
7.294638558929314,8.305311347412344,2025-09-30 10:56:59.503845
7.398198439246343,8.45342740024297,2025-09-30 10:56:59.503845
7.479100976130979,8.422970709113164,2025-09-30 10:56:59.503845
7.343619984277842,8.131659541502632,2025-09-30 10:56:59.503845
7.3699925359699385,8.067676490219531,2025-09-30 10:56:59.503845
7.601743998939045,7.824443754626968,2025-09-30 10:56:59.503845
7.503558379678259,8.387038056770717,2025-09-30 10:56:59.503845
7.521423058565896,8.224532907641777,2025-09-30 10:56:59.503845
7.594742117360104,8.234486139072128,2025-09-30 10:56:59.503845
7.809375158108853,8.373014418857368,2025-09-30 10:56:59.503845
7.807432277885184,8.127075305803654,2025-09-30 10:56:59.503845
7.70771972379877,8.479396862673443,2025-09-30 10:56:59.503845
7.836970567119106,8.060008877015147,2025-09-30 10:56:59.503845
7.296504638734198,8.566103071657418,2025-09-30 10:56:59.503845
7.501295726182681,8.322979666351834,2025-09-30 10:56:59.503845
7.589108171128898,8.121762088931185,2025-09-30 10:56:59.503845
7.574407839353371,8.549673688025935,2025-09-30 10:56:59.503845
7.4688263529692005,8.41733662719664,2025-09-30 10:56:59.503845
7.451320674614379,8.435705736685097,2025-09-30 10:56:59.503845
7.418072083079132,8.455409840209276,2025-09-30 10:56:59.503845
7.348599236096006,8.315022903733427,2025-09-30 10:56:59.503845
7.290298610667662,8.449020493707337,2025-09-30 10:56:59.503845
7.36640818968707,8.468526769144054,2025-09-30 10:56:59.503845
7.612024760062196,8.1945763799934,2025-09-30 10:56:59.503845
7.509137262567248,8.56523916150418,2025-09-30 10:56:59.503845
7.600594804182621,8.123966795186021,2025-09-30 10:56:59.503845
7.602144482755243,8.215532191368844,2025-09-30 10:56:59.503845
7.476675286102954,8.534189560595323,2025-09-30 10:56:59.503845
7.499205620664068,8.158048579659306,2025-09-30 10:56:59.503845
7.406470149532149,8.196317452475292,2025-09-30 10:56:59.503845
7.441481242675386,8.412526977178999,2025-09-30 10:56:59.503845
7.309038957683052,8.384442087709266,2025-09-30 10:56:59.503845
7.715604806098608,8.078070796638134,2025-09-30 10:56:59.503845
7.40171056277675,8.588301385212263,2025-09-30 10:56:59.503845
7.322583361821205,8.363952204670293,2025-09-30 10:56:59.503845
7.432463311230946,8.611853573748885,2025-09-30 10:56:59.503845
7.3329828269501505,8.400320510253795,2025-09-30 10:56:59.503845
7.609912214831658,8.307920819075074,2025-09-30 10:56:59.503845
7.574196616542027,8.573208848610077,2025-09-30 10:56:59.503845
7.744096110866354,8.252192823526242,2025-09-30 10:56:59.503845
7.191962189276028,7.948906621279923,2025-09-30 10:56:59.503845
7.406934653465287,8.429230178942811,2025-09-30 10:56:59.503845
7.615870553789891,8.440792129279606,2025-09-30 10:56:59.503845
7.557800596179598,8.167243027098046,2025-09-30 10:56:59.503845
7.769316536467097,8.320289652100907,2025-09-30 10:56:59.503845
7.51057911114046,8.510761433850035,2025-09-30 10:56:59.503845
7.455288559828338,8.11041906596936,2025-09-30 10:56:59.503845
7.607566110301045,8.327271176226807,2025-09-30 10:56:59.503845
7.61725085759485,8.858997825089842,2025-09-30 10:56:59.503845
7.385791299387322,8.426364365031588,2025-09-30 10:56:59.503845
7.3797477712677075,8.339409052393652,2025-09-30 10:56:59.503845
7.629766313009715,8.48855545950552,2025-09-30 10:56:59.503845
7.60521905861463,8.611216763970706,2025-09-30 10:56:59.503845
7.628356479564632,8.341853246414773,2025-09-30 10:56:59.503845
7.530569466682876,8.175468513980674,2025-09-30 10:56:59.503845
7.6483871354241595,8.570224134606672,2025-09-30 10:56:59.503845
7.739590054626923,8.206564391572941,2025-09-30 10:56:59.503845
7.723414961557592,8.354452939716042,2025-09-30 10:56:59.503845
7.692760186403407,8.366794786019138,2025-09-30 10:56:59.503845
7.5184769677639265,8.203297027705426,2025-09-30 10:56:59.503845
7.588637212710772,8.628992074198157,2025-09-30 10:56:59.503845
7.824323648444441,8.33482413445385,2025-09-30 10:56:59.503845
7.515885587425802,8.404056201382168,2025-09-30 10:56:59.503845
7.4278216891223465,8.384769612217001,2025-09-30 10:56:59.503845
7.337878958768474,8.380281448312335,2025-09-30 10:56:59.503845
7.2316515513656965,8.318839595225377,2025-09-30 10:56:59.503845
7.566774781889387,8.262203922141294,2025-09-30 10:56:59.503845
7.494029213062049,8.60113152736987,2025-09-30 10:56:59.503845
7.506318959609823,8.084924406653027,2025-09-30 10:56:59.503845
7.675186440665738,8.308103671384965,2025-09-30 10:56:59.503845
7.746786876314959,8.407073315922664,2025-09-30 10:56:59.503845
7.768580769333672,8.195572058794365,2025-09-30 10:56:59.503845
7.658593530810856,8.370905796363681,2025-09-30 10:56:59.503845
7.843301846834052,8.149516384223386,2025-09-30 10:56:59.503845
7.545160074979366,8.598338607194016,2025-09-30 10:56:59.503845
8.081857099970309,8.19762665860967,2025-09-30 10:56:59.503845
7.446105479306463,8.501965798182963,2025-09-30 10:56:59.503845
7.385029216384845,8.392076188173466,2025-09-30 10:56:59.503845
7.668326584424725,8.39625832379404,2025-09-30 10:56:59.503845
7.4469436207473105,8.462619720097765,2025-09-30 10:56:59.503845
7.613334222088892,8.288074758737533,2025-09-30 10:56:59.503845
7.143968696190757,8.025091021823663,2025-09-30 10:56:59.503845
7.245035290915816,8.310303997006162,2025-09-30 10:56:59.503845
7.683166508587298,8.722126876704904,2025-09-30 10:56:59.503845
7.600101549709825,8.23130024867764,2025-09-30 10:56:59.503845
7.773456324877461,8.515344715163353,2025-09-30 10:56:59.503845
7.180310430750695,8.464008656853427,2025-09-30 10:56:59.503845
7.623544528640283,8.240755161614949,2025-09-30 10:56:59.503845
7.374424982646358,8.190339508855901,2025-09-30 10:56:59.503845
7.625400034458833,8.267644614150942,2025-09-30 10:56:59.503845
7.67859436401145,7.894682917177739,2025-09-30 10:56:59.503845
7.369102382461033,8.0615775913188,2025-09-30 10:56:59.503845
7.318479932646128,8.286457794855286,2025-09-30 10:56:59.503845
7.532292510335163,8.396480230035072,2025-09-30 10:56:59.503845
7.325834952631418,8.201032890988042,2025-09-30 10:56:59.503845
7.237584177817703,8.180797781145982,2025-09-30 10:56:59.503845
7.587016850723325,8.17461410826261,2025-09-30 10:56:59.503845
7.320156603742527,8.293402206732774,2025-09-30 10:56:59.503845
7.381033385003519,8.213392854494616,2025-09-30 10:56:59.503845
7.689150824616828,8.36584024469373,2025-09-30 10:56:59.503845
7.4522493834039905,8.672427391823145,2025-09-30 10:56:59.503845
7.322781002162758,8.380024355703991,2025-09-30 10:56:59.503845
7.303471598805403,8.442937202367736,2025-09-30 10:56:59.503845
7.545475999238941,8.412300029575013,2025-09-30 10:56:59.503845
7.4517171632460135,8.255935189052282,2025-09-30 10:56:59.503845
7.2995315020285485,8.709311470298417,2025-09-30 10:56:59.503845
7.3854749333305065,8.238111691669612,2025-09-30 10:56:59.503845
7.749479916954764,8.205858707220875,2025-09-30 10:56:59.503845
7.607584151630096,8.085046299961798,2025-09-30 10:56:59.503845
7.468578536409196,8.027040266435367,2025-09-30 10:56:59.503845
7.543832442665256,8.357554015893696,2025-09-30 10:56:59.503845
7.330159920377968,8.359484080919971,2025-09-30 10:56:59.503845
7.276463840211474,8.010986684903273,2025-09-30 10:56:59.503845
7.7080264138371355,8.329042449285396,2025-09-30 10:56:59.503845
7.336759430835135,8.491210646601864,2025-09-30 10:56:59.503845
7.5130497216352605,8.212291420502552,2025-09-30 10:56:59.503845
7.520094594039334,8.313322937999626,2025-09-30 10:56:59.503845
7.530412598628988,8.207710293448347,2025-09-30 10:56:59.503845
7.57589344757815,8.297210120622905,2025-09-30 10:56:59.503845
7.314660329165006,8.178917815354266,2025-09-30 10:56:59.503845
7.475354377854459,8.47883469649572,2025-09-30 10:56:59.503845
7.820038186566898,8.311603907823443,2025-09-30 10:56:59.503845
7.327660111983317,8.555139792981405,2025-09-30 10:56:59.503845
7.460335516220264,8.462199282296947,2025-09-30 10:56:59.503845
7.247970070896413,8.207812594141169,2025-09-30 10:56:59.503845
7.5166376081036645,8.568875575649887,2025-09-30 10:56:59.503845
7.528814273569364,8.247821696308499,2025-09-30 10:56:59.503845
7.4151246161951825,8.349843601346603,2025-09-30 10:56:59.503845
7.634206928501525,8.246516261388752,2025-09-30 10:56:59.503845
7.71433657186573,8.13827050374427,2025-09-30 10:56:59.503845
7.61762350451555,8.228598564377842,2025-09-30 10:56:59.503845
7.538786380598521,8.194425186556385,2025-09-30 10:56:59.503845
7.34129012443306,8.611557514067803,2025-09-30 10:56:59.503845
7.627102902249541,7.996311965430593,2025-09-30 10:56:59.503845
7.427715620575805,8.121128024389197,2025-09-30 10:56:59.503845
7.707750126855573,8.715575188267794,2025-09-30 10:56:59.503845
7.61008949135884,8.617715340287269,2025-09-30 10:56:59.503845
7.692415878471222,8.447116909787836,2025-09-30 10:56:59.503845
7.764473413808954,8.12777753604042,2025-09-30 10:56:59.503845
7.259286968236199,8.180614789704707,2025-09-30 10:56:59.503845
7.502378977247087,8.472673775438556,2025-09-30 10:56:59.503845
7.520633208630256,7.908251736131296,2025-09-30 10:56:59.503845
7.414459005411224,8.648118444423494,2025-09-30 10:56:59.503845
7.534532998283837,8.01274516221116,2025-09-30 10:56:59.503845
7.257114221917083,8.553006365249935,2025-09-30 10:56:59.503845
7.531757604540934,8.436012100621081,2025-09-30 10:56:59.503845
7.3328012381400205,8.734973334286144,2025-09-30 10:56:59.503845
7.480406289242147,8.369024508998928,2025-09-30 10:56:59.503845
7.596996445976037,8.540299262887762,2025-09-30 10:56:59.503845
7.830873859038182,8.313792909692575,2025-09-30 10:56:59.503845
7.620582880565708,8.512333115235144,2025-09-30 10:56:59.503845
7.569043845330086,8.404240500774689,2025-09-30 10:56:59.503845
7.293287751530946,8.259469718225949,2025-09-30 10:56:59.503845
7.390068715690718,8.360283865913804,2025-09-30 10:56:59.503845
7.404678664153476,8.272458647896949,2025-09-30 10:56:59.503845
7.461853802819246,8.512405050746397,2025-09-30 10:56:59.503845
7.8190202488606815,7.9621747072054845,2025-09-30 10:56:59.503845
7.521338574180588,8.593624380136351,2025-09-30 10:56:59.503845
7.622862569938131,8.264008571452397,2025-09-30 10:56:59.503845
7.6856361904627475,8.03775997529435,2025-09-30 10:56:59.503845
7.440437150861616,8.541947177489071,2025-09-30 10:56:59.503845
7.360145125413376,8.35484830839441,2025-09-30 10:56:59.503845
7.207420862562527,8.090179447673416,2025-09-30 10:56:59.503845
7.483727525451327,8.726044557999765,2025-09-30 10:56:59.503845
7.231418864285729,8.617126962437329,2025-09-30 10:56:59.503845
7.300046309746617,8.39876420947927,2025-09-30 10:56:59.503845
7.264305802190115,8.217988602818716,2025-09-30 10:56:59.503845
7.394354901780576,8.373335613116012,2025-09-30 10:56:59.503845
7.474018144162968,8.022016533104736,2025-09-30 10:56:59.503845
7.407930671839987,8.467273120619597,2025-09-30 10:56:59.503845
7.393799669223601,8.657977857413918,2025-09-30 10:56:59.503845
7.2144562704915,8.564882664078901,2025-09-30 10:56:59.503845
7.518358740175896,8.163595869663636,2025-09-30 10:56:59.503845
7.339640114709655,7.995058871226271,2025-09-30 10:56:59.503845
7.5542310605415395,8.492685506114896,2025-09-30 10:56:59.503845
7.316214791855496,8.630714023123902,2025-09-30 10:56:59.503845
7.389758078059806,8.25247436691956,2025-09-30 10:56:59.503845
7.649658333652579,8.241866509945618,2025-09-30 10:56:59.503845
7.67370105420449,8.423167482374227,2025-09-30 10:56:59.503845
7.339519106799746,8.47364978019771,2025-09-30 10:56:59.503845
7.447062899728436,8.255142097449728,2025-09-30 10:56:59.503845
7.335824160035348,8.303547873851619,2025-09-30 10:56:59.503845
7.511614058181154,8.437423164506823,2025-09-30 10:56:59.503845
7.827674217757882,8.201277794471652,2025-09-30 10:56:59.503845
7.395290967496578,8.226826973380282,2025-09-30 10:56:59.503845
7.367426619635988,8.501581396629573,2025-09-30 10:56:59.503845
7.7739882642290565,8.266625841319776,2025-09-30 10:56:59.503845
7.432980578713789,8.348620891654942,2025-09-30 10:56:59.503845
7.344153933650488,8.517395026072206,2025-09-30 10:56:59.503845
7.69431754309304,8.495418694308956,2025-09-30 10:56:59.503845
7.337805321273262,8.417483655384698,2025-09-30 10:56:59.503845
7.6266228654489945,7.999762533810313,2025-09-30 10:56:59.503845
7.540137676844933,8.505781510166507,2025-09-30 10:56:59.503845
7.439154236429535,8.569991841398702,2025-09-30 10:56:59.503845
7.238879635361652,8.288252309613796,2025-09-30 10:56:59.503845
7.481640422586071,8.659116151810379,2025-09-30 10:56:59.503845
7.294639752723158,8.3541152833056,2025-09-30 10:56:59.503845
7.578889409359394,8.594623476677452,2025-09-30 10:56:59.503845
7.4245012088558475,8.188656856997508,2025-09-30 10:56:59.503845
7.62101619664815,8.50555478300331,2025-09-30 10:56:59.503845
7.398717891927378,8.494751506814152,2025-09-30 10:56:59.503845
7.333602414253045,8.584242831600573,2025-09-30 10:56:59.503845
7.638903249116236,8.44856896416743,2025-09-30 10:56:59.503845
7.466935235416956,8.348087456890774,2025-09-30 10:56:59.503845
7.431045900716302,8.23784539005553,2025-09-30 10:56:59.503845
7.528654280270442,8.501249097064308,2025-09-30 10:56:59.503845
7.952105069173053,8.410038699735383,2025-09-30 10:56:59.503845
7.432927682288635,8.08943478950399,2025-09-30 10:56:59.503845
7.40406730181486,8.455816382109008,2025-09-30 10:56:59.503845
7.361576049706521,7.974812939672604,2025-09-30 10:56:59.503845
7.71311341009943,8.105322695700377,2025-09-30 10:56:59.503845
7.4730440181657185,8.410863188609307,2025-09-30 10:56:59.503845
7.169010430367361,8.734113475679202,2025-09-30 10:56:59.503845
7.473784593233387,8.41862510014025,2025-09-30 10:56:59.503845
7.502004028182834,8.403857243939482,2025-09-30 10:56:59.503845
7.388980549085348,8.148083236243107,2025-09-30 10:56:59.503845
7.276286052011065,8.35864315490316,2025-09-30 10:56:59.503845
7.360210164357116,8.210857177537768,2025-09-30 10:56:59.503845
7.669839923316085,8.291661605440002,2025-09-30 10:56:59.503845
7.6531294814107,8.532416970902943,2025-09-30 10:56:59.503845
7.43780453168579,8.275062002487145,2025-09-30 10:56:59.503845
7.374610196528114,8.349134485472565,2025-09-30 10:56:59.503845
7.718258683277393,8.22166193064342,2025-09-30 10:56:59.503845
7.143356319846365,8.330544927699998,2025-09-30 10:56:59.503845
7.786806958588242,8.337457799581504,2025-09-30 10:56:59.503845
7.498032657105355,8.45338308511993,2025-09-30 10:56:59.503845
7.315719041095516,8.438199301805533,2025-09-30 10:56:59.503845
7.6183026593877905,8.749938765928325,2025-09-30 10:56:59.503845
7.476459512328518,8.699551825407159,2025-09-30 10:56:59.503845
7.225910076217247,8.247233415199718,2025-09-30 10:56:59.503845
7.6050113408244,8.230537836892141,2025-09-30 10:56:59.503845
7.57129899850115,8.36563301820724,2025-09-30 10:56:59.503845
7.5953849071661965,8.19648717299646,2025-09-30 10:56:59.503845
7.689587122687075,8.276753209653853,2025-09-30 10:56:59.503845
7.834894652138236,8.62650766533736,2025-09-30 10:56:59.503845
7.834142883884969,8.365635132562232,2025-09-30 10:56:59.503845
7.365791019785864,8.609293172898644,2025-09-30 10:56:59.503845
7.465804614555019,8.644999278012437,2025-09-30 10:56:59.503845
7.659269663260977,8.182279282939927,2025-09-30 10:56:59.503845
7.344165377181234,8.299440991541625,2025-09-30 10:56:59.503845
7.505328929066771,8.340287445958543,2025-09-30 10:56:59.503845
7.396811542305856,8.225998801599449,2025-09-30 10:56:59.503845
7.569403108136512,8.614488044656047,2025-09-30 10:56:59.503845
7.5851750471220045,8.23045516523599,2025-09-30 10:56:59.503845
7.2121333681191215,8.20316322657007,2025-09-30 10:56:59.503845
7.730737773334747,8.367160145721112,2025-09-30 10:56:59.503845
7.168541501460475,8.146004626635666,2025-09-30 10:56:59.503845
7.43092630903426,7.891296272038875,2025-09-30 10:56:59.503845
7.644244440807435,8.375960986754073,2025-09-30 10:56:59.503845
7.255113262085272,8.268412852373007,2025-09-30 10:56:59.503845
7.784825583550568,8.320474465702613,2025-09-30 10:56:59.503845
7.322128769454783,7.957354314531396,2025-09-30 10:56:59.503845
7.340271520860556,8.074788605231424,2025-09-30 10:56:59.503845
7.619531138558315,8.5302308629405,2025-09-30 10:56:59.503845
7.596631713519929,8.429039462850016,2025-09-30 10:56:59.503845
7.628926867313532,8.341718584251606,2025-09-30 10:56:59.503845
7.530423890616496,8.359918700275909,2025-09-30 10:56:59.503845
7.488959728156828,8.25528283594353,2025-09-30 10:56:59.503845
7.54838231276518,8.321459779427958,2025-09-30 10:56:59.503845
7.521828979976089,8.518767397586243,2025-09-30 10:56:59.503845
7.300887207937255,7.9995074498822545,2025-09-30 10:56:59.503845
7.341033069898493,8.666677192425125,2025-09-30 10:56:59.503845
7.696819996644664,8.868452499599025,2025-09-30 10:56:59.503845
7.360881799878886,8.149908643726416,2025-09-30 10:56:59.503845
7.244329487923666,8.621688927317999,2025-09-30 10:56:59.503845
7.325519793023465,8.41212257702902,2025-09-30 10:56:59.503845
7.390107841657325,8.26240187391732,2025-09-30 10:56:59.503845
7.76842245209279,8.477283299996369,2025-09-30 10:56:59.503845
7.437521153195916,8.274220714952651,2025-09-30 10:56:59.503845
7.58578464073193,8.406533477816204,2025-09-30 10:56:59.503845
7.236603735317702,8.633808184060424,2025-09-30 10:56:59.503845
7.451741573514082,8.171213595757383,2025-09-30 10:56:59.503845
7.46318352861061,8.507920104188413,2025-09-30 10:56:59.503845
7.416255325233614,8.684348428138348,2025-09-30 10:56:59.503845
7.53882497511952,8.388702754956245,2025-09-30 10:56:59.503845
7.510691617572982,8.468727008510692,2025-09-30 10:56:59.503845
7.430787688697152,8.337263713908472,2025-09-30 10:56:59.503845
7.388677222229622,8.401049701363636,2025-09-30 10:56:59.503845
7.29485672115993,8.271330643219677,2025-09-30 10:56:59.503845
7.551393865194275,8.271633936643614,2025-09-30 10:56:59.503845
7.451159288938156,8.095430480791093,2025-09-30 10:56:59.503845
7.762303096035612,8.277129042233696,2025-09-30 10:56:59.503845
7.495876407517918,8.351803530102496,2025-09-30 10:56:59.503845
7.335046269945163,8.71780832574885,2025-09-30 10:56:59.503845
7.580032968331231,8.291473113199668,2025-09-30 10:56:59.503845
7.2610957539259235,8.478046231079343,2025-09-30 10:56:59.503845
7.625918361265691,8.45563648420311,2025-09-30 10:56:59.503845
7.531090257542422,8.545039632068471,2025-09-30 10:56:59.503845
7.364897167966467,8.311626465328274,2025-09-30 10:56:59.503845
7.626171430916668,8.691121882182477,2025-09-30 10:56:59.503845
7.590017929312879,8.507565751107538,2025-09-30 10:56:59.503845
7.356044138985513,8.59179475848163,2025-09-30 10:56:59.503845
7.406652381821327,8.209688669986855,2025-09-30 10:56:59.503845
7.381374480834377,8.181540858098503,2025-09-30 10:56:59.503845
7.361436842355269,8.240961873213513,2025-09-30 10:56:59.503845
7.5110589986600145,8.32420339891253,2025-09-30 10:56:59.503845
7.65140022935635,8.530467714704008,2025-09-30 10:56:59.503845
7.540093741382721,8.106129869133362,2025-09-30 10:56:59.503845
7.572196586563245,8.458471664772595,2025-09-30 10:56:59.503845
8.033089593498586,8.585564295617688,2025-09-30 10:56:59.503845
7.384095561663224,8.275645715797529,2025-09-30 10:56:59.503845
7.437880620845921,8.609017106104174,2025-09-30 10:56:59.503845
7.2253848016680475,8.37296184858646,2025-09-30 10:56:59.503845
7.693885610836138,8.320993996557366,2025-09-30 10:56:59.503845
7.574040997628715,7.875465575376384,2025-09-30 10:56:59.503845
7.992566207583613,7.988277480749291,2025-09-30 10:56:59.503845
7.433939086651041,8.376745967395694,2025-09-30 10:56:59.503845
7.514726073984478,8.722958358525803,2025-09-30 10:56:59.503845
7.642652657264964,8.623022148773316,2025-09-30 10:56:59.503845
7.643530655734327,8.319374444974637,2025-09-30 10:56:59.503845
7.801294387807428,8.744298069626478,2025-09-30 10:56:59.503845
7.562621213148395,8.025746217982899,2025-09-30 10:56:59.503845
7.781119924091713,8.339600770731568,2025-09-30 10:56:59.503845
7.3482839800617175,8.383386284940096,2025-09-30 10:56:59.503845
7.381745814138182,8.265258982176933,2025-09-30 10:56:59.503845
7.679569556177065,8.392757206299393,2025-09-30 10:56:59.503845
7.676723242511893,8.32529820193416,2025-09-30 10:56:59.503845
7.578799091598011,8.58990607428603,2025-09-30 10:56:59.503845
7.712446859022335,8.59804749944729,2025-09-30 10:56:59.503845
7.271943398214105,8.903671011605411,2025-09-30 10:56:59.503845
7.859212432843135,8.3395116101807,2025-09-30 10:56:59.503845
7.528276608542881,8.409218356489578,2025-09-30 10:56:59.503845
7.407037914556667,8.613697428612209,2025-09-30 10:56:59.503845
7.206494986189836,8.44889368784343,2025-09-30 10:56:59.503845
7.312319031825288,8.26997843895309,2025-09-30 10:56:59.503845
7.471294507036261,8.283748285773951,2025-09-30 10:56:59.503845
7.551589819102254,8.229302539957963,2025-09-30 10:56:59.503845
7.349225996224344,8.2209197505248,2025-09-30 10:56:59.503845
7.653628353282501,7.919144564658524,2025-09-30 10:56:59.503845
7.605161057593479,8.198776959108557,2025-09-30 10:56:59.503845
7.632365890895206,8.313041920326311,2025-09-30 10:56:59.503845
7.618548082313391,8.36145321714431,2025-09-30 10:56:59.503845
7.498846405365625,8.32183489616526,2025-09-30 10:56:59.503845
7.499045719832051,8.44994440841536,2025-09-30 10:56:59.503845
7.435707993248796,8.179012943431536,2025-09-30 10:56:59.503845
7.566139547099029,8.407493423741418,2025-09-30 10:56:59.503845
7.403892399977279,8.437917677295525,2025-09-30 10:56:59.503845
7.037161287018535,8.528476566467361,2025-09-30 10:56:59.503845
7.289065807682707,8.128572695137906,2025-09-30 10:56:59.503845
7.566909611496969,8.47176703344615,2025-09-30 10:56:59.503845
7.630624859061713,8.296665927365808,2025-09-30 10:56:59.503845
7.344393852431351,8.307760105913157,2025-09-30 10:56:59.503845
7.468344209914388,8.625105682952617,2025-09-30 10:56:59.503845
7.517775592155366,8.194378398930064,2025-09-30 10:56:59.503845
7.6291266306846515,8.63634481334995,2025-09-30 10:56:59.503845
7.5728524375047925,8.596055885987413,2025-09-30 10:56:59.503845
7.230650981284002,8.417362674008933,2025-09-30 10:56:59.503845
7.433926989033242,8.48652882004468,2025-09-30 10:56:59.503845
7.720779744522441,8.160962530322664,2025-09-30 10:56:59.503845
7.316015119362125,8.136640135067166,2025-09-30 10:56:59.503845
7.4411791425767655,8.38714266082449,2025-09-30 10:56:59.503845
7.250183333090945,8.535015604377291,2025-09-30 10:56:59.503845
7.743620023141995,8.209139968411334,2025-09-30 10:56:59.503845
7.337154619139037,8.245994300165922,2025-09-30 10:56:59.503845
7.327212059324645,8.194862269935815,2025-09-30 10:56:59.503845
7.413652478671896,8.296617358699734,2025-09-30 10:56:59.503845
7.644460031995645,8.385788205605559,2025-09-30 10:56:59.503845
7.493265562899836,8.249290505416981,2025-09-30 10:56:59.503845
7.568821791397146,8.191611014711887,2025-09-30 10:56:59.503845
7.85181288534683,8.366073286906975,2025-09-30 10:56:59.503845
7.405676618486475,7.990985579238945,2025-09-30 10:56:59.503845
7.212630944286359,8.47065584156173,2025-09-30 10:56:59.503845
7.2475306117747555,7.890265478741121,2025-09-30 10:56:59.503845
7.831515885877009,8.551897982506732,2025-09-30 10:56:59.503845
7.522247566323109,8.382569243831366,2025-09-30 10:56:59.503845
7.57125259512466,8.059355551796221,2025-09-30 10:56:59.503845
7.580659723496888,8.35855565211079,2025-09-30 10:56:59.503845
7.6580706753773935,8.269910725068407,2025-09-30 10:56:59.503845
7.500017348650067,8.180526458840095,2025-09-30 10:56:59.503845
7.613756009171464,8.595819282291638,2025-09-30 10:56:59.503845
7.408879033050552,8.109012878156951,2025-09-30 10:56:59.503845
7.561636629762211,8.682849227624184,2025-09-30 10:56:59.503845
7.815694489990442,8.382071346532408,2025-09-30 10:56:59.503845
7.338509020656958,8.48455341972253,2025-09-30 10:56:59.503845
7.374661166309581,8.513897654989943,2025-09-30 10:56:59.503845
7.552884713147259,8.187519045249383,2025-09-30 10:56:59.503845
7.246109259510468,7.948376272097586,2025-09-30 10:56:59.503845
7.423865352702373,8.124038118155648,2025-09-30 10:56:59.503845
7.496707854036261,8.533701066934633,2025-09-30 10:56:59.503845
7.120493612913785,8.589070064182918,2025-09-30 10:56:59.503845
7.383825470524608,8.255107244223437,2025-09-30 10:56:59.503845
7.5589742431424085,8.1718792854468,2025-09-30 10:56:59.503845
7.614674290805483,8.698572599159451,2025-09-30 10:56:59.503845
7.341824939305297,8.374593926718147,2025-09-30 10:56:59.503845
7.72791690148071,8.322450176953978,2025-09-30 10:56:59.503845
7.4621182086740525,8.427240123150943,2025-09-30 10:56:59.503845
7.553744358006329,8.397294540596954,2025-09-30 10:56:59.503845
7.5949836925536,8.317993266199172,2025-09-30 10:56:59.503845
7.436347666793308,8.343690715307446,2025-09-30 10:56:59.503845
7.278778384316327,8.752668130231369,2025-09-30 10:56:59.503845
7.663763686615816,8.743680621153818,2025-09-30 10:56:59.503845
7.553226583506078,8.520691014381802,2025-09-30 10:56:59.503845
7.334776986348892,8.452620407672596,2025-09-30 10:56:59.503845
7.501201566584091,8.249224500370072,2025-09-30 10:56:59.503845
7.542600217727382,8.2861880481928,2025-09-30 10:56:59.503845
7.904782518882808,8.349501525321951,2025-09-30 10:56:59.503845
7.414375605624882,8.451909178078505,2025-09-30 10:56:59.503845
7.67804790692234,8.194951775064675,2025-09-30 10:56:59.503845
7.422549191822087,8.570133137700406,2025-09-30 10:56:59.503845
7.297990704299898,8.658306887455423,2025-09-30 10:56:59.503845
7.403652099281687,8.630818696149394,2025-09-30 10:56:59.503845
7.546855232273171,8.432716939606953,2025-09-30 10:56:59.503845
7.381325402939661,8.683444757803201,2025-09-30 10:56:59.503845
7.321706495326368,8.385551074402446,2025-09-30 10:56:59.503845
7.770807739191874,8.242520287734887,2025-09-30 10:56:59.503845
7.421791356652624,8.34386487649444,2025-09-30 10:56:59.503845
7.590899849882149,8.080909534189754,2025-09-30 10:56:59.503845
7.751488110948656,8.441974844737885,2025-09-30 10:56:59.503845
7.422473398030133,8.355729776035734,2025-09-30 10:56:59.503845
7.674974234293138,8.297121190711698,2025-09-30 10:56:59.503845
7.447974030503429,8.253062120572558,2025-09-30 10:56:59.503845
7.176000008637944,8.354435237938175,2025-09-30 10:56:59.503845
7.5124140641929396,8.24709519207815,2025-09-30 10:56:59.503845
7.457896602051015,8.358588092159179,2025-09-30 10:56:59.503845
7.76428872185918,8.382283608679696,2025-09-30 10:56:59.503845
7.463641361216669,8.609719854346869,2025-09-30 10:56:59.503845
7.443741492737867,8.370908130405171,2025-09-30 10:56:59.503845
7.438209884762973,8.283263717995077,2025-09-30 10:56:59.503845
7.691977400849043,8.636593972939641,2025-09-30 10:56:59.503845
7.569322792934254,8.41937859326925,2025-09-30 10:56:59.503845
7.679645565458016,8.19482594331836,2025-09-30 10:56:59.503845
7.325845762000204,8.424970095873933,2025-09-30 10:56:59.503845
7.586726759521755,8.452795464991011,2025-09-30 10:56:59.503845
7.369386483266446,8.255802130727876,2025-09-30 10:56:59.503845
7.562504279319121,8.324562502720086,2025-09-30 10:56:59.503845
7.49679151078549,8.140490195223675,2025-09-30 10:56:59.503845
7.4755930300216535,8.329461243488689,2025-09-30 10:56:59.503845
7.43502321580171,8.454436410928198,2025-09-30 10:56:59.503845
7.599916910849527,8.442888325446283,2025-09-30 10:56:59.503845
7.438645861823752,8.484519928882825,2025-09-30 10:56:59.503845
7.380971631290462,8.012181194120592,2025-09-30 10:56:59.503845
7.316137548574667,8.832403408208306,2025-09-30 10:56:59.503845
7.518111660432634,8.464947891785643,2025-09-30 10:56:59.503845
7.564556276219072,8.566311025620445,2025-09-30 10:56:59.503845
7.494310851477616,8.297622523715223,2025-09-30 10:56:59.503845
7.49016453295427,8.372641268134664,2025-09-30 10:56:59.503845
7.3928480851800575,8.548471835710487,2025-09-30 10:56:59.503845
7.517604841118757,8.2622076845334,2025-09-30 10:56:59.503845
7.218926491619108,8.401582057734128,2025-09-30 10:56:59.503845
7.513406382830081,8.019149690056059,2025-09-30 10:56:59.503845
7.643769066949926,8.623069181478527,2025-09-30 10:56:59.503845
7.409555238089765,8.370794177228372,2025-09-30 10:56:59.503845
7.426309252554632,8.485763464213719,2025-09-30 10:56:59.503845
7.208766561480128,8.475196411238079,2025-09-30 10:56:59.503845
7.641335955946691,8.154574530979188,2025-09-30 10:56:59.503845
7.510472935609857,8.244741265355458,2025-09-30 10:56:59.503845
7.4757802488004526,8.237889950422698,2025-09-30 10:56:59.503845
7.584226344307211,8.17163640992196,2025-09-30 10:56:59.503845
7.155169937369334,8.13414811277626,2025-09-30 10:56:59.503845
7.572500759025963,8.197963727963751,2025-09-30 10:56:59.503845
7.635323420575929,8.193698182189035,2025-09-30 10:56:59.503845
7.760574156702839,8.362026537266194,2025-09-30 10:56:59.503845
7.609086343524801,8.565635395906062,2025-09-30 10:56:59.503845
7.872764528497759,8.117131879884639,2025-09-30 10:56:59.503845
7.377505722861351,8.536940321757264,2025-09-30 10:56:59.503845
7.4669600862914045,8.302596553903152,2025-09-30 10:56:59.503845
7.32635271291329,8.321781989296941,2025-09-30 10:56:59.503845
7.4575121475417125,8.00956251581857,2025-09-30 10:56:59.503845
7.345796111453117,8.095416029363607,2025-09-30 10:56:59.503845
7.846484299868106,8.372804432327204,2025-09-30 10:56:59.503845
7.808271136972772,8.50310383622634,2025-09-30 10:56:59.503845
7.497599240022789,8.2112261598002,2025-09-30 10:56:59.503845
7.3817682248039596,8.322311690974002,2025-09-30 10:56:59.503845
7.546951912798147,8.505561698865824,2025-09-30 10:56:59.503845
7.4435599562949815,8.310399914814488,2025-09-30 10:56:59.503845
7.705363377051864,8.472918713739745,2025-09-30 10:56:59.503845
7.459648161030638,8.598735611100084,2025-09-30 10:56:59.503845
7.502848246641583,8.465334344796654,2025-09-30 10:56:59.503845
7.598554128828496,8.435450195927594,2025-09-30 10:56:59.503845
7.424336918209908,8.062398118704593,2025-09-30 10:56:59.503845
7.68540781047385,8.001777484638724,2025-09-30 10:56:59.503845
7.662445131742549,8.479850128956357,2025-09-30 10:56:59.503845
7.711002913308956,8.01048691187674,2025-09-30 10:56:59.503845
7.50662379916878,8.361356146737872,2025-09-30 10:56:59.503845
7.654394159045686,7.828600099284284,2025-09-30 10:56:59.503845
7.481586022233186,8.451123506271665,2025-09-30 10:56:59.503845
7.421815602400691,8.427808672896248,2025-09-30 10:56:59.503845
7.733135125362759,8.398607099655647,2025-09-30 10:56:59.503845
7.349613568486769,8.48703542059298,2025-09-30 10:56:59.503845
7.505692930050159,8.36095745883409,2025-09-30 10:56:59.503845
7.756443490791722,8.282369890500464,2025-09-30 10:56:59.503845
7.556447498253673,8.45923578097409,2025-09-30 10:56:59.503845
7.544496228379463,7.822137392115322,2025-09-30 10:56:59.503845
7.463255016688067,8.235760644355029,2025-09-30 10:56:59.503845
7.38685474938554,8.322150443715888,2025-09-30 10:56:59.503845
7.538821549731427,8.439853386164366,2025-09-30 10:56:59.503845
7.53852043918632,8.249133511920872,2025-09-30 10:56:59.503845
7.392112758689515,8.72776894066812,2025-09-30 10:56:59.503845
7.4760605707040915,8.348414958420713,2025-09-30 10:56:59.503845
7.465123643409796,8.242041361180878,2025-09-30 10:56:59.503845
7.668812155645084,8.446742644169214,2025-09-30 10:56:59.503845
7.579927011903622,8.439499323034356,2025-09-30 10:56:59.503845
7.4835540253833805,8.460268162978938,2025-09-30 10:56:59.503845
7.497826278206068,8.441693520853962,2025-09-30 10:56:59.503845
7.573507864334332,8.928637269839838,2025-09-30 10:56:59.503845
7.5214531133993505,8.448601668999801,2025-09-30 10:56:59.503845
7.6841915332733945,8.602072405624588,2025-09-30 10:56:59.503845
7.612114396503938,8.534841465579566,2025-09-30 10:56:59.503845
7.711538339554309,8.162028675976915,2025-09-30 10:56:59.503845
7.71876207253418,8.207865893616264,2025-09-30 10:56:59.503845
7.545367062093134,8.089067719128023,2025-09-30 10:56:59.503845
7.545410565785558,8.435335228686682,2025-09-30 10:56:59.503845
6.991499185788216,8.331845367768558,2025-09-30 10:56:59.503845
7.286773368029073,7.935851269268155,2025-09-30 10:56:59.503845
7.402460262604903,8.339883084902166,2025-09-30 10:56:59.503845
7.739700280412883,8.533087421961758,2025-09-30 10:56:59.503845
7.6280898154608785,8.559611012681547,2025-09-30 10:56:59.503845
7.363668093332291,8.380556942177398,2025-09-30 10:56:59.503845
7.642418843883688,8.051420026338093,2025-09-30 10:56:59.503845
7.513659859785877,8.812259608582902,2025-09-30 10:56:59.503845
7.728906211687962,8.227623797290507,2025-09-30 10:56:59.503845
7.469062558523479,8.433564306075922,2025-09-30 10:56:59.503845
7.509548743812766,8.16535723633332,2025-09-30 10:56:59.503845
7.6907108202977925,8.59126620595073,2025-09-30 10:56:59.503845
7.571201605181489,8.292634752024565,2025-09-30 10:56:59.503845
7.374840949168058,8.723416201337598,2025-09-30 10:56:59.503845
7.632795543889036,8.79272115944655,2025-09-30 10:56:59.503845
7.5433281754463755,8.459827499820578,2025-09-30 10:56:59.503845
7.350587891594306,8.446880863887195,2025-09-30 10:56:59.503845
7.443559239526532,8.349780077281537,2025-09-30 10:56:59.503845
7.48515151879855,8.50375033959468,2025-09-30 10:56:59.503845
7.366270325489163,8.312253705966995,2025-09-30 10:56:59.503845
7.797206088817769,8.132890016867332,2025-09-30 10:56:59.503845
8.019395548440336,8.117836167917378,2025-09-30 10:56:59.503845
7.55125421793504,8.311694988062746,2025-09-30 10:56:59.503845
7.46540263392412,8.222535458939412,2025-09-30 10:56:59.503845
7.341753613664312,8.444646081809989,2025-09-30 10:56:59.503845
7.312964404290872,8.451156002716163,2025-09-30 10:56:59.503845
7.606511241758948,8.58114437187254,2025-09-30 10:56:59.503845
7.689438931127705,8.20016626856508,2025-09-30 10:56:59.503845
7.367587202489741,8.200783010960327,2025-09-30 10:56:59.503845
7.485338226109802,8.480119648533778,2025-09-30 10:56:59.503845
7.281593295326669,8.284813245514096,2025-09-30 10:56:59.503845
7.578702418158014,8.304340379449766,2025-09-30 10:56:59.503845
7.5839776764743245,8.599201241768606,2025-09-30 10:56:59.503845
7.70146785795966,8.288081348623685,2025-09-30 10:56:59.503845
7.525331698289943,8.177919417192475,2025-09-30 10:56:59.503845
7.42474420058983,8.080406999777457,2025-09-30 10:56:59.503845
7.691850357856733,8.395990617768641,2025-09-30 10:56:59.503845
7.643575090640863,8.470658400978886,2025-09-30 10:56:59.503845
7.445589170183786,8.208167073274824,2025-09-30 10:56:59.503845
7.352582884683947,8.229990573159437,2025-09-30 10:56:59.503845
7.305603925545852,8.431263010970694,2025-09-30 10:56:59.503845
7.477968979145212,8.415673998766517,2025-09-30 10:56:59.503845
7.648618011187911,8.145352367107428,2025-09-30 10:56:59.503845
7.53711246948318,8.426030220722714,2025-09-30 10:56:59.503845
7.2736394944085925,8.296847705295914,2025-09-30 10:56:59.503845
7.566126551477099,8.3338681800574,2025-09-30 10:56:59.503845
7.486652855584807,7.93992429483471,2025-09-30 10:56:59.503845
7.369639188163745,8.129931071761325,2025-09-30 10:56:59.503845
7.365607766176915,8.129279016142808,2025-09-30 10:56:59.503845
7.37584745304526,8.499899209175044,2025-09-30 10:56:59.503845
7.522118290576043,8.003680938819137,2025-09-30 10:56:59.503845
7.285880115537002,8.364087418816094,2025-09-30 10:56:59.503845
7.451019558302987,8.409326548375297,2025-09-30 10:56:59.503845
7.487847709363464,8.299123007288042,2025-09-30 10:56:59.503845
7.378996362971,8.625862541560906,2025-09-30 10:56:59.503845
7.458237426648103,8.490585592910291,2025-09-30 10:56:59.503845
7.556013517598574,8.519630641996466,2025-09-30 10:56:59.503845
7.56605831802546,8.23233082819973,2025-09-30 10:56:59.503845
7.470506835922316,8.75286919501608,2025-09-30 10:56:59.503845
7.490361024403129,8.419132460044775,2025-09-30 10:56:59.503845
7.495248530667648,8.46081578065909,2025-09-30 10:56:59.503845
7.438596603148255,8.533969174568819,2025-09-30 10:56:59.503845
7.600139215245682,8.351690771356427,2025-09-30 10:56:59.503845
7.411179322822386,8.452859164904813,2025-09-30 10:56:59.503845
7.685693093997523,8.361816895959311,2025-09-30 10:56:59.503845
7.330091601469977,7.977105644260926,2025-09-30 10:56:59.503845
7.435054679882917,8.064109633624842,2025-09-30 10:56:59.503845
7.5350693588062265,8.39915043988126,2025-09-30 10:56:59.503845
7.421255677092066,8.342559840300972,2025-09-30 10:56:59.503845
7.595488622499705,8.289796106040832,2025-09-30 10:56:59.503845
7.23167554093664,8.097515075144777,2025-09-30 10:56:59.503845
7.511627674681417,8.316565782454443,2025-09-30 10:56:59.503845
7.7311082891561425,8.359922399138437,2025-09-30 10:56:59.503845
7.498921802953237,8.54697890225838,2025-09-30 10:56:59.503845
7.735204903010894,8.358465234689973,2025-09-30 10:56:59.503845
7.328883991461463,8.320918416236582,2025-09-30 10:56:59.503845
7.539410751750141,8.249528534434813,2025-09-30 10:56:59.503845
7.57960156884089,7.82357879352215,2025-09-30 10:56:59.503845
7.14790195284727,8.556648007915646,2025-09-30 10:56:59.503845
7.483516142615453,8.343625114576339,2025-09-30 10:56:59.503845
7.686012601807995,8.195904530864173,2025-09-30 10:56:59.503845
7.598778250744821,7.922343233530287,2025-09-30 10:56:59.503845
7.634508146247066,8.49729895638007,2025-09-30 10:56:59.503845
7.520897792987565,8.206905969329647,2025-09-30 10:56:59.503845
7.222721091506495,8.214091903429924,2025-09-30 10:56:59.503845
7.53783748987514,8.428970715442473,2025-09-30 10:56:59.503845
7.522173490492899,8.348880160317414,2025-09-30 10:56:59.503845
7.669459567573027,8.316636769736661,2025-09-30 10:56:59.503845
7.276226197801773,8.47924137815425,2025-09-30 10:56:59.503845
7.56088248227936,8.553011190175138,2025-09-30 10:56:59.503845
7.5694873196711265,8.351029766163757,2025-09-30 10:56:59.503845
7.554761971606023,8.57662859984479,2025-09-30 10:56:59.503845
7.893409173621807,8.709520802667779,2025-09-30 10:56:59.503845
7.464916520738102,8.409939529797402,2025-09-30 10:56:59.503845
7.735345335728764,8.384999981622041,2025-09-30 10:56:59.503845
7.311715482224159,8.27561820501819,2025-09-30 10:56:59.503845
7.357356603802505,8.52123178465259,2025-09-30 10:56:59.503845
7.697227537224181,7.884562887422337,2025-09-30 10:56:59.503845
7.438649236011426,8.391863565781703,2025-09-30 10:56:59.503845
7.497282346349015,8.098091154203336,2025-09-30 10:56:59.503845
7.408408646814004,8.243926838661626,2025-09-30 10:56:59.503845
7.592515907180533,8.273402426952732,2025-09-30 10:56:59.503845
7.832061279270191,8.109734031581075,2025-09-30 10:56:59.503845
7.383582372752302,8.662539257339812,2025-09-30 10:56:59.503845
7.778904185658182,8.355555424060457,2025-09-30 10:56:59.503845
7.55998402441341,8.06711626531025,2025-09-30 10:56:59.503845
7.469625121254379,8.166850478310012,2025-09-30 10:56:59.503845
7.354264288666637,8.586154841648447,2025-09-30 10:56:59.503845
7.10719925012064,8.628936218789608,2025-09-30 10:56:59.503845
7.410847131383391,8.542335454658183,2025-09-30 10:56:59.503845
7.43330919345424,8.367416240207834,2025-09-30 10:56:59.503845
7.380640354273713,8.352592183428671,2025-09-30 10:56:59.503845
7.167425270703731,8.49738704836214,2025-09-30 10:56:59.503845
7.5015122242846966,7.9947558918463795,2025-09-30 10:56:59.503845
7.708925043964512,8.470462277576889,2025-09-30 10:56:59.503845
7.649330775362158,8.785749273885841,2025-09-30 10:56:59.503845
7.1103544934257865,8.397033536724562,2025-09-30 10:56:59.503845
7.542735913060608,8.129786333709772,2025-09-30 10:56:59.503845
7.437037048914391,8.5781353929924,2025-09-30 10:56:59.503845
7.586237497434817,8.568974971561767,2025-09-30 10:56:59.503845
7.641851679035234,8.401831292780033,2025-09-30 10:56:59.503845
7.528995728383681,8.275923696368631,2025-09-30 10:56:59.503845
7.45288340118777,8.563535005761434,2025-09-30 10:56:59.503845
7.349370930586038,8.244880285971874,2025-09-30 10:56:59.503845
7.537411505782254,8.509433837173523,2025-09-30 10:56:59.503845
7.602267121970033,8.180848291477856,2025-09-30 10:56:59.503845
7.529484100880225,7.818800772482894,2025-09-30 10:56:59.503845
7.265284518743315,8.014033228888882,2025-09-30 10:56:59.503845
7.251452095322384,8.313600993750459,2025-09-30 10:56:59.503845
7.275329076067778,8.469940058884692,2025-09-30 10:56:59.503845
7.431018622212278,8.42422500215013,2025-09-30 10:56:59.503845
7.707491841906559,8.518210422173915,2025-09-30 10:56:59.503845
7.802315567820607,8.343995212331034,2025-09-30 10:56:59.503845
7.633256513807647,8.294925004350999,2025-09-30 10:56:59.503845
7.45198094600339,8.522979049657813,2025-09-30 10:56:59.503845
7.487515365088506,8.298564280179429,2025-09-30 10:56:59.503845
7.579044762724558,8.681159549434481,2025-09-30 10:56:59.503845
7.485489074269187,8.476760124548846,2025-09-30 10:56:59.503845
7.329705726321366,8.21941266558993,2025-09-30 10:56:59.503845
7.556962012899913,8.422391077699498,2025-09-30 10:56:59.503845
7.464518170636555,8.246462103956816,2025-09-30 10:56:59.503845
7.3244878782314755,8.597330182533206,2025-09-30 10:56:59.503845
7.688405720168816,8.3636843043481,2025-09-30 10:56:59.503845
7.6690275433900394,8.619785929385586,2025-09-30 10:56:59.503845
7.357720813974727,8.386491122679182,2025-09-30 10:56:59.503845
7.6327964177499865,8.161750570115712,2025-09-30 10:56:59.503845
7.442637561397068,8.174388355375077,2025-09-30 10:56:59.503845
7.46694204173723,8.304456880676977,2025-09-30 10:56:59.503845
7.328046387770702,8.501148749397592,2025-09-30 10:56:59.503845
7.637345683545795,8.669456009045335,2025-09-30 10:56:59.503845
7.625366073367915,8.272227939613629,2025-09-30 10:56:59.503845
7.328497535207444,8.127676519018268,2025-09-30 10:56:59.503845
7.453485167647455,8.526478859865072,2025-09-30 10:56:59.503845
7.380688472648276,8.427994004817696,2025-09-30 10:56:59.503845
7.504161651775189,8.539767077115242,2025-09-30 10:56:59.503845
7.633161086877165,8.627963560238431,2025-09-30 10:56:59.503845
7.581417051544216,8.261432020692068,2025-09-30 10:56:59.503845
7.28217691441047,8.263941175611587,2025-09-30 10:56:59.503845
7.416182617374333,8.312553506395579,2025-09-30 10:56:59.503845
7.569856601472571,8.430447453712533,2025-09-30 10:56:59.503845
7.400646298278078,8.18431832302413,2025-09-30 10:56:59.503845
7.428029129852586,8.397833361411545,2025-09-30 10:56:59.503845
7.507734411176237,8.618289606302573,2025-09-30 10:56:59.503845
7.584389193588844,8.060516892638727,2025-09-30 10:56:59.503845
7.794761764261809,8.293881089963696,2025-09-30 10:56:59.503845
7.472556389572421,8.349001502517815,2025-09-30 10:56:59.503845
7.5017235824598,8.130295059315698,2025-09-30 10:56:59.503845
7.330996029425345,8.372388696112385,2025-09-30 10:56:59.503845
7.698863381574232,8.32889557477337,2025-09-30 10:56:59.503845
7.599679860556852,8.614490898514866,2025-09-30 10:56:59.503845
7.555762858336984,8.156904703756572,2025-09-30 10:56:59.503845
7.699605497522089,8.25111351864364,2025-09-30 10:56:59.503845
7.316565211413148,8.287076309396467,2025-09-30 10:56:59.503845
7.452794904154946,8.273079509726742,2025-09-30 10:56:59.503845
7.376427153434013,8.154237508455443,2025-09-30 10:56:59.503845
7.568572544633529,8.420550023976242,2025-09-30 10:56:59.503845
7.703240403086561,8.313089246705193,2025-09-30 10:56:59.503845
7.541043131023448,8.07039620832804,2025-09-30 10:56:59.503845
7.359187912817501,8.074683779266236,2025-09-30 10:56:59.503845
7.586321908443998,8.174740531269464,2025-09-30 10:56:59.503845
7.7246736840271195,8.515707069256713,2025-09-30 10:56:59.503845
7.581358430178996,8.543703301287787,2025-09-30 10:56:59.503845
7.552613181369966,8.686342859463663,2025-09-30 10:56:59.503845
7.700262635499505,8.221854640776225,2025-09-30 10:56:59.503845
7.422925016119736,8.529742194570284,2025-09-30 10:56:59.503845
7.426854684122932,8.376993303662406,2025-09-30 10:56:59.503845
7.494168452429249,8.402573090027353,2025-09-30 10:56:59.503845
7.559487169153827,8.401591352415494,2025-09-30 10:56:59.503845
7.628267129098415,8.335965413297343,2025-09-30 10:56:59.503845
7.524879203690932,8.380965199147132,2025-09-30 10:56:59.503845
7.562168693153896,8.278541412416905,2025-09-30 10:56:59.503845
7.559108967327314,8.521854666282769,2025-09-30 10:56:59.503845
7.302118533747491,8.113039499630519,2025-09-30 10:56:59.503845
7.710625179386421,8.364382687426033,2025-09-30 10:56:59.503845
7.79008056681866,8.400926798201684,2025-09-30 10:56:59.503845
7.533276931459772,8.376277501179123,2025-09-30 10:56:59.503845
7.533502212704136,8.65144068762127,2025-09-30 10:56:59.503845
7.025948246057715,8.195238165984513,2025-09-30 10:56:59.503845
7.591332191070053,8.51919503986289,2025-09-30 10:56:59.503845
7.122087396604093,8.464163323117695,2025-09-30 10:56:59.503845
7.569693966238877,8.070600734911183,2025-09-30 10:56:59.503845
7.471421146764007,8.39514957061015,2025-09-30 10:56:59.503845
7.385381490273972,8.321180572037612,2025-09-30 10:56:59.503845
7.195563950357322,8.31475075739111,2025-09-30 10:56:59.503845
7.473948878645405,8.324407442571156,2025-09-30 10:56:59.503845
7.238048141215607,8.491326910101648,2025-09-30 10:56:59.503845
7.29513660881879,8.204897319431678,2025-09-30 10:56:59.503845
7.327000558054685,8.410106325424076,2025-09-30 10:56:59.503845
7.669286442189809,8.556910733000002,2025-09-30 10:56:59.503845
7.62844747075334,8.321914760749737,2025-09-30 10:56:59.503845
7.340050318502432,8.57637244095314,2025-09-30 10:56:59.503845
7.399279956248308,8.06889521636655,2025-09-30 10:56:59.503845
7.3728502729948895,8.672351304313459,2025-09-30 10:56:59.503845
7.457772084723756,8.402660710597521,2025-09-30 10:56:59.503845
7.328218587213217,8.25482145147992,2025-09-30 10:56:59.503845
7.450882012403364,8.039378215198875,2025-09-30 10:56:59.503845
7.589575683458639,8.19645038987356,2025-09-30 10:56:59.503845
7.353346358123238,7.988774743919233,2025-09-30 10:56:59.503845
7.655626014475595,8.559816140607994,2025-09-30 10:56:59.503845
7.691828196583709,8.399397355086263,2025-09-30 10:56:59.503845
7.415103909597478,8.308419879019151,2025-09-30 10:56:59.503845
7.458301532425257,8.418748350237877,2025-09-30 10:56:59.503845
7.416440949429921,8.453484721108893,2025-09-30 10:56:59.503845
7.620516531961265,8.345223316335376,2025-09-30 10:56:59.503845
7.7532714598861165,8.366167024910597,2025-09-30 10:56:59.503845
7.797510285170335,8.376414329451372,2025-09-30 10:56:59.503845
7.225756555009913,8.546608466385964,2025-09-30 10:56:59.503845
7.843837547647221,8.190422865824189,2025-09-30 10:56:59.503845
7.516694756138954,8.333055013063147,2025-09-30 10:56:59.503845
7.233940283521355,8.064871537967583,2025-09-30 10:56:59.503845
7.600203117016658,8.016510271712047,2025-09-30 10:56:59.503845
7.577520703894363,8.137062198271511,2025-09-30 10:56:59.503845
7.4327301645270305,8.17051200093247,2025-09-30 10:56:59.503845
7.562042102556413,8.3639105400258,2025-09-30 10:56:59.503845
7.454998963729212,8.002615938814152,2025-09-30 10:56:59.503845
7.527613121116038,8.482659089270511,2025-09-30 10:56:59.503845
7.486900640209316,8.519129242160949,2025-09-30 10:56:59.503845
7.415411446323594,8.203210956916031,2025-09-30 10:56:59.503845
7.3285626435388265,8.512382973240713,2025-09-30 10:56:59.503845
7.433902470171338,8.323190915512505,2025-09-30 10:56:59.503845
7.390777123335122,8.646549385815394,2025-09-30 10:56:59.503845
7.524030779861285,8.52407040074753,2025-09-30 10:56:59.503845
7.56940706749221,8.361400816928478,2025-09-30 10:56:59.503845
7.289343272764685,8.251077270572077,2025-09-30 10:56:59.503845
7.3748350328432375,8.759883108531316,2025-09-30 10:56:59.503845
7.367279325669917,8.60299452120058,2025-09-30 10:56:59.503845
7.485784131736238,8.146459828383152,2025-09-30 10:56:59.503845
7.710657339984957,8.600223348282022,2025-09-30 10:56:59.503845
7.235527172911015,8.547447712355844,2025-09-30 10:56:59.503845
7.569326910826424,8.28306370590303,2025-09-30 10:56:59.503845
7.455384185601334,8.620997141865908,2025-09-30 10:56:59.503845
7.774156291929614,8.430897963856674,2025-09-30 10:56:59.503845
7.525419227024145,7.864329299558077,2025-09-30 10:56:59.503845
7.497162888687658,8.287944208960175,2025-09-30 10:56:59.503845
7.406011450880561,8.4209367508193,2025-09-30 10:56:59.503845
7.433349394686429,8.547604280933777,2025-09-30 10:56:59.503845
7.646201989567731,8.377239317209401,2025-09-30 10:56:59.503845
7.234697036677288,8.471693611463055,2025-09-30 10:56:59.503845
7.520813753843657,8.407698549342786,2025-09-30 10:56:59.503845
7.657590809620839,8.103162666007641,2025-09-30 10:56:59.503845
7.41868725480618,8.099161974488483,2025-09-30 10:56:59.503845
7.523934366033461,8.03952067326497,2025-09-30 10:56:59.503845
7.513766913244625,8.455441615079378,2025-09-30 10:56:59.503845
7.4651506093518805,8.411719235091237,2025-09-30 10:56:59.503845
7.372259555946391,8.741530308117754,2025-09-30 10:56:59.503845
7.4252520669707645,8.280292640654915,2025-09-30 10:56:59.503845
7.338426252866516,8.469111686656078,2025-09-30 10:56:59.503845
7.307226846420273,8.338066317229476,2025-09-30 10:56:59.503845
7.6412821374445175,8.249902819158795,2025-09-30 10:56:59.503845
7.556232629964033,8.797094626146096,2025-09-30 10:56:59.503845
7.539367485934657,8.334374120090972,2025-09-30 10:56:59.503845
7.961513377404647,8.312639492755455,2025-09-30 10:56:59.503845
7.150161585307983,8.317392237327939,2025-09-30 10:56:59.503845
7.43933705411173,8.343237847310458,2025-09-30 10:56:59.503845
7.408840295523295,8.17414732724997,2025-09-30 10:56:59.503845
7.3485332940442945,8.021126104171712,2025-09-30 10:56:59.503845
7.679133685700674,8.64670325410163,2025-09-30 10:56:59.503845
7.522958992561101,8.209849026649065,2025-09-30 10:56:59.503845
7.128218634232867,8.405052808497661,2025-09-30 10:56:59.503845
7.518995634523684,8.067409485939146,2025-09-30 10:56:59.503845
7.467542798606721,8.200049474449926,2025-09-30 10:56:59.503845
7.561925812088161,8.144321791730079,2025-09-30 10:56:59.503845
7.433387268110818,8.357214774003582,2025-09-30 10:56:59.503845
7.579615921501977,8.523438647508115,2025-09-30 10:56:59.503845
7.2321935013401975,8.53202396850051,2025-09-30 10:56:59.503845
7.303818127865196,8.27206153727778,2025-09-30 10:56:59.503845
7.716684690014987,8.328231909651638,2025-09-30 10:56:59.503845
7.534622468771995,8.722177834946065,2025-09-30 10:56:59.503845
7.761641695317541,8.481472960113726,2025-09-30 10:56:59.503845
7.268723190709631,7.866567609211399,2025-09-30 10:56:59.503845
7.5129209346814525,8.305282408866503,2025-09-30 10:56:59.503845
7.469905982447123,8.228910115834324,2025-09-30 10:56:59.503845
7.648645852932027,8.28933314090224,2025-09-30 10:56:59.503845
7.110811281008556,8.362348356313792,2025-09-30 10:56:59.503845
7.47964587263432,8.570956138400431,2025-09-30 10:56:59.503845
7.094718067132679,8.462562450157304,2025-09-30 10:56:59.503845
7.465921048528052,8.411673205942536,2025-09-30 10:56:59.503845
7.258433845926347,8.461990884375325,2025-09-30 10:56:59.503845
7.440398849410479,8.361079224627133,2025-09-30 10:56:59.503845
7.499895927592422,8.319981453678439,2025-09-30 10:56:59.503845
7.361065222491537,8.133608936883366,2025-09-30 10:56:59.503845
7.63251284021229,8.568085568894727,2025-09-30 10:56:59.503845
7.5438761197918875,8.252651211872587,2025-09-30 10:56:59.503845
7.40464355919775,8.59464909482684,2025-09-30 10:56:59.503845
7.3400614487170275,8.125616117326548,2025-09-30 10:56:59.503845
7.513380041363249,8.370964770185392,2025-09-30 10:56:59.503845
7.477527381180641,8.10674807223573,2025-09-30 10:56:59.503845
7.629637445646148,8.570079251717077,2025-09-30 10:56:59.503845
7.332801849241082,8.36569548712679,2025-09-30 10:56:59.503845
7.67208786708245,8.480341611914879,2025-09-30 10:56:59.503845
7.376689307124012,8.295405155631355,2025-09-30 10:56:59.503845
7.447768330390984,8.13344219351612,2025-09-30 10:56:59.503845
7.595575993193389,8.222570345064826,2025-09-30 10:56:59.503845
7.538877217370415,8.36166818593392,2025-09-30 10:56:59.503845
7.620923139697922,8.168294701346065,2025-09-30 10:56:59.503845
7.383973465149266,8.542763273528317,2025-09-30 10:56:59.503845
7.37041811272303,8.186349961564721,2025-09-30 10:56:59.503845
7.538404094388465,8.663938743065282,2025-09-30 10:56:59.503845
7.397914162631147,8.378636229115852,2025-09-30 10:56:59.503845
7.648172625383853,8.137810027901068,2025-09-30 10:56:59.503845
7.270327092077374,8.488731434571532,2025-09-30 10:56:59.503845
7.582349224153915,8.547413363923267,2025-09-30 10:56:59.503845
7.443193668521523,8.19513981572548,2025-09-30 10:56:59.503845
7.341478373774082,8.366281100367743,2025-09-30 10:56:59.503845
7.848312795742438,8.300352662666045,2025-09-30 10:56:59.503845
7.323109305724965,8.291136753429234,2025-09-30 10:56:59.503845
7.547760163706502,8.270803828139051,2025-09-30 10:56:59.503845
7.608246003290325,8.347399078367099,2025-09-30 10:56:59.503845
7.276892749153274,8.435337130245804,2025-09-30 10:56:59.503845
7.543205148534922,8.118053085941128,2025-09-30 10:56:59.503845
7.386321170469209,8.321233734522135,2025-09-30 10:56:59.503845
7.540579743668876,8.324264365295013,2025-09-30 10:56:59.503845
7.482866292206705,8.203833325518186,2025-09-30 10:56:59.503845
7.574581068265156,8.192162523518508,2025-09-30 10:56:59.503845
7.6995220466034375,8.178397015521206,2025-09-30 10:56:59.503845
7.459489250443692,8.391014900835438,2025-09-30 10:56:59.503845
7.38447015971722,8.420567925814664,2025-09-30 10:56:59.503845
7.491114647167674,8.418044193268077,2025-09-30 10:56:59.503845
7.18232940337342,8.270600854655186,2025-09-30 10:56:59.503845
7.4233774688614655,7.985174270404843,2025-09-30 10:56:59.503845
7.427446466358503,8.1356012629692,2025-09-30 10:56:59.503845
8.010596775167397,8.473996585091474,2025-09-30 10:56:59.503845
7.7879853538965484,8.632423784994456,2025-09-30 10:56:59.503845
7.369566201747013,8.386065252083792,2025-09-30 10:56:59.503845
7.5881502002189585,8.32764752213908,2025-09-30 10:56:59.503845
7.338122472465705,8.228308605690906,2025-09-30 10:56:59.503845
7.532167289908082,8.31676171000093,2025-09-30 10:56:59.503845
7.231103645609509,8.116700802292774,2025-09-30 10:56:59.503845
7.76113639113241,8.336051658191536,2025-09-30 10:56:59.503845
7.795519875578383,8.420178369006075,2025-09-30 10:56:59.503845
7.66661848361227,8.627763917322802,2025-09-30 10:56:59.503845
7.7043221121490175,8.544235943534655,2025-09-30 10:56:59.503845
7.841473497774318,8.356975803263005,2025-09-30 10:56:59.503845
7.8015035729502245,8.110784643847499,2025-09-30 10:56:59.503845
7.487324745301385,8.551295237757492,2025-09-30 10:56:59.503845
7.369220900595447,8.319730750266388,2025-09-30 10:56:59.503845
7.66312576654372,8.504349657323727,2025-09-30 10:56:59.503845
7.595252362716386,8.603738752805164,2025-09-30 10:56:59.503845
7.456955756676545,8.471524510750047,2025-09-30 10:56:59.503845
7.583906395326532,8.873755414565151,2025-09-30 10:56:59.503845
7.414419317325139,8.042215608701042,2025-09-30 10:56:59.503845
7.523646993796942,8.481829157161133,2025-09-30 10:56:59.503845
7.4675782040030985,8.161659696462392,2025-09-30 10:56:59.503845
7.545185325110979,8.525733228697412,2025-09-30 10:56:59.503845
7.6690493053573565,8.46551088670316,2025-09-30 10:56:59.503845
7.359724761352636,8.53682181580886,2025-09-30 10:56:59.503845
7.414293660235057,8.275856308780018,2025-09-30 10:56:59.503845
7.54965745833714,8.235924363475156,2025-09-30 10:56:59.503845
7.285158907163281,8.394192259378373,2025-09-30 10:56:59.503845
7.324675864470487,8.667372907012906,2025-09-30 10:56:59.503845
7.6058860487493805,8.127144667967968,2025-09-30 10:56:59.503845
7.904419209639758,8.476668311214897,2025-09-30 10:56:59.503845
7.342609728405847,8.980354052762747,2025-09-30 10:56:59.503845
7.456395631377173,8.643109089854521,2025-09-30 10:56:59.503845
7.671093020449286,8.227471216634619,2025-09-30 10:56:59.503845
7.588302392936716,8.504330607255426,2025-09-30 10:56:59.503845
7.791659549694286,8.593147425378008,2025-09-30 10:56:59.503845
7.645556623357207,8.162426061798234,2025-09-30 10:56:59.503845
7.485387239025292,8.075913729701798,2025-09-30 10:56:59.503845
7.46887454736551,8.216619662694102,2025-09-30 10:56:59.503845
7.170945690295367,8.432085134943343,2025-09-30 10:56:59.503845
7.605736651768124,8.091104736160156,2025-09-30 10:56:59.503845
7.422980190972256,8.092178510164382,2025-09-30 10:56:59.503845
7.622898328826122,8.44287944180866,2025-09-30 10:56:59.503845
7.576531801568034,8.67528141302896,2025-09-30 10:56:59.503845
7.8588928904033,8.260814033938345,2025-09-30 10:56:59.503845
7.720761889036333,8.019847851285588,2025-09-30 10:56:59.503845
7.788795925258849,8.239937790146646,2025-09-30 10:56:59.503845
7.385165769756784,8.102228434290298,2025-09-30 10:56:59.503845
7.485014823330196,8.583306854616492,2025-09-30 10:56:59.503845
7.642431283860995,8.377124566123978,2025-09-30 10:56:59.503845
7.802606132025928,8.358461305131033,2025-09-30 10:56:59.503845
7.401157206721218,8.083073371488991,2025-09-30 10:56:59.503845
7.417474411984437,8.628253958984535,2025-09-30 10:56:59.503845
7.564758432516081,8.354610609142657,2025-09-30 10:56:59.503845
7.387191448363559,8.564485482865509,2025-09-30 10:56:59.503845
7.794013985949006,8.361836549498339,2025-09-30 10:56:59.503845
7.389877587197567,8.491054141343279,2025-09-30 10:56:59.503845
7.492021669192839,8.398033163320353,2025-09-30 10:56:59.503845
7.305947992043454,8.064475941329981,2025-09-30 10:56:59.503845
7.757106614727493,8.164093103272899,2025-09-30 10:56:59.503845
7.296489216978573,8.289490860822164,2025-09-30 10:56:59.503845
7.562248017792066,8.445617992437267,2025-09-30 10:56:59.503845
7.4047106878844176,8.256662093933954,2025-09-30 10:56:59.503845
7.51997467759489,7.791948312805387,2025-09-30 10:56:59.503845
7.598616366293473,8.277828520190141,2025-09-30 10:56:59.503845
7.658012054866406,8.273665504010404,2025-09-30 10:56:59.503845
7.813160354216272,8.412151803092481,2025-09-30 10:56:59.503845
7.536939089806496,8.476751097174972,2025-09-30 10:56:59.503845
7.491541668563443,8.243746044539048,2025-09-30 10:56:59.503845
7.704730696428819,8.635750547475176,2025-09-30 10:56:59.503845
7.792792570704155,8.293325788149017,2025-09-30 10:56:59.503845
7.485642430501313,8.698082511219484,2025-09-30 10:56:59.503845
7.518417936240509,8.199539057058093,2025-09-30 10:56:59.503845
7.501310810463715,8.451718142024767,2025-09-30 10:56:59.503845
7.397511726984688,8.420775616650609,2025-09-30 10:56:59.503845
7.638156602134961,8.371209516321747,2025-09-30 10:56:59.503845
7.510551354801516,8.223662641247746,2025-09-30 10:56:59.503845
7.527485461136585,8.247009349266149,2025-09-30 10:56:59.503845
7.645698746873277,8.463300828223336,2025-09-30 10:56:59.503845
7.7544031217362,8.221032237356818,2025-09-30 10:56:59.503845
7.596662553752936,8.041852358447146,2025-09-30 10:56:59.503845
7.540939790506357,7.988611147859093,2025-09-30 10:56:59.503845
7.3261467557091215,8.303567797568913,2025-09-30 10:56:59.503845
7.78961354436293,8.336854798162483,2025-09-30 10:56:59.503845
7.107625663759496,8.357132824185364,2025-09-30 10:56:59.503845
7.403693287681894,8.256949102170026,2025-09-30 10:56:59.503845
7.4486876830278055,8.254750256011214,2025-09-30 10:56:59.503845
7.5623086163711015,8.305695591785627,2025-09-30 10:56:59.503845
7.5881564238768675,8.4058145663128,2025-09-30 10:56:59.503845
7.7244180194120275,8.46129113577001,2025-09-30 10:56:59.503845
7.277505240061261,8.30948168019186,2025-09-30 10:56:59.503845
7.6079114735883575,7.927704222274452,2025-09-30 10:56:59.503845
7.252113177478965,7.978264895123705,2025-09-30 10:56:59.503845
7.208661521452126,8.36029648502313,2025-09-30 10:56:59.503845
7.48455171196659,8.24291337478922,2025-09-30 10:56:59.503845
7.558405123258612,8.618166106531147,2025-09-30 10:56:59.503845
7.589988566454169,8.27695809501986,2025-09-30 10:56:59.503845
7.7307825973455815,8.415157812308346,2025-09-30 10:56:59.503845
7.692972980505782,8.594250582753686,2025-09-30 10:56:59.503845
7.720320468070099,8.34268520203975,2025-09-30 10:56:59.503845
7.355060446363999,8.39485691957562,2025-09-30 10:56:59.503845
7.505761899242035,8.729079291233166,2025-09-30 10:56:59.503845
7.5493434603681795,8.302877069545138,2025-09-30 10:56:59.503845
7.432591377020646,8.405138372341211,2025-09-30 10:56:59.503845
7.582616397839509,8.245153710829245,2025-09-30 10:56:59.503845
7.54924374241503,8.410725618330948,2025-09-30 10:56:59.503845
7.304713319413473,7.955379569537724,2025-09-30 10:56:59.503845
7.667766439629659,8.343931939753768,2025-09-30 10:56:59.503845
7.50601745016416,8.328803616356506,2025-09-30 10:56:59.503845
7.373412609157915,8.23847109312399,2025-09-30 10:56:59.503845
7.596446577962149,8.532817389647997,2025-09-30 10:56:59.503845
7.4112153452034235,8.5210382400693,2025-09-30 10:56:59.503845
7.912793324118399,8.546882636401518,2025-09-30 10:56:59.503845
7.422303421758331,8.3483608840398,2025-09-30 10:56:59.503845
7.305364209771077,8.128818785384667,2025-09-30 10:56:59.503845
7.380588619291043,8.831825551275164,2025-09-30 10:56:59.503845
7.564244401403191,8.143311148930438,2025-09-30 10:56:59.503845
7.458801524739888,8.266781704563591,2025-09-30 10:56:59.503845
7.602367716959437,8.504776098545886,2025-09-30 10:56:59.503845
7.611091876946807,8.222881235229647,2025-09-30 10:56:59.503845
7.1999899901233855,8.367910419308858,2025-09-30 10:56:59.503845
7.581108048737398,8.064783797522212,2025-09-30 10:56:59.503845
7.504811892314565,8.232022352882174,2025-09-30 10:56:59.503845
7.4494224527054556,8.44721272788174,2025-09-30 10:56:59.503845
7.244719275001452,8.693744934396262,2025-09-30 10:56:59.503845
7.80009134027687,8.248595682852477,2025-09-30 10:56:59.503845
7.431597340536058,8.465328393780233,2025-09-30 10:56:59.503845
7.471223951987135,8.448871927582589,2025-09-30 10:56:59.503845
7.4157598165061644,8.226159265201735,2025-09-30 10:56:59.503845
7.341685758420133,8.135893779239296,2025-09-30 10:56:59.503845
7.3354802909194055,8.224493581453544,2025-09-30 10:56:59.503845
7.403618485888893,8.322280331554849,2025-09-30 10:56:59.503845
7.378445704093178,8.592428691388491,2025-09-30 10:56:59.503845
7.373598255287483,8.27560560495503,2025-09-30 10:56:59.503845
7.508763960176867,8.549465592470701,2025-09-30 10:56:59.503845
7.475905714554097,8.357815216826397,2025-09-30 10:56:59.503845
7.6120646597152,8.020989778708197,2025-09-30 10:56:59.503845
7.529058221244255,8.271065172671527,2025-09-30 10:56:59.503845
7.691332017080057,8.147615599157254,2025-09-30 10:56:59.503845
7.571570219813072,8.399401618199388,2025-09-30 10:56:59.503845
7.606861853821036,8.434558375416257,2025-09-30 10:56:59.503845
7.4835233829098495,8.133766910059203,2025-09-30 10:56:59.503845
7.257145601880531,8.489311884426115,2025-09-30 10:56:59.503845
7.705248251583452,8.477762165255648,2025-09-30 10:56:59.503845
7.554173218325244,8.285656889484383,2025-09-30 10:56:59.503845
7.522438365884633,8.336282159747208,2025-09-30 10:56:59.503845
7.512919468661916,8.273050093641531,2025-09-30 10:56:59.503845
7.589818752068362,8.451170951496385,2025-09-30 10:56:59.503845
7.705801390253567,8.359132509654888,2025-09-30 10:56:59.503845
7.734035129883485,8.175089921632907,2025-09-30 10:56:59.503845
7.385739960705998,8.674662078889572,2025-09-30 10:56:59.503845
7.428858028591181,8.244169104405215,2025-09-30 10:56:59.503845
7.426619784010976,8.34401047688376,2025-09-30 10:56:59.503845
7.496211052255538,8.129333987635896,2025-09-30 10:56:59.503845
7.541694288808224,8.373267896769173,2025-09-30 10:56:59.503845
7.745873300590506,8.103160818762401,2025-09-30 10:56:59.503845
7.644403462810076,8.723960803322424,2025-09-30 10:56:59.503845
7.457873435119002,8.043093469970026,2025-09-30 10:56:59.503845
7.798000680986788,8.3152458331663,2025-09-30 10:56:59.503845
7.392678862699285,8.54581181360158,2025-09-30 10:56:59.503845
7.705679940865361,8.486195129695286,2025-09-30 10:56:59.503845
7.543256006174542,8.541086699112855,2025-09-30 10:56:59.503845
7.583942070211756,8.162005064989609,2025-09-30 10:56:59.503845
7.603102760095982,7.976664596915989,2025-09-30 10:56:59.503845
7.680814447949731,8.274770616582638,2025-09-30 10:56:59.503845
7.501400082588085,8.57115151798814,2025-09-30 10:56:59.503845
7.868309204980808,8.57424722976259,2025-09-30 10:56:59.503845
7.635337718668384,8.119971979955332,2025-09-30 10:56:59.503845
7.545835051734545,8.340087893277094,2025-09-30 10:56:59.503845
7.528720202368135,8.493109294941593,2025-09-30 10:56:59.503845
7.424178190523672,7.994667417274603,2025-09-30 10:56:59.503845
7.566677271909461,8.669070443306301,2025-09-30 10:56:59.503845
7.478887988222846,8.263099281868614,2025-09-30 10:56:59.503845
7.787961995907013,7.945913846167071,2025-09-30 10:56:59.503845
7.508994183343814,8.427819180785685,2025-09-30 10:56:59.503845
7.427752885909284,8.20601947821561,2025-09-30 10:56:59.503845
7.33517272430051,8.717948787368703,2025-09-30 10:56:59.503845
7.3038617001406285,8.229610457876865,2025-09-30 10:56:59.503845
7.387635286277209,8.602913936171001,2025-09-30 10:56:59.503845
7.490208441972981,7.843374737524762,2025-09-30 10:56:59.503845
7.583306974008267,8.36147891817179,2025-09-30 10:56:59.503845
7.496320948675073,8.697974187372957,2025-09-30 10:56:59.503845
7.6884390476342075,8.39839203242407,2025-09-30 10:56:59.503845
7.469663478412422,8.453389263542245,2025-09-30 10:56:59.503845
7.550084306333363,8.402127734408595,2025-09-30 10:56:59.503845
7.449943259365789,8.593199659475545,2025-09-30 10:56:59.503845
7.4665227212472765,8.092093817761247,2025-09-30 10:56:59.503845
7.603742772850042,7.961411144897966,2025-09-30 10:56:59.503845
7.555007461980301,8.685428381527478,2025-09-30 10:56:59.503845
7.520639791704711,8.211172374708916,2025-09-30 10:56:59.503845
7.393611132030519,8.349689411359709,2025-09-30 10:56:59.503845
7.622460002699447,8.465994710545296,2025-09-30 10:56:59.503845
7.479247251319791,8.411121057273192,2025-09-30 10:56:59.503845
7.424151781732011,8.329388220933367,2025-09-30 10:56:59.503845
7.500218852450268,8.599056691335461,2025-09-30 10:56:59.503845
7.8446300446607085,8.372895710787686,2025-09-30 10:56:59.503845
7.923012204025283,8.397817604211983,2025-09-30 10:56:59.503845
7.6426971952993,8.332894591324344,2025-09-30 10:56:59.503845
7.468406269580101,7.885412176858937,2025-09-30 10:56:59.503845
7.476788240353556,8.304782148474192,2025-09-30 10:56:59.503845
7.780921041333418,8.15400792646967,2025-09-30 10:56:59.503845
7.522159882585566,8.493925209140322,2025-09-30 10:56:59.503845
7.25354610715385,8.572618153676492,2025-09-30 10:56:59.503845
7.47613890865885,8.474485231655033,2025-09-30 10:56:59.503845
7.24105826370123,8.500145592375041,2025-09-30 10:56:59.503845
7.356594232932198,8.310131756759807,2025-09-30 10:56:59.503845
7.439407213234779,8.204676214491611,2025-09-30 10:56:59.503845
7.623938235650111,8.335042461993453,2025-09-30 10:56:59.503845
7.484851590976585,7.915548303289776,2025-09-30 10:56:59.503845
7.470563303098571,8.259863783847553,2025-09-30 10:56:59.503845
7.51555164935345,8.68674020396073,2025-09-30 10:56:59.503845
7.518945275379588,8.228830317333802,2025-09-30 10:56:59.503845
7.212218398690005,8.322680310961767,2025-09-30 10:56:59.503845
7.325150434280139,8.506895287314743,2025-09-30 10:56:59.503845
7.418397209522668,8.168720310198706,2025-09-30 10:56:59.503845
7.44067938250617,8.887245465879001,2025-09-30 10:56:59.503845
7.574107222092362,8.227953157837838,2025-09-30 10:56:59.503845
7.381628880817079,8.584362442140623,2025-09-30 10:56:59.503845
7.386770766686291,8.422527803843327,2025-09-30 10:56:59.503845
7.561821590456199,8.333041223029673,2025-09-30 10:56:59.503845
7.505712868366104,8.12171393514466,2025-09-30 10:56:59.503845
7.312894377933144,8.437571309255405,2025-09-30 10:56:59.503845
7.747767342047332,7.987373052933829,2025-09-30 10:56:59.503845
7.588730483363836,8.239330165061318,2025-09-30 10:56:59.503845
7.53088488944874,8.763086460189081,2025-09-30 10:56:59.503845
7.5968971957479035,8.78642670466996,2025-09-30 10:56:59.503845
7.330872249887408,8.35188235489674,2025-09-30 10:56:59.503845
7.301728480151913,8.060913972249661,2025-09-30 10:56:59.503845
7.553971940711747,8.13041699968735,2025-09-30 10:56:59.503845
7.522784899863914,8.52087043311482,2025-09-30 10:56:59.503845
7.36784250109804,8.318682092881065,2025-09-30 10:56:59.503845
7.480476506646024,8.057497505456507,2025-09-30 10:56:59.503845
7.3437917062491245,8.057928040269193,2025-09-30 10:56:59.503845
7.250760271673997,8.46279995264648,2025-09-30 10:56:59.503845
7.14798835786243,8.462123976524987,2025-09-30 10:56:59.503845
7.69570153632718,8.47387344900829,2025-09-30 10:56:59.503845
7.594775543703664,8.032165297249728,2025-09-30 10:56:59.503845
7.789636939813522,8.470135537109188,2025-09-30 10:56:59.503845
7.330920610518275,8.492239203997046,2025-09-30 10:56:59.503845
7.596295969383309,8.519145221928694,2025-09-30 10:56:59.503845
7.2530804937209625,8.293914234182516,2025-09-30 10:56:59.503845
7.485566177211923,8.030588575380328,2025-09-30 10:56:59.503845
7.593334908413791,8.342788161514575,2025-09-30 10:56:59.503845
7.377916250310915,8.143875566166297,2025-09-30 10:56:59.503845
7.3411580905016205,8.17850608554092,2025-09-30 10:56:59.503845
7.528265861812177,8.169972242927438,2025-09-30 10:56:59.503845
7.370817022487866,8.498689906559397,2025-09-30 10:56:59.503845
7.636261165163312,8.640186444177026,2025-09-30 10:56:59.503845
7.338229379274661,8.41663658603204,2025-09-30 10:56:59.503845
7.381083700541045,8.218675370965205,2025-09-30 10:56:59.503845
7.527462397497783,8.26165237398502,2025-09-30 10:56:59.503845
7.742600697539788,8.183094906372299,2025-09-30 10:56:59.503845
7.392516297965461,8.595643435760495,2025-09-30 10:56:59.503845
7.352628607356514,8.528821226048045,2025-09-30 10:56:59.503845
7.5466780471859245,8.149200164476698,2025-09-30 10:56:59.503845
7.415639527139155,8.470266531908525,2025-09-30 10:56:59.503845
7.417532984261416,8.102506903698886,2025-09-30 10:56:59.503845
7.5392263648661295,8.511829425382246,2025-09-30 10:56:59.503845
7.446016175309939,8.22825442042892,2025-09-30 10:56:59.503845
7.697249252502342,8.704634065169378,2025-09-30 10:56:59.503845
7.347136517556853,8.394650031154642,2025-09-30 10:56:59.503845
7.487502426042563,7.98221239719041,2025-09-30 10:56:59.503845
7.5271280510937615,8.710993377750572,2025-09-30 10:56:59.503845
7.669342564580885,8.237349561437512,2025-09-30 10:56:59.503845
7.544772214671881,8.570510696404405,2025-09-30 10:56:59.503845
7.653248256825207,8.382669407984654,2025-09-30 10:56:59.503845
7.434528225535608,8.763272431173272,2025-09-30 10:56:59.503845
7.467326970611316,8.590665773985684,2025-09-30 10:56:59.503845
7.107552675429572,8.66395660278011,2025-09-30 10:56:59.503845
7.50454903381193,8.514332635360304,2025-09-30 10:56:59.503845
7.26596134204781,8.658168771397861,2025-09-30 10:56:59.503845
7.4993005396885675,8.443013489671188,2025-09-30 10:56:59.503845
7.345968851228389,8.198152455639502,2025-09-30 10:56:59.503845
7.496815735922445,8.010361131690491,2025-09-30 10:56:59.503845
7.635660814335507,8.025950166865115,2025-09-30 10:56:59.503845
7.503341754902085,8.351937701510431,2025-09-30 10:56:59.503845
7.491009881583191,8.299603462582864,2025-09-30 10:56:59.503845
7.236626479779561,8.068894764865355,2025-09-30 10:56:59.503845
7.630267668606308,7.927236254007676,2025-09-30 10:56:59.503845
7.568104523157713,8.427159785151993,2025-09-30 10:56:59.503845
7.287879481872256,8.449792711386408,2025-09-30 10:56:59.503845
7.474009799393131,8.256913932438172,2025-09-30 10:56:59.503845
7.193200087390041,8.3926315158236,2025-09-30 10:56:59.503845
7.392852998469516,8.099663925347532,2025-09-30 10:56:59.503845
7.6135639545760885,8.288508614207004,2025-09-30 10:56:59.503845
7.544071538290237,8.454939214420346,2025-09-30 10:56:59.503845
7.548449674344891,8.504979019930573,2025-09-30 10:56:59.503845
7.672992710441738,8.264106860109699,2025-09-30 10:56:59.503845
7.135014817131553,8.469773649188927,2025-09-30 10:56:59.503845
7.61782371808492,8.406822683074955,2025-09-30 10:56:59.503845
7.854662987961633,8.360510106194939,2025-09-30 10:56:59.503845
7.66058726745971,8.137547100415006,2025-09-30 10:56:59.503845
7.46229915009804,8.34945539873616,2025-09-30 10:56:59.503845
7.51152500217032,8.131770978173368,2025-09-30 10:56:59.503845
7.302574362696379,8.683802352883335,2025-09-30 10:56:59.503845
7.587081530441842,8.118119801777711,2025-09-30 10:56:59.503845
7.4985357571087325,8.378563198117751,2025-09-30 10:56:59.503845
7.322254951059486,8.639007760888486,2025-09-30 10:56:59.503845
7.41221986865993,8.372993032466384,2025-09-30 10:56:59.503845
7.590162788049787,7.7993293118957805,2025-09-30 10:56:59.503845
7.583657548123617,8.616772066133171,2025-09-30 10:56:59.503845
7.7178860807655125,8.300137632101938,2025-09-30 10:56:59.503845
7.505541714520659,8.378063376510791,2025-09-30 10:56:59.503845
7.274864054537378,8.17044060051965,2025-09-30 10:56:59.503845
7.436058459529669,8.430211810530693,2025-09-30 10:56:59.503845
7.587338006921319,8.545561143279203,2025-09-30 10:56:59.503845
7.456845376345862,8.470021390162174,2025-09-30 10:56:59.503845
7.2058840120742085,8.55050375106844,2025-09-30 10:56:59.503845
7.401888079059021,8.348244950521714,2025-09-30 10:56:59.503845
7.361299769301857,8.314722538757398,2025-09-30 10:56:59.503845
7.515740341966559,8.514187940180594,2025-09-30 10:56:59.503845
7.558791307053948,8.169910354619168,2025-09-30 10:56:59.503845
7.3376885445909705,7.993470365351758,2025-09-30 10:56:59.503845
7.5242318486906195,8.04910413162718,2025-09-30 10:56:59.503845
7.494431763862755,8.47119531895294,2025-09-30 10:56:59.503845
7.598026590659323,8.097733109705684,2025-09-30 10:56:59.503845
7.512673721610421,8.449854021750488,2025-09-30 10:56:59.503845
7.36713633144016,8.449210162671902,2025-09-30 10:56:59.503845
7.744070974467197,8.341799009096006,2025-09-30 10:56:59.503845
7.4588990485039295,8.162417592998885,2025-09-30 10:56:59.503845
7.422238019488365,8.350982026357316,2025-09-30 10:56:59.503845
7.747530532595968,8.240438405284364,2025-09-30 10:56:59.503845
7.655036542609424,8.40029756148996,2025-09-30 10:56:59.503845
7.639076172554257,8.199719560345333,2025-09-30 10:56:59.503845
7.420299003547564,8.105297244570561,2025-09-30 10:56:59.503845
7.290185600071628,8.273932712266575,2025-09-30 10:56:59.503845
7.724052772155442,8.270353525845804,2025-09-30 10:56:59.503845
7.377089414603952,8.383569887116137,2025-09-30 10:56:59.503845
7.485443995347564,8.332051812219033,2025-09-30 10:56:59.503845
7.466194934996618,8.887182250182976,2025-09-30 10:56:59.503845
7.500874239095972,8.735652070834506,2025-09-30 10:56:59.503845
7.520310599522958,8.222226608724561,2025-09-30 10:56:59.503845
7.692902423773685,8.543166135101583,2025-09-30 10:56:59.503845
7.828064486964782,8.250423202142489,2025-09-30 10:56:59.503845
7.292546798136436,8.06869195323408,2025-09-30 10:56:59.503845
7.500685407160383,8.173789693546958,2025-09-30 10:56:59.503845
7.54191802650894,8.450281454643223,2025-09-30 10:56:59.503845
7.442259754738291,8.312994419624825,2025-09-30 10:56:59.503845
7.55180434333809,8.574828723652702,2025-09-30 10:56:59.503845
7.402763040228821,8.330012181913526,2025-09-30 10:56:59.503845
7.490122481560617,8.639743450602708,2025-09-30 10:56:59.503845
7.629599646503901,8.613440391312814,2025-09-30 10:56:59.503845
7.524731838080761,8.407654549926104,2025-09-30 10:56:59.503845
7.534666271791025,8.360995821797852,2025-09-30 10:56:59.503845
7.25498553562477,8.394709486832355,2025-09-30 10:56:59.503845
7.4701472983470625,8.15502230935051,2025-09-30 10:56:59.503845
7.486458837086504,8.178731574914961,2025-09-30 10:56:59.503845
7.544092596026233,8.193955939663896,2025-09-30 10:56:59.503845
7.678346969253491,8.453042623704228,2025-09-30 10:56:59.503845
7.282639794223168,8.467585071097366,2025-09-30 10:56:59.503845
7.622944590719217,8.627346699279009,2025-09-30 10:56:59.503845
7.431390235673893,8.301211470271951,2025-09-30 10:56:59.503845
7.386243423325744,8.043756638284494,2025-09-30 10:56:59.503845
7.871438622378731,8.390311697302877,2025-09-30 10:56:59.503845
7.606387739900001,8.293529466746373,2025-09-30 10:56:59.503845
7.557406072125231,8.431280013121121,2025-09-30 10:56:59.503845
7.365521594709335,8.25508858777864,2025-09-30 10:56:59.503845
7.487457070217962,8.511809612857327,2025-09-30 10:56:59.503845
7.512492495180596,8.13280296662808,2025-09-30 10:56:59.503845
7.59051491910042,8.378376013891764,2025-09-30 10:56:59.503845
7.413507010499246,8.318571019641935,2025-09-30 10:56:59.503845
7.517966582155489,8.278251245189692,2025-09-30 10:56:59.503845
7.445540178509485,8.732207205747827,2025-09-30 10:56:59.503845
7.407388907259928,7.963085374700259,2025-09-30 10:56:59.503845
7.4678521644558415,8.21963709175368,2025-09-30 10:56:59.503845
7.466147793313812,8.398061495291309,2025-09-30 10:56:59.503845
7.48824372535261,8.304973900430314,2025-09-30 10:56:59.503845
7.2314114857717415,8.87687101892408,2025-09-30 10:56:59.503845
7.420263894824893,8.448084501949953,2025-09-30 10:56:59.503845
7.653676177587373,8.55371896145359,2025-09-30 10:56:59.503845
7.521117414856085,8.615802924120244,2025-09-30 10:56:59.503845
7.475658713289789,8.202621109864955,2025-09-30 10:56:59.503845
7.187686757165344,8.472998076636786,2025-09-30 10:56:59.503845
7.748907008118514,8.457564886215387,2025-09-30 10:56:59.503845
7.5865247348592275,8.25198983861939,2025-09-30 10:56:59.503845
7.510858853126979,8.661442277986163,2025-09-30 10:56:59.503845
7.869658269551715,7.932700932812257,2025-09-30 10:56:59.503845
7.553868871392025,8.512624765101059,2025-09-30 10:56:59.503845
7.674561742782485,8.053242580699063,2025-09-30 10:56:59.503845
7.333190019794423,8.358540632072296,2025-09-30 10:56:59.503845
7.724466484406911,8.444095322231945,2025-09-30 10:56:59.503845
7.539329169958016,8.604227271084003,2025-09-30 10:56:59.503845
7.590801527592891,8.242796299922828,2025-09-30 10:56:59.503845
7.447360959811875,8.392537335184233,2025-09-30 10:56:59.503845
7.563885595218007,8.43441670334395,2025-09-30 10:56:59.503845
7.546096850610682,8.2820011885448,2025-09-30 10:56:59.503845
7.619913830683055,8.381411938871938,2025-09-30 10:56:59.503845
7.361898153713608,8.331024367821982,2025-09-30 10:56:59.503845
7.869532534252016,8.487375396881031,2025-09-30 10:56:59.503845
7.546405197966001,8.371713238749305,2025-09-30 10:56:59.503845
7.456329403312926,8.328811151381514,2025-09-30 10:56:59.503845
7.224921516204413,8.325455599200929,2025-09-30 10:56:59.503845
7.619463172459449,8.080400950441637,2025-09-30 10:56:59.503845
7.709580708128502,8.32100316698254,2025-09-30 10:56:59.503845
7.817761930902265,8.50003542150949,2025-09-30 10:56:59.503845
7.440462934843744,8.768372628876108,2025-09-30 10:56:59.503845
7.4641457299271945,8.567795416283733,2025-09-30 10:56:59.503845
7.726245220997664,8.351311473772197,2025-09-30 10:56:59.503845
7.616227278925111,8.171287785272723,2025-09-30 10:56:59.503845
7.201646201645564,8.463701385782706,2025-09-30 10:56:59.503845
7.598086331547907,8.407376918271613,2025-09-30 10:56:59.503845
7.439881718903983,8.05091248745607,2025-09-30 10:56:59.503845
7.475917750122436,8.364278067346918,2025-09-30 10:56:59.503845
7.5219301152287,8.51621192395307,2025-09-30 10:56:59.503845
7.6383880744200825,8.294145576199604,2025-09-30 10:56:59.503845
7.351241973690014,8.282700908347433,2025-09-30 10:56:59.503845
7.160051373341962,8.405687401896571,2025-09-30 10:56:59.503845
7.609531269268672,8.221235703148974,2025-09-30 10:56:59.503845
7.643075839224771,8.41616301554202,2025-09-30 10:56:59.503845
7.453416946539845,8.05406962665602,2025-09-30 10:56:59.503845
7.523138553991498,8.343737612736922,2025-09-30 10:56:59.503845
7.471221838014591,8.34324852017592,2025-09-30 10:56:59.503845
7.669740806886568,8.516485452787114,2025-09-30 10:56:59.503845
7.4716375780137785,8.698312123100273,2025-09-30 10:56:59.503845
7.7256553859888415,8.141552708457384,2025-09-30 10:56:59.503845
7.536512591085188,8.413429656295515,2025-09-30 10:56:59.503845
7.388112214867902,8.338683706757621,2025-09-30 10:56:59.503845
7.245429514383275,8.27157137951491,2025-09-30 10:56:59.503845
7.730427860014027,8.156649792637575,2025-09-30 10:56:59.503845
7.594946311468059,8.229787794147585,2025-09-30 10:56:59.503845
7.970429272460213,8.316526285534648,2025-09-30 10:56:59.503845
7.549248360065115,8.337794516921424,2025-09-30 10:56:59.503845
7.690749063615064,8.623221966315509,2025-09-30 10:56:59.503845
7.374069832493644,8.511434354439267,2025-09-30 10:56:59.503845
7.480245914119457,8.39617814677085,2025-09-30 10:56:59.503845
7.538680385451556,8.211217123376615,2025-09-30 10:56:59.503845
7.419095557198137,8.569375070382355,2025-09-30 10:56:59.503845
7.419688893353501,8.266001459719101,2025-09-30 10:56:59.503845
7.272730614788819,8.224855018888704,2025-09-30 10:56:59.503845
7.536346406306073,8.222110089846314,2025-09-30 10:56:59.503845
7.375679553081711,8.06330720526661,2025-09-30 10:56:59.503845
7.575836400112217,8.516511110065544,2025-09-30 10:56:59.503845
7.388444606038829,8.60164864704456,2025-09-30 10:56:59.503845
7.289147980658343,8.671988079227315,2025-09-30 10:56:59.503845
7.293901471871991,8.6018667475672,2025-09-30 10:56:59.503845
7.435500368705398,8.404076228577734,2025-09-30 10:56:59.503845
7.529109179316944,8.17961290161181,2025-09-30 10:56:59.503845
7.75394067368085,8.607580485707107,2025-09-30 10:56:59.503845
7.4839259498202715,8.423455946414482,2025-09-30 10:56:59.503845
7.816734901708492,8.177563563250413,2025-09-30 10:56:59.503845
7.597076085749805,8.214468639060554,2025-09-30 10:56:59.503845
7.390125859393807,8.420202879175255,2025-09-30 10:56:59.503845
7.3576143400648615,8.595356896196593,2025-09-30 10:56:59.503845
7.520545753152683,8.357119265771429,2025-09-30 10:56:59.503845
7.576178483409486,8.207195374416019,2025-09-30 10:56:59.503845
7.761001859897827,8.428294020310696,2025-09-30 10:56:59.503845
7.323115123449156,8.57699969749148,2025-09-30 10:56:59.503845
7.321938684888944,8.354127874634472,2025-09-30 10:56:59.503845
7.52146823013643,8.401211281809157,2025-09-30 10:56:59.503845
7.584775678498196,8.488748141573684,2025-09-30 10:56:59.503845
8.062507529906489,8.656089002842489,2025-09-30 10:56:59.503845
7.527214430374805,8.52062211036141,2025-09-30 10:56:59.503845
7.295362588600565,8.679691807981776,2025-09-30 10:56:59.503845
7.576304824015774,8.021615422302952,2025-09-30 10:56:59.503845
7.456751198511293,8.060927448539442,2025-09-30 10:56:59.503845
7.5397226946952625,8.036987256120288,2025-09-30 10:56:59.503845
7.515143771861477,8.157799670836878,2025-09-30 10:56:59.503845
7.306960633741105,8.238859456399908,2025-09-30 10:56:59.503845
7.23608022487228,8.169067708831308,2025-09-30 10:56:59.503845
7.263778208691882,8.50879098323832,2025-09-30 10:56:59.503845
7.379918687626165,8.493032278178466,2025-09-30 10:56:59.503845
7.591595864643612,8.45893198643881,2025-09-30 10:56:59.503845
7.251601316011175,8.39672496826071,2025-09-30 10:56:59.503845
7.2966146559260014,8.343653416918345,2025-09-30 10:56:59.503845
7.6502273478451785,8.047433983016928,2025-09-30 10:56:59.503845
7.389447646671432,8.175465307721026,2025-09-30 10:56:59.503845
7.572458206748209,8.36510924199579,2025-09-30 10:56:59.503845
7.492045902702064,8.09579444191043,2025-09-30 10:56:59.503845
7.356047940163676,8.488450419504854,2025-09-30 10:56:59.503845
7.4397161731356825,8.358641857570221,2025-09-30 10:56:59.503845
7.446242808997258,8.227067249261582,2025-09-30 10:56:59.503845
7.5909018431264625,8.248418698891747,2025-09-30 10:56:59.503845
7.345759404504723,8.722872821715638,2025-09-30 10:56:59.503845
7.386734422217954,8.171931755296313,2025-09-30 10:56:59.503845
7.198582536130692,8.396471227259957,2025-09-30 10:56:59.503845
7.599855580318915,8.2920289866461,2025-09-30 10:56:59.503845
7.4773912443761645,7.83704674193449,2025-09-30 10:56:59.503845
7.531689601230906,8.765643287751232,2025-09-30 10:56:59.503845
7.454758499673104,8.656059665066396,2025-09-30 10:56:59.503845
7.367368202176043,8.731130170366797,2025-09-30 10:56:59.503845
7.563859805903461,8.698842264630967,2025-09-30 10:56:59.503845
7.260365203772504,8.649105745526485,2025-09-30 10:56:59.503845
7.235417128735609,8.3534261100506,2025-09-30 10:56:59.503845
7.428923945674531,8.518658818014268,2025-09-30 10:56:59.503845
7.686841933457658,8.11171328620655,2025-09-30 10:56:59.503845
7.5758229732101645,8.274063791074566,2025-09-30 10:56:59.503845
7.467288676331394,8.002518566679637,2025-09-30 10:56:59.503845
7.354715063207371,8.441244059276315,2025-09-30 10:56:59.503845
7.328267109898027,8.68594686940253,2025-09-30 10:56:59.503845
7.397386907373658,8.066459883337346,2025-09-30 10:56:59.503845
7.419765958481481,8.27318711219252,2025-09-30 10:56:59.503845
7.483094503434444,8.157485494842131,2025-09-30 10:56:59.503845
7.3054463034514665,8.05368447610962,2025-09-30 10:56:59.503845
7.357004704310692,8.336354170600153,2025-09-30 10:56:59.503845
7.590197188123057,8.420433823296879,2025-09-30 10:56:59.503845
7.694809400638375,8.377835875650984,2025-09-30 10:56:59.503845
7.6813225656763064,8.311327009864327,2025-09-30 10:56:59.503845
7.53238888704719,8.254782160750416,2025-09-30 10:56:59.503845
7.366476630088793,8.455794691681005,2025-09-30 10:56:59.503845
7.492099794585394,8.050162924429163,2025-09-30 10:56:59.503845
7.260159072246355,8.145271132771137,2025-09-30 10:56:59.503845
7.662845518401649,8.321496124541566,2025-09-30 10:56:59.503845
7.4951804934198805,8.22606115096507,2025-09-30 10:56:59.503845
7.650447769325037,8.345746657168657,2025-09-30 10:56:59.503845
7.692194183729732,8.308129899828343,2025-09-30 10:56:59.503845
7.287395058944873,8.52335007420672,2025-09-30 10:56:59.503845
7.444074040807324,8.076707665439637,2025-09-30 10:56:59.503845
7.481027907272686,7.924670179451773,2025-09-30 10:56:59.503845
7.466761865429084,8.509277834555675,2025-09-30 10:56:59.503845
7.366881661566723,8.505981711220976,2025-09-30 10:56:59.503845
7.418418577492237,8.13370633717901,2025-09-30 10:56:59.503845
7.397907871060162,8.151123076529528,2025-09-30 10:56:59.503845
7.4926589675254185,8.538854203214479,2025-09-30 10:56:59.503845
7.785725470973038,8.408489970098557,2025-09-30 10:56:59.503845
7.351727156650094,8.21305225393069,2025-09-30 10:56:59.503845
7.430503169640324,8.366781607182316,2025-09-30 10:56:59.503845
7.4714566480744296,8.242736314016547,2025-09-30 10:56:59.503845
7.753680705148784,8.25729681795352,2025-09-30 10:56:59.503845
7.526594814270079,8.59151159552759,2025-09-30 10:56:59.503845
7.64866008369637,8.509974825359334,2025-09-30 10:56:59.503845
7.411007538174458,8.148982114082115,2025-09-30 10:56:59.503845
7.390869339887887,8.677147599978912,2025-09-30 10:56:59.503845
7.452055224911096,8.182386103974704,2025-09-30 10:56:59.503845
7.350784841225069,8.171472229360601,2025-09-30 10:56:59.503845
7.499627349891481,8.376932616622145,2025-09-30 10:56:59.503845
7.458419503744774,8.519894832835305,2025-09-30 10:56:59.503845
7.8191120391828965,8.191558041747566,2025-09-30 10:56:59.503845
7.624822684254736,8.718614435129156,2025-09-30 10:56:59.503845
7.604849521359145,8.26781156381583,2025-09-30 10:56:59.503845
7.433287079099862,8.448086144042,2025-09-30 10:56:59.503845
7.50700603983019,8.326989119996837,2025-09-30 10:56:59.503845
7.490928436478997,8.62066457715774,2025-09-30 10:56:59.503845
7.367146403754364,8.476691084504289,2025-09-30 10:56:59.503845
7.500567840018806,8.348032423135349,2025-09-30 10:56:59.503845
7.476410658406019,8.513273646466542,2025-09-30 10:56:59.503845
7.491458025648863,8.664492847574074,2025-09-30 10:56:59.503845
7.563354363265456,8.049479014036638,2025-09-30 10:56:59.503845
7.383159307321547,8.642877993046449,2025-09-30 10:56:59.503845
7.646704114006108,8.737189362916354,2025-09-30 10:56:59.503845
7.299215213855503,8.63040207311043,2025-09-30 10:56:59.503845
7.683960679142871,8.306440767165022,2025-09-30 10:56:59.503845
7.500684058974514,8.503842649251641,2025-09-30 10:56:59.503845
7.343378520483836,8.860731997877071,2025-09-30 10:56:59.503845
7.604436609598429,8.523388899482248,2025-09-30 10:56:59.503845
7.3879363310707395,8.113682507749843,2025-09-30 10:56:59.503845
7.526482825149143,8.113301097155539,2025-09-30 10:56:59.503845
7.478560358230628,8.514071407537822,2025-09-30 10:56:59.503845
7.476069173587837,8.412755140924856,2025-09-30 10:56:59.503845
7.7420102356076175,8.43279623036049,2025-09-30 10:56:59.503845
7.395329581397576,8.541468295330901,2025-09-30 10:56:59.503845
7.532248709009047,8.530046177286867,2025-09-30 10:56:59.503845
7.513820815587696,8.196456027552252,2025-09-30 10:56:59.503845
7.779962855856587,8.253806416495676,2025-09-30 10:56:59.503845
7.519676965113604,8.21873186578519,2025-09-30 10:56:59.503845
7.565915831671839,8.34573241716798,2025-09-30 10:56:59.503845
7.660505402461943,7.950735306590754,2025-09-30 10:56:59.503845
7.151675352063991,8.310048818739734,2025-09-30 10:56:59.503845
7.449340827605554,8.18549378319149,2025-09-30 10:56:59.503845
7.571971914412939,8.385304797228372,2025-09-30 10:56:59.503845
7.592860561339384,8.591434351069978,2025-09-30 10:56:59.503845
7.514638419606058,8.562513060959516,2025-09-30 10:56:59.503845
7.368032207419257,8.191200668173883,2025-09-30 10:56:59.503845
7.417963145865262,8.372588656653546,2025-09-30 10:56:59.503845
7.467873813474754,8.191529092259554,2025-09-30 10:56:59.503845
7.464285697282928,8.49549808960263,2025-09-30 10:56:59.503845
7.486007235453919,8.509634344599736,2025-09-30 10:56:59.503845
7.709748205531572,8.594644531257002,2025-09-30 10:56:59.503845
7.537118808867486,8.460063468687302,2025-09-30 10:56:59.503845
7.44707703959116,8.043678263949015,2025-09-30 10:56:59.503845
7.593939949921801,8.663801969906064,2025-09-30 10:56:59.503845
7.602076500049781,8.380949385354302,2025-09-30 10:56:59.503845
7.583661931689839,8.434717368253855,2025-09-30 10:56:59.503845
7.884932409559552,8.340900848266969,2025-09-30 10:56:59.503845
7.442373265402996,8.436397367683133,2025-09-30 10:56:59.503845
7.27555505431151,8.25193327550631,2025-09-30 10:56:59.503845
7.536612090637582,8.354797563390663,2025-09-30 10:56:59.503845
7.628227204044521,8.136599625329005,2025-09-30 10:56:59.503845
7.5395491779588415,8.54119879048469,2025-09-30 10:56:59.503845
7.616536001112912,8.652460450202224,2025-09-30 10:56:59.503845
7.413518006742006,8.555144641973872,2025-09-30 10:56:59.503845
7.453445385930348,8.232364806836658,2025-09-30 10:56:59.503845
7.540012898398982,8.422178458154855,2025-09-30 10:56:59.503845
7.247823295402959,8.3390098849511,2025-09-30 10:56:59.503845
7.545672446080701,8.513473094136673,2025-09-30 10:56:59.503845
7.4699028420417815,8.350688578130057,2025-09-30 10:56:59.503845
7.508306692169116,8.28898734523246,2025-09-30 10:56:59.503845
7.203862186652058,8.63637061638628,2025-09-30 10:56:59.503845
7.615373830576995,8.258369498700212,2025-09-30 10:56:59.503845
7.571747918649012,8.215586441173793,2025-09-30 10:56:59.503845
7.565654121483648,8.048459783664674,2025-09-30 10:56:59.503845
7.551796678434541,7.841523386381876,2025-09-30 10:56:59.503845
7.6481401780619525,8.384975555166656,2025-09-30 10:56:59.503845
7.57048717408873,8.273377180874325,2025-09-30 10:56:59.503845
7.677622247686291,8.165222013555988,2025-09-30 10:56:59.503845
7.419015798997071,8.36673570899933,2025-09-30 10:56:59.503845
7.751936430794965,8.177759292872734,2025-09-30 10:56:59.503845
7.686157973047932,8.271024561740747,2025-09-30 10:56:59.503845
7.490527145009704,8.580608446207695,2025-09-30 10:56:59.503845
7.787143583253304,8.22821862635129,2025-09-30 10:56:59.503845
7.474011712543799,7.957483838685939,2025-09-30 10:56:59.503845
7.736228757430656,8.336422450802074,2025-09-30 10:56:59.503845
7.375221568031154,8.169665074974892,2025-09-30 10:56:59.503845
7.597377745383794,8.564913536854895,2025-09-30 10:56:59.503845
7.604459327352748,8.617814562960868,2025-09-30 10:56:59.503845
7.460143619933109,8.373814272211982,2025-09-30 10:56:59.503845
7.538144242347872,7.949697396477114,2025-09-30 10:56:59.503845
7.574616082452884,8.274966243587826,2025-09-30 10:56:59.503845
7.659833088391062,8.266195088485818,2025-09-30 10:56:59.503845
7.708478037888672,8.481726136209499,2025-09-30 10:56:59.503845
7.378561026952552,8.487328766554658,2025-09-30 10:56:59.503845
7.59875907687358,8.02337939523256,2025-09-30 10:56:59.503845
7.789435459284478,8.390840257745902,2025-09-30 10:56:59.503845
7.303990069540396,8.374269361799335,2025-09-30 10:56:59.503845
7.493030521921352,8.466356501289182,2025-09-30 10:56:59.503845
7.080835670787485,8.67840868230241,2025-09-30 10:56:59.503845
7.595759675757392,8.444512265739526,2025-09-30 10:56:59.503845
7.552361825726444,8.425036546791016,2025-09-30 10:56:59.503845
7.64652249959487,7.980353239145188,2025-09-30 10:56:59.503845
7.140902384038529,8.369889380424913,2025-09-30 10:56:59.503845
7.471680509908966,8.541897708598082,2025-09-30 10:56:59.503845
7.588182284069984,8.50259441247225,2025-09-30 10:56:59.503845
7.4965729768239076,8.566626975175232,2025-09-30 10:56:59.503845
7.492139774739747,8.482628549411459,2025-09-30 10:56:59.503845
7.34114848805077,8.271227379362543,2025-09-30 10:56:59.503845
7.608721991366434,8.253459362612169,2025-09-30 10:56:59.503845
7.486129823570271,8.181973462893893,2025-09-30 10:56:59.503845
7.251594919957394,8.36176431085358,2025-09-30 10:56:59.503845
7.757176196407502,8.479919751085287,2025-09-30 10:56:59.503845
7.387912033108531,8.18492185586019,2025-09-30 10:56:59.503845
7.466485277702073,8.213069384369495,2025-09-30 10:56:59.503845
7.403127272826024,8.608361089016999,2025-09-30 10:56:59.503845
7.434936622533309,8.10177227306973,2025-09-30 10:56:59.503845
7.42561313466783,8.425906219824933,2025-09-30 10:56:59.503845
7.728685431995782,8.489299351414708,2025-09-30 10:56:59.503845
7.619074869561106,8.677194809973923,2025-09-30 10:56:59.503845
7.169426067171208,8.631320262773801,2025-09-30 10:56:59.503845
7.318476086993981,8.564874059468387,2025-09-30 10:56:59.503845
7.3050966071868135,7.952371146471364,2025-09-30 10:56:59.503845
7.440091849897511,8.391768606127908,2025-09-30 10:56:59.503845
7.472010793834923,8.33851973472959,2025-09-30 10:56:59.503845
7.675023451358985,8.647157965800925,2025-09-30 10:56:59.503845
7.610373977758018,8.189274906715479,2025-09-30 10:56:59.503845
7.530100323074325,7.823734658921579,2025-09-30 10:56:59.503845
7.454342689992163,8.198140345954549,2025-09-30 10:56:59.503845
7.432476390174797,8.58758940540647,2025-09-30 10:56:59.503845
7.624376771241255,8.70167852187808,2025-09-30 10:56:59.503845
7.540359048698966,8.298350917958793,2025-09-30 10:56:59.503845
7.468338147176632,8.318953779580784,2025-09-30 10:56:59.503845
7.376530078237047,8.353764330011527,2025-09-30 10:56:59.503845
7.875269758373468,8.537534395481865,2025-09-30 10:56:59.503845
7.469830618642942,8.383175635189934,2025-09-30 10:56:59.503845
7.57547714204332,8.362169423171206,2025-09-30 10:56:59.503845
7.50184954590237,8.715297891571947,2025-09-30 10:56:59.503845
7.703390304521882,8.312872157037578,2025-09-30 10:56:59.503845
7.502151242653512,8.551048737309936,2025-09-30 10:56:59.503845
7.510882169726553,8.80068172977519,2025-09-30 10:56:59.503845
7.378940070209911,8.199130718729528,2025-09-30 10:56:59.503845
7.75441438426924,8.302577731094782,2025-09-30 10:56:59.503845
7.39912832785968,8.431803788405368,2025-09-30 10:56:59.503845
7.551868969241022,8.028704956860294,2025-09-30 10:56:59.503845
7.082250734611764,8.459261100021209,2025-09-30 10:56:59.503845
7.365247074064067,8.7374722144148,2025-09-30 10:56:59.503845
7.696169400851276,8.343259619872448,2025-09-30 10:56:59.503845
7.517649864172247,8.314810624558291,2025-09-30 10:56:59.503845
7.622860081402638,8.555531646447127,2025-09-30 10:56:59.503845
7.388116434738171,8.56482611704853,2025-09-30 10:56:59.503845
7.47107424343426,8.639075312621122,2025-09-30 10:56:59.503845
7.257639843906317,8.436604102218356,2025-09-30 10:56:59.503845
7.553366889574324,8.123369390864728,2025-09-30 10:56:59.503845
7.537146289432973,8.557111328964798,2025-09-30 10:56:59.503845
7.550441576994792,8.411070733662935,2025-09-30 10:56:59.503845
7.596369088568034,8.439898681923145,2025-09-30 10:56:59.503845
7.319325709981749,8.467201511871101,2025-09-30 10:56:59.503845
7.68708736483786,8.287919532109399,2025-09-30 10:56:59.503845
7.629132756906596,8.427066934823527,2025-09-30 10:56:59.503845
7.491138311524807,8.403532614600318,2025-09-30 10:56:59.503845
7.871211479031852,8.459096584205998,2025-09-30 10:56:59.503845
7.3313453425879915,8.259648157516002,2025-09-30 10:56:59.503845
7.888478571109144,8.375122117334993,2025-09-30 10:56:59.503845
7.697715446984514,8.356535991769727,2025-09-30 10:56:59.503845
7.563583685499121,8.200160934789993,2025-09-30 10:56:59.503845
7.5586249707058,8.17779223101956,2025-09-30 10:56:59.503845
7.49144218486048,8.288831117504376,2025-09-30 10:56:59.503845
7.20139679191237,8.038350442995805,2025-09-30 10:56:59.503845
7.369624683075571,8.192113926961639,2025-09-30 10:56:59.503845
7.399466703664687,8.255044618144717,2025-09-30 10:56:59.503845
7.336449914843489,8.177515647108237,2025-09-30 10:56:59.503845
7.511785029275057,8.366600575795294,2025-09-30 10:56:59.503845
7.5765835213590895,8.295605578109503,2025-09-30 10:56:59.503845
7.099573457995149,8.291502527847403,2025-09-30 10:56:59.503845
7.684640611461049,8.177009200882779,2025-09-30 10:56:59.503845
7.408968609418569,8.327595045399665,2025-09-30 10:56:59.503845
7.501442974457058,8.251707253447728,2025-09-30 10:56:59.503845
7.496038456940561,8.246472106299208,2025-09-30 10:56:59.503845
7.567472804852979,8.725461248795725,2025-09-30 10:56:59.503845
7.653234835989159,8.086948089086894,2025-09-30 10:56:59.503845
7.375682333275126,8.265304277897503,2025-09-30 10:56:59.503845
7.411254786533104,8.186986678600501,2025-09-30 10:56:59.503845
7.569846403671039,8.425084419489915,2025-09-30 10:56:59.503845
7.47816934250048,8.3218915254123,2025-09-30 10:56:59.503845
7.391531910019121,8.097154955989144,2025-09-30 10:56:59.503845
7.254195394652874,8.587543318101632,2025-09-30 10:56:59.503845
7.824719518205834,8.448106360056531,2025-09-30 10:56:59.503845
7.493163489884211,8.252880419803981,2025-09-30 10:56:59.503845
7.6532185217790065,8.228277926718365,2025-09-30 10:56:59.503845
7.4988814885907225,7.893890304978641,2025-09-30 10:56:59.503845
7.100425005847896,8.466631726702795,2025-09-30 10:56:59.503845
7.603130199107023,8.51827610966218,2025-09-30 10:56:59.503845
7.532165163354644,8.355193259371417,2025-09-30 10:56:59.503845
7.344603343095549,8.272541727627342,2025-09-30 10:56:59.503845
7.415929946637877,8.284963236137855,2025-09-30 10:56:59.503845
7.217699683174322,8.267982071070875,2025-09-30 10:56:59.503845
7.697826006318142,8.278434333287924,2025-09-30 10:56:59.503845
7.508055166504061,8.087382531278191,2025-09-30 10:56:59.503845
7.5161387649772395,8.372701475136475,2025-09-30 10:56:59.503845
7.752860905927801,7.873745476098289,2025-09-30 10:56:59.503845
7.689716574987351,8.402693050937732,2025-09-30 10:56:59.503845
7.255750101645659,8.27984184784125,2025-09-30 10:56:59.503845
7.643894616004312,8.258976155673881,2025-09-30 10:56:59.503845
7.669107532262004,8.288206570059033,2025-09-30 10:56:59.503845
7.558598658924871,8.693187655162557,2025-09-30 10:56:59.503845
7.437757908358385,8.216623536259261,2025-09-30 10:56:59.503845
7.768757882250621,8.650272073662302,2025-09-30 10:56:59.503845
7.153623551102072,8.313107275401665,2025-09-30 10:56:59.503845
7.429783489844168,8.6326771198778,2025-09-30 10:56:59.503845
7.7148083844065996,8.270237623464809,2025-09-30 10:56:59.503845
7.751433337174843,8.417961336171151,2025-09-30 10:56:59.503845
7.7669626533733,8.388017858771773,2025-09-30 10:56:59.503845
7.74349978604527,8.604606550929294,2025-09-30 10:56:59.503845
7.449412417699856,8.582815372691734,2025-09-30 10:56:59.503845
7.3964227484884955,8.271005009041357,2025-09-30 10:56:59.503845
7.773903055588528,8.393138264603909,2025-09-30 10:56:59.503845
7.61365730521949,8.46807308786154,2025-09-30 10:56:59.503845
7.5068739044432515,8.551526256185896,2025-09-30 10:56:59.503845
7.5425740967952635,8.169411611798585,2025-09-30 10:56:59.503845
7.226783659125329,8.27526274442716,2025-09-30 10:56:59.503845
7.502778489277832,8.248954112153118,2025-09-30 10:56:59.503845
7.459165187942078,8.253680611100275,2025-09-30 10:56:59.503845
7.494705849685234,8.35924955506979,2025-09-30 10:56:59.503845
7.40310605620639,8.464808319218134,2025-09-30 10:56:59.503845
7.398212670370427,7.890711126415827,2025-09-30 10:56:59.503845
7.568498152012908,8.096113503355934,2025-09-30 10:56:59.503845
7.408108345153695,8.434428891205558,2025-09-30 10:56:59.503845
7.607818029818902,8.394037120294762,2025-09-30 10:56:59.503845
7.468189009416463,8.478714552847077,2025-09-30 10:56:59.503845
7.619155600168282,8.452607396166883,2025-09-30 10:56:59.503845
7.478881788000191,8.555897911787705,2025-09-30 10:56:59.503845
7.236104755312469,8.31682147391046,2025-09-30 10:56:59.503845
7.251408380231874,8.42657756999414,2025-09-30 10:56:59.503845
7.390637520345495,8.32683257164542,2025-09-30 10:56:59.503845
7.396026067569882,8.420261997447613,2025-09-30 10:56:59.503845
7.597135198082542,8.354951599972683,2025-09-30 10:56:59.503845
7.491217188850153,8.138247454947663,2025-09-30 10:56:59.503845
7.453825483717461,8.141204525781806,2025-09-30 10:56:59.503845
7.513634966451933,8.29419711531482,2025-09-30 10:56:59.503845
7.261200137115982,8.502871648105605,2025-09-30 10:56:59.503845
7.666067179865485,8.184113496519908,2025-09-30 10:56:59.503845
7.659952164018387,8.636687624021318,2025-09-30 10:56:59.503845
7.375161135740539,8.556488222461143,2025-09-30 10:56:59.503845
7.400397025073032,8.240251854623104,2025-09-30 10:56:59.503845
7.649305271451974,8.353889736455427,2025-09-30 10:56:59.503845
7.343701136027281,8.255038319940327,2025-09-30 10:56:59.503845
7.378014360505751,8.57226245914796,2025-09-30 10:56:59.503845
7.787891428266802,8.242911989523376,2025-09-30 10:56:59.503845
7.468528392722035,8.734077593701157,2025-09-30 10:56:59.503845
7.259857810877228,8.552350671067915,2025-09-30 10:56:59.503845
7.368510536746513,8.126412766922869,2025-09-30 10:56:59.503845
7.28372876132031,8.320285738897095,2025-09-30 10:56:59.503845
7.436971077866375,8.281963538545565,2025-09-30 10:56:59.503845
7.717641812772535,8.442548261798743,2025-09-30 10:56:59.503845
7.537227583243604,8.427708485343643,2025-09-30 10:56:59.503845
7.577950616657284,8.116359704688787,2025-09-30 10:56:59.503845
7.46477553589447,8.551818975883824,2025-09-30 10:56:59.503845
7.529244759679021,8.28069026394953,2025-09-30 10:56:59.503845
7.502405098657164,8.927591447107785,2025-09-30 10:56:59.503845
7.383118348450169,8.472311734146926,2025-09-30 10:56:59.503845
7.492321145311937,8.335066364958145,2025-09-30 10:56:59.503845
7.915381468421826,8.513518091165938,2025-09-30 10:56:59.503845
7.385942601678807,8.312405815944958,2025-09-30 10:56:59.503845
7.274445294025511,8.136749895952642,2025-09-30 10:56:59.503845
7.349705132387787,7.923208286510614,2025-09-30 10:56:59.503845
7.460454712939623,8.160616681388456,2025-09-30 10:56:59.503845
7.313147123583638,8.639076265902727,2025-09-30 10:56:59.503845
7.483854219864918,8.468454793314693,2025-09-30 10:56:59.503845
7.7127181605322805,8.239218298299004,2025-09-30 10:56:59.503845
7.6062221721119005,8.432455436416028,2025-09-30 10:56:59.503845
7.617053846187199,8.506471902936694,2025-09-30 10:56:59.503845
7.544637294464508,8.429509755876435,2025-09-30 10:56:59.503845
7.581301785239969,8.293844182038116,2025-09-30 10:56:59.503845
7.522431991722681,8.703497176326715,2025-09-30 10:56:59.503845
7.441978538387196,8.654412011281705,2025-09-30 10:56:59.503845
7.392302955477583,8.581534241900506,2025-09-30 10:56:59.503845
7.228770466736718,8.308538056189382,2025-09-30 10:56:59.503845
7.6993127401058885,8.535346610161676,2025-09-30 10:56:59.503845
7.223180213412885,8.289859521996675,2025-09-30 10:56:59.503845
7.536437686704059,8.47013169399088,2025-09-30 10:56:59.503845
7.553881355285229,8.810644190638865,2025-09-30 10:56:59.503845
7.657036107482013,8.22977491046055,2025-09-30 10:56:59.503845
7.566922910561305,8.691942612660915,2025-09-30 10:56:59.503845
7.2050931846699235,8.04290859772319,2025-09-30 10:56:59.503845
7.707581481273445,8.462374138769421,2025-09-30 10:56:59.503845
7.68169993555971,8.6804625495929,2025-09-30 10:56:59.503845
7.314192450451435,8.783634496916164,2025-09-30 10:56:59.503845
7.504410838759442,8.479900134080227,2025-09-30 10:56:59.503845
7.4621781409712895,8.245457871941802,2025-09-30 10:56:59.503845
7.690242905310824,8.372379890193374,2025-09-30 10:56:59.503845
7.373844538827791,8.587190344096848,2025-09-30 10:56:59.503845
7.71295624850686,8.477748766930944,2025-09-30 10:56:59.503845
7.483682309585626,8.27499006855868,2025-09-30 10:56:59.503845
7.581474725985711,8.73146115241992,2025-09-30 10:56:59.503845
7.453230473115599,8.125477211373177,2025-09-30 10:56:59.503845
7.415013010679721,8.226770127209365,2025-09-30 10:56:59.503845
7.45425104544512,8.109451284975675,2025-09-30 10:56:59.503845
7.410216475864616,8.264618276461102,2025-09-30 10:56:59.503845
7.416498795391276,8.289048878596516,2025-09-30 10:56:59.503845
7.274099284378871,8.25260268063286,2025-09-30 10:56:59.503845
7.489374627096759,8.357851873472482,2025-09-30 10:56:59.503845
7.406789955949606,8.066364086334897,2025-09-30 10:56:59.503845
7.503365801510185,8.16993335196976,2025-09-30 10:56:59.503845
7.2893947161046135,8.337275009019882,2025-09-30 10:56:59.503845
7.416055308802625,8.247583356810702,2025-09-30 10:56:59.503845
7.375479318892933,8.179726780790165,2025-09-30 10:56:59.503845
7.335454280824864,8.136677730892313,2025-09-30 10:56:59.503845
7.222221608868175,8.508129006529263,2025-09-30 10:56:59.503845
7.352369937557628,8.385943076613435,2025-09-30 10:56:59.503845
7.421522504493709,8.509734907989564,2025-09-30 10:56:59.503845
7.42271159048893,8.094046451700244,2025-09-30 10:56:59.503845
7.635126313289253,8.448685911225613,2025-09-30 10:56:59.503845
7.7371024485900675,8.331267319997615,2025-09-30 10:56:59.503845
7.534979943879268,8.534157153572252,2025-09-30 10:56:59.503845
7.5393979821570145,8.58313804203861,2025-09-30 10:56:59.503845
7.097356519388913,8.320588623854961,2025-09-30 10:56:59.503845
7.444572004943971,8.577953661194433,2025-09-30 10:56:59.503845
7.464724106839075,8.226292866281415,2025-09-30 10:56:59.503845
7.683038489575312,8.333867808254645,2025-09-30 10:56:59.503845
7.5421345797822275,8.643252474303912,2025-09-30 10:56:59.503845
7.604614839943431,7.964137930762526,2025-09-30 10:56:59.503845
7.320324618339027,8.038702064027227,2025-09-30 10:56:59.503845
7.253376182055407,8.068821988859348,2025-09-30 10:56:59.503845
7.725787408512673,8.15419853056091,2025-09-30 10:56:59.503845
7.651758717199001,8.32006340752703,2025-09-30 10:56:59.503845
7.70150926198894,8.298731982513745,2025-09-30 10:56:59.503845
7.69707438838036,8.363299229116537,2025-09-30 10:56:59.503845
7.387435262689468,8.211449988114234,2025-09-30 10:56:59.503845
7.536665717418892,8.244341446251378,2025-09-30 10:56:59.503845
7.424288470719267,8.544703561152817,2025-09-30 10:56:59.503845
7.308040214831489,8.491901169080629,2025-09-30 10:56:59.503845
7.679614639959706,8.000081854925131,2025-09-30 10:56:59.503845
7.415500580645535,8.475135351779915,2025-09-30 10:56:59.503845
7.314321365938824,8.19131232100819,2025-09-30 10:56:59.503845
7.581038504393485,8.023103829116167,2025-09-30 10:56:59.503845
7.60150431895603,8.58271338471067,2025-09-30 10:56:59.503845
7.465702521953742,8.293798285401516,2025-09-30 10:56:59.503845
7.251369761799439,8.344682415728759,2025-09-30 10:56:59.503845
7.395091558176096,8.349056580674038,2025-09-30 10:56:59.503845
7.735899483212205,7.866676399931086,2025-09-30 10:56:59.503845
7.405184833732372,8.559851187816104,2025-09-30 10:56:59.503845
7.50170896597587,8.214467138603117,2025-09-30 10:56:59.503845
7.520325074725529,8.405542488180856,2025-09-30 10:56:59.503845
7.682272188570691,8.57649369744235,2025-09-30 10:56:59.503845
7.483842881583072,8.29431334850775,2025-09-30 10:56:59.503845
7.478909001042666,8.450944397827701,2025-09-30 10:56:59.503845
7.278239626354901,8.24949497803256,2025-09-30 10:56:59.503845
7.513588330166832,8.134027877594209,2025-09-30 10:56:59.503845
7.456296010638225,8.316996631509479,2025-09-30 10:56:59.503845
7.45157122628075,7.888588761915351,2025-09-30 10:56:59.503845
7.4514412629562425,8.43288999939323,2025-09-30 10:56:59.503845
7.627035337811724,8.284455868856982,2025-09-30 10:56:59.503845
7.3990671307873725,8.467938359685983,2025-09-30 10:56:59.503845
8.048827209902552,8.627230068098674,2025-09-30 10:56:59.503845
7.172475221471142,8.32015450229913,2025-09-30 10:56:59.503845
7.513390738179681,8.507881997058947,2025-09-30 10:56:59.503845
7.674325900366083,8.331653463582393,2025-09-30 10:56:59.503845
7.828938084104235,8.503945220497418,2025-09-30 10:56:59.503845
7.628959023629606,8.48767316127433,2025-09-30 10:56:59.503845
7.561815651028446,8.73286072684666,2025-09-30 10:56:59.503845
7.513112511369606,8.42456267298286,2025-09-30 10:56:59.503845
7.625617818699978,8.534692922042423,2025-09-30 10:56:59.503845
7.401244933208492,8.70775041429193,2025-09-30 10:56:59.503845
7.345059183078347,8.48396212985539,2025-09-30 10:56:59.503845
7.267802677619102,8.416933471312099,2025-09-30 10:56:59.503845
7.57707566494293,8.394976823257377,2025-09-30 10:56:59.503845
7.62209740895601,8.476348538269052,2025-09-30 10:56:59.503845
7.275868200315079,8.668898225619053,2025-09-30 10:56:59.503845
7.556825422263855,8.284158510146206,2025-09-30 10:56:59.503845
7.615988464387651,8.321216409527501,2025-09-30 10:56:59.503845
7.5572643192607405,8.202591856518039,2025-09-30 10:56:59.503845
7.4852805215423315,8.397183888691846,2025-09-30 10:56:59.503845
7.636093528361161,8.170751945619804,2025-09-30 10:56:59.503845
7.531906676394178,8.340866021608957,2025-09-30 10:56:59.503845
7.612302490228678,8.31022845709395,2025-09-30 10:56:59.503845
7.6582823459692095,8.166578938532192,2025-09-30 10:56:59.503845
7.652354425625954,8.0294478105935,2025-09-30 10:56:59.503845
7.586243880709513,8.463862394362872,2025-09-30 10:56:59.503845
7.572160258666713,8.153357724641303,2025-09-30 10:56:59.503845
7.612241216235166,8.292564111194077,2025-09-30 10:56:59.503845
7.495136179646426,8.341111805057833,2025-09-30 10:56:59.503845
7.735648876135051,8.450612623496196,2025-09-30 10:56:59.503845
7.342238068134483,8.34460433308805,2025-09-30 10:56:59.503845
7.578266032353588,8.180766469783832,2025-09-30 10:56:59.503845
7.336030063174549,7.806384392890886,2025-09-30 10:56:59.503845
7.675300166779386,8.040879692308486,2025-09-30 10:56:59.503845
7.493682068658357,8.31775375069935,2025-09-30 10:56:59.503845
7.469103253448151,8.025286396703503,2025-09-30 10:56:59.503845
7.360612198654881,8.264578499441573,2025-09-30 10:56:59.503845
7.492678818009573,8.404849136429833,2025-09-30 10:56:59.503845
7.396747371567439,8.100930623004142,2025-09-30 10:56:59.503845
7.2380253967931925,8.337657166361195,2025-09-30 10:56:59.503845
7.571724062888677,8.372415505562977,2025-09-30 10:56:59.503845
7.449937790114672,8.550279801160626,2025-09-30 10:56:59.503845
7.310884083964161,8.25945815660225,2025-09-30 10:56:59.503845
7.469810755542119,8.438616172753989,2025-09-30 10:56:59.503845
7.5237398805133076,8.280928195759454,2025-09-30 10:56:59.503845
7.6267367222136695,8.071430532355187,2025-09-30 10:56:59.503845
7.65564127892292,8.688648576840839,2025-09-30 10:56:59.503845
7.214373530767175,8.039065928683774,2025-09-30 10:56:59.503845
7.479091021977722,8.245214894226214,2025-09-30 10:56:59.503845
7.344133842084678,8.262668935872874,2025-09-30 10:56:59.503845
7.697069982122169,8.230161114751477,2025-09-30 10:56:59.503845
7.373626415320739,8.765726874243116,2025-09-30 10:56:59.503845
7.550029642377204,8.416853993418773,2025-09-30 10:56:59.503845
7.498398684240624,8.778035024941888,2025-09-30 10:56:59.503845
7.317651711818969,8.462009283285278,2025-09-30 10:56:59.503845
7.7773726101734875,7.98664327477709,2025-09-30 10:56:59.503845
7.449035945108101,8.128617312981987,2025-09-30 10:56:59.503845
7.788423094193974,8.53299899576259,2025-09-30 10:56:59.503845
7.282669721200985,8.187861978055798,2025-09-30 10:56:59.503845
7.513729006466566,8.314708995693705,2025-09-30 10:56:59.503845
7.279340750961827,8.225323954828124,2025-09-30 10:56:59.503845
7.625932319232917,8.487535563931985,2025-09-30 10:56:59.503845
7.276471812662183,8.384771932344005,2025-09-30 10:56:59.503845
7.309862863321447,8.282431183477744,2025-09-30 10:56:59.503845
7.946376302244919,8.168502075231991,2025-09-30 10:56:59.503845
7.673248335000847,8.268226609236685,2025-09-30 10:56:59.503845
7.262338309807733,8.4490008216141,2025-09-30 10:56:59.503845
7.38628041363112,8.361119117780172,2025-09-30 10:56:59.503845
7.381840477797257,8.706323388550299,2025-09-30 10:56:59.503845
7.426081260783015,8.323561551985026,2025-09-30 10:56:59.503845
7.563552959899723,8.578280477993772,2025-09-30 10:56:59.503845
7.44712103389683,8.531297184094813,2025-09-30 10:56:59.503845
7.133156771395968,8.6985391377318,2025-09-30 10:56:59.503845
7.334067995360882,8.260989817569495,2025-09-30 10:56:59.503845
7.281429876968672,8.044338924562831,2025-09-30 10:56:59.503845
7.5684335506380185,8.345734334942255,2025-09-30 10:56:59.503845
7.395486700340929,8.543489314214488,2025-09-30 10:56:59.503845
7.447607610580382,8.550726802710056,2025-09-30 10:56:59.503845
7.470865216697015,8.474766542046003,2025-09-30 10:56:59.503845
7.665863978932113,8.650826487621847,2025-09-30 10:56:59.503845
7.582440972342625,8.030784185844716,2025-09-30 10:56:59.503845
7.4303562724608385,8.133035642328528,2025-09-30 10:56:59.503845
7.568211510745236,8.733029176448698,2025-09-30 10:56:59.503845
7.57827752952203,8.473565334303018,2025-09-30 10:56:59.503845
7.186536415263664,8.165018828012032,2025-09-30 10:56:59.503845
7.271627286194584,8.540477245456332,2025-09-30 10:56:59.503845
7.564417589355347,8.09983562804715,2025-09-30 10:56:59.503845
7.362859953587439,8.130315687743503,2025-09-30 10:56:59.503845
7.403249824006362,8.096177974179273,2025-09-30 10:56:59.503845
7.4602198843098035,8.365007567287002,2025-09-30 10:56:59.503845
7.593570986956988,8.42435096468902,2025-09-30 10:56:59.503845
7.459389259179535,8.480211023572856,2025-09-30 10:56:59.503845
7.545660746815684,8.530732495691879,2025-09-30 10:56:59.503845
7.5978045228580955,8.606475974534852,2025-09-30 10:56:59.503845
7.53193352472781,8.265718002198458,2025-09-30 10:56:59.503845
7.263020887517994,8.566273492308436,2025-09-30 10:56:59.503845
7.441673987631543,8.391516069162561,2025-09-30 10:56:59.503845
7.544725952415767,8.281839237839659,2025-09-30 10:56:59.503845
7.473673559049001,8.436812962790212,2025-09-30 10:56:59.503845
7.364986519548252,8.355936901738767,2025-09-30 10:56:59.503845
7.461475719198222,8.680537964946417,2025-09-30 10:56:59.503845
7.229258943252184,8.464025512280838,2025-09-30 10:56:59.503845
7.531579883992673,8.107506668146529,2025-09-30 10:56:59.503845
7.482846373999087,8.436716180702232,2025-09-30 10:56:59.503845
7.5890293475504205,8.27412619680391,2025-09-30 10:56:59.503845
7.71016716900021,8.447486614732858,2025-09-30 10:56:59.503845
7.511700831513954,7.975292085584944,2025-09-30 10:56:59.503845
7.742515083758235,8.397953469463907,2025-09-30 10:56:59.503845
7.516391098075888,8.245977318482808,2025-09-30 10:56:59.503845
7.440175240276659,7.934433151409316,2025-09-30 10:56:59.503845
7.3507417103311266,8.64976391660718,2025-09-30 10:56:59.503845
7.5924626540987425,8.447528653003141,2025-09-30 10:56:59.503845
7.453106941279893,8.296635099924805,2025-09-30 10:56:59.503845
7.454167681504737,8.467792037539379,2025-09-30 10:56:59.503845
7.479513715005695,8.158136507085,2025-09-30 10:56:59.503845
7.116702659525423,8.119290705188398,2025-09-30 10:56:59.503845
7.416619518666574,8.652989376211458,2025-09-30 10:56:59.503845
7.190537491944082,8.614936457502834,2025-09-30 10:56:59.503845
7.398403985731645,8.133410077367019,2025-09-30 10:56:59.503845
7.388599340339866,8.412593230222166,2025-09-30 10:56:59.503845
7.690246208471514,8.487506756597906,2025-09-30 10:56:59.503845
7.35922386669876,8.174645069617094,2025-09-30 10:56:59.503845
7.601887506501936,8.395096697347237,2025-09-30 10:56:59.503845
7.553816066256141,8.31929388404535,2025-09-30 10:56:59.503845
7.587656981853534,8.231635179941508,2025-09-30 10:56:59.503845
7.158781259690275,8.334806311308943,2025-09-30 10:56:59.503845
7.651569289276693,8.506110603553523,2025-09-30 10:56:59.503845
7.4594441995700596,8.451651578684338,2025-09-30 10:56:59.503845
7.5756594414793135,8.432412756581773,2025-09-30 10:56:59.503845
7.487909192320977,8.090714287610488,2025-09-30 10:56:59.503845
7.4160098976829625,8.092806381088128,2025-09-30 10:56:59.503845
7.718359926472861,8.566268716508988,2025-09-30 10:56:59.503845
7.5930965776724415,8.252476833372034,2025-09-30 10:56:59.503845
7.352305362983062,8.408973325624208,2025-09-30 10:56:59.503845
7.580443764603641,8.485499360673849,2025-09-30 10:56:59.503845
7.574568266270234,8.361299637662263,2025-09-30 10:56:59.503845
7.6808578993790295,8.081506535027374,2025-09-30 10:56:59.503845
7.764498109994212,8.394867898818376,2025-09-30 10:56:59.503845
7.623448897046421,8.351040004041936,2025-09-30 10:56:59.503845
7.533808359197965,8.4310005825836,2025-09-30 10:56:59.503845
7.618269895405575,8.191359515168187,2025-09-30 10:56:59.503845
7.42433003665885,8.421912724366441,2025-09-30 10:56:59.503845
7.486069579811256,8.511888955458138,2025-09-30 10:56:59.503845
7.489162434371459,8.263677816752384,2025-09-30 10:56:59.503845
7.599903199240011,8.267334305030966,2025-09-30 10:56:59.503845
7.61586004425619,8.577456818298407,2025-09-30 10:56:59.503845
7.386391014342349,8.222539685463412,2025-09-30 10:56:59.503845
7.432959636291852,8.428090966229647,2025-09-30 10:56:59.503845
7.593886288027339,8.229357244939562,2025-09-30 10:56:59.503845
7.284582216182993,8.494313230259928,2025-09-30 10:56:59.503845
7.366862271138523,8.490129937944397,2025-09-30 10:56:59.503845
7.733976376730347,8.50556503557177,2025-09-30 10:56:59.503845
7.481114936717147,8.409656278097426,2025-09-30 10:56:59.503845
7.408466374114827,8.018790354296565,2025-09-30 10:56:59.503845
7.729430754265895,8.572599365756824,2025-09-30 10:56:59.503845
7.315017324452822,8.473699115252941,2025-09-30 10:56:59.503845
7.275650087499179,8.123723999785254,2025-09-30 10:56:59.503845
7.445891050236609,7.943447594258874,2025-09-30 10:56:59.503845
7.652899927634593,8.067748426245435,2025-09-30 10:56:59.503845
7.571379896209196,8.457305178913499,2025-09-30 10:56:59.503845
7.38580068262231,8.399728775213989,2025-09-30 10:56:59.503845
7.497080920868509,8.482037134460073,2025-09-30 10:56:59.503845
7.385594503345183,8.201547661811427,2025-09-30 10:56:59.503845
7.362631621410408,8.17606579162652,2025-09-30 10:56:59.503845
7.454498793181085,8.205177435280534,2025-09-30 10:56:59.503845
7.303644645671268,8.81765720804723,2025-09-30 10:56:59.503845
7.481996751611325,8.330827727723786,2025-09-30 10:56:59.503845
7.822470737294515,8.450217995472963,2025-09-30 10:56:59.503845
7.376745812649232,8.287023066383728,2025-09-30 10:56:59.503845
7.393750013314954,8.439704884375,2025-09-30 10:56:59.503845
7.492207941650842,8.254498074173952,2025-09-30 10:56:59.503845
7.4002379962439475,8.477674949005431,2025-09-30 10:56:59.503845
7.782827560228825,8.461163328725728,2025-09-30 10:56:59.503845
7.495675237616858,8.388759876218803,2025-09-30 10:56:59.503845
7.297536548557625,8.582875409518417,2025-09-30 10:56:59.503845
7.502226935234159,8.419782204342502,2025-09-30 10:56:59.503845
7.7793514792479606,8.36281611728983,2025-09-30 10:56:59.503845
7.405573852959416,8.24874042792244,2025-09-30 10:56:59.503845
7.609734245030692,8.462692868176122,2025-09-30 10:56:59.503845
7.409356089043885,8.303272001968553,2025-09-30 10:56:59.503845
7.45694381279489,7.719136612616299,2025-09-30 10:56:59.503845
7.373963978457819,8.210304474250341,2025-09-30 10:56:59.503845
7.508238696728962,8.449555799852506,2025-09-30 10:56:59.503845
7.877077442742921,8.46261176344167,2025-09-30 10:56:59.503845
7.37219068396803,8.510052708663066,2025-09-30 10:56:59.503845
7.576537323476376,8.26735076385451,2025-09-30 10:56:59.503845
7.573324613369388,8.374019699496358,2025-09-30 10:56:59.503845
7.514804949515646,8.081166318617056,2025-09-30 10:56:59.503845
7.3123783704270435,8.535327636976975,2025-09-30 10:56:59.503845
7.354963291468847,8.367310584725937,2025-09-30 10:56:59.503845
7.319771588281368,8.322658023916187,2025-09-30 10:56:59.503845
7.306912554805336,8.661915024192888,2025-09-30 10:56:59.503845
7.30329940783076,8.383905796712929,2025-09-30 10:56:59.503845
7.69393510008735,8.20474346878947,2025-09-30 10:56:59.503845
7.451508781291633,8.093559470896636,2025-09-30 10:56:59.503845
7.300913292394225,8.471990719651709,2025-09-30 10:56:59.503845
7.643819788703175,8.246079686881934,2025-09-30 10:56:59.503845
7.313831745183806,8.616488430237526,2025-09-30 10:56:59.503845
7.700603410355733,8.4447941489385,2025-09-30 10:56:59.503845
7.475516191657352,8.539030574207453,2025-09-30 10:56:59.503845
7.393065533521234,8.690502853625095,2025-09-30 10:56:59.503845
7.544214067268655,8.498641904360115,2025-09-30 10:56:59.503845
7.302477397197244,8.329683305916653,2025-09-30 10:56:59.503845
7.8092039708695085,8.643897970017797,2025-09-30 10:56:59.503845
7.4119956028637555,8.458989608277736,2025-09-30 10:56:59.503845
7.613773190961518,8.150353966731927,2025-09-30 10:56:59.503845
7.556327547951656,8.488173356530863,2025-09-30 10:56:59.503845
7.993565086398977,8.10715468968263,2025-09-30 10:56:59.503845
7.523859136022964,8.228490582584966,2025-09-30 10:56:59.503845
7.84160890719247,8.342343840309308,2025-09-30 10:56:59.503845
7.334256376746704,8.407943260879996,2025-09-30 10:56:59.503845
7.583662130105999,8.562543699114373,2025-09-30 10:56:59.503845
7.31217680476251,8.479682446343368,2025-09-30 10:56:59.503845
7.678385839398465,8.33884965688045,2025-09-30 10:56:59.503845
7.773526799143498,8.530048328936841,2025-09-30 10:56:59.503845
7.435619981077934,8.672481358751368,2025-09-30 10:56:59.503845
7.3076908696380185,8.221982883171155,2025-09-30 10:56:59.503845
7.525848355146078,8.119182626801306,2025-09-30 10:56:59.503845
7.4896290936755845,8.740372056457586,2025-09-30 10:56:59.503845
7.48460610625022,8.006858304748915,2025-09-30 10:56:59.503845
7.34523969461132,8.722602664570939,2025-09-30 10:56:59.503845
7.405501069450748,8.242097473238239,2025-09-30 10:56:59.503845
7.519634924079886,8.294281202279707,2025-09-30 10:56:59.503845
7.3229274165393825,8.180273703545996,2025-09-30 10:56:59.503845
7.41353120541783,8.356791778482144,2025-09-30 10:56:59.503845
7.4176939634110575,8.225962800596344,2025-09-30 10:56:59.503845
7.6457971582437825,7.877530054550201,2025-09-30 10:56:59.503845
7.673414329205404,8.39985894434935,2025-09-30 10:56:59.503845
7.542230910568447,8.366892150403348,2025-09-30 10:56:59.503845
7.340456237115539,8.778605409305285,2025-09-30 10:56:59.503845
7.543099194140765,8.08193493957757,2025-09-30 10:56:59.503845
7.601543813893769,8.399985634128639,2025-09-30 10:56:59.503845
7.533724395310806,7.939782748206905,2025-09-30 10:56:59.503845
7.515865126727112,8.353185317406915,2025-09-30 10:56:59.503845
7.692385462538712,8.353532519496907,2025-09-30 10:56:59.503845
7.508832628278436,8.223151618169902,2025-09-30 10:56:59.503845
7.647749916714566,8.53175269642235,2025-09-30 10:56:59.503845
7.697111945808705,8.391953125265738,2025-09-30 10:56:59.503845
7.616833944503186,8.635363997226769,2025-09-30 10:56:59.503845
7.5768633703435855,8.633498054983445,2025-09-30 10:56:59.503845
7.339883737750059,8.153209720941216,2025-09-30 10:56:59.503845
7.589441653503666,7.932668840070506,2025-09-30 10:56:59.503845
7.439498769044273,8.293099604136586,2025-09-30 10:56:59.503845
7.2835823664842305,8.71694911525854,2025-09-30 10:56:59.503845
7.571027258243625,8.441910652829097,2025-09-30 10:56:59.503845
7.448714810480345,8.409843227293912,2025-09-30 10:56:59.503845
7.69569917023171,8.130833550858863,2025-09-30 10:56:59.503845
7.51385563237976,8.806727598666209,2025-09-30 10:56:59.503845
7.259219687388531,8.479224707071186,2025-09-30 10:56:59.503845
7.999386480415907,8.134571962940948,2025-09-30 10:56:59.503845
7.475658730450736,8.496364181959382,2025-09-30 10:56:59.503845
7.212485857868499,8.58128963413844,2025-09-30 10:56:59.503845
7.489134111566766,8.266048169958438,2025-09-30 10:56:59.503845
7.375396189784378,8.544521701975718,2025-09-30 10:56:59.503845
7.615405974137754,8.42500517709677,2025-09-30 10:56:59.503845
7.371817779987786,8.603910493080157,2025-09-30 10:56:59.503845
7.366075744484562,8.051756913554653,2025-09-30 10:56:59.503845
7.354741989839059,8.616920956378658,2025-09-30 10:56:59.503845
7.543161292818364,8.53331786654314,2025-09-30 10:56:59.503845
7.676410066369153,7.934502876992122,2025-09-30 10:56:59.503845
7.823455894575768,8.251879294776558,2025-09-30 10:56:59.503845
7.573543541428936,8.00027560773326,2025-09-30 10:56:59.503845
7.66012074766441,8.052356673226031,2025-09-30 10:56:59.503845
7.401915075344341,8.080271599444071,2025-09-30 10:56:59.503845
7.554952430514879,8.264749775674746,2025-09-30 10:56:59.503845
7.149054625356392,8.591835405240767,2025-09-30 10:56:59.503845
7.713931285895671,8.338564827577503,2025-09-30 10:56:59.503845
7.660602959327853,8.57524245303599,2025-09-30 10:56:59.503845
7.560596765288105,8.4345981419288,2025-09-30 10:56:59.503845
7.5473716849370245,8.317726355566055,2025-09-30 10:56:59.503845
7.434926425653209,8.52073563757158,2025-09-30 10:56:59.503845
7.751603420512175,8.429926335909087,2025-09-30 10:56:59.503845
7.69078738378858,8.156966566885066,2025-09-30 10:56:59.503845
7.514808861580226,8.03307315944365,2025-09-30 10:56:59.503845
7.362892314329566,8.658328199406599,2025-09-30 10:56:59.503845
7.653049081732673,8.56060005172598,2025-09-30 10:56:59.503845
7.4140497386992745,8.332700936045082,2025-09-30 10:56:59.503845
7.407755522722388,7.993331860814395,2025-09-30 10:56:59.503845
7.68209225040275,8.51849610158708,2025-09-30 10:56:59.503845
7.841273178585314,8.580173602168365,2025-09-30 10:56:59.503845
7.578216878544045,8.3070016025739,2025-09-30 10:56:59.503845
7.47813348028474,8.306314290562373,2025-09-30 10:56:59.503845
7.513212200808273,8.440725017415195,2025-09-30 10:56:59.503845
7.749314280688296,8.146471284855416,2025-09-30 10:56:59.503845
7.743457253218757,8.287420845507071,2025-09-30 10:56:59.503845
7.632589368065637,8.117250181391983,2025-09-30 10:56:59.503845
7.312943012670076,8.365135248371292,2025-09-30 10:56:59.503845
7.644971948874326,8.062835558924721,2025-09-30 10:56:59.503845
7.621139685243904,8.315079904099123,2025-09-30 10:56:59.503845
7.444658749075318,8.47718372223928,2025-09-30 10:56:59.503845
7.439509439697987,8.188777682009173,2025-09-30 10:56:59.503845
7.417758608921153,7.861473893716527,2025-09-30 10:56:59.503845
7.279933486615476,8.385694804213955,2025-09-30 10:56:59.503845
7.212001896324969,8.30845310258376,2025-09-30 10:56:59.503845
7.314054880240075,8.483106987599403,2025-09-30 10:56:59.503845
7.407000718940699,8.501330748996777,2025-09-30 10:56:59.503845
7.707117350001212,8.419513696811878,2025-09-30 10:56:59.503845
7.423777661232664,8.34553711450218,2025-09-30 10:56:59.503845
7.428076590352484,8.36177597957102,2025-09-30 10:56:59.503845
7.559913444046962,8.417764601030264,2025-09-30 10:56:59.503845
7.213880263990229,8.596739572950439,2025-09-30 10:56:59.503845
7.66824108795805,8.546490946538563,2025-09-30 10:56:59.503845
7.642573962848015,8.428759361102243,2025-09-30 10:56:59.503845
7.255740228771184,8.34122306028637,2025-09-30 10:56:59.503845
7.591254652848036,8.673130722750063,2025-09-30 10:56:59.503845
7.598516132849201,8.303796159811158,2025-09-30 10:56:59.503845
7.424344558586996,8.204538807840544,2025-09-30 10:56:59.503845
7.468661289172331,8.249563598466763,2025-09-30 10:56:59.503845
7.347785404194305,8.140022786641726,2025-09-30 10:56:59.503845
7.887071784418083,8.848651328383765,2025-09-30 10:56:59.503845
7.801824703892733,8.013073719122383,2025-09-30 10:56:59.503845
7.5655873130742615,8.303273916495561,2025-09-30 10:56:59.503845
7.218806947978356,8.840623678583684,2025-09-30 10:56:59.503845
7.829787773781359,8.473102544280689,2025-09-30 10:56:59.503845
7.403385115247065,8.333264217488479,2025-09-30 10:56:59.503845
7.012247251524536,8.59261209564385,2025-09-30 10:56:59.503845
7.548867512555258,8.300666421979845,2025-09-30 10:56:59.503845
7.525235357847687,8.602503242863222,2025-09-30 10:56:59.503845
7.227433612538121,8.453816656830892,2025-09-30 10:56:59.503845
7.569301855974957,8.46015962676607,2025-09-30 10:56:59.503845
7.5411559073548915,8.16609094328733,2025-09-30 10:56:59.503845
7.326094153803754,8.187047700283951,2025-09-30 10:56:59.503845
7.249664042434411,8.84741759203429,2025-09-30 10:56:59.503845
7.519690306495613,8.246057850691688,2025-09-30 10:56:59.503845
7.6223799685310105,8.675963806075368,2025-09-30 10:56:59.503845
7.523751384540747,8.331222167408065,2025-09-30 10:56:59.503845
7.725028136771261,8.656433585077227,2025-09-30 10:56:59.503845
7.31411660869364,8.43408069920584,2025-09-30 10:56:59.503845
7.166273038813596,7.960315203200872,2025-09-30 10:56:59.503845
7.5979725228870105,8.47481578385515,2025-09-30 10:56:59.503845
7.4481442614822155,8.606727681378947,2025-09-30 10:56:59.503845
7.437309174660517,8.53111730809617,2025-09-30 10:56:59.503845
7.665760676420007,7.915250271242009,2025-09-30 10:56:59.503845
7.475355104359333,8.445845732181299,2025-09-30 10:56:59.503845
7.515318406183336,8.14875027010203,2025-09-30 10:56:59.503845
7.4550893919303665,8.488273926180884,2025-09-30 10:56:59.503845
7.45819496731065,8.537902980229358,2025-09-30 10:56:59.503845
7.652889751223183,8.72444003327072,2025-09-30 10:56:59.503845
7.333571388287742,8.285811794225024,2025-09-30 10:56:59.503845
7.327713411413003,8.335004703273244,2025-09-30 10:56:59.503845
7.34609490497115,8.254367711944466,2025-09-30 10:56:59.503845
7.375654690200637,8.238338711096798,2025-09-30 10:56:59.503845
7.2783608171213965,8.449521165630527,2025-09-30 10:56:59.503845
7.83062243840116,8.380007544441586,2025-09-30 10:56:59.503845
7.4509222152559165,8.330155139092387,2025-09-30 10:56:59.503845
7.521112613501684,8.637816302619559,2025-09-30 10:56:59.503845
7.610184883228189,8.23941439423722,2025-09-30 10:56:59.503845
7.32493105063166,8.489620140207352,2025-09-30 10:56:59.503845
7.374979490667951,8.278446523892406,2025-09-30 10:56:59.503845
7.447507845305139,8.096228159348817,2025-09-30 10:56:59.503845
7.5385783235239385,8.504801712645719,2025-09-30 10:56:59.503845
7.620226978176304,8.26274141768986,2025-09-30 10:56:59.503845
7.320562302157813,7.98424283576207,2025-09-30 10:56:59.503845
7.445639195141591,8.495796731367397,2025-09-30 10:56:59.503845
7.6767783043451185,8.391283444481626,2025-09-30 10:56:59.503845
7.578793425834425,8.402276051386933,2025-09-30 10:56:59.503845
7.409906764184927,8.424458241427615,2025-09-30 10:56:59.503845
7.5555819556247705,7.83349049811782,2025-09-30 10:56:59.503845
7.531855574838678,8.33296637452787,2025-09-30 10:56:59.503845
7.553418110910777,8.507627650989136,2025-09-30 10:56:59.503845
7.548370560399649,8.57376421175865,2025-09-30 10:56:59.503845
7.477830552432205,8.124789819088287,2025-09-30 10:56:59.503845
7.575381160753988,8.609446200411696,2025-09-30 10:56:59.503845
7.491164541681207,8.186910991862716,2025-09-30 10:56:59.503845
7.225864909422035,8.485577503074623,2025-09-30 10:56:59.503845
7.428972183272825,8.47743151997282,2025-09-30 10:56:59.503845
7.489133706315358,8.794007164185617,2025-09-30 10:56:59.503845
7.441272161890086,9.003619270554786,2025-09-30 10:56:59.503845
7.43030404043236,8.27687271269934,2025-09-30 10:56:59.503845
7.857622752123646,8.066797277993738,2025-09-30 10:56:59.503845
7.578609613394103,8.59556841727019,2025-09-30 10:56:59.503845
7.603605373645149,8.222408935705023,2025-09-30 10:56:59.503845
7.479979786650559,8.503232512781395,2025-09-30 10:56:59.503845
7.504742617782794,8.061811478134624,2025-09-30 10:56:59.503845
7.596203688820119,8.346583323149561,2025-09-30 10:56:59.503845
7.61501084967962,8.490941060546126,2025-09-30 10:56:59.503845
7.702174402906196,8.285137344987838,2025-09-30 10:56:59.503845
7.799939153339228,8.29123676958368,2025-09-30 10:56:59.503845
7.575637929377311,8.22290472482811,2025-09-30 10:56:59.503845
7.550169155999359,8.22236521802566,2025-09-30 10:56:59.503845
7.624338517999559,8.472391229776486,2025-09-30 10:56:59.503845
7.322170389663304,8.16463582492198,2025-09-30 10:56:59.503845
7.631352678577221,8.840697026647218,2025-09-30 10:56:59.503845
7.445436844798092,8.261878695332566,2025-09-30 10:56:59.503845
7.5862301175148215,8.68173639780872,2025-09-30 10:56:59.503845
7.430365247936871,8.207830242194428,2025-09-30 10:56:59.503845
7.357736060371659,8.399298085487068,2025-09-30 10:56:59.503845
7.279987435018507,8.162219529182192,2025-09-30 10:56:59.503845
7.569881176213652,8.288152335073168,2025-09-30 10:56:59.503845
7.3889710315788655,8.299715979570886,2025-09-30 10:56:59.503845
7.489765815333218,8.44584923400593,2025-09-30 10:56:59.503845
7.357167065047906,8.276404758799634,2025-09-30 10:56:59.503845
7.705378928245546,8.436350456933708,2025-09-30 10:56:59.503845
7.462806283369466,8.305736461180363,2025-09-30 10:56:59.503845
7.496293296882609,8.22459940336609,2025-09-30 10:56:59.503845
7.488786763282216,8.12834817505699,2025-09-30 10:56:59.503845
7.468482753701971,8.386968389866135,2025-09-30 10:56:59.503845
7.518983780759496,8.372418765667542,2025-09-30 10:56:59.503845
7.62636204401623,8.333425099796445,2025-09-30 10:56:59.503845
7.429733104244852,8.239910110126722,2025-09-30 10:56:59.503845
7.347752864879894,8.190136443276902,2025-09-30 10:56:59.503845
7.580458366188722,8.46896994945404,2025-09-30 10:56:59.503845
7.577187748223225,8.235715609405826,2025-09-30 10:56:59.503845
7.570458268791622,8.56367243844516,2025-09-30 10:56:59.503845
7.5830116426154195,8.343831948616248,2025-09-30 10:56:59.503845
7.377256913087869,8.21636989377519,2025-09-30 10:56:59.503845
7.489734774723616,8.449598046913353,2025-09-30 10:56:59.503845
7.355245060420429,8.373733770738259,2025-09-30 10:56:59.503845
7.377939895940043,7.9950750110808055,2025-09-30 10:56:59.503845
7.459207510363327,8.136745928247091,2025-09-30 10:56:59.503845
7.453494585468063,8.507317344736826,2025-09-30 10:56:59.503845
7.413879561773845,8.0648058429749,2025-09-30 10:56:59.503845
7.702415826793677,8.415586324635909,2025-09-30 10:56:59.503845
7.453641643017818,7.965150055257911,2025-09-30 10:56:59.503845
7.325875676833827,8.210015822173391,2025-09-30 10:56:59.503845
7.589164108673997,8.35475731609591,2025-09-30 10:56:59.503845
7.35923539108924,7.816851468712301,2025-09-30 10:56:59.503845
7.30491025793867,8.243830271062684,2025-09-30 10:56:59.503845
7.464054103748871,8.27544911436037,2025-09-30 10:56:59.503845
7.581271582237897,8.622273183679118,2025-09-30 10:56:59.503845
7.43774810554725,8.469362088702677,2025-09-30 10:56:59.503845
7.713079902973678,8.50182354990691,2025-09-30 10:56:59.503845
7.542225669895177,8.294417333079888,2025-09-30 10:56:59.503845
7.516760770831562,8.127698083030285,2025-09-30 10:56:59.503845
7.582726406566426,8.25747732504914,2025-09-30 10:56:59.503845
7.128399013979082,8.19722523285596,2025-09-30 10:56:59.503845
7.393222071831899,8.423872499790681,2025-09-30 10:56:59.503845
7.373811589163345,8.260534086351635,2025-09-30 10:56:59.503845
7.517330568859567,8.275667680634408,2025-09-30 10:56:59.503845
7.209462111870963,8.345985694178832,2025-09-30 10:56:59.503845
7.533988520996125,8.366054853932923,2025-09-30 10:56:59.503845
7.428647842919843,8.09169883514729,2025-09-30 10:56:59.503845
7.58855346264508,8.13836620609618,2025-09-30 10:56:59.503845
7.450738199597598,8.540998460746517,2025-09-30 10:56:59.503845
7.733354744574531,8.516417962842501,2025-09-30 10:56:59.503845
7.77260318467782,8.193103149920791,2025-09-30 10:56:59.503845
7.678867568881913,8.404642365814219,2025-09-30 10:56:59.503845
7.318835249687924,8.497375792757644,2025-09-30 10:56:59.503845
7.412869749765396,8.79384549820018,2025-09-30 10:56:59.503845
7.329519374688729,8.615243622684151,2025-09-30 10:56:59.503845
7.6479401221515255,8.52507995477691,2025-09-30 10:56:59.503845
7.63782347577184,8.208964070891891,2025-09-30 10:56:59.503845
7.614234091145005,8.566096361002302,2025-09-30 10:56:59.503845
7.459225615387356,8.420561027544816,2025-09-30 10:56:59.503845
7.4324437761041935,8.2817480179537,2025-09-30 10:56:59.503845
7.313141681605044,8.364867066116224,2025-09-30 10:56:59.503845
7.3006086496123785,8.461730935991602,2025-09-30 10:56:59.503845
7.635514315056496,8.226810949303465,2025-09-30 10:56:59.503845
7.662373169294059,8.340121694467511,2025-09-30 10:56:59.503845
7.270469725195404,8.518360692501146,2025-09-30 10:56:59.503845
7.214046169850361,8.5157687461422,2025-09-30 10:56:59.503845
7.1805462650673375,8.495965672219212,2025-09-30 10:56:59.503845
7.590781515029009,8.361855775731106,2025-09-30 10:56:59.503845
7.704078867920975,8.316102767442079,2025-09-30 10:56:59.503845
7.4968340055026035,8.483792233205898,2025-09-30 10:56:59.503845
7.560825466991813,8.433203198729272,2025-09-30 10:56:59.503845
7.582086692842551,8.112585294712245,2025-09-30 10:56:59.503845
7.58464145032311,8.665208270710963,2025-09-30 10:56:59.503845
7.822577760863734,8.532550076140692,2025-09-30 10:56:59.503845
7.584392558823711,8.529293806744619,2025-09-30 10:56:59.503845
7.295150521744222,8.488110719128457,2025-09-30 10:56:59.503845
7.472109712343086,8.556641064972066,2025-09-30 10:56:59.503845
7.38586886509113,8.293797764775894,2025-09-30 10:56:59.503845
7.655409463291085,8.388587788257858,2025-09-30 10:56:59.503845
7.381411295591018,8.25204240637245,2025-09-30 10:56:59.503845
7.152901190890746,8.51491940103185,2025-09-30 10:56:59.503845
7.425923288061205,8.547470432341564,2025-09-30 10:56:59.503845
7.603352793396529,8.38445455818901,2025-09-30 10:56:59.503845
7.153226835092759,8.188151359197342,2025-09-30 10:56:59.503845
7.626343676285549,8.293408888629557,2025-09-30 10:56:59.503845
7.479898239047984,8.436929153562788,2025-09-30 10:56:59.503845
7.578433408095813,8.433320768942624,2025-09-30 10:56:59.503845
7.650125154083821,8.333382805021921,2025-09-30 10:56:59.503845
7.4159267751186615,8.154702245336347,2025-09-30 10:56:59.503845
7.655360976441166,8.518799199638972,2025-09-30 10:56:59.503845
7.507667099310511,8.241847157534172,2025-09-30 10:56:59.503845
7.670779998002447,8.535126544763795,2025-09-30 10:56:59.503845
7.501031415705561,8.220392823689908,2025-09-30 10:56:59.503845
7.506199374720236,8.238293069361532,2025-09-30 10:56:59.503845
7.465393531921689,8.128815752291429,2025-09-30 10:56:59.503845
7.384011760854279,8.4679729844779,2025-09-30 10:56:59.503845
7.598253570089568,8.263496463270975,2025-09-30 10:56:59.503845
7.3294558475279645,8.726615100541231,2025-09-30 10:56:59.503845
7.706798337915544,8.256259005212488,2025-09-30 10:56:59.503845
7.50802615746729,8.457204878669346,2025-09-30 10:56:59.503845
7.59026935005242,8.335525010000124,2025-09-30 10:56:59.503845
7.3815466982755815,8.417710393974993,2025-09-30 10:56:59.503845
7.509433731532172,8.607592128906777,2025-09-30 10:56:59.503845
7.147819548122731,8.546245884572734,2025-09-30 10:56:59.503845
7.360950079389078,8.380993873810358,2025-09-30 10:56:59.503845
7.5388675595231325,8.137747243859225,2025-09-30 10:56:59.503845
7.388842396384182,8.211491471860544,2025-09-30 10:56:59.503845
7.328490958769367,8.08268027222554,2025-09-30 10:56:59.503845
7.32940712037669,8.376213448102236,2025-09-30 10:56:59.503845
7.2538244703578325,8.477725377473186,2025-09-30 10:56:59.503845
7.63057445505472,8.553740943435017,2025-09-30 10:56:59.503845
7.517449435283129,8.428539942715092,2025-09-30 10:56:59.503845
7.547271635579579,8.679854024673826,2025-09-30 10:56:59.503845
7.738912458309283,8.987011877138412,2025-09-30 10:56:59.503845
7.4554501967264795,8.14985706380727,2025-09-30 10:56:59.503845
7.628840382302602,8.351573846571574,2025-09-30 10:56:59.503845
7.513048216988535,8.409965340139612,2025-09-30 10:56:59.503845
7.6593882794586206,8.11877060359815,2025-09-30 10:56:59.503845
7.504650116618889,8.327852859434199,2025-09-30 10:56:59.503845
7.5561218803081935,8.11719695164806,2025-09-30 10:56:59.503845
7.585437895536958,8.305978192238145,2025-09-30 10:56:59.503845
7.682319155660788,8.107103026984527,2025-09-30 10:56:59.503845
7.460578006942263,8.272048369461173,2025-09-30 10:56:59.503845
7.568267594611737,8.211043489708915,2025-09-30 10:56:59.503845
7.53642713169132,8.580134284411518,2025-09-30 10:56:59.503845
7.560720551846106,8.418482006555827,2025-09-30 10:56:59.503845
7.757290268733323,8.255722759324275,2025-09-30 10:56:59.503845
7.419422903965979,8.533278005700028,2025-09-30 10:56:59.503845
7.444892660570674,8.243919280215247,2025-09-30 10:56:59.503845
7.4788487262989385,8.188260825968602,2025-09-30 10:56:59.503845
7.561187463110859,8.438747755886538,2025-09-30 10:56:59.503845
7.308332524333256,8.538233883391792,2025-09-30 10:56:59.503845
7.163582029155851,8.443361875738304,2025-09-30 10:56:59.503845
7.726010442291201,8.439414286602918,2025-09-30 10:56:59.503845
7.826173246034698,8.376497302466035,2025-09-30 10:56:59.503845
7.417991043225568,8.749188025971693,2025-09-30 10:56:59.503845
7.562651103028541,8.638524024498619,2025-09-30 10:56:59.503845
7.563857045656301,8.388468053931206,2025-09-30 10:56:59.503845
7.265957583800741,8.404487022111665,2025-09-30 10:56:59.503845
7.715971764860087,8.569486805187715,2025-09-30 10:56:59.503845
7.3744831354900215,8.370766967282652,2025-09-30 10:56:59.503845
7.774293514163083,8.525500825831756,2025-09-30 10:56:59.503845
7.264076397360384,8.419481230443267,2025-09-30 10:56:59.503845
7.420482135179738,8.538186044772193,2025-09-30 10:56:59.503845
7.610156104480672,8.144155489077034,2025-09-30 10:56:59.503845
7.542987369942786,8.357614848187602,2025-09-30 10:56:59.503845
7.633386935237239,8.291822706728704,2025-09-30 10:56:59.503845
7.694161991960596,7.842270090187117,2025-09-30 10:56:59.503845
7.2436302391612974,8.27365335267685,2025-09-30 10:56:59.503845
7.549537190349395,8.528901836400944,2025-09-30 10:56:59.503845
7.168240035290558,8.31525633746657,2025-09-30 10:56:59.503845
7.42693366333856,8.330634456315519,2025-09-30 10:56:59.503845
7.520086601097965,8.398713542974928,2025-09-30 10:56:59.503845
7.64163909539394,8.27008337873964,2025-09-30 10:56:59.503845
7.427078670416974,8.196084678240751,2025-09-30 10:56:59.503845
7.457469607175968,8.325858721569393,2025-09-30 10:56:59.503845
7.57278692217002,8.100860681790332,2025-09-30 10:56:59.503845
7.58368568167456,8.242223866539454,2025-09-30 10:56:59.503845
7.538334836899437,8.095641749315465,2025-09-30 10:56:59.503845
7.329008351914151,8.107767489152216,2025-09-30 10:56:59.503845
7.626256582059878,8.264406616819006,2025-09-30 10:56:59.503845
7.435714716700422,8.411293599529294,2025-09-30 10:56:59.503845
7.551351425609053,8.198289178423737,2025-09-30 10:56:59.503845
7.687405233897105,8.498314382470426,2025-09-30 10:56:59.503845
7.403474357029065,8.257156572289688,2025-09-30 10:56:59.503845
7.634648915190687,8.66761958377889,2025-09-30 10:56:59.503845
7.472949925803492,8.154142308858031,2025-09-30 10:56:59.503845
7.570771485651047,7.906569679704594,2025-09-30 10:56:59.503845
7.609445632748872,8.792862048319815,2025-09-30 10:56:59.503845
7.465249141878409,8.192057836753948,2025-09-30 10:56:59.503845
7.3604562168926355,8.29853129589535,2025-09-30 10:56:59.503845
7.6170602743348335,8.542436469424546,2025-09-30 10:56:59.503845
7.673084586979091,8.126431242887211,2025-09-30 10:56:59.503845
7.595491561295828,7.9289250096151465,2025-09-30 10:56:59.503845
7.750804856097857,8.40923287517685,2025-09-30 10:56:59.503845
7.402502334811616,8.265203448242875,2025-09-30 10:56:59.503845
7.345709823419443,8.654904387108362,2025-09-30 10:56:59.503845
7.345559011484459,8.699115876579786,2025-09-30 10:56:59.503845
7.662861545807682,8.326110759516373,2025-09-30 10:56:59.503845
7.579447022003226,8.708562981031587,2025-09-30 10:56:59.503845
7.9303265777883185,8.294999248106963,2025-09-30 10:56:59.503845
7.350739264502996,8.172999690386401,2025-09-30 10:56:59.503845
7.417044508349861,8.605476956562159,2025-09-30 10:56:59.503845
7.365642762573397,8.740799655345327,2025-09-30 10:56:59.503845
7.306822146075999,8.482485891845544,2025-09-30 10:56:59.503845
7.472113788693118,8.53669520816372,2025-09-30 10:56:59.503845
7.370223824239822,8.4215733590192,2025-09-30 10:56:59.503845
7.659922336510405,7.994094019009409,2025-09-30 10:56:59.503845
7.62532037180319,8.4385541538857,2025-09-30 10:56:59.503845
7.270426696846483,8.376087104857907,2025-09-30 10:56:59.503845
7.623602276871419,8.071554790602127,2025-09-30 10:56:59.503845
7.514279981504868,8.482663332171871,2025-09-30 10:56:59.503845
7.530719063833489,8.017890347137952,2025-09-30 10:56:59.503845
7.660887748116317,8.04866765613231,2025-09-30 10:56:59.503845
7.293056475341786,8.715358513876824,2025-09-30 10:56:59.503845
7.578578318414918,8.571588145468237,2025-09-30 10:56:59.503845
7.419104448802001,8.269815392781489,2025-09-30 10:56:59.503845
7.713961080051468,8.03314844823096,2025-09-30 10:56:59.503845
7.549679695751469,8.386804056849213,2025-09-30 10:56:59.503845
7.330885283524044,8.251447504881288,2025-09-30 10:56:59.503845
7.6310735901217885,8.374544187455843,2025-09-30 10:56:59.503845
7.976728555704872,8.324098407450725,2025-09-30 10:56:59.503845
7.46833409796255,8.429057665123187,2025-09-30 10:56:59.503845
7.382635948288243,8.380067663561876,2025-09-30 10:56:59.503845
7.333083317476843,8.362460443556353,2025-09-30 10:56:59.503845
7.760961378281378,8.269498841496569,2025-09-30 10:56:59.503845
7.537963185547078,8.417678665918073,2025-09-30 10:56:59.503845
7.662600657020141,8.740391358878185,2025-09-30 10:56:59.503845
7.57199755077264,8.146940133754878,2025-09-30 10:56:59.503845
7.737120158468124,8.095030959641427,2025-09-30 10:56:59.503845
7.283667025053709,8.33102048373623,2025-09-30 10:56:59.503845
7.3370030028076725,8.446444501969612,2025-09-30 10:56:59.503845
7.522203591462416,8.152818506517205,2025-09-30 10:56:59.503845
7.641612507517984,8.27681936212928,2025-09-30 10:56:59.503845
7.466571414866881,8.563928839802237,2025-09-30 10:56:59.503845
7.684002695930009,8.4940239177732,2025-09-30 10:56:59.503845
7.555218935906047,8.39579564848349,2025-09-30 10:56:59.503845
7.483032659686075,8.375593883772764,2025-09-30 10:56:59.503845
7.594168895571938,8.454093494892517,2025-09-30 10:56:59.503845
7.534746227734294,8.450129227480613,2025-09-30 10:56:59.503845
7.292257715140144,8.588053233995044,2025-09-30 10:56:59.503845
7.214718141871838,8.528902030903096,2025-09-30 10:56:59.503845
7.627563985668422,8.496474719673564,2025-09-30 10:56:59.503845
7.7838705144436435,8.456098219213052,2025-09-30 10:56:59.503845
7.587108288801234,8.200735198187514,2025-09-30 10:56:59.503845
7.499937059532335,8.51769746736415,2025-09-30 10:56:59.503845
7.224524832774034,8.299482617500292,2025-09-30 10:56:59.503845
7.707270659262281,8.194969593110228,2025-09-30 10:56:59.503845
7.381187766463679,8.504690431915314,2025-09-30 10:56:59.503845
7.2917242093069765,8.385349542195435,2025-09-30 10:56:59.503845
7.488486961819184,8.521767148985173,2025-09-30 10:56:59.503845
7.266513186595246,8.428928356164002,2025-09-30 10:56:59.503845
7.48742599264055,8.406103408403016,2025-09-30 10:56:59.503845
7.503571334036085,8.39982069604642,2025-09-30 10:56:59.503845
7.65777623495057,8.363991004991925,2025-09-30 10:56:59.503845
7.740231832856205,8.014490654962957,2025-09-30 10:56:59.503845
7.3895143637447545,8.488905734140928,2025-09-30 10:56:59.503845
7.480709722290528,8.288242699977888,2025-09-30 10:56:59.503845
7.449596993718323,8.155493701310911,2025-09-30 10:56:59.503845
7.61347566405379,8.251942416178776,2025-09-30 10:56:59.503845
7.777695394655127,8.145555275683284,2025-09-30 10:56:59.503845
7.422693953556325,8.420140714541528,2025-09-30 10:56:59.503845
7.606347854112731,8.33829298045352,2025-09-30 10:56:59.503845
7.4550787852598654,8.226320533337768,2025-09-30 10:56:59.503845
7.529195628856276,8.315218423872707,2025-09-30 10:56:59.503845
7.555547393181577,8.034373125739478,2025-09-30 10:56:59.503845
7.423202585359477,8.303415247175481,2025-09-30 10:56:59.503845
7.431052185542355,8.58769216595667,2025-09-30 10:56:59.503845
7.49729605505242,8.341451090540373,2025-09-30 10:56:59.503845
7.591488159775806,8.228966165246145,2025-09-30 10:56:59.503845
7.175587329850903,8.409116427011629,2025-09-30 10:56:59.503845
7.563727637979327,8.530564544809677,2025-09-30 10:56:59.503845
7.395966140950542,8.195959277675666,2025-09-30 10:56:59.503845
7.715756332355472,8.139687035690393,2025-09-30 10:56:59.503845
7.43011924,8.498031021414423,2025-09-30 10:56:59.503845
7.604640711392393,8.461335066620112,2025-09-30 10:56:59.503845
7.580100038593469,8.40023187135911,2025-09-30 10:56:59.503845
7.585752179273722,8.463549328375295,2025-09-30 10:56:59.503845
7.1078261133184295,8.600896746239181,2025-09-30 10:56:59.503845
7.695970133374073,8.294522721776614,2025-09-30 10:56:59.503845
7.313050064164992,8.37235176150416,2025-09-30 10:56:59.503845
7.290517598897986,8.462539644390814,2025-09-30 10:56:59.503845
7.595056778485302,8.31104539565505,2025-09-30 10:56:59.503845
7.393183413751227,8.556485043823777,2025-09-30 10:56:59.503845
7.36399841145832,8.841766667616524,2025-09-30 10:56:59.503845
7.215828703465594,8.388146107386225,2025-09-30 10:56:59.503845
7.201913506701579,8.370999406893903,2025-09-30 10:56:59.503845
7.416697185027906,8.057606502428197,2025-09-30 10:56:59.503845
7.42468696940615,8.341987495595665,2025-09-30 10:56:59.503845
7.624553240543164,8.454187621877905,2025-09-30 10:56:59.503845
7.832229162195116,8.532528690829293,2025-09-30 10:56:59.503845
7.57464890978769,8.369565780407836,2025-09-30 10:56:59.503845
7.442739025722461,8.594569394454034,2025-09-30 10:56:59.503845
7.40189073859182,8.13389284631448,2025-09-30 10:56:59.503845
7.528065173651517,7.873804487617293,2025-09-30 10:56:59.503845
7.682022287147094,8.472661075472397,2025-09-30 10:56:59.503845
7.823501084293903,8.474480605810509,2025-09-30 10:56:59.503845
7.659793650048467,8.128446192710333,2025-09-30 10:56:59.503845
7.45593893421161,8.319269992631398,2025-09-30 10:56:59.503845
7.450065539361697,8.292722832313128,2025-09-30 10:56:59.503845
7.3380474116915595,7.962092834362527,2025-09-30 10:56:59.503845
7.623915806227139,8.34737371312787,2025-09-30 10:56:59.503845
7.276097897580106,8.296257540260523,2025-09-30 10:56:59.503845
7.660478159967343,8.409000556490094,2025-09-30 10:56:59.503845
7.799748943946932,8.100453713782228,2025-09-30 10:56:59.503845
7.618174429063444,8.601250037301025,2025-09-30 10:56:59.503845
7.474792473798854,8.65016333547463,2025-09-30 10:56:59.503845
7.417245486301775,8.040091966018176,2025-09-30 10:56:59.503845
7.485783226922093,7.908571111611487,2025-09-30 10:56:59.503845
7.439088349305898,8.212433171351831,2025-09-30 10:56:59.503845
7.238494370785152,8.783713447674007,2025-09-30 10:56:59.503845
7.618916489949549,8.773439774708688,2025-09-30 10:56:59.503845
7.483982180491607,8.172379865652474,2025-09-30 10:56:59.503845
7.691187094386343,8.082357543298354,2025-09-30 10:56:59.503845
7.4796086297586255,8.519967308586038,2025-09-30 10:56:59.503845
7.354424167920978,8.25641502649342,2025-09-30 10:56:59.503845
7.047582784325217,8.988487714991212,2025-09-30 10:56:59.503845
7.580739325208349,8.08086396663381,2025-09-30 10:56:59.503845
7.429377690228127,8.373245115978051,2025-09-30 10:56:59.503845
7.648523912170351,8.453169754312658,2025-09-30 10:56:59.503845
7.447346355348367,8.370930932549722,2025-09-30 10:56:59.503845
7.57341569163357,8.585980493637791,2025-09-30 10:56:59.503845
7.598811571206016,8.337933670343945,2025-09-30 10:56:59.503845
7.483319422404736,8.070016504167256,2025-09-30 10:56:59.503845
7.242188447524383,8.306950757142433,2025-09-30 10:56:59.503845
7.569918088288097,8.675788000880852,2025-09-30 10:56:59.503845
7.624619096388791,8.417241809952998,2025-09-30 10:56:59.503845
7.268380145668023,8.360657320725895,2025-09-30 10:56:59.503845
7.464154832827045,8.353605922498824,2025-09-30 10:56:59.503845
7.34360686784794,8.030419866954242,2025-09-30 10:56:59.503845
7.453102687295315,8.360876875191142,2025-09-30 10:56:59.503845
7.294930133158221,8.380715012535434,2025-09-30 10:56:59.503845
7.344523070941002,8.876764788774192,2025-09-30 10:56:59.503845
7.4803320872204875,8.211518940958673,2025-09-30 10:56:59.503845
7.457725796080458,8.402186264958805,2025-09-30 10:56:59.503845
7.481701675422977,8.389050198085256,2025-09-30 10:56:59.503845
7.548088394586558,8.21440951517408,2025-09-30 10:56:59.503845
7.523342220768178,8.493856146061022,2025-09-30 10:56:59.503845
7.703803991920152,8.31525341675105,2025-09-30 10:56:59.503845
7.281004991830222,8.61528526309032,2025-09-30 10:56:59.503845
7.330462534229003,8.411787662173007,2025-09-30 10:56:59.503845
7.341290595699597,8.50865907716367,2025-09-30 10:56:59.503845
7.892126653076946,8.708624724144167,2025-09-30 10:56:59.503845
7.456117839237574,8.366411253891858,2025-09-30 10:56:59.503845
7.368229599788444,8.586207846844655,2025-09-30 10:56:59.503845
7.347454181590587,8.14991781804407,2025-09-30 10:56:59.503845
7.458286952718313,8.245690683283255,2025-09-30 10:56:59.503845
7.481521424566378,8.369643447602373,2025-09-30 10:56:59.503845
7.656913705592637,8.243241364376962,2025-09-30 10:56:59.503845
7.570142339637372,8.593456011298807,2025-09-30 10:56:59.503845
7.543614962532012,8.169370017956563,2025-09-30 10:56:59.503845
7.280634557268398,8.43835977664365,2025-09-30 10:56:59.503845
7.552359594355053,8.035294444031333,2025-09-30 10:56:59.503845
7.569971731781341,8.49437060982615,2025-09-30 10:56:59.503845
7.231621242552765,8.437124729981083,2025-09-30 10:56:59.503845
7.633567080088544,8.712349842726695,2025-09-30 10:56:59.503845
7.693377538496075,8.508715149178784,2025-09-30 10:56:59.503845
7.570667831404064,8.636784522427947,2025-09-30 10:56:59.503845
7.398216162195916,8.18928065452883,2025-09-30 10:56:59.503845
7.474689385175653,8.160787866495678,2025-09-30 10:56:59.503845
7.5993177323743435,8.207030279963979,2025-09-30 10:56:59.503845
7.721322460771149,8.435741491849623,2025-09-30 10:56:59.503845
7.480601713714022,8.405269855030456,2025-09-30 10:56:59.503845
7.5072060804483485,8.506993316124655,2025-09-30 10:56:59.503845
7.566662010211956,8.334809170589612,2025-09-30 10:56:59.503845
7.580284616167847,8.430693001266224,2025-09-30 10:56:59.503845
7.549452949296628,8.130927200185202,2025-09-30 10:56:59.503845
7.65297193274321,8.498698884172654,2025-09-30 10:56:59.503845
7.320592651854871,7.995609942493584,2025-09-30 10:56:59.503845
7.692034580739775,8.259152056316264,2025-09-30 10:56:59.503845
7.2708408564126,8.040123437880352,2025-09-30 10:56:59.503845
7.260155246447761,8.026036913471858,2025-09-30 10:56:59.503845
7.495587093452583,8.447513537040644,2025-09-30 10:56:59.503845
7.783853939764274,8.092439755222065,2025-09-30 10:56:59.503845
7.566682591951088,8.033288421432868,2025-09-30 10:56:59.503845
7.736143469399475,8.676850990671417,2025-09-30 10:56:59.503845
7.373433222261923,8.16754313619726,2025-09-30 10:56:59.503845
7.339045468351407,8.365657095520117,2025-09-30 10:56:59.503845
7.798909080743186,7.994590118779944,2025-09-30 10:56:59.503845
7.829206748815622,8.11664286529301,2025-09-30 10:56:59.503845
7.692931582152576,8.748486062333628,2025-09-30 10:56:59.503845
7.406969079247418,8.58317506421252,2025-09-30 10:56:59.503845
7.561559898084945,8.229943644505429,2025-09-30 10:56:59.503845
7.701292054660042,8.4304454290398,2025-09-30 10:56:59.503845
7.565418652011117,8.558582626860765,2025-09-30 10:56:59.503845
7.646090642080662,8.565504702114904,2025-09-30 10:56:59.503845
7.4211017581708525,8.383386873322964,2025-09-30 10:56:59.503845
7.503771155788196,8.254785590840354,2025-09-30 10:56:59.503845
7.68995161475863,8.318187126424965,2025-09-30 10:56:59.503845
7.401616289403921,8.393740261216497,2025-09-30 10:56:59.503845
7.579610914079974,8.218606339294602,2025-09-30 10:56:59.503845
7.560837544873471,8.53049035197201,2025-09-30 10:56:59.503845
7.760059308951851,8.352001610241443,2025-09-30 10:56:59.503845
7.826041502486292,8.167347774163982,2025-09-30 10:56:59.503845
7.377786099798973,8.170386075845144,2025-09-30 10:56:59.503845
7.501899545004308,8.151165566581039,2025-09-30 10:56:59.503845
7.688223564928671,8.345140494068632,2025-09-30 10:56:59.503845
7.583190406332082,8.44557933341897,2025-09-30 10:56:59.503845
7.342688104868572,8.23349500232176,2025-09-30 10:56:59.503845
7.1440683701338275,8.738088082304072,2025-09-30 10:56:59.503845
7.246057783539705,8.117556574227304,2025-09-30 10:56:59.503845
7.442642490918172,8.45843378914829,2025-09-30 10:56:59.503845
7.55557310574556,8.236721339480916,2025-09-30 10:56:59.503845
7.464538096859959,8.347427918239948,2025-09-30 10:56:59.503845
7.726110183565089,8.531271499638647,2025-09-30 10:56:59.503845
7.332750972012654,8.864549218125742,2025-09-30 10:56:59.503845
7.418845748162447,8.066690199696051,2025-09-30 10:56:59.503845
7.12899716131464,8.086324156012049,2025-09-30 10:56:59.503845
7.671070091752517,8.237370119874331,2025-09-30 10:56:59.503845
7.350679544744232,8.445086348295199,2025-09-30 10:56:59.503845
7.627910733943559,8.28468235414524,2025-09-30 10:56:59.503845
7.522406052619656,8.541127987197878,2025-09-30 10:56:59.503845
7.469367633145918,8.180636103900415,2025-09-30 10:56:59.503845
7.794622166219051,8.178222841725495,2025-09-30 10:56:59.503845
7.5983342897719455,8.031018174349779,2025-09-30 10:56:59.503845
7.353779217778862,8.512423287864586,2025-09-30 10:56:59.503845
7.567388034948002,8.294532134065284,2025-09-30 10:56:59.503845
7.580774868789023,8.297041083781695,2025-09-30 10:56:59.503845
7.50634267660476,8.204516219197602,2025-09-30 10:56:59.503845
7.390302288612191,8.179925693725451,2025-09-30 10:56:59.503845
7.5032304980013755,8.424724671023792,2025-09-30 10:56:59.503845
7.580978582495503,7.847433585947845,2025-09-30 10:56:59.503845
7.6025761707345145,8.544843381270734,2025-09-30 10:56:59.503845
7.186242374351161,7.949378701382696,2025-09-30 10:56:59.503845
7.57363164179866,8.233563325422708,2025-09-30 10:56:59.503845
7.382965627457949,8.084571887069675,2025-09-30 10:56:59.503845
7.345664425556555,8.483125948454395,2025-09-30 10:56:59.503845
7.538426591104183,8.598666764630178,2025-09-30 10:56:59.503845
7.815879071507244,8.256379863833399,2025-09-30 10:56:59.503845
7.4544538638135185,8.218344620124055,2025-09-30 10:56:59.503845
7.67261095104507,8.101633283123183,2025-09-30 10:56:59.503845
7.546560710190236,8.23674192520068,2025-09-30 10:56:59.503845
7.427928802916009,8.220225630902481,2025-09-30 10:56:59.503845
7.581053100639729,8.50005175944104,2025-09-30 10:56:59.503845
7.6986335512048445,8.131519494137871,2025-09-30 10:56:59.503845
7.501984373097097,8.466159791535974,2025-09-30 10:56:59.503845
7.405156403434343,8.45398362429736,2025-09-30 10:56:59.503845
7.566703705276858,8.37804796729799,2025-09-30 10:56:59.503845
7.352826070575445,8.3614208312769,2025-09-30 10:56:59.503845
7.301480515120315,8.197461901527939,2025-09-30 10:56:59.503845
7.5907095782216345,8.781888252846924,2025-09-30 10:56:59.503845
7.1394818804239435,8.494165925959654,2025-09-30 10:56:59.503845
7.490970569960877,8.419978680766633,2025-09-30 10:56:59.503845
7.708796738793504,8.46483933490458,2025-09-30 10:56:59.503845
7.47483967140336,8.262377696127933,2025-09-30 10:56:59.503845
7.553662688427837,8.497985438670216,2025-09-30 10:56:59.503845
7.572226865684128,8.325842479831527,2025-09-30 10:56:59.503845
7.3495209006948485,8.322400751849775,2025-09-30 10:56:59.503845
7.800473037732229,7.960615703068011,2025-09-30 10:56:59.503845
7.311163609854115,8.212166000946084,2025-09-30 10:56:59.503845
7.59487613078155,8.704701670911403,2025-09-30 10:56:59.503845
7.148942234930112,8.862859401635323,2025-09-30 10:56:59.503845
7.5664408841842805,8.041914947838814,2025-09-30 10:56:59.503845
8.084169579987611,8.315659569545224,2025-09-30 10:56:59.503845
7.2524851053896455,8.281343074770156,2025-09-30 10:56:59.503845
7.351160882364244,8.788948837917424,2025-09-30 10:56:59.503845
7.768962985542357,8.607067701726825,2025-09-30 10:56:59.503845
7.61935051438342,8.43623917152069,2025-09-30 10:56:59.503845
7.529160948935967,8.281046663053655,2025-09-30 10:56:59.503845
7.468200229221368,8.206451566277371,2025-09-30 10:56:59.503845
7.3939497119376165,8.608500021170837,2025-09-30 10:56:59.503845
7.183125857267024,8.488916804674137,2025-09-30 10:56:59.503845
7.457299599815571,8.333458709333428,2025-09-30 10:56:59.503845
7.265699893667086,8.400224030128062,2025-09-30 10:56:59.503845
7.3965455548352015,8.089421990446393,2025-09-30 10:56:59.503845
7.386858078982794,7.99989256529466,2025-09-30 10:56:59.503845
7.447377622711184,8.64154172214193,2025-09-30 10:56:59.503845
7.65738898826127,8.763544951790932,2025-09-30 10:56:59.503845
7.14879652444072,8.267672844331106,2025-09-30 10:56:59.503845
7.551806693187108,8.28866154007928,2025-09-30 10:56:59.503845
7.00753319664544,8.32168915460156,2025-09-30 10:56:59.503845
7.72284057185045,8.034540834662094,2025-09-30 10:56:59.503845
7.310200709060585,8.494955499539115,2025-09-30 10:56:59.503845
7.303248566105302,8.157658349167514,2025-09-30 10:56:59.503845
7.238365163673082,8.469263965795902,2025-09-30 10:56:59.503845
7.397191244303926,8.71161963271735,2025-09-30 10:56:59.503845
7.823773060633556,8.358046717942662,2025-09-30 10:56:59.503845
7.43629812844654,8.649314917445897,2025-09-30 10:56:59.503845
7.4639043673435195,8.285737268691202,2025-09-30 10:56:59.503845
7.471226411022427,8.343663590025702,2025-09-30 10:56:59.503845
7.697352729582786,8.394935344168193,2025-09-30 10:56:59.503845
7.300417005174499,8.234129487796832,2025-09-30 10:56:59.503845
7.651930952047153,8.443699643565646,2025-09-30 10:56:59.503845
7.382537387008743,8.238293733102973,2025-09-30 10:56:59.503845
7.554578712016309,8.507569601781295,2025-09-30 10:56:59.503845
7.377917449006526,8.330534612357035,2025-09-30 10:56:59.503845
7.665624990752688,8.56859525706701,2025-09-30 10:56:59.503845
7.658706736230994,8.145485431634095,2025-09-30 10:56:59.503845
7.66136017183924,8.255065874403595,2025-09-30 10:56:59.503845
7.583623808214653,7.965900042322181,2025-09-30 10:56:59.503845
7.547052403364844,8.102100215465946,2025-09-30 10:56:59.503845
7.779427420752796,8.705106874979771,2025-09-30 10:56:59.503845
7.407590225621079,8.44197255184744,2025-09-30 10:56:59.503845
7.375093436602475,7.934797934741211,2025-09-30 10:56:59.503845
7.463477377820421,8.341948594997952,2025-09-30 10:56:59.503845
7.835452654373554,8.051306347749716,2025-09-30 10:56:59.503845
7.44402128023864,8.491315574102774,2025-09-30 10:56:59.503845
7.539076800045528,8.558527370491376,2025-09-30 10:56:59.503845
7.406564644318691,8.126576121858934,2025-09-30 10:56:59.503845
7.268593802487458,8.21810355186806,2025-09-30 10:56:59.503845
7.262142643709399,8.051211920083945,2025-09-30 10:56:59.503845
7.45697706990141,8.375177124724715,2025-09-30 10:56:59.503845
7.387303621965133,8.56285706995359,2025-09-30 10:56:59.503845
7.581293318612159,8.39127867160902,2025-09-30 10:56:59.503845
7.749141415795025,8.338283342924711,2025-09-30 10:56:59.503845
7.542457109947024,8.100886290256526,2025-09-30 10:56:59.503845
7.670101922397803,8.57396692373175,2025-09-30 10:56:59.503845
7.345419628123675,8.176987394475631,2025-09-30 10:56:59.503845
7.134855134968984,8.244790355129764,2025-09-30 10:56:59.503845
7.507725366239593,8.046112113962717,2025-09-30 10:56:59.503845
7.475300734752892,8.683042831141533,2025-09-30 10:56:59.503845
7.607094998675491,7.968574594926017,2025-09-30 10:56:59.503845
7.642729593798114,8.324444239754943,2025-09-30 10:56:59.503845
7.262844909772999,8.715314457945722,2025-09-30 10:56:59.503845
7.50316375752761,8.118791869098818,2025-09-30 10:56:59.503845
7.637056017083943,8.461136701499946,2025-09-30 10:56:59.503845
7.7120365296966025,8.512332921526706,2025-09-30 10:56:59.503845
7.830092992652829,8.206928237995132,2025-09-30 10:56:59.503845
7.569507474556962,8.139756834280705,2025-09-30 10:56:59.503845
7.341277280288928,8.11744174357343,2025-09-30 10:56:59.503845
7.468886887554861,8.462128300633228,2025-09-30 10:56:59.503845
7.569564046879717,8.322777289033867,2025-09-30 10:56:59.503845
7.573762991065953,8.600780324585083,2025-09-30 10:56:59.503845
7.630452644441301,8.059991464579596,2025-09-30 10:56:59.503845
7.078177319087097,8.330344388055192,2025-09-30 10:56:59.503845
7.517142970726135,8.370302067844781,2025-09-30 10:56:59.503845
7.605256758602622,8.012713907235142,2025-09-30 10:56:59.503845
7.44649517726103,8.025507373633356,2025-09-30 10:56:59.503845
7.322058948877231,8.372067221301508,2025-09-30 10:56:59.503845
7.157778104527091,8.19913355135864,2025-09-30 10:56:59.503845
7.503753690367868,8.45956717676944,2025-09-30 10:56:59.503845
7.473169282633507,8.286542262421069,2025-09-30 10:56:59.503845
7.537978935397555,8.658957490197343,2025-09-30 10:56:59.503845
7.4462178604255636,8.546013038205263,2025-09-30 10:56:59.503845
7.453879350452802,8.218839505185134,2025-09-30 10:56:59.503845
7.637619766005724,8.35198315684229,2025-09-30 10:56:59.503845
7.688025784628356,8.149729546626283,2025-09-30 10:56:59.503845
7.518512228668093,8.144287263948973,2025-09-30 10:56:59.503845
7.5537596978099595,8.402286800525145,2025-09-30 10:56:59.503845
7.50972606144472,8.578675567229732,2025-09-30 10:56:59.503845
7.399445480592843,8.29955133774971,2025-09-30 10:56:59.503845
7.526651340640807,8.380633984620587,2025-09-30 10:56:59.503845
7.276012125828251,8.60808637757065,2025-09-30 10:56:59.503845
7.230224855704981,8.158893042054645,2025-09-30 10:56:59.503845
7.530815314999431,8.431497619359167,2025-09-30 10:56:59.503845
7.5507927596579405,8.376924680941263,2025-09-30 10:56:59.503845
7.646038819665753,8.180402008732502,2025-09-30 10:56:59.503845
7.502739608253741,8.526569048894237,2025-09-30 10:56:59.503845
7.597415612731457,8.290298071761685,2025-09-30 10:56:59.503845
7.480407190925379,8.882300965179875,2025-09-30 10:56:59.503845
7.500728570611257,8.478653650231019,2025-09-30 10:56:59.503845
7.754198836906708,8.243282012642855,2025-09-30 10:56:59.503845
7.4353079337313375,8.596059837702828,2025-09-30 10:56:59.503845
7.516189454632183,8.259594225841292,2025-09-30 10:56:59.503845
7.54006671218024,7.938346823056834,2025-09-30 10:56:59.503845
7.55767857341922,8.15453563861774,2025-09-30 10:56:59.503845
7.4002339543097255,8.035838966722405,2025-09-30 10:56:59.503845
7.643461627425474,8.257153953166167,2025-09-30 10:56:59.503845
7.474567054558677,8.593128270088862,2025-09-30 10:56:59.503845
7.581010441913584,8.608065581815183,2025-09-30 10:56:59.503845
7.427089011224686,8.422882214288812,2025-09-30 10:56:59.503845
7.391809260157058,8.544267256082408,2025-09-30 10:56:59.503845
7.803397210797389,8.182816818028478,2025-09-30 10:56:59.503845
7.542001906715907,8.332045723410065,2025-09-30 10:56:59.503845
7.840484694407184,8.193453808518544,2025-09-30 10:56:59.503845
7.306049800989213,8.426418536299686,2025-09-30 10:56:59.503845
7.715999897626356,8.140940305751656,2025-09-30 10:56:59.503845
7.6453605794527055,8.315449456869583,2025-09-30 10:56:59.503845
7.230126600740371,8.242225029689422,2025-09-30 10:56:59.503845
7.581473717452526,8.653051795472736,2025-09-30 10:56:59.503845
7.342265784500121,8.488446076384495,2025-09-30 10:56:59.503845
7.500412291894048,8.44345550195275,2025-09-30 10:56:59.503845
7.296706066121509,8.424417608020017,2025-09-30 10:56:59.503845
7.630757878415389,8.30628134380716,2025-09-30 10:56:59.503845
7.258097636731062,8.075915347970431,2025-09-30 10:56:59.503845
7.364498005417917,8.04162813019378,2025-09-30 10:56:59.503845
7.515278118111408,8.333974130255818,2025-09-30 10:56:59.503845
7.274560912294923,8.218443820122904,2025-09-30 10:56:59.503845
7.364163886577915,8.392975721215544,2025-09-30 10:56:59.503845
7.437634279595221,8.396010946604536,2025-09-30 10:56:59.503845
7.559155675683828,7.904336137510221,2025-09-30 10:56:59.503845
7.260958334791254,8.353933484593112,2025-09-30 10:56:59.503845
7.647493831196506,8.100928223231271,2025-09-30 10:56:59.503845
7.48022123525399,8.161872452010588,2025-09-30 10:56:59.503845
7.317104338700979,8.226273825031633,2025-09-30 10:56:59.503845
7.362403297227498,8.568977386882764,2025-09-30 10:56:59.503845
7.35602155196166,8.593336019429433,2025-09-30 10:56:59.503845
7.283520047398356,8.012003891634947,2025-09-30 10:56:59.503845
7.380376067651473,8.174477392511717,2025-09-30 10:56:59.503845
7.469180941039394,7.836373022772601,2025-09-30 10:56:59.503845
7.564940246634985,8.710192423386628,2025-09-30 10:56:59.503845
7.398659015113847,8.609971478039535,2025-09-30 10:56:59.503845
7.430032306694693,8.012754446135045,2025-09-30 10:56:59.503845
7.538108023074544,8.358474742900507,2025-09-30 10:56:59.503845
7.366569850716491,8.291507153226071,2025-09-30 10:56:59.503845
7.391847029166491,8.476409866192773,2025-09-30 10:56:59.503845
7.403122288343404,8.473743507735566,2025-09-30 10:56:59.503845
7.250937670437293,8.289012928510255,2025-09-30 10:56:59.503845
7.528887382935838,8.377814622388371,2025-09-30 10:56:59.503845
7.523522166046593,8.462012349809962,2025-09-30 10:56:59.503845
7.249031606881223,8.083315051052201,2025-09-30 10:56:59.503845
7.366675404983167,8.906377035040885,2025-09-30 10:56:59.503845
7.455417917914097,8.486318014196046,2025-09-30 10:56:59.503845
7.726930374715103,8.00078019257737,2025-09-30 10:56:59.503845
7.2651094722954195,8.40752636111478,2025-09-30 10:56:59.503845
7.593747221422649,8.346808026362584,2025-09-30 10:56:59.503845
7.34526543803581,8.241910768599226,2025-09-30 10:56:59.503845
7.4805710357267765,8.272867163450428,2025-09-30 10:56:59.503845
7.240743085488563,8.213358692739604,2025-09-30 10:56:59.503845
7.820903847817614,8.408761844892478,2025-09-30 10:56:59.503845
7.278033790782729,8.390477791495064,2025-09-30 10:56:59.503845
7.450539026054664,8.409259978839989,2025-09-30 10:56:59.503845
7.843037573613572,8.27454200647032,2025-09-30 10:56:59.503845
7.295124228941577,8.286480014055805,2025-09-30 10:56:59.503845
7.739269742392891,8.603394378791394,2025-09-30 10:56:59.503845
7.142827325816072,8.726193484491596,2025-09-30 10:56:59.503845
7.554981042366582,8.310892113792779,2025-09-30 10:56:59.503845
7.697836511954412,8.24223872912461,2025-09-30 10:56:59.503845
7.450619497709955,8.351177064574946,2025-09-30 10:56:59.503845
7.530968578873694,8.267822282767344,2025-09-30 10:56:59.503845
7.479464210679615,8.279011274365386,2025-09-30 10:56:59.503845
7.513167214303064,8.036800333115735,2025-09-30 10:56:59.503845
7.578020613177563,8.12554628398607,2025-09-30 10:56:59.503845
7.32685046284659,8.582134902038101,2025-09-30 10:56:59.503845
7.670663756094108,8.247339888234967,2025-09-30 10:56:59.503845
7.474721642270869,8.462506219587695,2025-09-30 10:56:59.503845
7.604530190949123,8.106379585376597,2025-09-30 10:56:59.503845
7.500579755194176,8.471914230917978,2025-09-30 10:56:59.503845
7.472780780029012,8.483862562957146,2025-09-30 10:56:59.503845
7.617723099398329,8.686464233842777,2025-09-30 10:56:59.503845
7.398019316411036,8.247874272236407,2025-09-30 10:56:59.503845
7.3923045796613085,8.324472907315325,2025-09-30 10:56:59.503845
7.473404497780561,8.07912038926392,2025-09-30 10:56:59.503845
7.391209249576814,8.680652687543072,2025-09-30 10:56:59.503845
7.463429603910289,8.229929312114681,2025-09-30 10:56:59.503845
7.100835775910821,8.691536534902086,2025-09-30 10:56:59.503845
7.355730794289613,8.247373854968735,2025-09-30 10:56:59.503845
7.442736362671158,8.606486494312119,2025-09-30 10:56:59.503845
7.911815454412345,8.553575893164878,2025-09-30 10:56:59.503845
7.4114838628471125,8.648364256798988,2025-09-30 10:56:59.503845
7.559502432816088,8.729688374042954,2025-09-30 10:56:59.503845
7.439242895398259,8.446031369341844,2025-09-30 10:56:59.503845
7.353003172951936,8.5103027598224,2025-09-30 10:56:59.503845
7.41164715255567,8.455641615248847,2025-09-30 10:56:59.503845
7.97836729814561,8.331240130767117,2025-09-30 10:56:59.503845
7.559983597087165,8.319956897503351,2025-09-30 10:56:59.503845
7.517059199709259,8.386238152138302,2025-09-30 10:56:59.503845
7.4099731350839955,8.56397194721469,2025-09-30 10:56:59.503845
7.104973741782729,8.396232867620368,2025-09-30 10:56:59.503845
7.517979291164439,8.448513371012993,2025-09-30 10:56:59.503845
7.678450007683543,8.743969780133819,2025-09-30 10:56:59.503845
7.362248584578689,8.468723404525967,2025-09-30 10:56:59.503845
7.448380245488702,8.157094872641753,2025-09-30 10:56:59.503845
7.641137696772605,8.137134022818227,2025-09-30 10:56:59.503845
7.417833159952649,8.209325863184551,2025-09-30 10:56:59.503845
7.3448259428869225,8.234192755270522,2025-09-30 10:56:59.503845
7.780767953493044,8.504016287607556,2025-09-30 10:56:59.503845
7.570221642588282,8.581771001573664,2025-09-30 10:56:59.503845
7.53102514261559,8.44984917694986,2025-09-30 10:56:59.503845
7.419594065950937,8.329860634391519,2025-09-30 10:56:59.503845
7.471090746466743,8.230074380969645,2025-09-30 10:56:59.503845
7.215289549620197,7.99929823248885,2025-09-30 10:56:59.503845
7.762986862513606,7.878284861048985,2025-09-30 10:56:59.503845
7.509654264908954,8.149358952135689,2025-09-30 10:56:59.503845
7.1628946075774875,8.630088414024998,2025-09-30 10:56:59.503845
7.689584111841046,8.204820744301568,2025-09-30 10:56:59.503845
7.423915423427478,8.247661704788909,2025-09-30 10:56:59.503845
7.541839201803634,8.617955499722246,2025-09-30 10:56:59.503845
7.561765861748154,8.511257216574107,2025-09-30 10:56:59.503845
7.411137278888965,8.47067748776473,2025-09-30 10:56:59.503845
7.638850509760352,8.586738223720527,2025-09-30 10:56:59.503845
7.187165130095627,8.500564965765935,2025-09-30 10:56:59.503845
7.447973306189792,8.421827246718333,2025-09-30 10:56:59.503845
7.7036555600332735,8.175771748729506,2025-09-30 10:56:59.503845
7.55883675705053,8.345758444375718,2025-09-30 10:56:59.503845
7.479960558353796,8.257571968957789,2025-09-30 10:56:59.503845
7.572880509162568,8.458469365958361,2025-09-30 10:56:59.503845
7.63750422742551,8.430765579006366,2025-09-30 10:56:59.503845
7.405100811330337,8.337832193534368,2025-09-30 10:56:59.503845
7.571597317519688,8.26691521378995,2025-09-30 10:56:59.503845
7.666029527594414,8.18502563222255,2025-09-30 10:56:59.503845
7.623762378150415,8.387068822587844,2025-09-30 10:56:59.503845
7.46193544935611,8.531554252466282,2025-09-30 10:56:59.503845
7.404261823797548,8.82144908851672,2025-09-30 10:56:59.503845
7.398288550380027,8.55305060190466,2025-09-30 10:56:59.503845
7.459487969948402,8.294191147791961,2025-09-30 10:56:59.503845
7.400021931186163,8.635755197014687,2025-09-30 10:56:59.503845
7.4623761245687446,8.325783663340363,2025-09-30 10:56:59.503845
7.620744698130392,8.219955324159013,2025-09-30 10:56:59.503845
7.59168736346688,8.12361360663203,2025-09-30 10:56:59.503845
7.409408029822468,8.006158444553446,2025-09-30 10:56:59.503845
7.623183363111024,8.561677729245382,2025-09-30 10:56:59.503845
7.2528490332168305,8.892391140670906,2025-09-30 10:56:59.503845
7.370302432608097,8.508682918293424,2025-09-30 10:56:59.503845
7.446207932014384,8.23663972712056,2025-09-30 10:56:59.503845
7.227336083665607,8.202371509045198,2025-09-30 10:56:59.503845
7.2443012779804175,8.548176185347351,2025-09-30 10:56:59.503845
7.6253830612140305,8.620186097433225,2025-09-30 10:56:59.503845
7.555606297944639,8.254900867289685,2025-09-30 10:56:59.503845
7.571465207624757,8.424559947935652,2025-09-30 10:56:59.503845
7.495086499412616,8.198770792798282,2025-09-30 10:56:59.503845
7.622754706912362,8.526517450837186,2025-09-30 10:56:59.503845
7.58299119907744,8.440843990717884,2025-09-30 10:56:59.503845
7.19856184519411,8.459868898930628,2025-09-30 10:56:59.503845
7.456906476710241,8.384907377008574,2025-09-30 10:56:59.503845
7.4749056869004535,8.423259816469587,2025-09-30 10:56:59.503845
7.214746877790418,8.131835656619675,2025-09-30 10:56:59.503845
7.574627305936048,8.35218738457263,2025-09-30 10:56:59.503845
7.245438970882552,8.524012343243804,2025-09-30 10:56:59.503845
7.64457845057269,8.4087805873556,2025-09-30 10:56:59.503845
7.779768525762593,8.316561277069692,2025-09-30 10:56:59.503845
7.642909582969208,8.08123715855423,2025-09-30 10:56:59.503845
7.492769791532029,8.330888946055111,2025-09-30 10:56:59.503845
7.657892112940443,8.527684453180202,2025-09-30 10:56:59.503845
7.6278577997716965,8.226286153289843,2025-09-30 10:56:59.503845
7.28905817647918,8.267904186233276,2025-09-30 10:56:59.503845
7.474374185226893,8.156678041605073,2025-09-30 10:56:59.503845
7.579869520889854,8.371302283601343,2025-09-30 10:56:59.503845
7.399279052699586,8.2464515749054,2025-09-30 10:56:59.503845
7.443883196027186,8.455314795936637,2025-09-30 10:56:59.503845
7.337530788857152,8.301713975429372,2025-09-30 10:56:59.503845
7.561985444577335,8.552739379612182,2025-09-30 10:56:59.503845
7.4365309893071405,8.10377783083789,2025-09-30 10:56:59.503845
7.395736308099404,8.606601405987139,2025-09-30 10:56:59.503845
7.474141699901207,8.450786826206077,2025-09-30 10:56:59.503845
7.805168713081988,8.37641388045819,2025-09-30 10:56:59.503845
7.552708108533742,8.21075970117739,2025-09-30 10:56:59.503845
7.729966489742421,8.144558578554994,2025-09-30 10:56:59.503845
7.514128884286717,8.6241267323837,2025-09-30 10:56:59.503845
7.451364817742882,8.053303062886519,2025-09-30 10:56:59.503845
7.6971720620987725,8.129082242653466,2025-09-30 10:56:59.503845
7.432862628548811,8.595131697176864,2025-09-30 10:56:59.503845
7.1576115028674545,8.580869588877258,2025-09-30 10:56:59.503845
7.52301679403057,8.5235187884881,2025-09-30 10:56:59.503845
7.717252461492744,8.475701680687017,2025-09-30 10:56:59.503845
7.401470416185355,8.2398727646504,2025-09-30 10:56:59.503845
7.4285208457249885,8.435418206062815,2025-09-30 10:56:59.503845
7.556723758058682,8.236639384736703,2025-09-30 10:56:59.503845
7.552710433627395,8.599842831971456,2025-09-30 10:56:59.503845
7.53108047917749,8.527665301449371,2025-09-30 10:56:59.503845
7.52845949502874,8.623825895190436,2025-09-30 10:56:59.503845
7.312144680672021,8.03343445124789,2025-09-30 10:56:59.503845
7.743860880026436,8.76573469558588,2025-09-30 10:56:59.503845
7.510628909923653,8.500015529159697,2025-09-30 10:56:59.503845
7.3562662687060545,8.4584242720722,2025-09-30 10:56:59.503845
7.643100549008744,8.106150831898605,2025-09-30 10:56:59.503845
7.588908406023475,8.60079529517547,2025-09-30 10:56:59.503845
7.293909914002099,8.362161780125252,2025-09-30 10:56:59.503845
7.669402047952919,8.193455776899235,2025-09-30 10:56:59.503845
7.577133725222326,8.073528977923116,2025-09-30 10:56:59.503845
7.7730816622866685,8.373453931712229,2025-09-30 10:56:59.503845
7.417801463848657,8.56516145334113,2025-09-30 10:56:59.503845
7.55769312446419,8.196164496742359,2025-09-30 10:56:59.503845
7.347274905541015,8.337541326755094,2025-09-30 10:56:59.503845
7.566779801562391,8.33170348943449,2025-09-30 10:56:59.503845
7.422522254385574,8.56376897251579,2025-09-30 10:56:59.503845
7.751138207263195,8.296563164518561,2025-09-30 10:56:59.503845
7.311382870746302,8.30048199189231,2025-09-30 10:56:59.503845
7.409150252829704,8.54748612968038,2025-09-30 10:56:59.503845
7.688041797211306,8.668994346978373,2025-09-30 10:56:59.503845
7.586436808576238,8.460685238865452,2025-09-30 10:56:59.503845
7.579595091103144,8.456592596224827,2025-09-30 10:56:59.503845
7.49753151444834,8.472697922408086,2025-09-30 10:56:59.503845
7.4911297875881875,8.398780498722344,2025-09-30 10:56:59.503845
7.463637467264144,8.143790262461575,2025-09-30 10:56:59.503845
7.451155231778133,8.15250557614686,2025-09-30 10:56:59.503845
7.525876532417112,8.292588162635198,2025-09-30 10:56:59.503845
7.536409937488399,8.551373303443043,2025-09-30 10:56:59.503845
7.734497300409965,8.304834961491133,2025-09-30 10:56:59.503845
7.655336556703369,8.65673433111544,2025-09-30 10:56:59.503845
7.416024763410075,8.815508544443288,2025-09-30 10:56:59.503845
7.483643886269099,8.089365066376747,2025-09-30 10:56:59.503845
7.772035629590609,8.433827997611294,2025-09-30 10:56:59.503845
7.702274014554706,8.107359435965847,2025-09-30 10:56:59.503845
7.869729971754964,7.941719520902271,2025-09-30 10:56:59.503845
7.491053260192979,7.947997641914134,2025-09-30 10:56:59.503845
7.453655786354429,8.496774672990451,2025-09-30 10:56:59.503845
7.342592614024882,8.579586235259521,2025-09-30 10:56:59.503845
7.538546824765616,8.533067514165825,2025-09-30 10:56:59.503845
7.415237437053781,8.557756339612654,2025-09-30 10:56:59.503845
7.557742448110608,8.149189508051856,2025-09-30 10:56:59.503845
7.378257768224956,8.308190923763592,2025-09-30 10:56:59.503845
7.518959282324482,8.80262367961825,2025-09-30 10:56:59.503845
7.596560339142293,8.127480132668701,2025-09-30 10:56:59.503845
7.504280226907674,8.44597359926738,2025-09-30 10:56:59.503845
7.4004261287542965,8.130610761930578,2025-09-30 10:56:59.503845
7.573961195837528,8.105699226820237,2025-09-30 10:56:59.503845
7.520469012630354,8.824533067371977,2025-09-30 10:56:59.503845
7.3290813198338185,8.662233672133013,2025-09-30 10:56:59.503845
7.766038194347135,8.484902156186687,2025-09-30 10:56:59.503845
7.613562124406913,8.327959334854203,2025-09-30 10:56:59.503845
7.651110649567788,8.235072744212548,2025-09-30 10:56:59.503845
7.358717318708149,8.451831408971463,2025-09-30 10:56:59.503845
7.364500083420415,8.35888131855534,2025-09-30 10:56:59.503845
7.549103886103467,8.154105112048672,2025-09-30 10:56:59.503845
7.574572118233105,8.452496349315266,2025-09-30 10:56:59.503845
7.391219172038258,7.999985181819408,2025-09-30 10:56:59.503845
7.402058047736557,7.910067101297516,2025-09-30 10:56:59.503845
7.433752520864871,8.17603420147486,2025-09-30 10:56:59.503845
7.179428097917758,8.347631625880721,2025-09-30 10:56:59.503845
7.350777526300265,8.268781701564594,2025-09-30 10:56:59.503845
7.698725744665624,8.509878114988238,2025-09-30 10:56:59.503845
7.7922705802922385,8.249852679153149,2025-09-30 10:56:59.503845
7.451535006413562,8.28484538912584,2025-09-30 10:56:59.503845
7.757011660071229,8.59557879016446,2025-09-30 10:56:59.503845
7.2621564394005444,7.930619188879652,2025-09-30 10:56:59.503845
7.430953756858568,8.30549729738817,2025-09-30 10:56:59.503845
7.463821202448192,8.370134346406305,2025-09-30 10:56:59.503845
7.29711697945076,8.77714282306324,2025-09-30 10:56:59.503845
7.667390494400297,8.588006413487374,2025-09-30 10:56:59.503845
7.330262334753197,8.531187721711627,2025-09-30 10:56:59.503845
