motor_data,potencia_data,timestamp
0.1799735543448624,0.31928048467820147,2025-09-30 10:56:59.503845
0.1593723873875142,0.13316848177766172,2025-09-30 10:56:59.503845
0.18059770879863934,0.2730971327585109,2025-09-30 10:56:59.503845
0.17458259860151104,0.3690250291085698,2025-09-30 10:56:59.503845
0.1719451696019445,0.3825530239311091,2025-09-30 10:56:59.503845
0.18247128688354813,0.43026866983173806,2025-09-30 10:56:59.503845
0.18135120825117412,0.2366354683812238,2025-09-30 10:56:59.503845
0.20117477931309552,0.36990681432442485,2025-09-30 10:56:59.503845
0.18466107995022105,0.3285162705570194,2025-09-30 10:56:59.503845
0.1740307430235498,0.27504493345379755,2025-09-30 10:56:59.503845
0.18793125645720757,0.3696478622782154,2025-09-30 10:56:59.503845
0.19011273147451782,0.27697347629956326,2025-09-30 10:56:59.503845
0.13938712233706949,0.2615107563598546,2025-09-30 10:56:59.503845
0.18195941171794774,0.2710106333284586,2025-09-30 10:56:59.503845
0.1633789353621479,0.378029011619439,2025-09-30 10:56:59.503845
0.19999600553245983,0.3620652989092602,2025-09-30 10:56:59.503845
0.1737455164847264,0.41377224196025675,2025-09-30 10:56:59.503845
0.1809213826679887,0.3125265954472842,2025-09-30 10:56:59.503845
0.18690599639144206,0.4824663007273246,2025-09-30 10:56:59.503845
0.17552225082977477,0.3142370362598422,2025-09-30 10:56:59.503845
0.18809002278823278,0.2632742456001863,2025-09-30 10:56:59.503845
0.16734526285492557,0.25559235942763314,2025-09-30 10:56:59.503845
0.1789706374047175,0.2945219862188777,2025-09-30 10:56:59.503845
0.17222138507178333,0.14878792972007637,2025-09-30 10:56:59.503845
0.16839325806785652,0.32100403176334497,2025-09-30 10:56:59.503845
0.17564774576482675,0.219926382111621,2025-09-30 10:56:59.503845
0.19156377116707923,0.3666372110985462,2025-09-30 10:56:59.503845
0.17330168059505688,0.36255167633809543,2025-09-30 10:56:59.503845
0.1752704594902678,0.3827027497236749,2025-09-30 10:56:59.503845
0.14798909108207856,0.3590010311262411,2025-09-30 10:56:59.503845
0.19033525420765104,0.23630247457784004,2025-09-30 10:56:59.503845
0.18267616738379183,0.47512302036082654,2025-09-30 10:56:59.503845
0.1803055286917935,0.19007270982527255,2025-09-30 10:56:59.503845
0.1787475442083419,0.4067799283007101,2025-09-30 10:56:59.503845
0.20087714642083862,0.4083661036589694,2025-09-30 10:56:59.503845
0.1994425263258956,0.41670974760629426,2025-09-30 10:56:59.503845
0.17133074304297724,0.3824249814959323,2025-09-30 10:56:59.503845
0.17571588925861786,0.3473300459856323,2025-09-30 10:56:59.503845
0.20232685996800664,0.45167337206239294,2025-09-30 10:56:59.503845
0.16866819420522675,0.31501103930821606,2025-09-30 10:56:59.503845
0.17307639557230378,0.24142505984095006,2025-09-30 10:56:59.503845
0.1669199994187065,0.20429906785538277,2025-09-30 10:56:59.503845
0.18736750061729676,0.2811059304181376,2025-09-30 10:56:59.503845
0.1842155020044927,0.33196524590944065,2025-09-30 10:56:59.503845
0.1643830576241119,0.2932440994222486,2025-09-30 10:56:59.503845
0.18646085705081933,0.407412778649584,2025-09-30 10:56:59.503845
0.16063670667781016,0.3012167828318395,2025-09-30 10:56:59.503845
0.16278155376827225,0.3323464478379746,2025-09-30 10:56:59.503845
0.1765629379357017,0.18487020350851394,2025-09-30 10:56:59.503845
0.165156029131589,0.24195135518129263,2025-09-30 10:56:59.503845
0.17031867752505414,0.24877362261202224,2025-09-30 10:56:59.503845
0.1883701879235921,0.2921236115575736,2025-09-30 10:56:59.503845
0.20151207809156116,0.18810375428347004,2025-09-30 10:56:59.503845
0.18310688138501863,0.3507920256844434,2025-09-30 10:56:59.503845
0.17202704758424048,0.3242851777911543,2025-09-30 10:56:59.503845
0.19841551170055363,0.3017159786474167,2025-09-30 10:56:59.503845
0.18130019291829053,0.3016541715484256,2025-09-30 10:56:59.503845
0.1797539900517916,0.3246119643039827,2025-09-30 10:56:59.503845
0.16978790108109504,0.29226144347704436,2025-09-30 10:56:59.503845
0.1644236560046003,0.31489090674810083,2025-09-30 10:56:59.503845
0.1994221869411519,0.38557098632891085,2025-09-30 10:56:59.503845
0.1928016063752329,0.28224869978316647,2025-09-30 10:56:59.503845
0.20973339608500718,0.16708183863184828,2025-09-30 10:56:59.503845
0.20572226218730372,0.3001366281068383,2025-09-30 10:56:59.503845
0.15939737592302378,0.21902278520571403,2025-09-30 10:56:59.503845
0.15426390758393677,0.16229946932602893,2025-09-30 10:56:59.503845
0.1723942401705634,0.23867337789774046,2025-09-30 10:56:59.503845
0.17176668108271786,0.17334606389050758,2025-09-30 10:56:59.503845
0.1644454266674285,0.3356122221021302,2025-09-30 10:56:59.503845
0.18764967201221247,0.3559146126819747,2025-09-30 10:56:59.503845
0.1934997273894012,0.34639568195348386,2025-09-30 10:56:59.503845
0.20751935408201938,0.4313722031445313,2025-09-30 10:56:59.503845
0.1749028623263341,0.2507240025800239,2025-09-30 10:56:59.503845
0.18378456344380664,0.3404035940377958,2025-09-30 10:56:59.503845
0.20338407318095914,0.30228518676456345,2025-09-30 10:56:59.503845
0.17822021307092847,0.4785352160869311,2025-09-30 10:56:59.503845
0.18283274283614684,0.3256725979690568,2025-09-30 10:56:59.503845
0.18223076172679506,0.34722971753886783,2025-09-30 10:56:59.503845
0.18349503195333078,0.29938502896267066,2025-09-30 10:56:59.503845
0.1740496970208964,0.44879229116276,2025-09-30 10:56:59.503845
0.1651200262422474,0.2959025717708302,2025-09-30 10:56:59.503845
0.17745316767472158,0.31467178992630285,2025-09-30 10:56:59.503845
0.1690322174538028,0.3184490841758133,2025-09-30 10:56:59.503845
0.18313450090640643,0.19653062130063378,2025-09-30 10:56:59.503845
0.17935691238466586,0.2413490322126885,2025-09-30 10:56:59.503845
0.20376482302971274,0.39319502950388563,2025-09-30 10:56:59.503845
0.16574915033134424,0.3135680135610294,2025-09-30 10:56:59.503845
0.20273841194499778,0.3316687026096786,2025-09-30 10:56:59.503845
0.21408971626748452,0.41418309891618244,2025-09-30 10:56:59.503845
0.1894256059977848,0.4497534193586832,2025-09-30 10:56:59.503845
0.1730634033597674,0.2894992033262265,2025-09-30 10:56:59.503845
0.2036063792087342,0.43366575973009863,2025-09-30 10:56:59.503845
0.17552262016867798,0.21082611470319362,2025-09-30 10:56:59.503845
0.18855802180514086,0.47512183681260634,2025-09-30 10:56:59.503845
0.17676907316720522,0.3325776827856611,2025-09-30 10:56:59.503845
0.19137097174021153,0.18866756085757933,2025-09-30 10:56:59.503845
0.1696560693782703,0.4058175951725287,2025-09-30 10:56:59.503845
0.17902836299603073,0.4045744341023096,2025-09-30 10:56:59.503845
0.20368877601174415,0.35873322710367866,2025-09-30 10:56:59.503845
0.1736946119356283,0.2806315004061578,2025-09-30 10:56:59.503845
0.16513166827839332,0.3292360079266819,2025-09-30 10:56:59.503845
0.19418888088399772,0.25242725818579365,2025-09-30 10:56:59.503845
0.14165828023811344,0.4042884086384362,2025-09-30 10:56:59.503845
0.14928810920152075,0.3127626733484339,2025-09-30 10:56:59.503845
0.19525629283796075,0.34260671678626325,2025-09-30 10:56:59.503845
0.15662867943027833,0.33287806952434607,2025-09-30 10:56:59.503845
0.16626540517984542,0.2485206633167908,2025-09-30 10:56:59.503845
0.18663923456263817,0.5092004708859765,2025-09-30 10:56:59.503845
0.19304436798234256,0.21752751577285045,2025-09-30 10:56:59.503845
0.20301911880984708,0.35210431396538155,2025-09-30 10:56:59.503845
0.18475846277066274,0.40302402806195325,2025-09-30 10:56:59.503845
0.16200457546423655,0.21131530259896203,2025-09-30 10:56:59.503845
0.17400547313068604,0.5100436583421618,2025-09-30 10:56:59.503845
0.17096470340695122,0.2979853075521005,2025-09-30 10:56:59.503845
0.17638185252331262,0.29974583663644805,2025-09-30 10:56:59.503845
0.17414928619675468,0.40978115764269807,2025-09-30 10:56:59.503845
0.16882823021986323,0.3295479766190075,2025-09-30 10:56:59.503845
0.15876001625945244,0.3879157060579387,2025-09-30 10:56:59.503845
0.18017384077010895,0.2648346711067233,2025-09-30 10:56:59.503845
0.19392402076167026,0.38361351302088953,2025-09-30 10:56:59.503845
0.17868823313210866,0.40172507501895804,2025-09-30 10:56:59.503845
0.1571336270479072,0.3968867804664493,2025-09-30 10:56:59.503845
0.18696290129327436,0.2546748498786279,2025-09-30 10:56:59.503845
0.1768012082120059,0.5222432449808381,2025-09-30 10:56:59.503845
0.17023256723458163,0.35737128698909043,2025-09-30 10:56:59.503845
0.21337818349102164,0.22811031505259843,2025-09-30 10:56:59.503845
0.18090301789095867,0.31607815448901416,2025-09-30 10:56:59.503845
0.1797260308889541,0.3664314916588439,2025-09-30 10:56:59.503845
0.17037874948683185,0.43139362125941716,2025-09-30 10:56:59.503845
0.14734560691780577,0.4038681110713995,2025-09-30 10:56:59.503845
0.17626523653412324,0.309672380672385,2025-09-30 10:56:59.503845
0.15938735713637422,0.32436445942837167,2025-09-30 10:56:59.503845
0.21093887566703662,0.3154088134231394,2025-09-30 10:56:59.503845
0.151166347872017,0.30338927027734136,2025-09-30 10:56:59.503845
0.1576070714545671,0.3927673519390864,2025-09-30 10:56:59.503845
0.19898530591264904,0.3011004899138465,2025-09-30 10:56:59.503845
0.15867627156882197,0.3489351662318546,2025-09-30 10:56:59.503845
0.16599780977367817,0.26760100564342526,2025-09-30 10:56:59.503845
0.20763724713151568,0.12881961031206113,2025-09-30 10:56:59.503845
0.18599396184184844,0.3503494054861094,2025-09-30 10:56:59.503845
0.19162789242683803,0.2962496589687275,2025-09-30 10:56:59.503845
0.20426053060198826,0.2652720662624346,2025-09-30 10:56:59.503845
0.13101497860092592,0.45222491108576784,2025-09-30 10:56:59.503845
0.1742640681981771,0.2853964000085495,2025-09-30 10:56:59.503845
0.1983101416856494,0.3203951629671481,2025-09-30 10:56:59.503845
0.18369185628594972,0.27732381912227233,2025-09-30 10:56:59.503845
0.1634355115630795,0.3441032411856036,2025-09-30 10:56:59.503845
0.16704525223879574,0.2746396602382738,2025-09-30 10:56:59.503845
0.18708926255538733,0.27776770175285653,2025-09-30 10:56:59.503845
0.17065372538879686,0.4332240021298829,2025-09-30 10:56:59.503845
0.2106894337149094,0.38010683987743155,2025-09-30 10:56:59.503845
0.16607413580874666,0.24262865413712575,2025-09-30 10:56:59.503845
0.15054063113022859,0.25334921951043654,2025-09-30 10:56:59.503845
0.16882180195012897,0.36758670827226936,2025-09-30 10:56:59.503845
0.192282408499896,0.33539651603791715,2025-09-30 10:56:59.503845
0.17609545155638473,0.2576609059370016,2025-09-30 10:56:59.503845
0.20759818681831604,0.35989090872324575,2025-09-30 10:56:59.503845
0.17600944930834841,0.24284605864789205,2025-09-30 10:56:59.503845
0.18751137874630602,0.33104721420565897,2025-09-30 10:56:59.503845
0.1842397623360033,0.38416795142182164,2025-09-30 10:56:59.503845
0.18179892482388116,0.49473220138833107,2025-09-30 10:56:59.503845
0.18170334199537108,0.35155635151449405,2025-09-30 10:56:59.503845
0.15449251813141882,0.2697080290845624,2025-09-30 10:56:59.503845
0.19462011523302228,0.3895440962583322,2025-09-30 10:56:59.503845
0.1608893231078254,0.39130051381318864,2025-09-30 10:56:59.503845
0.17000667013652104,0.3329873258062896,2025-09-30 10:56:59.503845
0.14468548826588204,0.4240287027605227,2025-09-30 10:56:59.503845
0.1556594814535757,0.2227341976544508,2025-09-30 10:56:59.503845
0.17682684169394405,0.35038829452369125,2025-09-30 10:56:59.503845
0.1803405143203633,0.3572686504228021,2025-09-30 10:56:59.503845
0.17824117619597557,0.13818948419629426,2025-09-30 10:56:59.503845
0.1926302006484309,0.2560055580014905,2025-09-30 10:56:59.503845
0.15052417703549398,0.30532402447913626,2025-09-30 10:56:59.503845
0.1734196349063404,0.4486810952347517,2025-09-30 10:56:59.503845
0.19313080286765832,0.26951922939284434,2025-09-30 10:56:59.503845
0.1878908233194264,0.26804972126911164,2025-09-30 10:56:59.503845
0.19910846859573045,0.4223552566486444,2025-09-30 10:56:59.503845
0.15399989701397482,0.19704258226785074,2025-09-30 10:56:59.503845
0.18116310132658367,0.31125518135258085,2025-09-30 10:56:59.503845
0.17849177827078697,0.3266956993079727,2025-09-30 10:56:59.503845
0.20583631386346804,0.1730927273602321,2025-09-30 10:56:59.503845
0.19828243455129155,0.3606597983012373,2025-09-30 10:56:59.503845
0.1417950090401947,0.19325690653847225,2025-09-30 10:56:59.503845
0.1414487990730596,0.3643144089087253,2025-09-30 10:56:59.503845
0.17842174339973313,0.32939249690892514,2025-09-30 10:56:59.503845
0.15265328434909972,0.3439140998401709,2025-09-30 10:56:59.503845
0.18967237319483765,0.3645518903522664,2025-09-30 10:56:59.503845
0.1900470628933185,0.33910422552083097,2025-09-30 10:56:59.503845
0.16739155483417542,0.3742942946662499,2025-09-30 10:56:59.503845
0.20684172371261286,0.2867956396091857,2025-09-30 10:56:59.503845
0.17030334949799975,0.23580083936063898,2025-09-30 10:56:59.503845
0.16880326110594873,0.4225486748674912,2025-09-30 10:56:59.503845
0.1727541330402601,0.26908961595208686,2025-09-30 10:56:59.503845
0.1646500179611307,0.32553866602320036,2025-09-30 10:56:59.503845
0.17936373261390384,0.41723345959759606,2025-09-30 10:56:59.503845
0.18314331435083311,0.33101260840613783,2025-09-30 10:56:59.503845
0.15721342092934382,0.4932094920320207,2025-09-30 10:56:59.503845
0.20364846153844746,0.2863914847328993,2025-09-30 10:56:59.503845
0.1551356149899697,0.28729450427243347,2025-09-30 10:56:59.503845
0.18185653862757203,0.3740168361771745,2025-09-30 10:56:59.503845
0.17172576741937917,0.3664391297177977,2025-09-30 10:56:59.503845
0.1756512997396708,0.38584629187938163,2025-09-30 10:56:59.503845
0.20423441661812383,0.3015400854192848,2025-09-30 10:56:59.503845
0.17575926535592157,0.4067632394616875,2025-09-30 10:56:59.503845
0.16808744376421247,0.3058210918848014,2025-09-30 10:56:59.503845
0.1862948041941586,0.3860704758073874,2025-09-30 10:56:59.503845
0.1642341805577555,0.30107156571036714,2025-09-30 10:56:59.503845
0.19256524943924289,0.3548837618152693,2025-09-30 10:56:59.503845
0.13215298197949082,0.3860929509171781,2025-09-30 10:56:59.503845
0.1909794905463025,0.3827864357943369,2025-09-30 10:56:59.503845
0.21740496748142019,0.2565563334799373,2025-09-30 10:56:59.503845
0.1451363875090529,0.3025968439691407,2025-09-30 10:56:59.503845
0.18654054914924392,0.4164381645503236,2025-09-30 10:56:59.503845
0.1633047976815869,0.3348864947879441,2025-09-30 10:56:59.503845
0.184792592482978,0.48322575106438415,2025-09-30 10:56:59.503845
0.1571092213641951,0.42130294114514,2025-09-30 10:56:59.503845
0.17430391015388835,0.25763589654534114,2025-09-30 10:56:59.503845
0.15963991700620506,0.3801141341356323,2025-09-30 10:56:59.503845
0.19021166003538673,0.25965361644519824,2025-09-30 10:56:59.503845
0.1732540874117285,0.27015792506812764,2025-09-30 10:56:59.503845
0.16000205373301418,0.3303643548484557,2025-09-30 10:56:59.503845
0.18301863995837328,0.2513215771322353,2025-09-30 10:56:59.503845
0.17130872284720688,0.44460037887397685,2025-09-30 10:56:59.503845
0.1650316919429484,0.42790696662834216,2025-09-30 10:56:59.503845
0.1774165870625104,0.3819328287306244,2025-09-30 10:56:59.503845
0.1590674027394894,0.3041555868768091,2025-09-30 10:56:59.503845
0.19792531049478881,0.34769628414395004,2025-09-30 10:56:59.503845
0.18700395159881877,0.2704921605683608,2025-09-30 10:56:59.503845
0.1793846483521158,0.3011240784745922,2025-09-30 10:56:59.503845
0.18144425916824627,0.3776949735397802,2025-09-30 10:56:59.503845
0.19935825768808652,0.2609526640542518,2025-09-30 10:56:59.503845
0.16720684751575454,0.3538803428757175,2025-09-30 10:56:59.503845
0.161472378798645,0.31592669525641537,2025-09-30 10:56:59.503845
0.18167669647086787,0.2669522808883722,2025-09-30 10:56:59.503845
0.1877192217235297,0.23491206219854313,2025-09-30 10:56:59.503845
0.16778431011302045,0.287986846470374,2025-09-30 10:56:59.503845
0.15228673914963328,0.3616495148744187,2025-09-30 10:56:59.503845
0.20118614926864287,0.38373313471018144,2025-09-30 10:56:59.503845
0.1650649231102805,0.27800124884224164,2025-09-30 10:56:59.503845
0.17761759928417487,0.2610810979356547,2025-09-30 10:56:59.503845
0.2002748371051622,0.3580660827026971,2025-09-30 10:56:59.503845
0.15675614839075774,0.2999026084099978,2025-09-30 10:56:59.503845
0.17016327879977738,0.43109073775728246,2025-09-30 10:56:59.503845
0.17893543618460625,0.3856563334127407,2025-09-30 10:56:59.503845
0.17424309085209722,0.16519914958906307,2025-09-30 10:56:59.503845
0.16356738754340044,0.3603711925397168,2025-09-30 10:56:59.503845
0.1969381810850742,0.36576205840834086,2025-09-30 10:56:59.503845
0.16053235071202038,0.31605808840668614,2025-09-30 10:56:59.503845
0.14812477948321007,0.16592678165614783,2025-09-30 10:56:59.503845
0.1778287937631189,0.38917511048775827,2025-09-30 10:56:59.503845
0.17130729356764876,0.3784095912749924,2025-09-30 10:56:59.503845
0.18173483190445527,0.2695666817698258,2025-09-30 10:56:59.503845
0.16739796441809826,0.37148663420216466,2025-09-30 10:56:59.503845
0.21204772386948975,0.2517747921002817,2025-09-30 10:56:59.503845
0.19494492302259608,0.44383164311719586,2025-09-30 10:56:59.503845
0.20373852902646392,0.3620780992348345,2025-09-30 10:56:59.503845
0.16611284521523978,0.46053872527731365,2025-09-30 10:56:59.503845
0.18513330834140276,0.36882776563988195,2025-09-30 10:56:59.503845
0.1623786285986227,0.282694590241965,2025-09-30 10:56:59.503845
0.20025276841620737,0.33063383047329936,2025-09-30 10:56:59.503845
0.17248368343109466,0.22797392801814464,2025-09-30 10:56:59.503845
0.1931263295882556,0.31816781796047927,2025-09-30 10:56:59.503845
0.17389737002355699,0.370329123956896,2025-09-30 10:56:59.503845
0.15012501394039549,0.4014594427976944,2025-09-30 10:56:59.503845
0.19191445534132223,0.38868617208563416,2025-09-30 10:56:59.503845
0.1727800184599223,0.24806585667245276,2025-09-30 10:56:59.503845
0.2100137846105795,0.2769355055478931,2025-09-30 10:56:59.503845
0.1625275072824483,0.26488511764405115,2025-09-30 10:56:59.503845
0.20747345716902443,0.2658347210972217,2025-09-30 10:56:59.503845
0.18370269574002515,0.40391213271263376,2025-09-30 10:56:59.503845
0.19011168017747546,0.49237753400234174,2025-09-30 10:56:59.503845
0.18237034948698866,0.356591926666336,2025-09-30 10:56:59.503845
0.18185353753338412,0.34865361943041656,2025-09-30 10:56:59.503845
0.1886249740068348,0.32214430063641103,2025-09-30 10:56:59.503845
0.17311191815237778,0.35165243969710924,2025-09-30 10:56:59.503845
0.1845145338366195,0.48722444443151186,2025-09-30 10:56:59.503845
0.17012006092543322,0.2882410015814081,2025-09-30 10:56:59.503845
0.20188925054958773,0.28658204717696545,2025-09-30 10:56:59.503845
0.1958148424165727,0.4723334016345274,2025-09-30 10:56:59.503845
0.1797659071892843,0.3111090911663337,2025-09-30 10:56:59.503845
0.16961276953680984,0.35743160160971293,2025-09-30 10:56:59.503845
0.15739783839239785,0.3723890354426209,2025-09-30 10:56:59.503845
0.17712697774693886,0.330311398377681,2025-09-30 10:56:59.503845
0.1722500913247749,0.3695375938869356,2025-09-30 10:56:59.503845
0.16850588030071897,0.41011406379437787,2025-09-30 10:56:59.503845
0.17063558285392527,0.42573363370830003,2025-09-30 10:56:59.503845
0.15796127166967414,0.24185237859897202,2025-09-30 10:56:59.503845
0.17663831417886264,0.5190755772413114,2025-09-30 10:56:59.503845
0.17902323971629805,0.41033161748364333,2025-09-30 10:56:59.503845
0.171952997993634,0.35849855819310555,2025-09-30 10:56:59.503845
0.164455893173383,0.36477545690704216,2025-09-30 10:56:59.503845
0.18206368394630365,0.36941467673348194,2025-09-30 10:56:59.503845
0.16161318495282967,0.3466491348210673,2025-09-30 10:56:59.503845
0.16946116816272289,0.27948771768879166,2025-09-30 10:56:59.503845
0.1753168720808729,0.3775629807802631,2025-09-30 10:56:59.503845
0.1785696513050112,0.4417233222635847,2025-09-30 10:56:59.503845
0.19240935075430837,0.32676220192519356,2025-09-30 10:56:59.503845
0.18560987982997132,0.3574138014508998,2025-09-30 10:56:59.503845
0.17699221669113374,0.35799070322596244,2025-09-30 10:56:59.503845
0.16505093541033267,0.4252389837941839,2025-09-30 10:56:59.503845
0.1689481988810597,0.33767753118507526,2025-09-30 10:56:59.503845
0.16579629875938057,0.3254650854625333,2025-09-30 10:56:59.503845
0.17611721985505036,0.27537224284470163,2025-09-30 10:56:59.503845
0.18504063511910737,0.36702935492454625,2025-09-30 10:56:59.503845
0.19308744954566598,0.540615813988431,2025-09-30 10:56:59.503845
0.16402335111727503,0.392428746635872,2025-09-30 10:56:59.503845
0.2028050834885004,0.4363349053415285,2025-09-30 10:56:59.503845
0.1690397858160704,0.2519620499583226,2025-09-30 10:56:59.503845
0.17417826476278517,0.37485625127991967,2025-09-30 10:56:59.503845
0.20723679522874808,0.3692050708285922,2025-09-30 10:56:59.503845
0.18428862230099752,0.3019962220010352,2025-09-30 10:56:59.503845
0.13917169375158453,0.47597429480394204,2025-09-30 10:56:59.503845
0.18972034381273684,0.2983791494059274,2025-09-30 10:56:59.503845
0.20029624679736696,0.43374672120214475,2025-09-30 10:56:59.503845
0.1779978063247102,0.24743778712982722,2025-09-30 10:56:59.503845
0.15878886768267642,0.16003257460600545,2025-09-30 10:56:59.503845
0.20360374717948132,0.3166352229544503,2025-09-30 10:56:59.503845
0.16580212757427848,0.3954348130348926,2025-09-30 10:56:59.503845
0.15436342036292,0.35223576502369536,2025-09-30 10:56:59.503845
0.20336862607283304,0.3337529001399824,2025-09-30 10:56:59.503845
0.18122296294741408,0.359948842338763,2025-09-30 10:56:59.503845
0.1589134538973062,0.20124127297289612,2025-09-30 10:56:59.503845
0.19208581608382555,0.3514370577994001,2025-09-30 10:56:59.503845
0.19084238125450112,0.42505646850647627,2025-09-30 10:56:59.503845
0.1794964358947154,0.3634245935201932,2025-09-30 10:56:59.503845
0.19565604957475502,0.398043871270559,2025-09-30 10:56:59.503845
0.198147226269882,0.3471866881001733,2025-09-30 10:56:59.503845
0.17387441500789022,0.3032818105894943,2025-09-30 10:56:59.503845
0.1524636131710211,0.3515178474727928,2025-09-30 10:56:59.503845
0.17056259812164576,0.42154120543658025,2025-09-30 10:56:59.503845
0.17806363400176634,0.19737879013522544,2025-09-30 10:56:59.503845
0.1880952675833022,0.25801319461659444,2025-09-30 10:56:59.503845
0.1756399930748554,0.16654384725607863,2025-09-30 10:56:59.503845
0.1906082539313119,0.3262173177582032,2025-09-30 10:56:59.503845
0.16585402749458986,0.3990722817334615,2025-09-30 10:56:59.503845
0.13765442183499904,0.3443184290611661,2025-09-30 10:56:59.503845
0.16906677933296324,0.27153424372112717,2025-09-30 10:56:59.503845
0.20404652590215067,0.34323835294965355,2025-09-30 10:56:59.503845
0.18131900214353736,0.32547550211517556,2025-09-30 10:56:59.503845
0.17169603908661085,0.2524674192444526,2025-09-30 10:56:59.503845
0.19027597683634467,0.2660796430755895,2025-09-30 10:56:59.503845
0.17675260885750715,0.3768614908364168,2025-09-30 10:56:59.503845
0.1893123198473101,0.29035982142161965,2025-09-30 10:56:59.503845
0.19284063179334807,0.1809267063609896,2025-09-30 10:56:59.503845
0.20091638436767817,0.39582780133310197,2025-09-30 10:56:59.503845
0.19913453572847056,0.4104468787583878,2025-09-30 10:56:59.503845
0.15151874526986184,0.29985111190718916,2025-09-30 10:56:59.503845
0.19505322629143806,0.31210637112634865,2025-09-30 10:56:59.503845
0.17546243648745588,0.38038710648675866,2025-09-30 10:56:59.503845
0.15925101349985057,0.24452331908956082,2025-09-30 10:56:59.503845
0.17227784268349158,0.3545069379834918,2025-09-30 10:56:59.503845
0.15951488215813958,0.43515675403231846,2025-09-30 10:56:59.503845
0.16543137568728838,0.4192220575173894,2025-09-30 10:56:59.503845
0.19311618946192233,0.2113029605040902,2025-09-30 10:56:59.503845
0.18288433687749345,0.24232471729927157,2025-09-30 10:56:59.503845
0.16990951567262425,0.265842471467256,2025-09-30 10:56:59.503845
0.17293508956494427,0.33207270328908106,2025-09-30 10:56:59.503845
0.18621756565487793,0.2648569050903585,2025-09-30 10:56:59.503845
0.1589261494561031,0.4789821524406176,2025-09-30 10:56:59.503845
0.1940383298859013,0.3616200819063946,2025-09-30 10:56:59.503845
0.17338007164112396,0.3898872493623615,2025-09-30 10:56:59.503845
0.19204860451286296,0.3287468960477874,2025-09-30 10:56:59.503845
0.15434146090998252,0.24070366240355956,2025-09-30 10:56:59.503845
0.1849692917706276,0.3641410145678156,2025-09-30 10:56:59.503845
0.18986104517370653,0.3107446123368386,2025-09-30 10:56:59.503845
0.1834239663720804,0.3472936665021433,2025-09-30 10:56:59.503845
0.18607765323322037,0.3165404121014405,2025-09-30 10:56:59.503845
0.18418162769882812,0.20337163504150962,2025-09-30 10:56:59.503845
0.17410887803181024,0.28441615999287845,2025-09-30 10:56:59.503845
0.18293042581205957,0.270239253624288,2025-09-30 10:56:59.503845
0.1910287779625105,0.15491758475454137,2025-09-30 10:56:59.503845
0.18434854329504977,0.4277257104192116,2025-09-30 10:56:59.503845
0.17587886541239933,0.3150638783857205,2025-09-30 10:56:59.503845
0.1885315289478601,0.36131418161026047,2025-09-30 10:56:59.503845
0.1875202175085393,0.26396905615733834,2025-09-30 10:56:59.503845
0.19691355457904391,0.2972029757718739,2025-09-30 10:56:59.503845
0.18237898455349486,0.33086334255972616,2025-09-30 10:56:59.503845
0.2081368803823193,0.27005597333860465,2025-09-30 10:56:59.503845
0.17558392064228945,0.29232239031413393,2025-09-30 10:56:59.503845
0.19884720725497607,0.48110779230651424,2025-09-30 10:56:59.503845
0.1713990286248259,0.46529076678984016,2025-09-30 10:56:59.503845
0.15714172020908823,0.307852794934587,2025-09-30 10:56:59.503845
0.18559914770334274,0.37806179252647454,2025-09-30 10:56:59.503845
0.18280047469167413,0.34583558684716964,2025-09-30 10:56:59.503845
0.1800146802765412,0.24962392186792434,2025-09-30 10:56:59.503845
0.1725646882697239,0.28645563553127357,2025-09-30 10:56:59.503845
0.16136528267407219,0.34625576000240743,2025-09-30 10:56:59.503845
0.15981660420356936,0.2595159419379688,2025-09-30 10:56:59.503845
0.17968721195935847,0.37885239965876183,2025-09-30 10:56:59.503845
0.17702804888318652,0.40502600739428074,2025-09-30 10:56:59.503845
0.19914133919279592,0.4771981961007958,2025-09-30 10:56:59.503845
0.15873311138606558,0.27231625204443777,2025-09-30 10:56:59.503845
0.17920997251023957,0.4752502061611684,2025-09-30 10:56:59.503845
0.17735598676350653,0.2393671867632185,2025-09-30 10:56:59.503845
0.17798358035402323,0.3180158584785929,2025-09-30 10:56:59.503845
0.15458057916930085,0.4366758645934495,2025-09-30 10:56:59.503845
0.17986655044137323,0.5343465453543641,2025-09-30 10:56:59.503845
0.1839376148439413,0.34988935887732275,2025-09-30 10:56:59.503845
0.17698562126245554,0.3903438365623095,2025-09-30 10:56:59.503845
0.1661885701054449,0.4046762356473319,2025-09-30 10:56:59.503845
0.18593568772293625,0.3388063758254679,2025-09-30 10:56:59.503845
0.17596290395084538,0.3680375287655869,2025-09-30 10:56:59.503845
0.15990593685467494,0.3688971910693886,2025-09-30 10:56:59.503845
0.16732201526770624,0.4140524284817244,2025-09-30 10:56:59.503845
0.17594587900787206,0.23099185486757945,2025-09-30 10:56:59.503845
0.16334806905553578,0.41208304423947373,2025-09-30 10:56:59.503845
0.17066388511291225,0.43302719902954784,2025-09-30 10:56:59.503845
0.17548217301463942,0.3664207675388256,2025-09-30 10:56:59.503845
0.18844729748417516,0.37915987957178765,2025-09-30 10:56:59.503845
0.16437025156783083,0.3159411633705587,2025-09-30 10:56:59.503845
0.19497483867882037,0.3226999471235257,2025-09-30 10:56:59.503845
0.169080752772766,0.2652913113341847,2025-09-30 10:56:59.503845
0.17626034238891786,0.2754346157875117,2025-09-30 10:56:59.503845
0.16855254234010247,0.32338372832736767,2025-09-30 10:56:59.503845
0.1905927483936962,0.3648479111584961,2025-09-30 10:56:59.503845
0.17131261513094348,0.301695118169391,2025-09-30 10:56:59.503845
0.14973423120605384,0.32679846192097495,2025-09-30 10:56:59.503845
0.1993056104328604,0.2010414341146084,2025-09-30 10:56:59.503845
0.18170934616929024,0.23526805883376062,2025-09-30 10:56:59.503845
0.1824283284329058,0.3213764318218777,2025-09-30 10:56:59.503845
0.20373662448298618,0.3503962537896538,2025-09-30 10:56:59.503845
0.14493304813791597,0.2582892485100862,2025-09-30 10:56:59.503845
0.20635888483405956,0.19793397262127746,2025-09-30 10:56:59.503845
0.18470769427922118,0.3097119784360736,2025-09-30 10:56:59.503845
0.16898088779125106,0.2553581323026224,2025-09-30 10:56:59.503845
0.19192156333837615,0.43487249376604326,2025-09-30 10:56:59.503845
0.19041799769244477,0.22263850728621043,2025-09-30 10:56:59.503845
0.19383103236262195,0.3292305979840232,2025-09-30 10:56:59.503845
0.15955766488956416,0.2700759801556939,2025-09-30 10:56:59.503845
0.18931811878095015,0.29844990719871217,2025-09-30 10:56:59.503845
0.13339234947111564,0.3608946091850462,2025-09-30 10:56:59.503845
0.17328207785635993,0.3449169766428521,2025-09-30 10:56:59.503845
0.17240586648606324,0.29471017106943376,2025-09-30 10:56:59.503845
0.19111082099941112,0.17193640031589924,2025-09-30 10:56:59.503845
0.19550622520838093,0.37182828995952816,2025-09-30 10:56:59.503845
0.1909627331634612,0.4219755616456643,2025-09-30 10:56:59.503845
0.16628226399748836,0.2795195574813718,2025-09-30 10:56:59.503845
0.17190849403149025,0.22775600390160078,2025-09-30 10:56:59.503845
0.19284569105712362,0.3072488833707985,2025-09-30 10:56:59.503845
0.22175908899738347,0.27735152552782705,2025-09-30 10:56:59.503845
0.20215861130135274,0.2278186589172302,2025-09-30 10:56:59.503845
0.20151717690565096,0.28151694298415436,2025-09-30 10:56:59.503845
0.2287923259996083,0.32648742078363685,2025-09-30 10:56:59.503845
0.18411345112556154,0.2144511942314829,2025-09-30 10:56:59.503845
0.20136561542843096,0.2794736897745377,2025-09-30 10:56:59.503845
0.20364958296597738,0.3808986555574779,2025-09-30 10:56:59.503845
0.18386916710133577,0.30950043424065365,2025-09-30 10:56:59.503845
0.17589000623335269,0.39809677724306375,2025-09-30 10:56:59.503845
0.19081267986710623,0.37461903318217393,2025-09-30 10:56:59.503845
0.1908694292391383,0.3491814039609945,2025-09-30 10:56:59.503845
0.19179433366676446,0.2704096994628319,2025-09-30 10:56:59.503845
0.1989736464816344,0.3826517718650769,2025-09-30 10:56:59.503845
0.18560042809928534,0.36771501318752664,2025-09-30 10:56:59.503845
0.17687521070954698,0.37359007695326873,2025-09-30 10:56:59.503845
0.1598534773561468,0.38151909523388683,2025-09-30 10:56:59.503845
0.17716903398926626,0.28552891243240425,2025-09-30 10:56:59.503845
0.19043196281717148,0.3772696426526264,2025-09-30 10:56:59.503845
0.1933009776930881,0.304963162643144,2025-09-30 10:56:59.503845
0.1562832107243071,0.4626128762638675,2025-09-30 10:56:59.503845
0.1861970716855653,0.42625930621492514,2025-09-30 10:56:59.503845
0.19486217220592916,0.3100380354372545,2025-09-30 10:56:59.503845
0.18158406131021615,0.28135496837939095,2025-09-30 10:56:59.503845
0.16359627739431093,0.31378157494984277,2025-09-30 10:56:59.503845
0.1685120922528806,0.2674776048095392,2025-09-30 10:56:59.503845
0.18426583039123362,0.341588469488461,2025-09-30 10:56:59.503845
0.18677571900859855,0.37595240775091654,2025-09-30 10:56:59.503845
0.22441882102259925,0.4085522662575882,2025-09-30 10:56:59.503845
0.19919176415458056,0.45212919782023403,2025-09-30 10:56:59.503845
0.17309542975185951,0.2986224852361007,2025-09-30 10:56:59.503845
0.15765011883053678,0.37317378611380725,2025-09-30 10:56:59.503845
0.16552475235867334,0.34862516568192947,2025-09-30 10:56:59.503845
0.1771651763735434,0.2868262053192398,2025-09-30 10:56:59.503845
0.17641291477991655,0.279646073702228,2025-09-30 10:56:59.503845
0.1794001860481383,0.25920687338077275,2025-09-30 10:56:59.503845
0.18605177481836105,0.4678407436733447,2025-09-30 10:56:59.503845
0.20029818328748192,0.3820737283502886,2025-09-30 10:56:59.503845
0.1379201721054751,0.3053647553863769,2025-09-30 10:56:59.503845
0.1681484621506154,0.2469934805935209,2025-09-30 10:56:59.503845
0.15996065456817873,0.29702825150304124,2025-09-30 10:56:59.503845
0.19765353583478076,0.38421753226145716,2025-09-30 10:56:59.503845
0.17799389766469081,0.23836046155854748,2025-09-30 10:56:59.503845
0.1523732935670074,0.30628661324066714,2025-09-30 10:56:59.503845
0.20006610186988175,0.3289429853769964,2025-09-30 10:56:59.503845
0.17495906757189855,0.2645526262688782,2025-09-30 10:56:59.503845
0.19098930574216658,0.2584842158039173,2025-09-30 10:56:59.503845
0.19118547376643785,0.41511850293949587,2025-09-30 10:56:59.503845
0.20628676631809245,0.26583688823621415,2025-09-30 10:56:59.503845
0.16929279783477233,0.15527201054413156,2025-09-30 10:56:59.503845
0.19001308855293184,0.38941836427429716,2025-09-30 10:56:59.503845
0.18110829975513612,0.3260290636503983,2025-09-30 10:56:59.503845
0.17161976224971584,0.3515353665767222,2025-09-30 10:56:59.503845
0.17773778775692048,0.315432704336913,2025-09-30 10:56:59.503845
0.18416654851880535,0.3088624472234652,2025-09-30 10:56:59.503845
0.1891549482054553,0.297395040660337,2025-09-30 10:56:59.503845
0.17006924794325234,0.267103119443879,2025-09-30 10:56:59.503845
0.1797600825957312,0.26781591249835246,2025-09-30 10:56:59.503845
0.19917756190300095,0.3546825412577033,2025-09-30 10:56:59.503845
0.1706503817590439,0.4375576659241433,2025-09-30 10:56:59.503845
0.19326302294361694,0.328193193931473,2025-09-30 10:56:59.503845
0.20189992344916358,0.28113720124703057,2025-09-30 10:56:59.503845
0.1682326064281422,0.3529874227854497,2025-09-30 10:56:59.503845
0.1713865006057773,0.30883363237516687,2025-09-30 10:56:59.503845
0.1840639155799724,0.4029554768581963,2025-09-30 10:56:59.503845
0.16788091350655254,0.37125253184098084,2025-09-30 10:56:59.503845
0.16633187543992903,0.3548251272933368,2025-09-30 10:56:59.503845
0.15047076811731902,0.30814349951449543,2025-09-30 10:56:59.503845
0.1712362974732482,0.32886632677136496,2025-09-30 10:56:59.503845
0.17902811907958538,0.4434887070640843,2025-09-30 10:56:59.503845
0.19186862840863222,0.17291617264331238,2025-09-30 10:56:59.503845
0.16077860917890469,0.32787494375474974,2025-09-30 10:56:59.503845
0.16394186138726172,0.2945426015835334,2025-09-30 10:56:59.503845
0.20161398300953767,0.36054225779229104,2025-09-30 10:56:59.503845
0.21930655669920887,0.33181415826725763,2025-09-30 10:56:59.503845
0.18037479824142177,0.3047380806112505,2025-09-30 10:56:59.503845
0.2095759113225436,0.43445053622361934,2025-09-30 10:56:59.503845
0.16633586637717304,0.34239571720438133,2025-09-30 10:56:59.503845
0.1871476843133887,0.4380917953814632,2025-09-30 10:56:59.503845
0.16180388019780453,0.3480759540372486,2025-09-30 10:56:59.503845
0.15301525096756222,0.3281735276664161,2025-09-30 10:56:59.503845
0.16281001049115054,0.2605904080294739,2025-09-30 10:56:59.503845
0.18202812398196466,0.24824994780533277,2025-09-30 10:56:59.503845
0.18812087572771938,0.44390992223649917,2025-09-30 10:56:59.503845
0.2073532501521091,0.45918190086883137,2025-09-30 10:56:59.503845
0.17528901635880653,0.29858987205493814,2025-09-30 10:56:59.503845
0.1883432880223995,0.37370023948638686,2025-09-30 10:56:59.503845
0.19451747761629717,0.3203009874294804,2025-09-30 10:56:59.503845
0.16894996255800224,0.27570704299369464,2025-09-30 10:56:59.503845
0.19456180354997865,0.2053362450951014,2025-09-30 10:56:59.503845
0.18104061236578314,0.4364577813563624,2025-09-30 10:56:59.503845
0.17132030247623706,0.2815052095866849,2025-09-30 10:56:59.503845
0.20069955632470865,0.4069064080212768,2025-09-30 10:56:59.503845
0.19723651576399634,0.40877746045742797,2025-09-30 10:56:59.503845
0.19545350868354835,0.40461599717770513,2025-09-30 10:56:59.503845
0.1609782708184007,0.4012705639984463,2025-09-30 10:56:59.503845
0.18939210880933216,0.35902868700706203,2025-09-30 10:56:59.503845
0.16787779388856494,0.3513590959264218,2025-09-30 10:56:59.503845
0.17619464042226082,0.3905704176119406,2025-09-30 10:56:59.503845
0.17567113584650879,0.21719147190120164,2025-09-30 10:56:59.503845
0.1622254321348066,0.41263526157842123,2025-09-30 10:56:59.503845
0.186415444728357,0.2868807861576432,2025-09-30 10:56:59.503845
0.1576245739726472,0.2809744460577047,2025-09-30 10:56:59.503845
0.1661209620089401,0.2219269623379912,2025-09-30 10:56:59.503845
0.17929322252013796,0.1826768723581512,2025-09-30 10:56:59.503845
0.19341968104318852,0.25006095363708336,2025-09-30 10:56:59.503845
0.1661091708263095,0.2526164847979149,2025-09-30 10:56:59.503845
0.17308607414954874,0.2586818494033045,2025-09-30 10:56:59.503845
0.13479738764671093,0.38768927418262533,2025-09-30 10:56:59.503845
0.15708894742842722,0.28153667822643585,2025-09-30 10:56:59.503845
0.15665731163949884,0.38161171400332783,2025-09-30 10:56:59.503845
0.16283947658861375,0.3573941950100024,2025-09-30 10:56:59.503845
0.1731802565874129,0.34620595291521183,2025-09-30 10:56:59.503845
0.14948250227845422,0.38724309178300786,2025-09-30 10:56:59.503845
0.16112737123483023,0.2721476528510822,2025-09-30 10:56:59.503845
0.16632222771428287,0.45498139428288625,2025-09-30 10:56:59.503845
0.1572174149341531,0.46395454092967137,2025-09-30 10:56:59.503845
0.1890396636025521,0.2129478796597078,2025-09-30 10:56:59.503845
0.16053292090413063,0.27078560617354663,2025-09-30 10:56:59.503845
0.18046664447526664,0.30866674493002777,2025-09-30 10:56:59.503845
0.18093463377359964,0.37485858898897456,2025-09-30 10:56:59.503845
0.1758574424191744,0.2742101796737766,2025-09-30 10:56:59.503845
0.1755694555173075,0.36750339787032416,2025-09-30 10:56:59.503845
0.16744061949616887,0.34444661458283693,2025-09-30 10:56:59.503845
0.15995204600372476,0.27348628108787454,2025-09-30 10:56:59.503845
0.18134538674708217,0.2620423259822741,2025-09-30 10:56:59.503845
0.18064361777350316,0.32609110600280133,2025-09-30 10:56:59.503845
0.20049680672827064,0.271634885203841,2025-09-30 10:56:59.503845
0.18690751857740712,0.31073620436527544,2025-09-30 10:56:59.503845
0.1804410995235965,0.13157953307729212,2025-09-30 10:56:59.503845
0.17617565580780878,0.39825522560413934,2025-09-30 10:56:59.503845
0.17417940828687523,0.39292554916302813,2025-09-30 10:56:59.503845
0.16774561312672176,0.3042024609995191,2025-09-30 10:56:59.503845
0.17557319659311754,0.297098306939092,2025-09-30 10:56:59.503845
0.18026372249319175,0.39478414218204905,2025-09-30 10:56:59.503845
0.1718993784638951,0.3221390732794825,2025-09-30 10:56:59.503845
0.19429222809351213,0.2861892344412036,2025-09-30 10:56:59.503845
0.16376124749371557,0.41364020760108167,2025-09-30 10:56:59.503845
0.1769474628418441,0.3022767562438842,2025-09-30 10:56:59.503845
0.16989058954910147,0.3007795917259956,2025-09-30 10:56:59.503845
0.15093206833197578,0.3284791561810906,2025-09-30 10:56:59.503845
0.17845315276568907,0.33577109536465327,2025-09-30 10:56:59.503845
0.19536166672385846,0.3360767378195762,2025-09-30 10:56:59.503845
0.1793725142902955,0.2527700193902619,2025-09-30 10:56:59.503845
0.1892701718963692,0.3013285862000772,2025-09-30 10:56:59.503845
0.18153265994573092,0.2842712340487832,2025-09-30 10:56:59.503845
0.16433270267181715,0.3109267364752085,2025-09-30 10:56:59.503845
0.1604137000109383,0.44389007521494006,2025-09-30 10:56:59.503845
0.17678584667544997,0.34089470790753834,2025-09-30 10:56:59.503845
0.18108102497597403,0.4095662896388215,2025-09-30 10:56:59.503845
0.16421589253381114,0.2474465402259467,2025-09-30 10:56:59.503845
0.17753743398012586,0.32954510608221155,2025-09-30 10:56:59.503845
0.15292048394275956,0.30729162600621374,2025-09-30 10:56:59.503845
0.1508082147631758,0.39438782496004116,2025-09-30 10:56:59.503845
0.18794347000196016,0.21891365897179665,2025-09-30 10:56:59.503845
0.19543527214487144,0.4026937836374913,2025-09-30 10:56:59.503845
0.15912935922135377,0.2453899886052933,2025-09-30 10:56:59.503845
0.17530897904146397,0.2635086513423241,2025-09-30 10:56:59.503845
0.16591038937851785,0.3362567683468388,2025-09-30 10:56:59.503845
0.18559985420623618,0.26888213237441694,2025-09-30 10:56:59.503845
0.17087047114520187,0.2748678154792567,2025-09-30 10:56:59.503845
0.181385234647112,0.3187800751781291,2025-09-30 10:56:59.503845
0.18771152799722773,0.4116974872669912,2025-09-30 10:56:59.503845
0.172802391408881,0.30760097230219063,2025-09-30 10:56:59.503845
0.18508192705645107,0.2945564275219522,2025-09-30 10:56:59.503845
0.1444846546833261,0.26407609766646506,2025-09-30 10:56:59.503845
0.18076677226627383,0.35974936413546177,2025-09-30 10:56:59.503845
0.17489382926479535,0.40237986446792073,2025-09-30 10:56:59.503845
0.1674390513167697,0.36900582002570015,2025-09-30 10:56:59.503845
0.2159052268060545,0.22036455665436183,2025-09-30 10:56:59.503845
0.15017939905913136,0.4806204242598521,2025-09-30 10:56:59.503845
0.17735492525907848,0.2613294608388943,2025-09-30 10:56:59.503845
0.19233712441674594,0.3407425492910826,2025-09-30 10:56:59.503845
0.16260843474990522,0.2675439053240672,2025-09-30 10:56:59.503845
0.15910687954771247,0.3385374537652837,2025-09-30 10:56:59.503845
0.17132833052575172,0.4238098026828733,2025-09-30 10:56:59.503845
0.1312526347243994,0.27054224473375943,2025-09-30 10:56:59.503845
0.16037249963479103,0.35239268762301823,2025-09-30 10:56:59.503845
0.19004692826845443,0.31682754956389814,2025-09-30 10:56:59.503845
0.19807005080098736,0.43198060546477984,2025-09-30 10:56:59.503845
0.1549126325596403,0.3702476879651193,2025-09-30 10:56:59.503845
0.16338037805544237,0.25441202056026735,2025-09-30 10:56:59.503845
0.21350745847598812,0.3726612476302965,2025-09-30 10:56:59.503845
0.16740591469176397,0.269585756235255,2025-09-30 10:56:59.503845
0.2105907844023324,0.18414968258761277,2025-09-30 10:56:59.503845
0.15819090287301843,0.2593773325226132,2025-09-30 10:56:59.503845
0.15414825296596993,0.3700225201725125,2025-09-30 10:56:59.503845
0.1929474043183528,0.2950457385383724,2025-09-30 10:56:59.503845
0.19737089225720122,0.306674979749015,2025-09-30 10:56:59.503845
0.15663161056577127,0.319329601270171,2025-09-30 10:56:59.503845
0.17354010637244555,0.3306132779034311,2025-09-30 10:56:59.503845
0.18427337363262855,0.42775870306471137,2025-09-30 10:56:59.503845
0.17657622432127898,0.17761419805839704,2025-09-30 10:56:59.503845
0.16169895721384878,0.36435242769556286,2025-09-30 10:56:59.503845
0.19282315371346603,0.37754140759436705,2025-09-30 10:56:59.503845
0.16756598396306366,0.24340185766673295,2025-09-30 10:56:59.503845
0.19014669674360116,0.3894848001854534,2025-09-30 10:56:59.503845
0.20593299301278453,0.39076351626325706,2025-09-30 10:56:59.503845
0.17278666097834663,0.2949655355788907,2025-09-30 10:56:59.503845
0.18323077689686385,0.23297227101465978,2025-09-30 10:56:59.503845
0.17426593703453627,0.3383634434385973,2025-09-30 10:56:59.503845
0.18856172502060686,0.3925410351609293,2025-09-30 10:56:59.503845
0.15446999499282757,0.2865114645331333,2025-09-30 10:56:59.503845
0.1826027335080816,0.30678172986402874,2025-09-30 10:56:59.503845
0.1657652770760182,0.47046861834016473,2025-09-30 10:56:59.503845
0.17530575156373576,0.3935914900444737,2025-09-30 10:56:59.503845
0.18239616715694854,0.26085647994109595,2025-09-30 10:56:59.503845
0.18041851554796698,0.31253076786382755,2025-09-30 10:56:59.503845
0.1664255714560704,0.322452265276419,2025-09-30 10:56:59.503845
0.1675083479737536,0.3908990350421196,2025-09-30 10:56:59.503845
0.18641899842202322,0.28539058012813046,2025-09-30 10:56:59.503845
0.21886876303201783,0.29304204280384943,2025-09-30 10:56:59.503845
0.1862003015349097,0.34474699981335727,2025-09-30 10:56:59.503845
0.18972070153985635,0.3604087346576046,2025-09-30 10:56:59.503845
0.2020104629582178,0.30085196765717537,2025-09-30 10:56:59.503845
0.18903509657739237,0.3316542747780941,2025-09-30 10:56:59.503845
0.17830471101085818,0.2703181811534865,2025-09-30 10:56:59.503845
0.2103772765053217,0.3384176455776525,2025-09-30 10:56:59.503845
0.15841600432137062,0.30811613526662923,2025-09-30 10:56:59.503845
0.17537076423282255,0.4520506642325794,2025-09-30 10:56:59.503845
0.16992549373306345,0.27427996569412927,2025-09-30 10:56:59.503845
0.17191188900867968,0.28378566085987833,2025-09-30 10:56:59.503845
0.1816027800511044,0.3380241199977377,2025-09-30 10:56:59.503845
0.16510171391226514,0.2257961613842394,2025-09-30 10:56:59.503845
0.18093184259677655,0.43957451193505437,2025-09-30 10:56:59.503845
0.20733242961144663,0.3278075569742808,2025-09-30 10:56:59.503845
0.23163263349854868,0.46395604108567845,2025-09-30 10:56:59.503845
0.20616710510524078,0.23909959788010654,2025-09-30 10:56:59.503845
0.19428749700822026,0.3306152097448855,2025-09-30 10:56:59.503845
0.1721179392489102,0.35896150039927655,2025-09-30 10:56:59.503845
0.17178385857666598,0.3156121123582009,2025-09-30 10:56:59.503845
0.19486030816110153,0.324249197458335,2025-09-30 10:56:59.503845
0.19050441509755175,0.2505776621336479,2025-09-30 10:56:59.503845
0.1905290893671571,0.21223611996729996,2025-09-30 10:56:59.503845
0.14595146477816848,0.26792449007467656,2025-09-30 10:56:59.503845
0.17832175638925057,0.4083663743883438,2025-09-30 10:56:59.503845
0.16506826429823762,0.3854019874631395,2025-09-30 10:56:59.503845
0.17305255683384668,0.39642681845369093,2025-09-30 10:56:59.503845
0.19693331427064933,0.5528932479944351,2025-09-30 10:56:59.503845
0.1850473473052228,0.27061562421013086,2025-09-30 10:56:59.503845
0.20074990203765108,0.39014671545702245,2025-09-30 10:56:59.503845
0.15614644289940838,0.45031838273266867,2025-09-30 10:56:59.503845
0.17315019029585205,0.33012226920869725,2025-09-30 10:56:59.503845
0.18034206628396537,0.23058507362061348,2025-09-30 10:56:59.503845
0.18967904884651188,0.27519918922767084,2025-09-30 10:56:59.503845
0.22113287137834214,0.26687617130434327,2025-09-30 10:56:59.503845
0.15987957296239869,0.42686033049816263,2025-09-30 10:56:59.503845
0.1898231452376279,0.3052413159902373,2025-09-30 10:56:59.503845
0.19137413008743587,0.300804731596282,2025-09-30 10:56:59.503845
0.1655216402716776,0.3887987532260798,2025-09-30 10:56:59.503845
0.17668376226138177,0.23776688790279865,2025-09-30 10:56:59.503845
0.1546967550774629,0.4597737311342606,2025-09-30 10:56:59.503845
0.18597893688950082,0.4751243201808173,2025-09-30 10:56:59.503845
0.19517297416536866,0.3352276253195796,2025-09-30 10:56:59.503845
0.17712524082533773,0.4179995479277041,2025-09-30 10:56:59.503845
0.13037716048990858,0.20543186271034763,2025-09-30 10:56:59.503845
0.17602101628116387,0.35876539806228486,2025-09-30 10:56:59.503845
0.14173939411307557,0.3432766353648753,2025-09-30 10:56:59.503845
0.17751682235290767,0.3338287442622585,2025-09-30 10:56:59.503845
0.199947472450866,0.26385794598782314,2025-09-30 10:56:59.503845
0.18039749644028985,0.3390971393374108,2025-09-30 10:56:59.503845
0.20385549921032883,0.3638449855052506,2025-09-30 10:56:59.503845
0.163433061000199,0.31206897813964585,2025-09-30 10:56:59.503845
0.17072277555648482,0.3432646209844606,2025-09-30 10:56:59.503845
0.1623471124421349,0.3799956118560083,2025-09-30 10:56:59.503845
0.1793761058628734,0.32097640458355475,2025-09-30 10:56:59.503845
0.16056295095221013,0.4408475328019428,2025-09-30 10:56:59.503845
0.19367173986738115,0.3889544507883711,2025-09-30 10:56:59.503845
0.17458716760373297,0.1728307252681039,2025-09-30 10:56:59.503845
0.16998673699315106,0.17069034178369089,2025-09-30 10:56:59.503845
0.19785898270138588,0.2899878789639567,2025-09-30 10:56:59.503845
0.1888444524562434,0.31120594576388044,2025-09-30 10:56:59.503845
0.17213910947283875,0.36973993141438277,2025-09-30 10:56:59.503845
0.19999344754138684,0.2723208388892618,2025-09-30 10:56:59.503845
0.17687681037394484,0.32334462027044486,2025-09-30 10:56:59.503845
0.17590879755782052,0.3330375460205788,2025-09-30 10:56:59.503845
0.1808434545494801,0.40520551264858523,2025-09-30 10:56:59.503845
0.16769684006012503,0.3600734358200317,2025-09-30 10:56:59.503845
0.17574266469372615,0.41699297041655287,2025-09-30 10:56:59.503845
0.18053774737822442,0.1717872215746431,2025-09-30 10:56:59.503845
0.17670393642326143,0.3195392484609768,2025-09-30 10:56:59.503845
0.18296650867101968,0.26974218210817247,2025-09-30 10:56:59.503845
0.1955163050462593,0.37051854956060115,2025-09-30 10:56:59.503845
0.17366958177102634,0.3392419082313453,2025-09-30 10:56:59.503845
0.17300398377792686,0.34425357983803667,2025-09-30 10:56:59.503845
0.20039925522117646,0.42160640919601544,2025-09-30 10:56:59.503845
0.207480724451425,0.30226989067476834,2025-09-30 10:56:59.503845
0.17750858054783436,0.4850217385717256,2025-09-30 10:56:59.503845
0.16502734055385548,0.3016896339097721,2025-09-30 10:56:59.503845
0.15307705108570335,0.3511733689373355,2025-09-30 10:56:59.503845
0.18133750019671566,0.290832254896717,2025-09-30 10:56:59.503845
0.17749635968602995,0.282955564330461,2025-09-30 10:56:59.503845
0.19434088137569983,0.3690433573700191,2025-09-30 10:56:59.503845
0.16093829407572893,0.35186339784015824,2025-09-30 10:56:59.503845
0.17256438156712245,0.30294781912196705,2025-09-30 10:56:59.503845
0.16471410635181785,0.22633531491154146,2025-09-30 10:56:59.503845
0.19968309818116603,0.35231787113092555,2025-09-30 10:56:59.503845
0.17964856829875403,0.18737161811969494,2025-09-30 10:56:59.503845
0.17441977400102188,0.27793908939621303,2025-09-30 10:56:59.503845
0.16126211885934877,0.48202120807832205,2025-09-30 10:56:59.503845
0.18299879815971623,0.3421642594558372,2025-09-30 10:56:59.503845
0.17288990830624437,0.21158697478164668,2025-09-30 10:56:59.503845
0.1745753278483569,0.3729000146576318,2025-09-30 10:56:59.503845
0.2101386061046524,0.1945893430380159,2025-09-30 10:56:59.503845
0.18065457333023377,0.22569590918375348,2025-09-30 10:56:59.503845
0.17135327235499972,0.2579441706772995,2025-09-30 10:56:59.503845
0.1807032946038832,0.4233340041635218,2025-09-30 10:56:59.503845
0.21414662306540663,0.22349213209554314,2025-09-30 10:56:59.503845
0.170051335852941,0.24648225807307647,2025-09-30 10:56:59.503845
0.19336049341778652,0.48611741828290617,2025-09-30 10:56:59.503845
0.20430418538140166,0.3459385599407767,2025-09-30 10:56:59.503845
0.16906808309871188,0.3279993415020561,2025-09-30 10:56:59.503845
0.19346802568170207,0.43569569556732635,2025-09-30 10:56:59.503845
0.156032130869122,0.3210112991490566,2025-09-30 10:56:59.503845
0.1648122782669006,0.22213279839633027,2025-09-30 10:56:59.503845
0.16243124494198563,0.33412078668553047,2025-09-30 10:56:59.503845
0.18739364210509823,0.3875906451231109,2025-09-30 10:56:59.503845
0.1931544689438064,0.36995123150743575,2025-09-30 10:56:59.503845
0.1885549343080234,0.27347161351122357,2025-09-30 10:56:59.503845
0.1823065340037189,0.2729321982212779,2025-09-30 10:56:59.503845
0.18342128975794197,0.2990546602835259,2025-09-30 10:56:59.503845
0.18472593106716545,0.33513329080931187,2025-09-30 10:56:59.503845
0.1706119469043663,0.27235469467124396,2025-09-30 10:56:59.503845
0.17155516715015998,0.3187862801059575,2025-09-30 10:56:59.503845
0.17352581273958392,0.3698311974895708,2025-09-30 10:56:59.503845
0.20710289660815315,0.31177083650860365,2025-09-30 10:56:59.503845
0.17647354528038495,0.4189562388225442,2025-09-30 10:56:59.503845
0.16279427565677876,0.4644729833843091,2025-09-30 10:56:59.503845
0.1932820362764826,0.3401702561417298,2025-09-30 10:56:59.503845
0.16409528136510232,0.26655308272437184,2025-09-30 10:56:59.503845
0.16581410328127424,0.4178570232760778,2025-09-30 10:56:59.503845
0.17590420919645716,0.39835157563853085,2025-09-30 10:56:59.503845
0.18693555718660343,0.48704751136168695,2025-09-30 10:56:59.503845
0.16955699245747302,0.504766164371344,2025-09-30 10:56:59.503845
0.1719752119036154,0.4315202466005073,2025-09-30 10:56:59.503845
0.167626095807314,0.3191790124696511,2025-09-30 10:56:59.503845
0.17869289038558248,0.25366200249777116,2025-09-30 10:56:59.503845
0.169382809147161,0.28767644789465674,2025-09-30 10:56:59.503845
0.18102332007085198,0.403971455353013,2025-09-30 10:56:59.503845
0.18470126014003047,0.25048069328911093,2025-09-30 10:56:59.503845
0.19187194144501504,0.2950707421904541,2025-09-30 10:56:59.503845
0.14056326974844308,0.3657433572662289,2025-09-30 10:56:59.503845
0.1629058526710461,0.3782925785667508,2025-09-30 10:56:59.503845
0.16717440894361552,0.42043987063835503,2025-09-30 10:56:59.503845
0.16666272206630747,0.3530183123015992,2025-09-30 10:56:59.503845
0.17993144505558173,0.3071929443461042,2025-09-30 10:56:59.503845
0.17158073100496904,0.4464595567442257,2025-09-30 10:56:59.503845
0.15714662345370178,0.24072209906720685,2025-09-30 10:56:59.503845
0.2145225278427956,0.23722732556579562,2025-09-30 10:56:59.503845
0.2017627196393244,0.36133759433933615,2025-09-30 10:56:59.503845
0.16841103620395156,0.30729416793295666,2025-09-30 10:56:59.503845
0.19326850156189082,0.20064464445238445,2025-09-30 10:56:59.503845
0.188257709980095,0.2873006018303372,2025-09-30 10:56:59.503845
0.1612203834638726,0.43655994542999366,2025-09-30 10:56:59.503845
0.17503736568435133,0.3474357726051933,2025-09-30 10:56:59.503845
0.17645145735048284,0.34336966151000387,2025-09-30 10:56:59.503845
0.16677678435704008,0.3162656925206611,2025-09-30 10:56:59.503845
0.1577816605413704,0.3841847011064764,2025-09-30 10:56:59.503845
0.19321814859443193,0.3267273006994807,2025-09-30 10:56:59.503845
0.18531143304617562,0.3898034862487458,2025-09-30 10:56:59.503845
0.16143613120400388,0.3020278552273531,2025-09-30 10:56:59.503845
0.1721296475023547,0.36803146212513993,2025-09-30 10:56:59.503845
0.1816072035552072,0.30891284816650905,2025-09-30 10:56:59.503845
0.19311407710213085,0.34054085046528937,2025-09-30 10:56:59.503845
0.1991692120876797,0.318720055489157,2025-09-30 10:56:59.503845
0.2019970796020257,0.23946323492382848,2025-09-30 10:56:59.503845
0.1745498602184741,0.37544116110411246,2025-09-30 10:56:59.503845
0.17258742991379136,0.29372623992560926,2025-09-30 10:56:59.503845
0.17937060118070927,0.4580684685477027,2025-09-30 10:56:59.503845
0.17364906440024241,0.27369027819714836,2025-09-30 10:56:59.503845
0.2212327627383878,0.3152760016108562,2025-09-30 10:56:59.503845
0.17765876797206706,0.44141067753889657,2025-09-30 10:56:59.503845
0.17598798811279692,0.3567271714116726,2025-09-30 10:56:59.503845
0.19047577312191882,0.3839669847094385,2025-09-30 10:56:59.503845
0.1550499773033659,0.3358823481418932,2025-09-30 10:56:59.503845
0.14445125717522267,0.3115086247372063,2025-09-30 10:56:59.503845
0.17701947535253917,0.3270568573108205,2025-09-30 10:56:59.503845
0.20021108183842884,0.47092787386763135,2025-09-30 10:56:59.503845
0.1734543110425053,0.33493679412876287,2025-09-30 10:56:59.503845
0.17866588229484454,0.34093313345365267,2025-09-30 10:56:59.503845
0.16754499201255663,0.35105278035111653,2025-09-30 10:56:59.503845
0.16075045120151216,0.2659996538776489,2025-09-30 10:56:59.503845
0.18493876963753325,0.23944122272014218,2025-09-30 10:56:59.503845
0.16553855982517554,0.3808873669775244,2025-09-30 10:56:59.503845
0.1904686108005818,0.388221856871953,2025-09-30 10:56:59.503845
0.1576199235855637,0.4184223298954024,2025-09-30 10:56:59.503845
0.1564701404777529,0.3176373086749465,2025-09-30 10:56:59.503845
0.19728504672749886,0.35486923816542526,2025-09-30 10:56:59.503845
0.17751985015168864,0.27195853780151474,2025-09-30 10:56:59.503845
0.16471966775022012,0.2904039046183471,2025-09-30 10:56:59.503845
0.18275732110971216,0.3819898661292241,2025-09-30 10:56:59.503845
0.16959928591915552,0.3865184562818089,2025-09-30 10:56:59.503845
0.18500028799211804,0.34386757947515884,2025-09-30 10:56:59.503845
0.16057723166079035,0.4412697430304664,2025-09-30 10:56:59.503845
0.15446453989803657,0.2902040388958929,2025-09-30 10:56:59.503845
0.16918969090783254,0.332397314340934,2025-09-30 10:56:59.503845
0.18135380775322874,0.24725684458238215,2025-09-30 10:56:59.503845
0.17965015579051197,0.1853596319337456,2025-09-30 10:56:59.503845
0.19983833921708677,0.30418635204585726,2025-09-30 10:56:59.503845
0.21322115233829803,0.44518892559815393,2025-09-30 10:56:59.503845
0.1847860668795452,0.45660200790200034,2025-09-30 10:56:59.503845
0.17911746686680505,0.33687677444560166,2025-09-30 10:56:59.503845
0.16689256434208846,0.3674070540330684,2025-09-30 10:56:59.503845
0.1804374985478565,0.36684605159948497,2025-09-30 10:56:59.503845
0.1933112076149899,0.3744883980021931,2025-09-30 10:56:59.503845
0.15320142543047544,0.5121950233720141,2025-09-30 10:56:59.503845
0.15384039833267651,0.43785811676245195,2025-09-30 10:56:59.503845
0.1816066049952584,0.42766836519274637,2025-09-30 10:56:59.503845
0.20155960295087996,0.25786207592536436,2025-09-30 10:56:59.503845
0.16289154130605107,0.335665925128574,2025-09-30 10:56:59.503845
0.18812128849747767,0.4586978367795796,2025-09-30 10:56:59.503845
0.16430295915973497,0.5057576100374429,2025-09-30 10:56:59.503845
0.14786410457152335,0.16348204305344244,2025-09-30 10:56:59.503845
0.19934489704050762,0.19939033039567658,2025-09-30 10:56:59.503845
0.1767347296281077,0.21684160839617134,2025-09-30 10:56:59.503845
0.1828189690806272,0.16980195838079531,2025-09-30 10:56:59.503845
0.20457531238222842,0.32742915054293914,2025-09-30 10:56:59.503845
0.1836286787672663,0.32785644537608283,2025-09-30 10:56:59.503845
0.18953793668913277,0.34903896338408796,2025-09-30 10:56:59.503845
0.1848673269390496,0.29092214891855833,2025-09-30 10:56:59.503845
0.1933179356231665,0.396058209630158,2025-09-30 10:56:59.503845
0.17972130277689652,0.33719155892611685,2025-09-30 10:56:59.503845
0.15404909379890408,0.3398960295581329,2025-09-30 10:56:59.503845
0.1928573950613748,0.44992801124632525,2025-09-30 10:56:59.503845
0.15805587055850165,0.30194955258562983,2025-09-30 10:56:59.503845
0.17949169603609705,0.35959785136650074,2025-09-30 10:56:59.503845
0.1967203388841104,0.282951626967419,2025-09-30 10:56:59.503845
0.18390536563305468,0.3462691965926604,2025-09-30 10:56:59.503845
0.18658260886700753,0.29077294145139865,2025-09-30 10:56:59.503845
0.1703100616072151,0.3610444809407399,2025-09-30 10:56:59.503845
0.2046686390003927,0.2737481186622908,2025-09-30 10:56:59.503845
0.18130653609506517,0.32946997241796755,2025-09-30 10:56:59.503845
0.17912888669068477,0.36970598756274786,2025-09-30 10:56:59.503845
0.16006541496448176,0.39469052328118476,2025-09-30 10:56:59.503845
0.18820018459723115,0.2834405331593858,2025-09-30 10:56:59.503845
0.2243994764476123,0.31783868870269727,2025-09-30 10:56:59.503845
0.1923342095927721,0.36097740116957,2025-09-30 10:56:59.503845
0.16195611704813404,0.24508640010863103,2025-09-30 10:56:59.503845
0.18549320271305195,0.36831989016433037,2025-09-30 10:56:59.503845
0.1725306660768237,0.3351401270087964,2025-09-30 10:56:59.503845
0.20734272990408736,0.5025185727607091,2025-09-30 10:56:59.503845
0.150700478192986,0.260725436424319,2025-09-30 10:56:59.503845
0.19235957693330583,0.22668956288921527,2025-09-30 10:56:59.503845
0.18875226694687458,0.31523632598303114,2025-09-30 10:56:59.503845
0.18551964294190026,0.3591937639190808,2025-09-30 10:56:59.503845
0.17119403810857725,0.3231911847375514,2025-09-30 10:56:59.503845
0.1902242870820674,0.2704311455463271,2025-09-30 10:56:59.503845
0.15593739239536136,0.25809537280094597,2025-09-30 10:56:59.503845
0.19117032618585172,0.21821561532822167,2025-09-30 10:56:59.503845
0.1684373748853452,0.36568505354977143,2025-09-30 10:56:59.503845
0.18981784141988384,0.3853554976412247,2025-09-30 10:56:59.503845
0.178776476145139,0.3887365220937007,2025-09-30 10:56:59.503845
0.16757512145465853,0.3882969492593483,2025-09-30 10:56:59.503845
0.20210867503911628,0.39267575794071613,2025-09-30 10:56:59.503845
0.17831304950965685,0.3379835464974477,2025-09-30 10:56:59.503845
0.1446451611204708,0.35117617631612136,2025-09-30 10:56:59.503845
0.17984599260359518,0.2704295006668578,2025-09-30 10:56:59.503845
0.1812259424394192,0.44099224525368197,2025-09-30 10:56:59.503845
0.19448856125939323,0.3681048401482888,2025-09-30 10:56:59.503845
0.1806966720746078,0.2945156885696867,2025-09-30 10:56:59.503845
0.1998075378044411,0.4469819172801512,2025-09-30 10:56:59.503845
0.15793306771041554,0.22366409475291482,2025-09-30 10:56:59.503845
0.17273914548394037,0.2407846356179689,2025-09-30 10:56:59.503845
0.19273152836321258,0.3894890206140545,2025-09-30 10:56:59.503845
0.18624540343411947,0.46027647102888236,2025-09-30 10:56:59.503845
0.19159241321159776,0.4558496960987447,2025-09-30 10:56:59.503845
0.19069188880972393,0.3880060477068401,2025-09-30 10:56:59.503845
0.16306206551030353,0.3361099345224739,2025-09-30 10:56:59.503845
0.18975389651904975,0.2983099853978388,2025-09-30 10:56:59.503845
0.19171144386473768,0.26583232365217835,2025-09-30 10:56:59.503845
0.19917653183771414,0.23434844410828454,2025-09-30 10:56:59.503845
0.19262040325368268,0.25487637461027735,2025-09-30 10:56:59.503845
0.21561648015680537,0.25981396959078046,2025-09-30 10:56:59.503845
0.16810613604595095,0.4658959016671501,2025-09-30 10:56:59.503845
0.15923787517230656,0.3835500734212075,2025-09-30 10:56:59.503845
0.1677797123171417,0.25641889150683095,2025-09-30 10:56:59.503845
0.1823273098983011,0.3279805121297902,2025-09-30 10:56:59.503845
0.1864092023686243,0.25205780474093703,2025-09-30 10:56:59.503845
0.18438650006068602,0.2722554129531366,2025-09-30 10:56:59.503845
0.17467166684063135,0.37981974222999554,2025-09-30 10:56:59.503845
0.17020020874249994,0.36497979487707094,2025-09-30 10:56:59.503845
0.1862634049251899,0.24736698680527758,2025-09-30 10:56:59.503845
0.19398654689155154,0.3247789118259229,2025-09-30 10:56:59.503845
0.18119806054708032,0.3930101765846578,2025-09-30 10:56:59.503845
0.17711747230742067,0.23953981405180808,2025-09-30 10:56:59.503845
0.18839905702876927,0.25642042496100514,2025-09-30 10:56:59.503845
0.16655608986188852,0.2630367870324195,2025-09-30 10:56:59.503845
0.21004993568464314,0.3676294091600248,2025-09-30 10:56:59.503845
0.19583730545545536,0.27953690825852884,2025-09-30 10:56:59.503845
0.2041488845597524,0.3337268116814685,2025-09-30 10:56:59.503845
0.20156997361709844,0.3674628707451842,2025-09-30 10:56:59.503845
0.1717020602289314,0.34641273668368205,2025-09-30 10:56:59.503845
0.17546697744747572,0.42875771422010034,2025-09-30 10:56:59.503845
0.17605338914197638,0.34411215311477283,2025-09-30 10:56:59.503845
0.18191402252389818,0.3136373445961737,2025-09-30 10:56:59.503845
0.19815625767411446,0.3359349664871957,2025-09-30 10:56:59.503845
0.18480236540814293,0.35224060674795593,2025-09-30 10:56:59.503845
0.1734247775290216,0.3886596288386717,2025-09-30 10:56:59.503845
0.21740485715455782,0.5172564374520126,2025-09-30 10:56:59.503845
0.18932118064814116,0.360170741372883,2025-09-30 10:56:59.503845
0.19672751941248795,0.30352120744471184,2025-09-30 10:56:59.503845
0.1970959041444267,0.4613897024879009,2025-09-30 10:56:59.503845
0.18574851307620807,0.348732837251847,2025-09-30 10:56:59.503845
0.2147240632269634,0.41089174715388965,2025-09-30 10:56:59.503845
0.17959084124392558,0.2527817626673198,2025-09-30 10:56:59.503845
0.18877663564820205,0.29652344958093046,2025-09-30 10:56:59.503845
0.18184986067665823,0.3593285365670125,2025-09-30 10:56:59.503845
0.1918722027131377,0.3670776953450454,2025-09-30 10:56:59.503845
0.16623860201741605,0.3502676547081825,2025-09-30 10:56:59.503845
0.20907547304555735,0.4485481297607376,2025-09-30 10:56:59.503845
0.1747982898556932,0.31053384773499526,2025-09-30 10:56:59.503845
0.14167617320036865,0.31855048295778193,2025-09-30 10:56:59.503845
0.17158477713292603,0.2747892856512391,2025-09-30 10:56:59.503845
0.18262587829675053,0.30465900614437824,2025-09-30 10:56:59.503845
0.17185577714106484,0.2934416452520967,2025-09-30 10:56:59.503845
0.1922715798828337,0.3226546154330173,2025-09-30 10:56:59.503845
0.1563392927977179,0.23962071068208873,2025-09-30 10:56:59.503845
0.17846105004893523,0.38044258226727495,2025-09-30 10:56:59.503845
0.19840417069488708,0.4474472152099954,2025-09-30 10:56:59.503845
0.18944140795613712,0.4001063941178642,2025-09-30 10:56:59.503845
0.17869766318960323,0.4378850622121939,2025-09-30 10:56:59.503845
0.17272276620608235,0.3546904923593369,2025-09-30 10:56:59.503845
0.20220985019470783,0.3747464121887732,2025-09-30 10:56:59.503845
0.15136329397968604,0.3023691885949408,2025-09-30 10:56:59.503845
0.18293255240807246,0.42782415983841204,2025-09-30 10:56:59.503845
0.19134862542103367,0.38199738520145843,2025-09-30 10:56:59.503845
0.15509781178631657,0.40767858876974,2025-09-30 10:56:59.503845
0.17361295058744183,0.2445537014825394,2025-09-30 10:56:59.503845
0.20318915166715523,0.30350911461755115,2025-09-30 10:56:59.503845
0.13791950601853714,0.2673125525662096,2025-09-30 10:56:59.503845
0.1662530409644511,0.3632041115460961,2025-09-30 10:56:59.503845
0.18834413803812095,0.4010884657613328,2025-09-30 10:56:59.503845
0.19667516956191716,0.34943439239660307,2025-09-30 10:56:59.503845
0.17026100537667052,0.3495589933369365,2025-09-30 10:56:59.503845
0.17914653288313176,0.20386559938407076,2025-09-30 10:56:59.503845
0.17009427045558992,0.23077326879773474,2025-09-30 10:56:59.503845
0.19234310548033567,0.46225358133956407,2025-09-30 10:56:59.503845
0.17932273681250943,0.37738643961583235,2025-09-30 10:56:59.503845
0.18628103817119937,0.35282015132401223,2025-09-30 10:56:59.503845
0.19700769143013092,0.26353691320901274,2025-09-30 10:56:59.503845
0.1842517623436352,0.30346486119141286,2025-09-30 10:56:59.503845
0.17445069326659313,0.2986190002327381,2025-09-30 10:56:59.503845
0.17192946997674188,0.3680025580388795,2025-09-30 10:56:59.503845
0.18536267360568262,0.3458574029978767,2025-09-30 10:56:59.503845
0.18713209869902175,0.29894600660944703,2025-09-30 10:56:59.503845
0.19118198268700143,0.232786516410057,2025-09-30 10:56:59.503845
0.20897549597652137,0.3897559641163422,2025-09-30 10:56:59.503845
0.17035533126931465,0.3650580022685871,2025-09-30 10:56:59.503845
0.18100698571934493,0.4406646290724325,2025-09-30 10:56:59.503845
0.17794512397187762,0.314723340182425,2025-09-30 10:56:59.503845
0.17004863216169466,0.2895814108610325,2025-09-30 10:56:59.503845
0.1486656788810558,0.3095362861898178,2025-09-30 10:56:59.503845
0.1776314415706589,0.4641218554640626,2025-09-30 10:56:59.503845
0.17336464143409913,0.33412704247268127,2025-09-30 10:56:59.503845
0.16390625673179,0.3206030774049704,2025-09-30 10:56:59.503845
0.1926467814744118,0.317581044777258,2025-09-30 10:56:59.503845
0.17687407364669416,0.370635561466641,2025-09-30 10:56:59.503845
0.22522083583387076,0.2836745065447637,2025-09-30 10:56:59.503845
0.18177321572964272,0.3062284950104099,2025-09-30 10:56:59.503845
0.17249509566347568,0.3630578523687636,2025-09-30 10:56:59.503845
0.16950736834787702,0.3015145771063147,2025-09-30 10:56:59.503845
0.19884054700732506,0.2634051112910306,2025-09-30 10:56:59.503845
0.20549012966632424,0.17695438213836062,2025-09-30 10:56:59.503845
0.19154844461733478,0.3252610111160698,2025-09-30 10:56:59.503845
0.16139456980491554,0.31139166332251234,2025-09-30 10:56:59.503845
0.1732508969956638,0.3838458981965022,2025-09-30 10:56:59.503845
0.18517792545481043,0.31358856824238823,2025-09-30 10:56:59.503845
0.15923452804778598,0.16436023674266445,2025-09-30 10:56:59.503845
0.17276304148064395,0.40107223290003546,2025-09-30 10:56:59.503845
0.2026137508059846,0.2838053564646193,2025-09-30 10:56:59.503845
0.15787885280806793,0.3358595623779179,2025-09-30 10:56:59.503845
0.17518458220162358,0.3464824450235565,2025-09-30 10:56:59.503845
0.18439148238758588,0.3186357372256805,2025-09-30 10:56:59.503845
0.2018109601154503,0.3347700862467874,2025-09-30 10:56:59.503845
0.19109565968362227,0.42091828002399284,2025-09-30 10:56:59.503845
0.18332697084810123,0.308485270719309,2025-09-30 10:56:59.503845
0.18996533825153167,0.33575964385503465,2025-09-30 10:56:59.503845
0.18602078638693403,0.32623916690239335,2025-09-30 10:56:59.503845
0.16253470340258888,0.3405993924553254,2025-09-30 10:56:59.503845
0.18201506274691895,0.3095413510554394,2025-09-30 10:56:59.503845
0.2077448085143468,0.30122285980625796,2025-09-30 10:56:59.503845
0.17314941970145026,0.41689959491485584,2025-09-30 10:56:59.503845
0.18061675125824875,0.3614155871864069,2025-09-30 10:56:59.503845
0.1781039187791547,0.45653615993545915,2025-09-30 10:56:59.503845
0.17890758397903805,0.3077498958976692,2025-09-30 10:56:59.503845
0.16204299149912785,0.3655397760861809,2025-09-30 10:56:59.503845
0.17868665338509532,0.2528280688622756,2025-09-30 10:56:59.503845
0.17518627242048046,0.33265720343136207,2025-09-30 10:56:59.503845
0.18047097986161423,0.3323277487682709,2025-09-30 10:56:59.503845
0.1932517120285596,0.3076742005583351,2025-09-30 10:56:59.503845
0.161938579383633,0.3535381154521568,2025-09-30 10:56:59.503845
0.19154374687392772,0.44536934680370843,2025-09-30 10:56:59.503845
0.17886325579769669,0.3237577901178339,2025-09-30 10:56:59.503845
0.16396298446832366,0.2652582700148954,2025-09-30 10:56:59.503845
0.20621536246633318,0.1823930804988864,2025-09-30 10:56:59.503845
0.20550691737725943,0.3395961547769671,2025-09-30 10:56:59.503845
0.21567623747499484,0.3257580575395135,2025-09-30 10:56:59.503845
0.1418070888800003,0.31574370669568774,2025-09-30 10:56:59.503845
0.19053836451496986,0.3373401657987378,2025-09-30 10:56:59.503845
0.1727737921775291,0.3389868824116583,2025-09-30 10:56:59.503845
0.16535916067197623,0.3534325056570943,2025-09-30 10:56:59.503845
0.17882031183587418,0.37739874349082864,2025-09-30 10:56:59.503845
0.1863143566341606,0.3582620788629257,2025-09-30 10:56:59.503845
0.21132033216689602,0.3446954977913213,2025-09-30 10:56:59.503845
0.1699941376185122,0.3853370819178752,2025-09-30 10:56:59.503845
0.1652129475594093,0.2922305450133388,2025-09-30 10:56:59.503845
0.17008441076724232,0.30830557530370817,2025-09-30 10:56:59.503845
0.19971599101344484,0.3520527325315887,2025-09-30 10:56:59.503845
0.19057717912562847,0.3829321497845806,2025-09-30 10:56:59.503845
0.1851924606271817,0.4191234846945424,2025-09-30 10:56:59.503845
0.16707719432829954,0.21576212759948293,2025-09-30 10:56:59.503845
0.19093979342277545,0.2596880994668446,2025-09-30 10:56:59.503845
0.17930553723177223,0.33947435507755847,2025-09-30 10:56:59.503845
0.1895752837873529,0.45018690101136005,2025-09-30 10:56:59.503845
0.14786702867104112,0.3038790125134796,2025-09-30 10:56:59.503845
0.1763912415033061,0.3656264431468579,2025-09-30 10:56:59.503845
0.19456782648085738,0.27489877164768844,2025-09-30 10:56:59.503845
0.17818990799727868,0.3407810160810063,2025-09-30 10:56:59.503845
0.20517030389434732,0.4858795593189754,2025-09-30 10:56:59.503845
0.17941739571197954,0.27821004961633494,2025-09-30 10:56:59.503845
0.2137193642037359,0.32368787592007414,2025-09-30 10:56:59.503845
0.17417883855993938,0.3407979121974222,2025-09-30 10:56:59.503845
0.1633283552738482,0.399774119729281,2025-09-30 10:56:59.503845
0.1848008546678387,0.3170155456100315,2025-09-30 10:56:59.503845
0.19239908843915476,0.44859765473047464,2025-09-30 10:56:59.503845
0.1931597361304486,0.29968508095819685,2025-09-30 10:56:59.503845
0.19530582117731432,0.33580245622087124,2025-09-30 10:56:59.503845
0.1932025311981328,0.24395823523378618,2025-09-30 10:56:59.503845
0.15384927573661586,0.32259030742512734,2025-09-30 10:56:59.503845
0.18865890082713455,0.31504600054721044,2025-09-30 10:56:59.503845
0.1867877816822512,0.3126929278978974,2025-09-30 10:56:59.503845
0.18749696699175078,0.3674035178562801,2025-09-30 10:56:59.503845
0.20591529919204682,0.3420658144402354,2025-09-30 10:56:59.503845
0.1821433639658219,0.29832609490445583,2025-09-30 10:56:59.503845
0.1835915143541752,0.20404972758957637,2025-09-30 10:56:59.503845
0.1725576050600484,0.32435825351611236,2025-09-30 10:56:59.503845
0.20378051997308946,0.431542520132404,2025-09-30 10:56:59.503845
0.1769788164622072,0.27383635771809123,2025-09-30 10:56:59.503845
0.15110379558248402,0.2324822392251787,2025-09-30 10:56:59.503845
0.1937646235758973,0.3992715636106601,2025-09-30 10:56:59.503845
0.16188398261826614,0.45269085131045655,2025-09-30 10:56:59.503845
0.20386025201086766,0.291832519605447,2025-09-30 10:56:59.503845
0.1747913121762189,0.22343701226796098,2025-09-30 10:56:59.503845
0.18499258644001243,0.17955444381798286,2025-09-30 10:56:59.503845
0.19031315873531474,0.2964797682153788,2025-09-30 10:56:59.503845
0.14419440625406674,0.31886261700848856,2025-09-30 10:56:59.503845
0.18859289283261924,0.31169180531038865,2025-09-30 10:56:59.503845
0.20868696533317818,0.34632427399970545,2025-09-30 10:56:59.503845
0.14574899711841405,0.3589965299098784,2025-09-30 10:56:59.503845
0.1551614258390204,0.257231430174677,2025-09-30 10:56:59.503845
0.16589883021159169,0.42017345912172793,2025-09-30 10:56:59.503845
0.19276348654420855,0.3238174074872398,2025-09-30 10:56:59.503845
0.1519247576782624,0.45474717963068695,2025-09-30 10:56:59.503845
0.16182491502698446,0.4144873567393178,2025-09-30 10:56:59.503845
0.19116519415393973,0.28582243354418296,2025-09-30 10:56:59.503845
0.19749251219291042,0.23402976458977148,2025-09-30 10:56:59.503845
0.1829044881316422,0.37156952006948707,2025-09-30 10:56:59.503845
0.17162196037266503,0.2663181038607777,2025-09-30 10:56:59.503845
0.1748587404346982,0.3628811692757411,2025-09-30 10:56:59.503845
0.1848978953998603,0.3109198485139084,2025-09-30 10:56:59.503845
0.1656611792257095,0.3159052351817813,2025-09-30 10:56:59.503845
0.16548195061761287,0.3056386023467076,2025-09-30 10:56:59.503845
0.19555855017981277,0.34587888641310516,2025-09-30 10:56:59.503845
0.19397556811564914,0.33604761572477304,2025-09-30 10:56:59.503845
0.17180873276091307,0.2574778152730695,2025-09-30 10:56:59.503845
0.1774614083848956,0.4474197540835221,2025-09-30 10:56:59.503845
0.1724876278931984,0.2060034380498328,2025-09-30 10:56:59.503845
0.17626795468083153,0.37113443252469247,2025-09-30 10:56:59.503845
0.17816958459044335,0.43732745434416814,2025-09-30 10:56:59.503845
0.20943435307014302,0.2574996279838482,2025-09-30 10:56:59.503845
0.1851256210093981,0.23875944031688445,2025-09-30 10:56:59.503845
0.18260066331135447,0.3139878037469671,2025-09-30 10:56:59.503845
0.17863690874180738,0.373260725682614,2025-09-30 10:56:59.503845
0.18832740174715162,0.3558011281487116,2025-09-30 10:56:59.503845
0.1433708706181429,0.3768069121731871,2025-09-30 10:56:59.503845
0.1585493663517819,0.32628155014543725,2025-09-30 10:56:59.503845
0.17433368608300318,0.3141740365238798,2025-09-30 10:56:59.503845
0.22837356682626025,0.2937703548697783,2025-09-30 10:56:59.503845
0.17114494652100462,0.33505461409969944,2025-09-30 10:56:59.503845
0.1748077077759169,0.4325598700713837,2025-09-30 10:56:59.503845
0.1812505550522674,0.27971883067744235,2025-09-30 10:56:59.503845
0.16991905306750904,0.4379397375425013,2025-09-30 10:56:59.503845
0.19839618789797828,0.437013588029878,2025-09-30 10:56:59.503845
0.16789222920845415,0.26798783498437173,2025-09-30 10:56:59.503845
0.21118735135304725,0.3595941577069976,2025-09-30 10:56:59.503845
0.19241174935917998,0.36652178747801006,2025-09-30 10:56:59.503845
0.20177223952798848,0.4431520024201119,2025-09-30 10:56:59.503845
0.18368560269344678,0.2790887117369717,2025-09-30 10:56:59.503845
0.18821936821088392,0.33329220862560593,2025-09-30 10:56:59.503845
0.19859580715976977,0.41283503113115755,2025-09-30 10:56:59.503845
0.21270043658331333,0.3225078428060669,2025-09-30 10:56:59.503845
0.16702465867434715,0.29005468932892375,2025-09-30 10:56:59.503845
0.158091496347114,0.3680153274391501,2025-09-30 10:56:59.503845
0.188427565534735,0.31441112379996544,2025-09-30 10:56:59.503845
0.18610176506720286,0.39875020966604413,2025-09-30 10:56:59.503845
0.17908227236641525,0.26678434696035336,2025-09-30 10:56:59.503845
0.188506716473823,0.5048433087250008,2025-09-30 10:56:59.503845
0.1942903918425696,0.30923147794250433,2025-09-30 10:56:59.503845
0.17302676906105519,0.26572590524465334,2025-09-30 10:56:59.503845
0.18202602920292146,0.3161558443009986,2025-09-30 10:56:59.503845
0.1763805581845782,0.2241509739267817,2025-09-30 10:56:59.503845
0.18648958299507154,0.28765008535958053,2025-09-30 10:56:59.503845
0.1473451805203302,0.11904300231902465,2025-09-30 10:56:59.503845
0.17080223820203363,0.4210899964815097,2025-09-30 10:56:59.503845
0.1801191667017257,0.4178607347561788,2025-09-30 10:56:59.503845
0.18629882955868343,0.3624547415092088,2025-09-30 10:56:59.503845
0.1745053551081288,0.29421958216673566,2025-09-30 10:56:59.503845
0.17794660239854418,0.15920479001101032,2025-09-30 10:56:59.503845
0.2064961181580777,0.3116152472174082,2025-09-30 10:56:59.503845
0.20882458540990914,0.32608756669645217,2025-09-30 10:56:59.503845
0.16611067363765936,0.45710439101561817,2025-09-30 10:56:59.503845
0.1538842122582741,0.2364995411540014,2025-09-30 10:56:59.503845
0.14404096736283836,0.3355310278266258,2025-09-30 10:56:59.503845
0.16618776043544592,0.2873959878919078,2025-09-30 10:56:59.503845
0.1630237179598668,0.20261736945612108,2025-09-30 10:56:59.503845
0.1808110180817986,0.4068667488446768,2025-09-30 10:56:59.503845
0.17967093480105983,0.2859901599306936,2025-09-30 10:56:59.503845
0.19681389295891438,0.3390665805857931,2025-09-30 10:56:59.503845
0.17460552323033254,0.43028927332233124,2025-09-30 10:56:59.503845
0.17601614005815983,0.4925357963986622,2025-09-30 10:56:59.503845
0.18564019125048223,0.39563498109673806,2025-09-30 10:56:59.503845
0.1959785466339301,0.45920568875305773,2025-09-30 10:56:59.503845
0.17509504724080927,0.2632280183525049,2025-09-30 10:56:59.503845
0.17723441956230931,0.36606650763174753,2025-09-30 10:56:59.503845
0.1736653536705403,0.27804340075938705,2025-09-30 10:56:59.503845
0.13870612391186954,0.31954913384639994,2025-09-30 10:56:59.503845
0.17564499375073397,0.37477284668728017,2025-09-30 10:56:59.503845
0.16860039804631222,0.35290014405757447,2025-09-30 10:56:59.503845
0.18088431572766084,0.35107182020694244,2025-09-30 10:56:59.503845
0.19606571424174363,0.35707224055813613,2025-09-30 10:56:59.503845
0.19515358359397297,0.4013794515773716,2025-09-30 10:56:59.503845
0.16893205356640234,0.3217091913213845,2025-09-30 10:56:59.503845
0.15710878102001935,0.2528529191133948,2025-09-30 10:56:59.503845
0.1579787678219313,0.2936564186239424,2025-09-30 10:56:59.503845
0.18577136371564953,0.29759736593997005,2025-09-30 10:56:59.503845
0.16460784269973136,0.3386354419933982,2025-09-30 10:56:59.503845
0.17823990907527212,0.3172010795987049,2025-09-30 10:56:59.503845
0.194068718476701,0.23233445998123953,2025-09-30 10:56:59.503845
0.19837607716521444,0.32112178638426697,2025-09-30 10:56:59.503845
0.18266742360644259,0.27428273260048847,2025-09-30 10:56:59.503845
0.17470257307527093,0.38148806676187524,2025-09-30 10:56:59.503845
0.17107334140024966,0.366592982664052,2025-09-30 10:56:59.503845
0.1840078259576032,0.36137344036575914,2025-09-30 10:56:59.503845
0.1753910315478961,0.36350442705575625,2025-09-30 10:56:59.503845
0.1571169130696125,0.24544383799952238,2025-09-30 10:56:59.503845
0.17736325309050963,0.2354034572350781,2025-09-30 10:56:59.503845
0.20773615204615567,0.3884731959322073,2025-09-30 10:56:59.503845
0.18932414310540355,0.4660961816469343,2025-09-30 10:56:59.503845
0.20312883044572244,0.40766228012595973,2025-09-30 10:56:59.503845
0.13381065995162184,0.2905358441464448,2025-09-30 10:56:59.503845
0.17172503687691437,0.28777042936646624,2025-09-30 10:56:59.503845
0.1854949857456674,0.4936387131713881,2025-09-30 10:56:59.503845
0.16996573918917673,0.3724364080681313,2025-09-30 10:56:59.503845
0.20674439621034998,0.40050759551698945,2025-09-30 10:56:59.503845
0.18700943093907493,0.395084354065993,2025-09-30 10:56:59.503845
0.1805756183922345,0.34278458499682085,2025-09-30 10:56:59.503845
0.1820452460183514,0.4210111866398507,2025-09-30 10:56:59.503845
0.17534130854571925,0.31373723266560827,2025-09-30 10:56:59.503845
0.153898418928965,0.31181334272972444,2025-09-30 10:56:59.503845
0.1633684886080914,0.3936289128104467,2025-09-30 10:56:59.503845
0.15391774497629993,0.31560068700404775,2025-09-30 10:56:59.503845
0.19277924494068047,0.33832886041402416,2025-09-30 10:56:59.503845
0.175173805848502,0.36612773051408487,2025-09-30 10:56:59.503845
0.1423887688007103,0.2992581233291186,2025-09-30 10:56:59.503845
0.19910379996835983,0.25609286619109,2025-09-30 10:56:59.503845
0.17981908907846653,0.32733002526596255,2025-09-30 10:56:59.503845
0.16136840613456815,0.3873016220898851,2025-09-30 10:56:59.503845
0.17392075226719234,0.333776257707086,2025-09-30 10:56:59.503845
0.18922891919286786,0.4036354713574942,2025-09-30 10:56:59.503845
0.18388431244648423,0.2929344168007631,2025-09-30 10:56:59.503845
0.18284881987019697,0.3177606790961137,2025-09-30 10:56:59.503845
0.19784281092373887,0.3054226955028714,2025-09-30 10:56:59.503845
0.20486135987968418,0.3369199150233087,2025-09-30 10:56:59.503845
0.17886546104472115,0.40501146054807174,2025-09-30 10:56:59.503845
0.1597520539525636,0.3320103040703101,2025-09-30 10:56:59.503845
0.17607599787153574,0.27280936004369855,2025-09-30 10:56:59.503845
0.18109618313483003,0.3016693991873145,2025-09-30 10:56:59.503845
0.1796222510315986,0.2755580061237701,2025-09-30 10:56:59.503845
0.16230006227276994,0.50470192428428,2025-09-30 10:56:59.503845
0.1927027179078226,0.29555056967625304,2025-09-30 10:56:59.503845
0.17843107016611037,0.2851101244852288,2025-09-30 10:56:59.503845
0.18544245428120001,0.2950783232650248,2025-09-30 10:56:59.503845
0.17488354011222282,0.32323154933383635,2025-09-30 10:56:59.503845
0.17668571972511402,0.21394142690543638,2025-09-30 10:56:59.503845
0.17497200468234506,0.239286111151147,2025-09-30 10:56:59.503845
0.1843321398368295,0.3681010264407078,2025-09-30 10:56:59.503845
0.17187794909953785,0.31317052978416343,2025-09-30 10:56:59.503845
0.16288193907302276,0.32982129050096026,2025-09-30 10:56:59.503845
0.1950264400069897,0.3641642843354541,2025-09-30 10:56:59.503845
0.18817860991597904,0.2970357068902795,2025-09-30 10:56:59.503845
0.2078697386943744,0.2853652158943383,2025-09-30 10:56:59.503845
0.17940255966883475,0.33118808802076727,2025-09-30 10:56:59.503845
0.19599423729452384,0.24296518510067505,2025-09-30 10:56:59.503845
0.19301453511249037,0.4001414936247313,2025-09-30 10:56:59.503845
0.19136969201485293,0.23602271030774696,2025-09-30 10:56:59.503845
0.17824386938708364,0.2539468072065827,2025-09-30 10:56:59.503845
0.1910824135510166,0.4134661012071973,2025-09-30 10:56:59.503845
0.17063050961280418,0.35813004276335086,2025-09-30 10:56:59.503845
0.20199722774699796,0.23038663294682132,2025-09-30 10:56:59.503845
0.16142990513320477,0.29132453391733115,2025-09-30 10:56:59.503845
0.18083369401912025,0.14382139731627036,2025-09-30 10:56:59.503845
0.19770709471732548,0.291144922415864,2025-09-30 10:56:59.503845
0.17166049462179855,0.40198706477385915,2025-09-30 10:56:59.503845
0.15563680003123204,0.49112592195874677,2025-09-30 10:56:59.503845
0.19196086885758315,0.42007870908981854,2025-09-30 10:56:59.503845
0.1880964812470197,0.3788057100005072,2025-09-30 10:56:59.503845
0.1467938782674311,0.34809343942861803,2025-09-30 10:56:59.503845
0.1846504984790687,0.24841955483501366,2025-09-30 10:56:59.503845
0.16685617905627628,0.35856870626812465,2025-09-30 10:56:59.503845
0.15394024417164043,0.3996177203843381,2025-09-30 10:56:59.503845
0.1807611320943577,0.30908858049191135,2025-09-30 10:56:59.503845
0.1993371414900282,0.446164840711361,2025-09-30 10:56:59.503845
0.18731569428148906,0.34426230710593486,2025-09-30 10:56:59.503845
0.1898826477414892,0.27693279937114434,2025-09-30 10:56:59.503845
0.20295069111920727,0.3303058862167384,2025-09-30 10:56:59.503845
0.17226225937645762,0.2305388855758401,2025-09-30 10:56:59.503845
0.17000697375085635,0.3288695718505913,2025-09-30 10:56:59.503845
0.15046170764182804,0.2949255104243829,2025-09-30 10:56:59.503845
0.18944965709801365,0.3214817974803114,2025-09-30 10:56:59.503845
0.20293672649465105,0.2832709641035782,2025-09-30 10:56:59.503845
0.18012491812413448,0.36385025684642974,2025-09-30 10:56:59.503845
0.12199328966881193,0.1916942630652758,2025-09-30 10:56:59.503845
0.15281703427884752,0.34865653161518384,2025-09-30 10:56:59.503845
0.15125227881014014,0.46371928551230146,2025-09-30 10:56:59.503845
0.17533289459486703,0.3179186034149995,2025-09-30 10:56:59.503845
0.1908853487018019,0.21111915060974246,2025-09-30 10:56:59.503845
0.19275820376688602,0.3648725813452261,2025-09-30 10:56:59.503845
0.18730600433284997,0.34317731791509676,2025-09-30 10:56:59.503845
0.20397192878829454,0.4112866001105041,2025-09-30 10:56:59.503845
0.20893107474163583,0.3304977301580028,2025-09-30 10:56:59.503845
0.18878568272239218,0.42256233186296294,2025-09-30 10:56:59.503845
0.19009978751635925,0.3943614767303228,2025-09-30 10:56:59.503845
0.19190362532549812,0.333343618797716,2025-09-30 10:56:59.503845
0.16587478720358917,0.32323050990289187,2025-09-30 10:56:59.503845
0.19627878032988258,0.3406413805953559,2025-09-30 10:56:59.503845
0.15361274236477082,0.13891575977406004,2025-09-30 10:56:59.503845
0.2281326601394715,0.3133112755782602,2025-09-30 10:56:59.503845
0.1828775816955593,0.32014655355575206,2025-09-30 10:56:59.503845
0.16705870573793657,0.4292918121012219,2025-09-30 10:56:59.503845
0.17798140889480085,0.2911229993765265,2025-09-30 10:56:59.503845
0.18958834911094552,0.48689849032554033,2025-09-30 10:56:59.503845
0.18433967218252817,0.3591563432976227,2025-09-30 10:56:59.503845
0.17379861869676144,0.3522596002169448,2025-09-30 10:56:59.503845
0.181357784254608,0.28927467682242947,2025-09-30 10:56:59.503845
0.21534363297687906,0.31049625917478885,2025-09-30 10:56:59.503845
0.182944396317259,0.3193354113479371,2025-09-30 10:56:59.503845
0.19765391850414687,0.359236833532642,2025-09-30 10:56:59.503845
0.19770397441509965,0.2736023249769512,2025-09-30 10:56:59.503845
0.16914753615586592,0.39104593579137975,2025-09-30 10:56:59.503845
0.1871720032650816,0.3088904229923286,2025-09-30 10:56:59.503845
0.17166686285636945,0.3982587162626381,2025-09-30 10:56:59.503845
0.20403329801908704,0.33174829319221577,2025-09-30 10:56:59.503845
0.20236295216258926,0.35159664784156347,2025-09-30 10:56:59.503845
0.1359586583053492,0.26122733343267773,2025-09-30 10:56:59.503845
0.2070411056651176,0.31202403125070904,2025-09-30 10:56:59.503845
0.19913137996265604,0.4154941748651064,2025-09-30 10:56:59.503845
0.1748777857185632,0.3612866716172839,2025-09-30 10:56:59.503845
0.1661335402366963,0.38098419507414893,2025-09-30 10:56:59.503845
0.15234230640895147,0.40822055617036734,2025-09-30 10:56:59.503845
0.17496515547909297,0.22384805305523386,2025-09-30 10:56:59.503845
0.16649020529510614,0.25150231813417734,2025-09-30 10:56:59.503845
0.1951496669694064,0.43711881834649774,2025-09-30 10:56:59.503845
0.17394867032133804,0.267402919755778,2025-09-30 10:56:59.503845
0.16932470257788698,0.41761580958087485,2025-09-30 10:56:59.503845
0.18575404441111842,0.34731245596874394,2025-09-30 10:56:59.503845
0.1765927406565538,0.39717557454274005,2025-09-30 10:56:59.503845
0.20193744136949404,0.42232764975653014,2025-09-30 10:56:59.503845
0.18092020601186795,0.421463312067067,2025-09-30 10:56:59.503845
0.16502728933519925,0.324105654031515,2025-09-30 10:56:59.503845
0.17863571673151582,0.3656826382466591,2025-09-30 10:56:59.503845
0.17492951272280857,0.5004631913979001,2025-09-30 10:56:59.503845
0.1644731213618098,0.19331613376249465,2025-09-30 10:56:59.503845
0.18456336965809017,0.40297369529589144,2025-09-30 10:56:59.503845
0.18493126863597578,0.28531897756928476,2025-09-30 10:56:59.503845
0.16257280541685418,0.334623624554657,2025-09-30 10:56:59.503845
0.18165602998033759,0.4388021281410601,2025-09-30 10:56:59.503845
0.18737330028607074,0.31276452802918486,2025-09-30 10:56:59.503845
0.17020952681982515,0.22943634392695972,2025-09-30 10:56:59.503845
0.17212703400205695,0.30832345414185935,2025-09-30 10:56:59.503845
0.18932734363164042,0.45202410159585854,2025-09-30 10:56:59.503845
0.13994984080943765,0.3241536095950353,2025-09-30 10:56:59.503845
0.15848284785294006,0.34744675786501406,2025-09-30 10:56:59.503845
0.16473785104962252,0.37967142307733126,2025-09-30 10:56:59.503845
0.15954193497134445,0.311300382360275,2025-09-30 10:56:59.503845
0.1563533640981124,0.3569038751611049,2025-09-30 10:56:59.503845
0.15999612746067376,0.24675282738588478,2025-09-30 10:56:59.503845
0.1873861298508831,0.21176783469621674,2025-09-30 10:56:59.503845
0.1659115269448076,0.26853771571274176,2025-09-30 10:56:59.503845
0.1700836777865444,0.4280902784509417,2025-09-30 10:56:59.503845
0.19967093606780434,0.34390856106061435,2025-09-30 10:56:59.503845
0.18627425505124132,0.31585236149263646,2025-09-30 10:56:59.503845
0.17271642432195625,0.2943111227116772,2025-09-30 10:56:59.503845
0.19566639463045263,0.3868354157063833,2025-09-30 10:56:59.503845
0.19472644817194285,0.33588881365034073,2025-09-30 10:56:59.503845
0.1554593560020362,0.40514593949360883,2025-09-30 10:56:59.503845
0.22903920236526815,0.17773796564400185,2025-09-30 10:56:59.503845
0.18363060119928465,0.31871577580548704,2025-09-30 10:56:59.503845
0.16800185737795154,0.41580485532403855,2025-09-30 10:56:59.503845
0.1911350829038704,0.4460915465342621,2025-09-30 10:56:59.503845
0.20722432416117675,0.2865421149730798,2025-09-30 10:56:59.503845
0.1803222547652024,0.2310173981792259,2025-09-30 10:56:59.503845
0.19058608055004708,0.3599660685352672,2025-09-30 10:56:59.503845
0.1705704131452067,0.4267251631649274,2025-09-30 10:56:59.503845
0.1671784745098097,0.3273116236412301,2025-09-30 10:56:59.503845
0.19913569766928885,0.30405842976987535,2025-09-30 10:56:59.503845
0.189245727501276,0.4359976721976969,2025-09-30 10:56:59.503845
0.2101693766556855,0.3431550964823727,2025-09-30 10:56:59.503845
0.20062331241646852,0.4289238833936914,2025-09-30 10:56:59.503845
0.19046020251585066,0.2398161038737726,2025-09-30 10:56:59.503845
0.20733422278112137,0.34658781826927165,2025-09-30 10:56:59.503845
0.18172991063756572,0.25008696891349874,2025-09-30 10:56:59.503845
0.1796883286837438,0.235126828427756,2025-09-30 10:56:59.503845
0.17005784707259464,0.315387501945984,2025-09-30 10:56:59.503845
0.19919841471106184,0.34040872176445924,2025-09-30 10:56:59.503845
0.16170486552532898,0.4776917664696696,2025-09-30 10:56:59.503845
0.19427602436753325,0.30848182805409124,2025-09-30 10:56:59.503845
0.16535544251943485,0.3617863883587774,2025-09-30 10:56:59.503845
0.169149121214005,0.29146987859084383,2025-09-30 10:56:59.503845
0.16196848500932473,0.29532387370021945,2025-09-30 10:56:59.503845
0.1696543383641038,0.3524933568608348,2025-09-30 10:56:59.503845
0.1869136536327149,0.2829482045765088,2025-09-30 10:56:59.503845
0.16729964009105652,0.3680688542487982,2025-09-30 10:56:59.503845
0.18902008934491463,0.30349339099666095,2025-09-30 10:56:59.503845
0.15057136654325226,0.4305229852570891,2025-09-30 10:56:59.503845
0.17189539990991032,0.4314317264612296,2025-09-30 10:56:59.503845
0.20407820694754544,0.45188138977762116,2025-09-30 10:56:59.503845
0.1876765739557161,0.3140507694823556,2025-09-30 10:56:59.503845
0.17138793398359442,0.2459933996009949,2025-09-30 10:56:59.503845
0.17738495412472532,0.41631071670221576,2025-09-30 10:56:59.503845
0.18584848021108466,0.2769933143710527,2025-09-30 10:56:59.503845
0.18701476684350796,0.2834283437736076,2025-09-30 10:56:59.503845
0.16617516737028967,0.38600538331125056,2025-09-30 10:56:59.503845
0.2094994195651876,0.26908360003838605,2025-09-30 10:56:59.503845
0.1915371001991067,0.2119330574489599,2025-09-30 10:56:59.503845
0.17513458563017462,0.2275163869882743,2025-09-30 10:56:59.503845
0.19280780980012158,0.2768413163456106,2025-09-30 10:56:59.503845
0.1771634559239765,0.36296160615740014,2025-09-30 10:56:59.503845
0.17357217562151492,0.34277837738748296,2025-09-30 10:56:59.503845
0.19456759928189277,0.37929453490968384,2025-09-30 10:56:59.503845
0.18893645202205492,0.354975477072569,2025-09-30 10:56:59.503845
0.1984775740723526,0.36563812833530174,2025-09-30 10:56:59.503845
0.15035529160086197,0.22284479483448358,2025-09-30 10:56:59.503845
0.2045974599579096,0.2885311166738639,2025-09-30 10:56:59.503845
0.19710715022442943,0.3095877891657433,2025-09-30 10:56:59.503845
0.16775345427491256,0.3623766976780163,2025-09-30 10:56:59.503845
0.17654400669504625,0.3652009677182782,2025-09-30 10:56:59.503845
0.20861241665752706,0.33704219572159355,2025-09-30 10:56:59.503845
0.17296088952639455,0.37124278140799766,2025-09-30 10:56:59.503845
0.18815666506796552,0.46190900204941343,2025-09-30 10:56:59.503845
0.18617763143530236,0.2230903259542356,2025-09-30 10:56:59.503845
0.16733764678069774,0.5025720953929831,2025-09-30 10:56:59.503845
0.17025863135636674,0.32187545523940897,2025-09-30 10:56:59.503845
0.16592280321533745,0.39844365846114105,2025-09-30 10:56:59.503845
0.19623618428163847,0.32716340270243766,2025-09-30 10:56:59.503845
0.1959938130763049,0.4330244056196559,2025-09-30 10:56:59.503845
0.18147815176958815,0.34036514428580295,2025-09-30 10:56:59.503845
0.15130110398183033,0.24615503549766055,2025-09-30 10:56:59.503845
0.18903360925871898,0.24790355819867532,2025-09-30 10:56:59.503845
0.1770307730893364,0.4032573618051983,2025-09-30 10:56:59.503845
0.1811455735902021,0.26017548580879424,2025-09-30 10:56:59.503845
0.1680841247403482,0.445078837471634,2025-09-30 10:56:59.503845
0.19229302645314475,0.3085026116854744,2025-09-30 10:56:59.503845
0.18885143264968618,0.3614334452030681,2025-09-30 10:56:59.503845
0.20685381603185068,0.5036698170568359,2025-09-30 10:56:59.503845
0.1763345262830924,0.38801884696523775,2025-09-30 10:56:59.503845
0.1579703403042447,0.400793566011196,2025-09-30 10:56:59.503845
0.18398387106582867,0.3066193190210549,2025-09-30 10:56:59.503845
0.16583436344162872,0.42444205612310043,2025-09-30 10:56:59.503845
0.19720049190407007,0.24843289651529754,2025-09-30 10:56:59.503845
0.1760361789580213,0.354270835271025,2025-09-30 10:56:59.503845
0.16377519998258983,0.3299275987124087,2025-09-30 10:56:59.503845
0.1583652462402365,0.5132892373006488,2025-09-30 10:56:59.503845
0.16497643791270983,0.32943298646592284,2025-09-30 10:56:59.503845
0.18449954419759074,0.2768337159589937,2025-09-30 10:56:59.503845
0.1752376364448182,0.25557165265628906,2025-09-30 10:56:59.503845
0.15669863179414684,0.4554364128516545,2025-09-30 10:56:59.503845
0.17805224111267934,0.42460135324509385,2025-09-30 10:56:59.503845
0.16746065842098926,0.27523841774170976,2025-09-30 10:56:59.503845
0.20783785050373918,0.46252763460103585,2025-09-30 10:56:59.503845
0.18041814718614452,0.23258740423069924,2025-09-30 10:56:59.503845
0.17544792460270953,0.39613550260432495,2025-09-30 10:56:59.503845
0.18461429056539252,0.2766401711014583,2025-09-30 10:56:59.503845
0.18939736121953354,0.3453699029054967,2025-09-30 10:56:59.503845
0.18562216513879942,0.39398735598994894,2025-09-30 10:56:59.503845
0.1740510998495894,0.3558831955403969,2025-09-30 10:56:59.503845
0.1963369591148107,0.311296407520841,2025-09-30 10:56:59.503845
0.17532549855397378,0.08502799836013503,2025-09-30 10:56:59.503845
0.16436838282895605,0.306109779281777,2025-09-30 10:56:59.503845
0.1687275460756759,0.37726842155728224,2025-09-30 10:56:59.503845
0.17014250922462407,0.3635955122368751,2025-09-30 10:56:59.503845
0.18741410282693902,0.4430652726166072,2025-09-30 10:56:59.503845
0.18512967460866142,0.402393023314797,2025-09-30 10:56:59.503845
0.19811604912190256,0.341399226388982,2025-09-30 10:56:59.503845
0.16880082459870188,0.17730676604255183,2025-09-30 10:56:59.503845
0.19781295576906455,0.30321155794255644,2025-09-30 10:56:59.503845
0.18534738934520867,0.3822206704245998,2025-09-30 10:56:59.503845
0.1924536759514269,0.4584019265324632,2025-09-30 10:56:59.503845
0.17820365045621678,0.34298588765985744,2025-09-30 10:56:59.503845
0.1846937478357155,0.22744212806243422,2025-09-30 10:56:59.503845
0.17116110075033347,0.39054932707465034,2025-09-30 10:56:59.503845
0.1931609973680662,0.39543789092516346,2025-09-30 10:56:59.503845
0.1891341498489126,0.40347129134350973,2025-09-30 10:56:59.503845
0.16465590068529729,0.28735308682148153,2025-09-30 10:56:59.503845
0.19191999079019678,0.22831765641638252,2025-09-30 10:56:59.503845
0.19983036804750706,0.2314746602199142,2025-09-30 10:56:59.503845
0.1998024479414704,0.369848427641337,2025-09-30 10:56:59.503845
0.1770015463313186,0.31190648431077284,2025-09-30 10:56:59.503845
0.19966897512746287,0.4814987461803142,2025-09-30 10:56:59.503845
0.179026772095039,0.3356697174378567,2025-09-30 10:56:59.503845
0.198915457179718,0.35141949143200923,2025-09-30 10:56:59.503845
0.16022381255789805,0.4019907859322198,2025-09-30 10:56:59.503845
0.14975661675716068,0.2808746651224503,2025-09-30 10:56:59.503845
0.17639404610151982,0.3646649587942303,2025-09-30 10:56:59.503845
0.18638627358340185,0.3086870982625914,2025-09-30 10:56:59.503845
0.1569910551881584,0.33949683460364705,2025-09-30 10:56:59.503845
0.17802304698947585,0.2909603161040596,2025-09-30 10:56:59.503845
0.1865916969901908,0.3953108306853731,2025-09-30 10:56:59.503845
0.160300103563418,0.29670483999865804,2025-09-30 10:56:59.503845
0.2138110870331057,0.3044047472166393,2025-09-30 10:56:59.503845
0.19753908803455808,0.4091028086182797,2025-09-30 10:56:59.503845
0.15378577274373828,0.15925707662856706,2025-09-30 10:56:59.503845
0.1540827504513427,0.18261413432951804,2025-09-30 10:56:59.503845
0.1929945057639803,0.4146676137807687,2025-09-30 10:56:59.503845
0.19711736833698154,0.20817667384336397,2025-09-30 10:56:59.503845
0.2026660743580444,0.22678259212233376,2025-09-30 10:56:59.503845
0.16590132405797228,0.36407249250477336,2025-09-30 10:56:59.503845
0.18309309697280804,0.3205818865862057,2025-09-30 10:56:59.503845
0.1915325043423527,0.3892986586853617,2025-09-30 10:56:59.503845
0.17137156776504223,0.39847213673872006,2025-09-30 10:56:59.503845
0.16308449984983706,0.3784822349326071,2025-09-30 10:56:59.503845
0.19654839619642817,0.331856532129689,2025-09-30 10:56:59.503845
0.16814901692064663,0.46439570426581644,2025-09-30 10:56:59.503845
0.14651380030071562,0.3242246535659962,2025-09-30 10:56:59.503845
0.18493810159539986,0.32780805354688636,2025-09-30 10:56:59.503845
0.17073353140958838,0.30320806152504326,2025-09-30 10:56:59.503845
0.16235010207302036,0.3516647791861659,2025-09-30 10:56:59.503845
0.17622568612375472,0.2653030899010871,2025-09-30 10:56:59.503845
0.19134401967166,0.4687786566346973,2025-09-30 10:56:59.503845
0.1887446260205116,0.2385727163101788,2025-09-30 10:56:59.503845
0.2037470370399643,0.3685855698856262,2025-09-30 10:56:59.503845
0.16708156024833282,0.3676779582885814,2025-09-30 10:56:59.503845
0.20284402265759321,0.2742405859717141,2025-09-30 10:56:59.503845
0.16369771859028404,0.317902203062373,2025-09-30 10:56:59.503845
0.16312824706325768,0.25644883754933406,2025-09-30 10:56:59.503845
0.17873865663763547,0.3321760453953164,2025-09-30 10:56:59.503845
0.19667751060210512,0.4443513081709731,2025-09-30 10:56:59.503845
0.18551270538325582,0.30074256737977095,2025-09-30 10:56:59.503845
0.16587967567843032,0.39845637333866957,2025-09-30 10:56:59.503845
0.14061774156411877,0.34452353064447866,2025-09-30 10:56:59.503845
0.17825759353619633,0.31229463328575935,2025-09-30 10:56:59.503845
0.1749825876633345,0.31388279211048076,2025-09-30 10:56:59.503845
0.1785436458517539,0.22296016888878553,2025-09-30 10:56:59.503845
0.16709856211455051,0.26892921938202735,2025-09-30 10:56:59.503845
0.1715285296781147,0.40631412464110583,2025-09-30 10:56:59.503845
0.1727160654545683,0.24946956308879886,2025-09-30 10:56:59.503845
0.1770350808329484,0.37844111773157263,2025-09-30 10:56:59.503845
0.16518104876321707,0.29773214462526804,2025-09-30 10:56:59.503845
0.2150478936265844,0.3766642087468274,2025-09-30 10:56:59.503845
0.19374780600529692,0.45960573307029323,2025-09-30 10:56:59.503845
0.18650851696637552,0.3674305210991816,2025-09-30 10:56:59.503845
0.19204435129505873,0.25253156258592574,2025-09-30 10:56:59.503845
0.1687821507117294,0.2803018881572564,2025-09-30 10:56:59.503845
0.1921059859168963,0.35306913496330977,2025-09-30 10:56:59.503845
0.1999267421504221,0.41078561261352253,2025-09-30 10:56:59.503845
0.17950433459664922,0.4354082521057626,2025-09-30 10:56:59.503845
0.16882269975881128,0.355230260349221,2025-09-30 10:56:59.503845
0.21089970035051483,0.29914396556490197,2025-09-30 10:56:59.503845
0.16329464134660124,0.2471880982285385,2025-09-30 10:56:59.503845
0.17218735873897384,0.47608070128147384,2025-09-30 10:56:59.503845
0.16856896264024943,0.33533699424626606,2025-09-30 10:56:59.503845
0.2142155309092105,0.40095636157152637,2025-09-30 10:56:59.503845
0.21769595665172606,0.4407796537177956,2025-09-30 10:56:59.503845
0.19740864405116543,0.38919798053139654,2025-09-30 10:56:59.503845
0.18241348834297397,0.23367828206139651,2025-09-30 10:56:59.503845
0.17177873128237642,0.4000158088526112,2025-09-30 10:56:59.503845
0.18751553724312162,0.21795497955988635,2025-09-30 10:56:59.503845
0.15830529115538394,0.4150784651132179,2025-09-30 10:56:59.503845
0.1634238349691601,0.4306613876336689,2025-09-30 10:56:59.503845
0.15068155377995912,0.25802347797108505,2025-09-30 10:56:59.503845
0.17215470036766856,0.30623009384681393,2025-09-30 10:56:59.503845
0.16931355571833234,0.3207204575111093,2025-09-30 10:56:59.503845
0.16616922917563157,0.4009675031671515,2025-09-30 10:56:59.503845
0.18617066162397522,0.42187165115514175,2025-09-30 10:56:59.503845
0.15455839340218885,0.2361934377782528,2025-09-30 10:56:59.503845
0.1569869357502915,0.3088185110946459,2025-09-30 10:56:59.503845
0.16757472464239226,0.277282021218059,2025-09-30 10:56:59.503845
0.18669083227738992,0.2131453045062603,2025-09-30 10:56:59.503845
0.17743869964700126,0.2575899714402323,2025-09-30 10:56:59.503845
0.1920658938272026,0.43497220223140126,2025-09-30 10:56:59.503845
0.20719131986069245,0.26849075155944707,2025-09-30 10:56:59.503845
0.1981444894855079,0.2791418246575641,2025-09-30 10:56:59.503845
0.19501881582391425,0.3699772476024563,2025-09-30 10:56:59.503845
0.19794219911430222,0.42733426628661353,2025-09-30 10:56:59.503845
0.16315972747625626,0.16668264289301762,2025-09-30 10:56:59.503845
0.14919059378177793,0.19931519390666325,2025-09-30 10:56:59.503845
0.18713112549376643,0.3238999897891839,2025-09-30 10:56:59.503845
0.1720499063721197,0.44599249806132585,2025-09-30 10:56:59.503845
0.1819543662556887,0.40000644314620803,2025-09-30 10:56:59.503845
0.15186437459167781,0.3167682908102231,2025-09-30 10:56:59.503845
0.17978839683236209,0.34665146759970283,2025-09-30 10:56:59.503845
0.14692834684234418,0.273658355289443,2025-09-30 10:56:59.503845
0.1784627555176825,0.3792887418028908,2025-09-30 10:56:59.503845
0.14579336331518097,0.32114841154318774,2025-09-30 10:56:59.503845
0.1886095115215253,0.24542896080608068,2025-09-30 10:56:59.503845
0.18461180488059306,0.4151659372778504,2025-09-30 10:56:59.503845
0.1697280454721979,0.3243989132778417,2025-09-30 10:56:59.503845
0.17935670290864578,0.2239046265281014,2025-09-30 10:56:59.503845
0.18320584522919045,0.3086907097188836,2025-09-30 10:56:59.503845
0.18266696345689126,0.2899373867240288,2025-09-30 10:56:59.503845
0.1741831859900034,0.32914807236882193,2025-09-30 10:56:59.503845
0.18630626961290755,0.3134269248488988,2025-09-30 10:56:59.503845
0.1730140113363788,0.3619528256889991,2025-09-30 10:56:59.503845
0.17090988143424166,0.362700274665462,2025-09-30 10:56:59.503845
0.1830643070162145,0.3408134660104676,2025-09-30 10:56:59.503845
0.15667124713134484,0.28854953830614033,2025-09-30 10:56:59.503845
0.16101573646124295,0.1333295372416556,2025-09-30 10:56:59.503845
0.18135602153782845,0.31490703340093046,2025-09-30 10:56:59.503845
0.16922945346721632,0.3597857747418855,2025-09-30 10:56:59.503845
0.19829463813546117,0.3317728715380911,2025-09-30 10:56:59.503845
0.18688232785214534,0.3809901925142526,2025-09-30 10:56:59.503845
0.17306256890196495,0.41623268673830566,2025-09-30 10:56:59.503845
0.20006203837057968,0.43088632853499326,2025-09-30 10:56:59.503845
0.18451690517304056,0.4522257116291949,2025-09-30 10:56:59.503845
0.16969336177608524,0.29774687714761217,2025-09-30 10:56:59.503845
0.17793628881336318,0.46181654827064217,2025-09-30 10:56:59.503845
0.18996490856235682,0.518508522731813,2025-09-30 10:56:59.503845
0.1595191678171226,0.3289354644417805,2025-09-30 10:56:59.503845
0.19171842099363354,0.2397126863177768,2025-09-30 10:56:59.503845
0.18297857463295625,0.31248132079630325,2025-09-30 10:56:59.503845
0.15369274093460578,0.3279024554344164,2025-09-30 10:56:59.503845
0.17964651607201665,0.49433561815337135,2025-09-30 10:56:59.503845
0.1896023784477844,0.3117473736951769,2025-09-30 10:56:59.503845
0.1710099433278372,0.2722709672612326,2025-09-30 10:56:59.503845
0.20016864210814006,0.36775001788873296,2025-09-30 10:56:59.503845
0.17981740125257614,0.41239532159673775,2025-09-30 10:56:59.503845
0.20456657589381766,0.2691272452137359,2025-09-30 10:56:59.503845
0.1513483870827752,0.4534189958979712,2025-09-30 10:56:59.503845
0.18060779032929822,0.33953341026979666,2025-09-30 10:56:59.503845
0.16390886974984,0.33491638665361323,2025-09-30 10:56:59.503845
0.19457470600185509,0.4236741555309224,2025-09-30 10:56:59.503845
0.15804044303133802,0.42951038129610253,2025-09-30 10:56:59.503845
0.19490211288029524,0.2804350173096298,2025-09-30 10:56:59.503845
0.18684099638956436,0.3079243463100313,2025-09-30 10:56:59.503845
0.176741060176138,0.3976120527522726,2025-09-30 10:56:59.503845
0.1754326741824247,0.32188218486623216,2025-09-30 10:56:59.503845
0.20483004597646212,0.2012749140051091,2025-09-30 10:56:59.503845
0.18383031555229265,0.27271569879720525,2025-09-30 10:56:59.503845
0.17417407436680887,0.3552512749777295,2025-09-30 10:56:59.503845
0.17630376305260018,0.3618668619358329,2025-09-30 10:56:59.503845
0.16116898000418947,0.33577841860977153,2025-09-30 10:56:59.503845
0.16344836800699875,0.41527508582613715,2025-09-30 10:56:59.503845
0.15745386863203525,0.246574854496881,2025-09-30 10:56:59.503845
0.1859521089035921,0.3647345391029917,2025-09-30 10:56:59.503845
0.16022092715797262,0.35918790850645577,2025-09-30 10:56:59.503845
0.17366942611954267,0.35840681198450647,2025-09-30 10:56:59.503845
0.20528896079621958,0.33448567266793744,2025-09-30 10:56:59.503845
0.16386244925747268,0.42724445280281764,2025-09-30 10:56:59.503845
0.20011611007344332,0.4326362468398653,2025-09-30 10:56:59.503845
0.18983084549019366,0.35868640747897795,2025-09-30 10:56:59.503845
0.1588947299810011,0.36947003091098857,2025-09-30 10:56:59.503845
0.20075459089626782,0.15504968594041277,2025-09-30 10:56:59.503845
0.18413903114800487,0.3290671846448957,2025-09-30 10:56:59.503845
0.17338828251162883,0.3148117185187681,2025-09-30 10:56:59.503845
0.18986232170803916,0.3606856393554864,2025-09-30 10:56:59.503845
0.17191174176941815,0.25285074113967315,2025-09-30 10:56:59.503845
0.1853162922991199,0.2749565972497624,2025-09-30 10:56:59.503845
0.15803027583636545,0.35384651136894824,2025-09-30 10:56:59.503845
0.18182024961570828,0.3879031750614855,2025-09-30 10:56:59.503845
0.18748314111245418,0.2940187824884409,2025-09-30 10:56:59.503845
0.19298543002526503,0.43267494990168576,2025-09-30 10:56:59.503845
0.20083158710222743,0.19889421487057687,2025-09-30 10:56:59.503845
0.17331891369172742,0.35147106503698855,2025-09-30 10:56:59.503845
0.1613537882986573,0.2782079596660558,2025-09-30 10:56:59.503845
0.15806716635814244,0.2686772517846347,2025-09-30 10:56:59.503845
0.17845347140561438,0.2523202997270756,2025-09-30 10:56:59.503845
0.16796284531326594,0.38904133725601636,2025-09-30 10:56:59.503845
0.14780370929884706,0.20874228924671115,2025-09-30 10:56:59.503845
0.17108923390267547,0.3563665451030219,2025-09-30 10:56:59.503845
0.18539364905002242,0.3996695869655034,2025-09-30 10:56:59.503845
0.16229748863917465,0.30298958507530666,2025-09-30 10:56:59.503845
0.1482921994719092,0.3316045617219748,2025-09-30 10:56:59.503845
0.1708899616746045,0.29806705288064594,2025-09-30 10:56:59.503845
0.15813304424864064,0.33437117470800437,2025-09-30 10:56:59.503845
0.17756853617614848,0.27599238314057095,2025-09-30 10:56:59.503845
0.1927622497344246,0.31980808472942807,2025-09-30 10:56:59.503845
0.17423456054738357,0.41151287056749775,2025-09-30 10:56:59.503845
0.17017773785120371,0.5045140599811839,2025-09-30 10:56:59.503845
0.15773620507427588,0.4336556042995847,2025-09-30 10:56:59.503845
0.1819013298271854,0.49009008569911017,2025-09-30 10:56:59.503845
0.19623574902730961,0.4760889442914156,2025-09-30 10:56:59.503845
0.18631468164497295,0.4774358113327536,2025-09-30 10:56:59.503845
0.18441595636875668,0.35732369818036325,2025-09-30 10:56:59.503845
0.15953107229673175,0.4127434810920557,2025-09-30 10:56:59.503845
0.1991372018785369,0.45985457190169043,2025-09-30 10:56:59.503845
0.20547796147091066,0.43811115189363403,2025-09-30 10:56:59.503845
0.20206093897373878,0.3359397604664516,2025-09-30 10:56:59.503845
0.17453266387474953,0.2966781875516071,2025-09-30 10:56:59.503845
0.16965008118197705,0.31995548316421923,2025-09-30 10:56:59.503845
0.19919418902346905,0.42692219401195364,2025-09-30 10:56:59.503845
0.1895450636156231,0.2893391477143603,2025-09-30 10:56:59.503845
0.16378088791009743,0.24902726599326486,2025-09-30 10:56:59.503845
0.19274953744356413,0.2933617963110731,2025-09-30 10:56:59.503845
0.1738346720739165,0.34845484709213914,2025-09-30 10:56:59.503845
0.18049213379347723,0.3574012819215217,2025-09-30 10:56:59.503845
0.18701781537356915,0.315489327602817,2025-09-30 10:56:59.503845
0.17723518117800163,0.2525867646533062,2025-09-30 10:56:59.503845
0.1846277074838834,0.41085143351538467,2025-09-30 10:56:59.503845
0.20171488315505434,0.29965467405930585,2025-09-30 10:56:59.503845
0.19101174091259993,0.40921663611033987,2025-09-30 10:56:59.503845
0.17569318558145955,0.3859318136303015,2025-09-30 10:56:59.503845
0.1833464488368841,0.3349454293309812,2025-09-30 10:56:59.503845
0.21434689886928027,0.2641549148952201,2025-09-30 10:56:59.503845
0.15617234377625278,0.31600490638203527,2025-09-30 10:56:59.503845
0.1887002791677368,0.3344681171989943,2025-09-30 10:56:59.503845
0.16518367093283215,0.20267638404605662,2025-09-30 10:56:59.503845
0.1816837271564552,0.30360520598410146,2025-09-30 10:56:59.503845
0.17657039558697815,0.40977757377369944,2025-09-30 10:56:59.503845
0.1972809784971416,0.2445729786833502,2025-09-30 10:56:59.503845
0.2166077559646158,0.3811468617980513,2025-09-30 10:56:59.503845
0.19535597834926424,0.22500959928278033,2025-09-30 10:56:59.503845
0.1790837910622284,0.26002621352646316,2025-09-30 10:56:59.503845
0.20046964573781112,0.36763874105783834,2025-09-30 10:56:59.503845
0.16786512992409108,0.3668701932801805,2025-09-30 10:56:59.503845
0.21536667174931912,0.26322017028308475,2025-09-30 10:56:59.503845
0.17747996056193238,0.33943828196523307,2025-09-30 10:56:59.503845
0.17850499128073616,0.33571154582776513,2025-09-30 10:56:59.503845
0.16120977608697262,0.4481324149332911,2025-09-30 10:56:59.503845
0.18655614705083903,0.3506971801400714,2025-09-30 10:56:59.503845
0.17608701151593367,0.370947820846217,2025-09-30 10:56:59.503845
0.17301432795603203,0.3032970458369599,2025-09-30 10:56:59.503845
0.1792822614758068,0.3308238851583843,2025-09-30 10:56:59.503845
0.15945331091241177,0.33412550014034487,2025-09-30 10:56:59.503845
0.17360978569976065,0.16623299458100652,2025-09-30 10:56:59.503845
0.19921318961189236,0.36623342749859783,2025-09-30 10:56:59.503845
0.16263980795891214,0.2827512159295176,2025-09-30 10:56:59.503845
0.1517071814804496,0.3834271399798349,2025-09-30 10:56:59.503845
0.19913399300907964,0.2245800156637927,2025-09-30 10:56:59.503845
0.18782842221570567,0.43239704929099404,2025-09-30 10:56:59.503845
0.1589779106403336,0.3515162599141344,2025-09-30 10:56:59.503845
0.1902470796366702,0.25915913783267497,2025-09-30 10:56:59.503845
0.14911978795389652,0.3077188242701992,2025-09-30 10:56:59.503845
0.1694323126050781,0.2354828941485243,2025-09-30 10:56:59.503845
0.1874527659950285,0.23704207655214637,2025-09-30 10:56:59.503845
0.17950890954955517,0.4611065551107907,2025-09-30 10:56:59.503845
0.19743722070466882,0.26427118542031924,2025-09-30 10:56:59.503845
0.1856575178082716,0.4067698961402049,2025-09-30 10:56:59.503845
0.17949876122667283,0.2754361510048188,2025-09-30 10:56:59.503845
0.20997218932199294,0.28363161474824783,2025-09-30 10:56:59.503845
0.17316518571632458,0.3174876683051884,2025-09-30 10:56:59.503845
0.17496170115043658,0.3043685666879118,2025-09-30 10:56:59.503845
0.17561388053662486,0.46241070197822787,2025-09-30 10:56:59.503845
0.16763786236518777,0.2577499214342198,2025-09-30 10:56:59.503845
0.15505419972068873,0.2980566770773644,2025-09-30 10:56:59.503845
0.18295421283033772,0.3892487097967356,2025-09-30 10:56:59.503845
0.18269435998129066,0.2774764019668547,2025-09-30 10:56:59.503845
0.18096669313310806,0.4112313926684308,2025-09-30 10:56:59.503845
0.16507395910210354,0.275889011291316,2025-09-30 10:56:59.503845
0.17098031544690387,0.3039648159416694,2025-09-30 10:56:59.503845
0.18210468144272948,0.19989563797125295,2025-09-30 10:56:59.503845
0.18625226359196217,0.36582873107657254,2025-09-30 10:56:59.503845
0.1646067189341862,0.3362177703891276,2025-09-30 10:56:59.503845
0.18785046911844247,0.37011154362220783,2025-09-30 10:56:59.503845
0.17665872679840466,0.3703513641218763,2025-09-30 10:56:59.503845
0.18804056225700133,0.4921603847408663,2025-09-30 10:56:59.503845
0.19633734861518665,0.2540604346572412,2025-09-30 10:56:59.503845
0.17428678366637884,0.42799319210607084,2025-09-30 10:56:59.503845
0.20011954624345624,0.29502525913896827,2025-09-30 10:56:59.503845
0.164131214959175,0.2539974517521918,2025-09-30 10:56:59.503845
0.1712743332234293,0.30179435575410707,2025-09-30 10:56:59.503845
0.18442940873650673,0.18056581703255212,2025-09-30 10:56:59.503845
0.19615197144321994,0.44958895518595793,2025-09-30 10:56:59.503845
0.18791240091798023,0.35787076023368714,2025-09-30 10:56:59.503845
0.20699607942362297,0.34228462754001937,2025-09-30 10:56:59.503845
0.17153702291241013,0.3335979104112573,2025-09-30 10:56:59.503845
0.1687550960645791,0.3995918034802357,2025-09-30 10:56:59.503845
0.1771894852371298,0.3698716500520449,2025-09-30 10:56:59.503845
0.17630765590765032,0.29522415804169444,2025-09-30 10:56:59.503845
0.16030235893142708,0.32460732960840877,2025-09-30 10:56:59.503845
0.16870692180395766,0.34720501326140973,2025-09-30 10:56:59.503845
0.19843917316673315,0.173911372568471,2025-09-30 10:56:59.503845
0.19620757824756674,0.3429234644147464,2025-09-30 10:56:59.503845
0.16754167773113202,0.3482409033419698,2025-09-30 10:56:59.503845
0.18777941915601754,0.29192158504138577,2025-09-30 10:56:59.503845
0.14185104942885818,0.347620035761556,2025-09-30 10:56:59.503845
0.17247918510080726,0.22848549037380214,2025-09-30 10:56:59.503845
0.17225567052435345,0.2229023987504372,2025-09-30 10:56:59.503845
0.16638098059412623,0.2841210302979835,2025-09-30 10:56:59.503845
0.18658396212016756,0.3408210825544778,2025-09-30 10:56:59.503845
0.15195175076401315,0.2998589208678012,2025-09-30 10:56:59.503845
0.1693136355288273,0.259461664858058,2025-09-30 10:56:59.503845
0.19022809051592193,0.25898590756164647,2025-09-30 10:56:59.503845
0.17411431277703793,0.4376794957513969,2025-09-30 10:56:59.503845
0.21333674867942537,0.48797538555877773,2025-09-30 10:56:59.503845
0.1796845210372765,0.31033968628753167,2025-09-30 10:56:59.503845
0.19551311239880517,0.24572944017897866,2025-09-30 10:56:59.503845
0.1923471403878775,0.42287822454133617,2025-09-30 10:56:59.503845
0.18037665624643756,0.18887847075571298,2025-09-30 10:56:59.503845
0.214028236527669,0.41169911926833613,2025-09-30 10:56:59.503845
0.19965790646952064,0.4257916116161128,2025-09-30 10:56:59.503845
0.17439618761148956,0.25081206491897157,2025-09-30 10:56:59.503845
0.20402769893811737,0.29388106136143305,2025-09-30 10:56:59.503845
0.18291989856675556,0.3964531206249217,2025-09-30 10:56:59.503845
0.21371220293929413,0.360221921717986,2025-09-30 10:56:59.503845
0.17902538059699627,0.292518665086318,2025-09-30 10:56:59.503845
0.1894556245052271,0.3042739522096529,2025-09-30 10:56:59.503845
0.20698477242889476,0.31180621442153994,2025-09-30 10:56:59.503845
0.1807693860278786,0.26873494549017496,2025-09-30 10:56:59.503845
0.16787487558319492,0.38426221563774415,2025-09-30 10:56:59.503845
0.19066945689150294,0.3234966601990691,2025-09-30 10:56:59.503845
0.20372949316466296,0.3037502890800779,2025-09-30 10:56:59.503845
0.19907532140439058,0.337734704399063,2025-09-30 10:56:59.503845
0.18888102763643697,0.32906020066519115,2025-09-30 10:56:59.503845
0.2023276992922542,0.3442827039053628,2025-09-30 10:56:59.503845
0.18386654748262696,0.406927858394177,2025-09-30 10:56:59.503845
0.1816507188151834,0.3917398042459572,2025-09-30 10:56:59.503845
0.17868734260469968,0.36090945194221435,2025-09-30 10:56:59.503845
0.20568298293620454,0.3399852617302586,2025-09-30 10:56:59.503845
0.1620325140601553,0.21809504600771357,2025-09-30 10:56:59.503845
0.17051546537642068,0.3376748485794888,2025-09-30 10:56:59.503845
0.14286424123801483,0.30429763040036323,2025-09-30 10:56:59.503845
0.17934662968035267,0.3414899561748077,2025-09-30 10:56:59.503845
0.17850783749462462,0.36988290920592676,2025-09-30 10:56:59.503845
0.1697382937084371,0.29493238952346945,2025-09-30 10:56:59.503845
0.19407839906452845,0.36297946826396577,2025-09-30 10:56:59.503845
0.18101223920548715,0.2525441087915297,2025-09-30 10:56:59.503845
0.1928053178858038,0.3179121519488055,2025-09-30 10:56:59.503845
0.18855356598641618,0.31676019228838553,2025-09-30 10:56:59.503845
0.1547998612726166,0.3645425672083195,2025-09-30 10:56:59.503845
0.18801354317320215,0.3638289784769032,2025-09-30 10:56:59.503845
0.17272837880622327,0.3912433874041945,2025-09-30 10:56:59.503845
0.16840546963682596,0.2957550611955078,2025-09-30 10:56:59.503845
0.1792045189721915,0.25376033677833587,2025-09-30 10:56:59.503845
0.15469617301223212,0.26620187642440435,2025-09-30 10:56:59.503845
0.18358136761045846,0.39568163623369934,2025-09-30 10:56:59.503845
0.19015448134389845,0.3559617144553343,2025-09-30 10:56:59.503845
0.22055952191216358,0.363797405149214,2025-09-30 10:56:59.503845
0.17067708469506562,0.38895393942778145,2025-09-30 10:56:59.503845
0.1692132841171612,0.298873167888977,2025-09-30 10:56:59.503845
0.16545117281949726,0.3539017016477839,2025-09-30 10:56:59.503845
0.17022346190655893,0.2920638490188788,2025-09-30 10:56:59.503845
0.185796949069002,0.3083773572500165,2025-09-30 10:56:59.503845
0.1552019035969037,0.2612018550933929,2025-09-30 10:56:59.503845
0.18675164646438025,0.3659655359046399,2025-09-30 10:56:59.503845
0.1624718268867962,0.4406912611632337,2025-09-30 10:56:59.503845
0.21857508458193775,0.3016682299374748,2025-09-30 10:56:59.503845
0.1773053239612231,0.20660922620065025,2025-09-30 10:56:59.503845
0.1591781908741302,0.30501316934304634,2025-09-30 10:56:59.503845
0.15380529057689232,0.35215211510034006,2025-09-30 10:56:59.503845
0.16128462903702848,0.3372767166272787,2025-09-30 10:56:59.503845
0.20546910904214033,0.37361135564418324,2025-09-30 10:56:59.503845
0.17215659062816038,0.19824449655496595,2025-09-30 10:56:59.503845
0.1751819633259768,0.29340928250365,2025-09-30 10:56:59.503845
0.15778927930649383,0.517727361315174,2025-09-30 10:56:59.503845
0.1861607928616772,0.3307046745319883,2025-09-30 10:56:59.503845
0.1887232253227086,0.286705040022585,2025-09-30 10:56:59.503845
0.17514142463087365,0.31685128598714046,2025-09-30 10:56:59.503845
0.17349642944086613,0.36644973504328077,2025-09-30 10:56:59.503845
0.1737488041724565,0.2316455676104378,2025-09-30 10:56:59.503845
0.17738205418957403,0.26762144364399887,2025-09-30 10:56:59.503845
0.20561660237002924,0.2237998778601865,2025-09-30 10:56:59.503845
0.16335835001022722,0.4032885079494217,2025-09-30 10:56:59.503845
0.16820989543147788,0.32202001096339206,2025-09-30 10:56:59.503845
0.1707089807295518,0.28507724548241864,2025-09-30 10:56:59.503845
0.18505993274897192,0.3543828912318361,2025-09-30 10:56:59.503845
0.16498002780632073,0.2816815351256429,2025-09-30 10:56:59.503845
0.13134854443708638,0.3269614474526946,2025-09-30 10:56:59.503845
0.17699757620517909,0.4307168071246539,2025-09-30 10:56:59.503845
0.18213160345417206,0.28854906459747437,2025-09-30 10:56:59.503845
0.17926729927580495,0.28931382274649253,2025-09-30 10:56:59.503845
0.14829821329919474,0.43926344054093086,2025-09-30 10:56:59.503845
0.18916995891226526,0.357279215091374,2025-09-30 10:56:59.503845
0.19551392348103944,0.3983361636741163,2025-09-30 10:56:59.503845
0.2170931054830268,0.3374086066956907,2025-09-30 10:56:59.503845
0.17530344652024316,0.28034393244577094,2025-09-30 10:56:59.503845
0.18151078178327046,0.4184280616572975,2025-09-30 10:56:59.503845
0.17730930162119096,0.38605607685217064,2025-09-30 10:56:59.503845
0.19003730226974802,0.24804487540710846,2025-09-30 10:56:59.503845
0.16677258703671624,0.32316318895525226,2025-09-30 10:56:59.503845
0.18079785189281072,0.4320937620943672,2025-09-30 10:56:59.503845
0.16233185397930083,0.12304323382831764,2025-09-30 10:56:59.503845
0.14726284853171095,0.24546350916138032,2025-09-30 10:56:59.503845
0.1684969964711576,0.3728430529656424,2025-09-30 10:56:59.503845
0.1849410760760487,0.4287293071090076,2025-09-30 10:56:59.503845
0.17997684757287702,0.2627738763106101,2025-09-30 10:56:59.503845
0.17553631660786023,0.3557980187481437,2025-09-30 10:56:59.503845
0.192577699729853,0.3315088366000304,2025-09-30 10:56:59.503845
0.17795780492992205,0.36988638553736564,2025-09-30 10:56:59.503845
0.1731835964114652,0.26923813030397487,2025-09-30 10:56:59.503845
0.1917939480084102,0.19470001369140721,2025-09-30 10:56:59.503845
0.1676110179782155,0.3695513486773225,2025-09-30 10:56:59.503845
0.1477604971893571,0.16165093662199823,2025-09-30 10:56:59.503845
0.18966273701356268,0.281982060677369,2025-09-30 10:56:59.503845
0.15257220240718755,0.30572984877704124,2025-09-30 10:56:59.503845
0.18557923956781594,0.383458381451674,2025-09-30 10:56:59.503845
0.2033517689820129,0.41205727859706676,2025-09-30 10:56:59.503845
0.1771922152507103,0.27796049916626553,2025-09-30 10:56:59.503845
0.1735945785731452,0.2996578259035236,2025-09-30 10:56:59.503845
0.18660367851967447,0.4283577582623923,2025-09-30 10:56:59.503845
0.16696411949686282,0.31862998903403045,2025-09-30 10:56:59.503845
0.17593010995391137,0.22865486503757737,2025-09-30 10:56:59.503845
0.18067910469463688,0.3187174479973435,2025-09-30 10:56:59.503845
0.1631457685410859,0.14601920965775336,2025-09-30 10:56:59.503845
0.21413256242618584,0.2839683714348894,2025-09-30 10:56:59.503845
0.16988935644376807,0.3034510093574879,2025-09-30 10:56:59.503845
0.18307509698788105,0.34712283646886,2025-09-30 10:56:59.503845
0.16262004533035876,0.22461371329440344,2025-09-30 10:56:59.503845
0.14593556452274947,0.4954588791593857,2025-09-30 10:56:59.503845
0.18303198115198752,0.2980255137347883,2025-09-30 10:56:59.503845
0.20093989369816034,0.36604191129347025,2025-09-30 10:56:59.503845
0.19827197793284226,0.40354585736194853,2025-09-30 10:56:59.503845
0.17994230095137284,0.37579540126174865,2025-09-30 10:56:59.503845
0.1781398936077792,0.22208342067872555,2025-09-30 10:56:59.503845
0.19117027386903407,0.3771426939814453,2025-09-30 10:56:59.503845
0.19061978683565012,0.28472075859371254,2025-09-30 10:56:59.503845
0.21254063746213275,0.26958549698796297,2025-09-30 10:56:59.503845
0.18652718495901674,0.12215337068569454,2025-09-30 10:56:59.503845
0.20131028945640822,0.23957571607077832,2025-09-30 10:56:59.503845
0.17759949715910228,0.366372870226949,2025-09-30 10:56:59.503845
0.1602903037251877,0.28509407222418454,2025-09-30 10:56:59.503845
0.16123177121158844,0.28700649440850445,2025-09-30 10:56:59.503845
0.19584848020772616,0.331130032756377,2025-09-30 10:56:59.503845
0.19200415261744927,0.3881084519269291,2025-09-30 10:56:59.503845
0.1958059870234937,0.291513866703398,2025-09-30 10:56:59.503845
0.1843010668685621,0.4114268195622992,2025-09-30 10:56:59.503845
0.16235086062462512,0.29912449282416637,2025-09-30 10:56:59.503845
0.19407993195351378,0.4238940145231748,2025-09-30 10:56:59.503845
0.1728608801946456,0.3092621849770471,2025-09-30 10:56:59.503845
0.17023221512984166,0.3404317366279267,2025-09-30 10:56:59.503845
0.17974341738701508,0.3537474748846064,2025-09-30 10:56:59.503845
0.1682374622449452,0.41785580589448185,2025-09-30 10:56:59.503845
0.1829291218332418,0.2888388168691075,2025-09-30 10:56:59.503845
0.18248581100018665,0.3558977303155026,2025-09-30 10:56:59.503845
0.20355488686987672,0.39066202468717603,2025-09-30 10:56:59.503845
0.16909833710613809,0.2840825654804207,2025-09-30 10:56:59.503845
0.1663505766801361,0.19547247803976978,2025-09-30 10:56:59.503845
0.18222563414864354,0.24251019597786472,2025-09-30 10:56:59.503845
0.16713373521187685,0.3144422518897535,2025-09-30 10:56:59.503845
0.2055000230661444,0.42800594913405543,2025-09-30 10:56:59.503845
0.17340961041089395,0.37499744131197127,2025-09-30 10:56:59.503845
0.2148801113794124,0.4468460629460175,2025-09-30 10:56:59.503845
0.19471720113372623,0.38907601589548146,2025-09-30 10:56:59.503845
0.15676232658424696,0.4471643516249225,2025-09-30 10:56:59.503845
0.1564834964332923,0.27020950928026677,2025-09-30 10:56:59.503845
0.17737047126590308,0.4211302865956978,2025-09-30 10:56:59.503845
0.1700552115437159,0.31967042646188654,2025-09-30 10:56:59.503845
0.13825343696213627,0.3367332527221088,2025-09-30 10:56:59.503845
0.18567589813399749,0.40113326106003794,2025-09-30 10:56:59.503845
0.15614358994960714,0.24380847330995828,2025-09-30 10:56:59.503845
0.1729193484870477,0.28193578670858727,2025-09-30 10:56:59.503845
0.20984690978620524,0.39327586174849194,2025-09-30 10:56:59.503845
0.18145127421054938,0.3430233444264673,2025-09-30 10:56:59.503845
0.19336108787682516,0.3344637463141786,2025-09-30 10:56:59.503845
0.2023983876445918,0.36974528343221996,2025-09-30 10:56:59.503845
0.2023889812235781,0.23616621433231386,2025-09-30 10:56:59.503845
0.16738269271363368,0.3009924754158134,2025-09-30 10:56:59.503845
0.18855099892662092,0.20987813773095224,2025-09-30 10:56:59.503845
0.18271257842825403,0.39205258000652826,2025-09-30 10:56:59.503845
0.15965729594033343,0.28356962146169673,2025-09-30 10:56:59.503845
0.18950709334838337,0.3329492784351693,2025-09-30 10:56:59.503845
0.16144349527108273,0.38012041529846424,2025-09-30 10:56:59.503845
0.21177828079185285,0.4485936987253138,2025-09-30 10:56:59.503845
0.1923851649664457,0.4171899770657832,2025-09-30 10:56:59.503845
0.1735454223170918,0.33256979940739473,2025-09-30 10:56:59.503845
0.18093235427168874,0.4234308145904097,2025-09-30 10:56:59.503845
0.21233619102102835,0.28838885236613215,2025-09-30 10:56:59.503845
0.17698184809128273,0.2715342421382947,2025-09-30 10:56:59.503845
0.20281107099843676,0.23877765532979775,2025-09-30 10:56:59.503845
0.18135210208333127,0.2724557375074913,2025-09-30 10:56:59.503845
0.15936443988513999,0.3828710947078583,2025-09-30 10:56:59.503845
0.19673904200913878,0.30596938786739675,2025-09-30 10:56:59.503845
0.17459729179596445,0.33639127190569856,2025-09-30 10:56:59.503845
0.21621458005612434,0.4827288319840591,2025-09-30 10:56:59.503845
0.16473139853745541,0.42176426243739584,2025-09-30 10:56:59.503845
0.17183597717033364,0.43816632325266736,2025-09-30 10:56:59.503845
0.1805296866855884,0.3016405857065176,2025-09-30 10:56:59.503845
0.17657533171742637,0.38532132670775443,2025-09-30 10:56:59.503845
0.17439320728358465,0.24722705180142437,2025-09-30 10:56:59.503845
0.17148879118660085,0.2133932869364369,2025-09-30 10:56:59.503845
0.19617886197394888,0.4004283988706834,2025-09-30 10:56:59.503845
0.1597296281361381,0.28972773383529216,2025-09-30 10:56:59.503845
0.1687679671703577,0.2920808317898178,2025-09-30 10:56:59.503845
0.17604387797087534,0.3625272605494416,2025-09-30 10:56:59.503845
0.19615092739505888,0.36339548149089146,2025-09-30 10:56:59.503845
0.1681859767405647,0.40237435716657494,2025-09-30 10:56:59.503845
0.1849270599261963,0.335062964450761,2025-09-30 10:56:59.503845
0.19060643499440594,0.3270484727671308,2025-09-30 10:56:59.503845
0.185443934081653,0.229730096348694,2025-09-30 10:56:59.503845
0.16233992940038863,0.24351173366044138,2025-09-30 10:56:59.503845
0.17377209046803574,0.34359990399846985,2025-09-30 10:56:59.503845
0.18763040716865825,0.3147139245732232,2025-09-30 10:56:59.503845
0.19832718599428475,0.23136266115029686,2025-09-30 10:56:59.503845
0.17667092806779391,0.3203907522423076,2025-09-30 10:56:59.503845
0.19137178697555485,0.28781563076739697,2025-09-30 10:56:59.503845
0.182168831725725,0.4318576721395858,2025-09-30 10:56:59.503845
0.20338687939409905,0.3884142945901423,2025-09-30 10:56:59.503845
0.17461826490720242,0.4664644641655422,2025-09-30 10:56:59.503845
0.18336389704247413,0.2943239157608418,2025-09-30 10:56:59.503845
0.17348527938468414,0.33536811746802697,2025-09-30 10:56:59.503845
0.203305453683909,0.3930274460182771,2025-09-30 10:56:59.503845
0.16219853278315605,0.3745806435759301,2025-09-30 10:56:59.503845
0.20491367446912018,0.42239440172341347,2025-09-30 10:56:59.503845
0.18950623865701371,0.39594283861492946,2025-09-30 10:56:59.503845
0.17733548526597742,0.38699246972934037,2025-09-30 10:56:59.503845
0.19297149416685103,0.3814953470196116,2025-09-30 10:56:59.503845
0.16913145502978252,0.32524239234878116,2025-09-30 10:56:59.503845
0.203284249348481,0.30983306867089266,2025-09-30 10:56:59.503845
0.18737185203300868,0.4780110738806313,2025-09-30 10:56:59.503845
0.16608941870682517,0.3906035231493494,2025-09-30 10:56:59.503845
0.17957124132887567,0.2484503400250495,2025-09-30 10:56:59.503845
0.19659418767826153,0.24655116592851425,2025-09-30 10:56:59.503845
0.19242237768591242,0.32499057159398,2025-09-30 10:56:59.503845
0.17246861875161892,0.2930480717388216,2025-09-30 10:56:59.503845
0.1757514724488984,0.49158302015034233,2025-09-30 10:56:59.503845
0.18746766427219974,0.3634907298915991,2025-09-30 10:56:59.503845
0.16519749079978266,0.37498471168239716,2025-09-30 10:56:59.503845
0.2031314104812246,0.3677792705708137,2025-09-30 10:56:59.503845
0.17203801131304491,0.19392567516522422,2025-09-30 10:56:59.503845
0.1833797352399417,0.392924562748479,2025-09-30 10:56:59.503845
0.15429408966800703,0.3971520108999604,2025-09-30 10:56:59.503845
0.18009698997895388,0.4182800414655227,2025-09-30 10:56:59.503845
0.17502626469553037,0.29106890642086763,2025-09-30 10:56:59.503845
0.151576783832957,0.3489024329156756,2025-09-30 10:56:59.503845
0.17255740719863957,0.38704909245109737,2025-09-30 10:56:59.503845
0.15425612043912398,0.388023790925527,2025-09-30 10:56:59.503845
0.1861658994783971,0.3531572513897379,2025-09-30 10:56:59.503845
0.1898253916979855,0.25808268002205514,2025-09-30 10:56:59.503845
0.1620222051690948,0.48110301912312053,2025-09-30 10:56:59.503845
0.1533507419510022,0.23128198869256028,2025-09-30 10:56:59.503845
0.21293954282034203,0.30284593963077977,2025-09-30 10:56:59.503845
0.1745299659172925,0.18223697775622338,2025-09-30 10:56:59.503845
0.20340116855142243,0.40881259248379825,2025-09-30 10:56:59.503845
0.15746044681137764,0.5067881656949855,2025-09-30 10:56:59.503845
0.17711999575962317,0.28572698351544634,2025-09-30 10:56:59.503845
0.18259109196207432,0.3439845556711399,2025-09-30 10:56:59.503845
0.16996573519716116,0.1669582465149263,2025-09-30 10:56:59.503845
0.18754043069071907,0.30555963205612985,2025-09-30 10:56:59.503845
0.1821402284062714,0.27728437412846907,2025-09-30 10:56:59.503845
0.1706245540443247,0.30899079844563154,2025-09-30 10:56:59.503845
0.17910042968274825,0.28386634901540764,2025-09-30 10:56:59.503845
0.1743346358748774,0.41611139544344145,2025-09-30 10:56:59.503845
0.19208181031210947,0.26259160892172667,2025-09-30 10:56:59.503845
0.168496913564516,0.2804583552157136,2025-09-30 10:56:59.503845
0.18234608174428782,0.3401931753598881,2025-09-30 10:56:59.503845
0.1667145367734936,0.19649148703599842,2025-09-30 10:56:59.503845
0.20835480447217836,0.20893610438263288,2025-09-30 10:56:59.503845
0.16793637970138953,0.22165062565314225,2025-09-30 10:56:59.503845
0.1789693945788621,0.4118864416664264,2025-09-30 10:56:59.503845
0.18341784331104258,0.37856503145674986,2025-09-30 10:56:59.503845
0.1794855310993719,0.2823480588742655,2025-09-30 10:56:59.503845
0.18588657607559975,0.44313383085230856,2025-09-30 10:56:59.503845
0.17949683653558735,0.3661479346750586,2025-09-30 10:56:59.503845
0.16339672727879373,0.34444525201930354,2025-09-30 10:56:59.503845
0.21142674917145418,0.33973169338241965,2025-09-30 10:56:59.503845
0.17427318180185505,0.26591068736787243,2025-09-30 10:56:59.503845
0.17724632204265786,0.30721229435295344,2025-09-30 10:56:59.503845
0.16547833882939078,0.28074637817806675,2025-09-30 10:56:59.503845
0.18046538105006885,0.252127907738112,2025-09-30 10:56:59.503845
0.17373293304915108,0.3436770095196495,2025-09-30 10:56:59.503845
0.18200811749920867,0.3606413694804162,2025-09-30 10:56:59.503845
0.14503668806099043,0.2891015808283999,2025-09-30 10:56:59.503845
0.18593125516408668,0.2528676004714124,2025-09-30 10:56:59.503845
0.19509773187338383,0.22910567420211453,2025-09-30 10:56:59.503845
0.1898341315702151,0.3187386577526075,2025-09-30 10:56:59.503845
0.21271660000958292,0.413908166175842,2025-09-30 10:56:59.503845
0.16922588493260313,0.3141169420866085,2025-09-30 10:56:59.503845
0.17740726136986196,0.298747227868834,2025-09-30 10:56:59.503845
0.1746447061173618,0.4606834007536427,2025-09-30 10:56:59.503845
0.17204733515804638,0.18958593449836145,2025-09-30 10:56:59.503845
0.17641417316695376,0.3602737001572023,2025-09-30 10:56:59.503845
0.17576606786796295,0.41079188621244433,2025-09-30 10:56:59.503845
0.17269346124671456,0.3698675230554022,2025-09-30 10:56:59.503845
0.16065736717043372,0.4544842988823312,2025-09-30 10:56:59.503845
0.17536691843429608,0.29547251872659364,2025-09-30 10:56:59.503845
0.16597313108011486,0.35939613723520886,2025-09-30 10:56:59.503845
0.17510136593565584,0.37183704412113433,2025-09-30 10:56:59.503845
0.17348742070080742,0.30535849117891506,2025-09-30 10:56:59.503845
0.18568267507384958,0.22875801159886994,2025-09-30 10:56:59.503845
0.21945517474446338,0.30249364224884334,2025-09-30 10:56:59.503845
0.19039635444966657,0.3965174467981442,2025-09-30 10:56:59.503845
0.1923406482055913,0.15879888868788491,2025-09-30 10:56:59.503845
0.1653516177249989,0.337895000177936,2025-09-30 10:56:59.503845
0.15450008756913947,0.2454375373454566,2025-09-30 10:56:59.503845
0.18642420882266447,0.2168130194947065,2025-09-30 10:56:59.503845
0.15296061485252013,0.4418152454199142,2025-09-30 10:56:59.503845
0.18825237716077237,0.25737337703907126,2025-09-30 10:56:59.503845
0.19109234052373036,0.479637216704237,2025-09-30 10:56:59.503845
0.17712244952015402,0.2819682556279471,2025-09-30 10:56:59.503845
0.16466745930731091,0.3644377565893029,2025-09-30 10:56:59.503845
0.1514988633189847,0.24829399828432325,2025-09-30 10:56:59.503845
0.21536143865138896,0.24685027217926586,2025-09-30 10:56:59.503845
0.20292163515688288,0.27546777742995954,2025-09-30 10:56:59.503845
0.17296697747122153,0.3922090200439126,2025-09-30 10:56:59.503845
0.17010286133423655,0.3423037816479509,2025-09-30 10:56:59.503845
0.18400392544922664,0.22543966179747021,2025-09-30 10:56:59.503845
0.18063487354931754,0.3135744851825404,2025-09-30 10:56:59.503845
0.17267071453479935,0.3849802253966462,2025-09-30 10:56:59.503845
0.14675820036246678,0.3659120973967658,2025-09-30 10:56:59.503845
0.19305047889654287,0.4870248380401376,2025-09-30 10:56:59.503845
0.16263082031621057,0.28491365589033707,2025-09-30 10:56:59.503845
0.1708792590414391,0.38410141115694385,2025-09-30 10:56:59.503845
0.20432397650621636,0.3922951543385259,2025-09-30 10:56:59.503845
0.16216791036151784,0.3599185396097902,2025-09-30 10:56:59.503845
0.20338642334000046,0.23067020103527305,2025-09-30 10:56:59.503845
0.20719769555854362,0.3242271055336892,2025-09-30 10:56:59.503845
0.20006709463493733,0.304439930287651,2025-09-30 10:56:59.503845
0.15403776523873977,0.46167452395412834,2025-09-30 10:56:59.503845
0.1802888895706292,0.372643695174942,2025-09-30 10:56:59.503845
0.1833761525877442,0.311537823935403,2025-09-30 10:56:59.503845
0.18543613751988358,0.42155812568172446,2025-09-30 10:56:59.503845
0.18835961376605279,0.4280647374088883,2025-09-30 10:56:59.503845
0.17711971660826883,0.3161174250105766,2025-09-30 10:56:59.503845
0.1781266084430843,0.3509547151282697,2025-09-30 10:56:59.503845
0.1849392680808759,0.24831138994968763,2025-09-30 10:56:59.503845
0.17886708408687846,0.390080620795088,2025-09-30 10:56:59.503845
0.17888365266946582,0.38092132841401266,2025-09-30 10:56:59.503845
0.17510487379344183,0.29059640861589864,2025-09-30 10:56:59.503845
0.190059051552081,0.41295942865653773,2025-09-30 10:56:59.503845
0.15888483152582122,0.16063813757334588,2025-09-30 10:56:59.503845
0.1796172735066502,0.3825942812934381,2025-09-30 10:56:59.503845
0.15395099752961347,0.24630285484262915,2025-09-30 10:56:59.503845
0.18724206209746705,0.398889534491563,2025-09-30 10:56:59.503845
0.20710064698944602,0.3843599335451972,2025-09-30 10:56:59.503845
0.18894974666232542,0.1979315336581713,2025-09-30 10:56:59.503845
0.1932264374446064,0.4333938636578951,2025-09-30 10:56:59.503845
0.1831076661705057,0.298016501096139,2025-09-30 10:56:59.503845
0.15064114582193905,0.3263409639196413,2025-09-30 10:56:59.503845
0.17886055805412726,0.2963424648001304,2025-09-30 10:56:59.503845
0.16807586622248108,0.3738637071968619,2025-09-30 10:56:59.503845
0.1967779227148445,0.27321206865977377,2025-09-30 10:56:59.503845
0.17297769103129312,0.27222019544962844,2025-09-30 10:56:59.503845
0.1563043864189056,0.30638080721008537,2025-09-30 10:56:59.503845
0.14883428295791126,0.3142447350869801,2025-09-30 10:56:59.503845
0.1713541209286386,0.3882824780318047,2025-09-30 10:56:59.503845
0.17820540622772538,0.3353153605395106,2025-09-30 10:56:59.503845
0.16170008449125706,0.25238750834794726,2025-09-30 10:56:59.503845
0.17131186590369663,0.32081117941484766,2025-09-30 10:56:59.503845
0.17701458440275225,0.2710293388133411,2025-09-30 10:56:59.503845
0.20006239548425872,0.43691476978921445,2025-09-30 10:56:59.503845
0.18724598481918692,0.3391239965739935,2025-09-30 10:56:59.503845
0.21716781706264407,0.4692404072693347,2025-09-30 10:56:59.503845
0.19686153667833106,0.23023893683109709,2025-09-30 10:56:59.503845
0.164223590327763,0.45476123388631395,2025-09-30 10:56:59.503845
0.16076038198235443,0.3407815402841625,2025-09-30 10:56:59.503845
0.19114390249488336,0.34639663499407325,2025-09-30 10:56:59.503845
0.1552929242841836,0.40762140572765554,2025-09-30 10:56:59.503845
0.1773838479788326,0.3622765800675008,2025-09-30 10:56:59.503845
0.18675500428029412,0.44531827597068085,2025-09-30 10:56:59.503845
0.17478311840346053,0.39190425415424246,2025-09-30 10:56:59.503845
0.1797129104670636,0.3274846397981784,2025-09-30 10:56:59.503845
0.15550055061260992,0.29796250454487333,2025-09-30 10:56:59.503845
0.19301401742567426,0.49337010483847005,2025-09-30 10:56:59.503845
0.19162827572000404,0.37207066264225136,2025-09-30 10:56:59.503845
0.1639255005347324,0.2482968058496196,2025-09-30 10:56:59.503845
0.19277084863096283,0.38338891503743566,2025-09-30 10:56:59.503845
0.15423500685956712,0.49264196344389666,2025-09-30 10:56:59.503845
0.18366511609120198,0.3107779597069445,2025-09-30 10:56:59.503845
0.1807736120431373,0.31438224923258895,2025-09-30 10:56:59.503845
0.16181922474568655,0.328553033572307,2025-09-30 10:56:59.503845
0.17468544554315704,0.3242337464043778,2025-09-30 10:56:59.503845
0.1902417596042752,0.1343390837172066,2025-09-30 10:56:59.503845
0.17467561710118878,0.31740526622232984,2025-09-30 10:56:59.503845
0.17140331482550356,0.28910455135736246,2025-09-30 10:56:59.503845
0.17264083221659268,0.40791509471825405,2025-09-30 10:56:59.503845
0.19123142841998328,0.151326230379718,2025-09-30 10:56:59.503845
0.18300272092604397,0.362700667425443,2025-09-30 10:56:59.503845
0.1645150570331752,0.39986479927885193,2025-09-30 10:56:59.503845
0.1960546887583034,0.3388651306443883,2025-09-30 10:56:59.503845
0.15035943067757176,0.3243040887566153,2025-09-30 10:56:59.503845
0.2079313332511436,0.4128138109735756,2025-09-30 10:56:59.503845
0.1871602343756787,0.28978379385113073,2025-09-30 10:56:59.503845
0.16194996060475814,0.3938267987665716,2025-09-30 10:56:59.503845
0.17407894692063125,0.4008772030344221,2025-09-30 10:56:59.503845
0.1930169918337867,0.43533359991550963,2025-09-30 10:56:59.503845
0.17442557507229844,0.37081053469429714,2025-09-30 10:56:59.503845
0.132706175957801,0.2901122531754123,2025-09-30 10:56:59.503845
0.1860181612810007,0.3294646740764472,2025-09-30 10:56:59.503845
0.19962183997426003,0.3549045855334554,2025-09-30 10:56:59.503845
0.15324242149526504,0.32355155313009676,2025-09-30 10:56:59.503845
0.16044315757898822,0.36712401054663935,2025-09-30 10:56:59.503845
0.16615496242536637,0.17905648203151375,2025-09-30 10:56:59.503845
0.18444277233832015,0.4036866518675109,2025-09-30 10:56:59.503845
0.18995208798838487,0.40778322855212357,2025-09-30 10:56:59.503845
0.19691829495191332,0.34556022175013024,2025-09-30 10:56:59.503845
0.19234334018911198,0.35565355837515233,2025-09-30 10:56:59.503845
0.18069531762929697,0.32822540335630285,2025-09-30 10:56:59.503845
0.178387065542634,0.36434430141591284,2025-09-30 10:56:59.503845
0.2043440740916393,0.36090361310067576,2025-09-30 10:56:59.503845
0.1844416019135904,0.21190607420429278,2025-09-30 10:56:59.503845
0.15198348361046676,0.32967396629812795,2025-09-30 10:56:59.503845
0.1710406832350545,0.3503661078058154,2025-09-30 10:56:59.503845
0.1818802063190174,0.35092628330090136,2025-09-30 10:56:59.503845
0.18377697852234406,0.3162743420648476,2025-09-30 10:56:59.503845
0.1744423178240093,0.36615739178503526,2025-09-30 10:56:59.503845
0.19556295680864255,0.40916938037036543,2025-09-30 10:56:59.503845
0.1761855008632497,0.5137704093073285,2025-09-30 10:56:59.503845
0.1623623830879246,0.29181697457459715,2025-09-30 10:56:59.503845
0.17789919001181298,0.29790237562890304,2025-09-30 10:56:59.503845
0.17083213808796385,0.37715101573422444,2025-09-30 10:56:59.503845
0.18023919713849398,0.3341713473410358,2025-09-30 10:56:59.503845
0.1606492682928967,0.3370008794110478,2025-09-30 10:56:59.503845
0.1795468121346396,0.4364685178153276,2025-09-30 10:56:59.503845
0.18905207144034045,0.2778500482651134,2025-09-30 10:56:59.503845
0.17844306996034728,0.4238420247791294,2025-09-30 10:56:59.503845
0.17052176808064584,0.29321415923351385,2025-09-30 10:56:59.503845
0.18784922284082037,0.5172944987787375,2025-09-30 10:56:59.503845
0.18578905008812965,0.2546967745917365,2025-09-30 10:56:59.503845
0.1616161822571673,0.31948710484376397,2025-09-30 10:56:59.503845
0.19675203801399288,0.3273971250843912,2025-09-30 10:56:59.503845
0.21593683804307048,0.3357478405869623,2025-09-30 10:56:59.503845
0.1733978448856838,0.2614502220139613,2025-09-30 10:56:59.503845
0.16027503009035146,0.20198815918162602,2025-09-30 10:56:59.503845
0.20145220954083148,0.4882774653971786,2025-09-30 10:56:59.503845
0.16569968961673096,0.3117840614208538,2025-09-30 10:56:59.503845
0.16324375445972308,0.2306667975656574,2025-09-30 10:56:59.503845
0.18663576518056357,0.30294480198199586,2025-09-30 10:56:59.503845
0.18074825517152437,0.44911194714792424,2025-09-30 10:56:59.503845
0.1606533866629225,0.32256327661590056,2025-09-30 10:56:59.503845
0.17250161685607845,0.38511556689211796,2025-09-30 10:56:59.503845
0.19520339772142198,0.4198839510676514,2025-09-30 10:56:59.503845
0.15806152261088402,0.3523269945693203,2025-09-30 10:56:59.503845
0.1741578957380274,0.372558530264759,2025-09-30 10:56:59.503845
0.202439687905044,0.39532357471306523,2025-09-30 10:56:59.503845
0.1617687190366871,0.300149864690052,2025-09-30 10:56:59.503845
0.18598507506736534,0.35860396115748727,2025-09-30 10:56:59.503845
0.22347920241627933,0.2310379258457664,2025-09-30 10:56:59.503845
0.1742782247115959,0.3389694719719691,2025-09-30 10:56:59.503845
0.17445955239478247,0.30845075633309404,2025-09-30 10:56:59.503845
0.19714872464911976,0.3542417731100976,2025-09-30 10:56:59.503845
0.18144527084084458,0.3242480520641604,2025-09-30 10:56:59.503845
0.15235006047145147,0.354575874605414,2025-09-30 10:56:59.503845
0.16151658067621977,0.4435486540361052,2025-09-30 10:56:59.503845
0.19938843453951577,0.320378876196599,2025-09-30 10:56:59.503845
0.16167584022107037,0.32689671440106105,2025-09-30 10:56:59.503845
0.1670020260062513,0.2746217959876958,2025-09-30 10:56:59.503845
0.18167409488836636,0.3045575230997433,2025-09-30 10:56:59.503845
0.1763630259695713,0.4189339300476989,2025-09-30 10:56:59.503845
0.17121295243906562,0.341970704281674,2025-09-30 10:56:59.503845
0.18846845719005126,0.2144869694657828,2025-09-30 10:56:59.503845
0.20609463902761588,0.3599619504511468,2025-09-30 10:56:59.503845
0.2088459865476573,0.30931760590735247,2025-09-30 10:56:59.503845
0.16538469822362942,0.3273846344406293,2025-09-30 10:56:59.503845
0.16105815737026447,0.45256278682289464,2025-09-30 10:56:59.503845
0.17174366764328886,0.20945787823334028,2025-09-30 10:56:59.503845
0.14690497411427744,0.34495764468594525,2025-09-30 10:56:59.503845
0.18562140031085383,0.2205262372407472,2025-09-30 10:56:59.503845
0.17528635432837475,0.3772459933137932,2025-09-30 10:56:59.503845
0.18658506721357296,0.35596046840454676,2025-09-30 10:56:59.503845
0.1849203610308462,0.3123500022740344,2025-09-30 10:56:59.503845
0.20838095034876142,0.35771953779386956,2025-09-30 10:56:59.503845
0.15425256820394767,0.40784956426957214,2025-09-30 10:56:59.503845
0.20116554186511507,0.44826496690613926,2025-09-30 10:56:59.503845
0.1768023726828866,0.34993486152484216,2025-09-30 10:56:59.503845
0.19556559978685,0.37596107542577817,2025-09-30 10:56:59.503845
0.18886234879916902,0.18347598939919296,2025-09-30 10:56:59.503845
0.189894403230657,0.2721851439690556,2025-09-30 10:56:59.503845
0.14285176832877305,0.24647010666781355,2025-09-30 10:56:59.503845
0.17321081355588766,0.2791385194073786,2025-09-30 10:56:59.503845
0.153629344257006,0.3087977329305971,2025-09-30 10:56:59.503845
0.17968554083227833,0.3477922759829999,2025-09-30 10:56:59.503845
0.1773770687749874,0.45454802654359583,2025-09-30 10:56:59.503845
0.15082343577844387,0.14210146434718404,2025-09-30 10:56:59.503845
0.197150839466223,0.3660100771452672,2025-09-30 10:56:59.503845
0.1641550675493005,0.4333764998897801,2025-09-30 10:56:59.503845
0.18088479298277782,0.3856802152501808,2025-09-30 10:56:59.503845
0.2111955771826539,0.4344950999278381,2025-09-30 10:56:59.503845
0.18306343524389015,0.39599437051986286,2025-09-30 10:56:59.503845
0.18924216951460326,0.2922347630721774,2025-09-30 10:56:59.503845
0.17911835456602498,0.2903833333033605,2025-09-30 10:56:59.503845
0.16507619539078908,0.26282494337807416,2025-09-30 10:56:59.503845
0.1793313763703622,0.22535669334983763,2025-09-30 10:56:59.503845
0.2107107330267936,0.4000067664140038,2025-09-30 10:56:59.503845
0.16104018381904467,0.3452778487541358,2025-09-30 10:56:59.503845
0.16429097257133413,0.35126679606216193,2025-09-30 10:56:59.503845
0.18158805242620402,0.3331954795450848,2025-09-30 10:56:59.503845
0.17107513459036686,0.40978423240460154,2025-09-30 10:56:59.503845
0.17423055552389624,0.33491581251190033,2025-09-30 10:56:59.503845
0.20278363443177394,0.34500890051281935,2025-09-30 10:56:59.503845
0.1431059527335668,0.3964795509752437,2025-09-30 10:56:59.503845
0.1939278706305934,0.3511607015403878,2025-09-30 10:56:59.503845
0.20976082839046079,0.2659125161323043,2025-09-30 10:56:59.503845
0.17971575770279732,0.25036423207623576,2025-09-30 10:56:59.503845
0.18562031267574752,0.29632954669872424,2025-09-30 10:56:59.503845
0.12958759740525175,0.3217447961972458,2025-09-30 10:56:59.503845
0.18504511220000253,0.3639854986234471,2025-09-30 10:56:59.503845
0.18189371562942075,0.36012863697880215,2025-09-30 10:56:59.503845
0.1831402813732211,0.3774879079877945,2025-09-30 10:56:59.503845
0.15870275027908093,0.34735070025637926,2025-09-30 10:56:59.503845
0.1756436213686695,0.3411318400800563,2025-09-30 10:56:59.503845
0.17227880019995218,0.5039026089235971,2025-09-30 10:56:59.503845
0.19616572754796138,0.4639970472411346,2025-09-30 10:56:59.503845
0.19087406816374466,0.35558413751143503,2025-09-30 10:56:59.503845
0.19592019751729176,0.31938374212670684,2025-09-30 10:56:59.503845
0.16900365880808466,0.273702389862458,2025-09-30 10:56:59.503845
0.15975191846183495,0.3151384081641726,2025-09-30 10:56:59.503845
0.17269161981373018,0.24546672033515393,2025-09-30 10:56:59.503845
0.16463148149973494,0.33540106243594764,2025-09-30 10:56:59.503845
0.16630235318217937,0.35183442093572326,2025-09-30 10:56:59.503845
0.17363552053285247,0.1952631052470957,2025-09-30 10:56:59.503845
0.1918026673680383,0.36547640117610897,2025-09-30 10:56:59.503845
0.17590871610651784,0.4720545505278233,2025-09-30 10:56:59.503845
0.18119291917337182,0.3148474701984663,2025-09-30 10:56:59.503845
0.1702645299087162,0.45885826447902067,2025-09-30 10:56:59.503845
0.1927622531060116,0.4154588373449244,2025-09-30 10:56:59.503845
0.19126400646637057,0.34860629031917245,2025-09-30 10:56:59.503845
0.1875324507869605,0.26904184025574307,2025-09-30 10:56:59.503845
0.17705413432735193,0.19157725070419682,2025-09-30 10:56:59.503845
0.17623835106084487,0.38904910328366177,2025-09-30 10:56:59.503845
0.17592671421125913,0.44337348290687595,2025-09-30 10:56:59.503845
0.1874123083468643,0.23784080325274273,2025-09-30 10:56:59.503845
0.19631557008837383,0.30881222299346905,2025-09-30 10:56:59.503845
0.16021606846966774,0.27124428907749404,2025-09-30 10:56:59.503845
0.18196696166048718,0.3033579327796022,2025-09-30 10:56:59.503845
0.17742568380187376,0.36201201428199153,2025-09-30 10:56:59.503845
0.15409794473062352,0.5412809390834041,2025-09-30 10:56:59.503845
0.20197551518323376,0.2823246488102233,2025-09-30 10:56:59.503845
0.2073708651456029,0.3062764267835586,2025-09-30 10:56:59.503845
0.1906545008278681,0.27144726637513555,2025-09-30 10:56:59.503845
0.15920722692401515,0.25971241678137474,2025-09-30 10:56:59.503845
0.18388826933288882,0.2552659099254113,2025-09-30 10:56:59.503845
0.16883184126834663,0.3894102727846426,2025-09-30 10:56:59.503845
0.1833679156338338,0.33559363612381343,2025-09-30 10:56:59.503845
0.18051191131499583,0.3274694430226283,2025-09-30 10:56:59.503845
0.20071367699224857,0.22968638724938378,2025-09-30 10:56:59.503845
0.1990701119130774,0.29032350982407956,2025-09-30 10:56:59.503845
0.16597180814427717,0.23375283520044923,2025-09-30 10:56:59.503845
0.16895832758829027,0.35624119500362555,2025-09-30 10:56:59.503845
0.16066176014827696,0.40090077293793713,2025-09-30 10:56:59.503845
0.17833904202707865,0.30862681530485403,2025-09-30 10:56:59.503845
0.18012056891536224,0.34460573943341716,2025-09-30 10:56:59.503845
0.1615766951697988,0.3904458599457193,2025-09-30 10:56:59.503845
0.1829799172321072,0.2587756857268088,2025-09-30 10:56:59.503845
0.15869257426813585,0.2340595402539425,2025-09-30 10:56:59.503845
0.18572862613964664,0.46325658263542974,2025-09-30 10:56:59.503845
0.16193486044337682,0.37111931769725826,2025-09-30 10:56:59.503845
0.17489626931040916,0.35234272499664815,2025-09-30 10:56:59.503845
0.18538744950688515,0.21637078609786256,2025-09-30 10:56:59.503845
0.19055291454928638,0.2536170315176447,2025-09-30 10:56:59.503845
0.18992255167341682,0.4500333877056806,2025-09-30 10:56:59.503845
0.1720288880995943,0.3296678452241597,2025-09-30 10:56:59.503845
0.16555528299020839,0.3641117254154857,2025-09-30 10:56:59.503845
0.1715684246877963,0.3675550607047569,2025-09-30 10:56:59.503845
0.19027883987552452,0.3995564592241567,2025-09-30 10:56:59.503845
0.18763939381013586,0.38166961050511505,2025-09-30 10:56:59.503845
0.1916897432442892,0.4934583124400754,2025-09-30 10:56:59.503845
0.17100407158744246,0.5241782335699543,2025-09-30 10:56:59.503845
0.1738117314687948,0.23138289705388798,2025-09-30 10:56:59.503845
0.18528181996022158,0.28277656989467165,2025-09-30 10:56:59.503845
0.18583919350157896,0.2152520197042616,2025-09-30 10:56:59.503845
0.1936442280241443,0.3090215892297988,2025-09-30 10:56:59.503845
0.18720052832569886,0.34266473982853324,2025-09-30 10:56:59.503845
0.16475794821383688,0.222988901560631,2025-09-30 10:56:59.503845
0.17048380602413496,0.3842739714544608,2025-09-30 10:56:59.503845
0.17316267911353572,0.46787804763268886,2025-09-30 10:56:59.503845
0.17709627363849428,0.2996097240805445,2025-09-30 10:56:59.503845
0.1881282464429594,0.2762225400949271,2025-09-30 10:56:59.503845
0.1867378464508461,0.34259611839795007,2025-09-30 10:56:59.503845
0.17750810106435377,0.28964026923132974,2025-09-30 10:56:59.503845
0.18947217885034326,0.3225876231044761,2025-09-30 10:56:59.503845
0.16496203826502864,0.48838984165464827,2025-09-30 10:56:59.503845
0.16381508034300293,0.267656271160868,2025-09-30 10:56:59.503845
0.18717736760679154,0.2005051158662613,2025-09-30 10:56:59.503845
0.1587792786412915,0.19618111548683914,2025-09-30 10:56:59.503845
0.1793028171356731,0.3094931883315822,2025-09-30 10:56:59.503845
0.1639027829296592,0.1687265392893465,2025-09-30 10:56:59.503845
0.1592270253997958,0.3870911913788952,2025-09-30 10:56:59.503845
0.15728234779876626,0.4683791715130744,2025-09-30 10:56:59.503845
0.1613210675486724,0.35537332118999987,2025-09-30 10:56:59.503845
0.18190634187869892,0.2739166776911661,2025-09-30 10:56:59.503845
0.20862850259355645,0.32734503537862875,2025-09-30 10:56:59.503845
0.17539798521059094,0.22572201399499092,2025-09-30 10:56:59.503845
0.18477933397364887,0.32757813748049597,2025-09-30 10:56:59.503845
0.20810475478640583,0.34406185193224603,2025-09-30 10:56:59.503845
0.20671085902737596,0.31524135179711255,2025-09-30 10:56:59.503845
0.15551033752987908,0.35449696380074697,2025-09-30 10:56:59.503845
0.16901983160665923,0.300977618520392,2025-09-30 10:56:59.503845
0.21912923673195364,0.14413133552304389,2025-09-30 10:56:59.503845
0.16362867562315817,0.19550862211723796,2025-09-30 10:56:59.503845
0.18230210524895524,0.3062888260847513,2025-09-30 10:56:59.503845
0.16216112152405052,0.30903615001019835,2025-09-30 10:56:59.503845
0.15765297462438352,0.32935442645389384,2025-09-30 10:56:59.503845
0.18039828933016175,0.28590326343666267,2025-09-30 10:56:59.503845
0.17434224288223768,0.330432679293704,2025-09-30 10:56:59.503845
0.17289391565128742,0.309937465061031,2025-09-30 10:56:59.503845
0.17017992910565163,0.2932682167257241,2025-09-30 10:56:59.503845
0.18971891218747647,0.25469513168393065,2025-09-30 10:56:59.503845
0.18027494313498144,0.3593137338467064,2025-09-30 10:56:59.503845
0.1685268469627184,0.49197674072660447,2025-09-30 10:56:59.503845
0.19647579880947585,0.25905977729940965,2025-09-30 10:56:59.503845
0.16576034783710575,0.11993901161880635,2025-09-30 10:56:59.503845
0.19280422556588175,0.5146553668194933,2025-09-30 10:56:59.503845
0.20016967418346676,0.3074850177750045,2025-09-30 10:56:59.503845
0.20008006073296639,0.3446629254302335,2025-09-30 10:56:59.503845
0.17895319868122214,0.37447733023248003,2025-09-30 10:56:59.503845
0.16556981053157846,0.39019460525194244,2025-09-30 10:56:59.503845
0.15510095179990746,0.33111447346959216,2025-09-30 10:56:59.503845
0.18577110822106263,0.23991279384023526,2025-09-30 10:56:59.503845
0.16472751582527914,0.2666658773327306,2025-09-30 10:56:59.503845
0.1791746754301427,0.34960862204066584,2025-09-30 10:56:59.503845
0.16298308957798782,0.2042600194547951,2025-09-30 10:56:59.503845
0.1955224457540863,0.3410922425390922,2025-09-30 10:56:59.503845
0.1678673219244062,0.38274375168210695,2025-09-30 10:56:59.503845
0.18658343535500968,0.41662415117008417,2025-09-30 10:56:59.503845
0.16492723434169665,0.28706198200338057,2025-09-30 10:56:59.503845
0.17071501597189537,0.3324852462909712,2025-09-30 10:56:59.503845
0.18723565765701447,0.4505142336947228,2025-09-30 10:56:59.503845
0.21576434704146435,0.31447680806114975,2025-09-30 10:56:59.503845
0.17705138258800354,0.3810334441592455,2025-09-30 10:56:59.503845
0.20617473126233266,0.5125549486673697,2025-09-30 10:56:59.503845
0.19351524305281917,0.2293702754047599,2025-09-30 10:56:59.503845
0.1621062462070021,0.2672604306175886,2025-09-30 10:56:59.503845
0.17424767516846182,0.2435333898402933,2025-09-30 10:56:59.503845
0.175679241276968,0.34343516646964456,2025-09-30 10:56:59.503845
0.1749312021713501,0.2677581669111455,2025-09-30 10:56:59.503845
0.155188106767655,0.30684757514339883,2025-09-30 10:56:59.503845
0.15995611843174765,0.2724951857802619,2025-09-30 10:56:59.503845
0.1770002627471098,0.4079551243233778,2025-09-30 10:56:59.503845
0.1960422341515494,0.3376872988222238,2025-09-30 10:56:59.503845
0.1465103055547846,0.2769463463130726,2025-09-30 10:56:59.503845
0.20893426459888453,0.16856270069185264,2025-09-30 10:56:59.503845
0.14457180790016766,0.31912211922577005,2025-09-30 10:56:59.503845
0.18386964204487458,0.35191165036299293,2025-09-30 10:56:59.503845
0.15109191914467537,0.268366487800178,2025-09-30 10:56:59.503845
0.18077685323635895,0.30360853721613695,2025-09-30 10:56:59.503845
0.14554429707721267,0.22604134939289033,2025-09-30 10:56:59.503845
0.18944428366019606,0.2642833145212774,2025-09-30 10:56:59.503845
0.18706261289201886,0.4231127075998863,2025-09-30 10:56:59.503845
0.17017342979902522,0.2765108265236277,2025-09-30 10:56:59.503845
0.1790688635873304,0.22668073090027463,2025-09-30 10:56:59.503845
0.1864404018598531,0.3935460181303639,2025-09-30 10:56:59.503845
0.16485871306120803,0.31277843977758185,2025-09-30 10:56:59.503845
0.1496275315417907,0.2667071253555866,2025-09-30 10:56:59.503845
0.17093905889155805,0.3693682602162058,2025-09-30 10:56:59.503845
0.17825545472978918,0.283105559885731,2025-09-30 10:56:59.503845
0.2039318771241815,0.3142172565971325,2025-09-30 10:56:59.503845
0.16962671121910686,0.4190654667922273,2025-09-30 10:56:59.503845
0.18255800519958992,0.4150304710020455,2025-09-30 10:56:59.503845
0.1973348535489122,0.31639238377085294,2025-09-30 10:56:59.503845
0.1731809539843479,0.22607697689954828,2025-09-30 10:56:59.503845
0.1779172536903161,0.1805099555527232,2025-09-30 10:56:59.503845
0.18953483438146768,0.3121108201066386,2025-09-30 10:56:59.503845
0.1807864582477238,0.33096798318759085,2025-09-30 10:56:59.503845
0.17659237429698027,0.39162641030450096,2025-09-30 10:56:59.503845
0.19598002353100122,0.4125599799749858,2025-09-30 10:56:59.503845
0.17098418548405267,0.4383854260185651,2025-09-30 10:56:59.503845
0.1956381133250484,0.3339307978395733,2025-09-30 10:56:59.503845
0.1866966161417285,0.35534358446748976,2025-09-30 10:56:59.503845
0.20135301643437536,0.27152960906253343,2025-09-30 10:56:59.503845
0.19091103515735927,0.34669044442491237,2025-09-30 10:56:59.503845
0.1606612554764552,0.49855704400438694,2025-09-30 10:56:59.503845
0.1771037175720726,0.3411099451667657,2025-09-30 10:56:59.503845
0.17649749092892644,0.4565736951280104,2025-09-30 10:56:59.503845
0.18080470806731508,0.33096176079341133,2025-09-30 10:56:59.503845
0.1795838346279442,0.3398658213484572,2025-09-30 10:56:59.503845
0.17117051655771764,0.3067714751619437,2025-09-30 10:56:59.503845
0.15653678154201595,0.23893060836281882,2025-09-30 10:56:59.503845
0.17222428231611328,0.415495120163231,2025-09-30 10:56:59.503845
0.1943121744643885,0.2610606652972997,2025-09-30 10:56:59.503845
0.19347355213212294,0.33460762344642453,2025-09-30 10:56:59.503845
0.2170053769969878,0.33844724392943293,2025-09-30 10:56:59.503845
0.157102625199585,0.3362323316510211,2025-09-30 10:56:59.503845
0.18257302892910854,0.2599398756685659,2025-09-30 10:56:59.503845
0.17823194011097798,0.22793543764979052,2025-09-30 10:56:59.503845
0.17974189337280794,0.35694688732106417,2025-09-30 10:56:59.503845
0.18155226203998925,0.2233506891058626,2025-09-30 10:56:59.503845
0.16905505071027635,0.46982519110307647,2025-09-30 10:56:59.503845
0.20411289174874575,0.46529257694979403,2025-09-30 10:56:59.503845
0.1886215170824649,0.4015577830484801,2025-09-30 10:56:59.503845
0.16444904836859456,0.2496925686043832,2025-09-30 10:56:59.503845
0.20439445657562777,0.3326272293620368,2025-09-30 10:56:59.503845
0.21708988417662126,0.3681107231295437,2025-09-30 10:56:59.503845
0.19333206484134863,0.3229834716425545,2025-09-30 10:56:59.503845
0.1775734222347809,0.3676230808302737,2025-09-30 10:56:59.503845
0.1664170051495351,0.2548661506813371,2025-09-30 10:56:59.503845
0.20432864064632902,0.32815461591252726,2025-09-30 10:56:59.503845
0.1899171822102542,0.3610133328023309,2025-09-30 10:56:59.503845
0.1731761711840473,0.26169254439179285,2025-09-30 10:56:59.503845
0.1830647998504846,0.4455540807237768,2025-09-30 10:56:59.503845
0.18521445671388104,0.2101577243575466,2025-09-30 10:56:59.503845
0.18229674052403952,0.38686939709934876,2025-09-30 10:56:59.503845
0.20105670126113806,0.3383952917911232,2025-09-30 10:56:59.503845
0.16978381851606386,0.35302796234162276,2025-09-30 10:56:59.503845
0.16560424588260841,0.26779137902376116,2025-09-30 10:56:59.503845
0.15304138162378877,0.31358344303959124,2025-09-30 10:56:59.503845
0.1711394358356862,0.38520433536704196,2025-09-30 10:56:59.503845
0.16764730404056316,0.29935822566342374,2025-09-30 10:56:59.503845
0.16519742710881047,0.4303909696094261,2025-09-30 10:56:59.503845
0.1691542966462846,0.4184011614448643,2025-09-30 10:56:59.503845
0.1575716270427749,0.3209614403631187,2025-09-30 10:56:59.503845
0.16106429391826485,0.3607608928142258,2025-09-30 10:56:59.503845
0.18765679533631538,0.2962691593715748,2025-09-30 10:56:59.503845
0.1681244079283516,0.4033507026733208,2025-09-30 10:56:59.503845
0.20090380522704934,0.33310172198131643,2025-09-30 10:56:59.503845
0.19210725530304892,0.2231261474632765,2025-09-30 10:56:59.503845
0.17573210217382565,0.35554190400085844,2025-09-30 10:56:59.503845
0.19657074092843155,0.32191861014874207,2025-09-30 10:56:59.503845
0.20125059854985577,0.3039609386129994,2025-09-30 10:56:59.503845
0.190044235400811,0.32192258795786616,2025-09-30 10:56:59.503845
0.16848379882905454,0.20198771596556742,2025-09-30 10:56:59.503845
0.1937310198531562,0.3734951046099084,2025-09-30 10:56:59.503845
0.20193490113015208,0.2913077960718187,2025-09-30 10:56:59.503845
0.19613140998353504,0.3705305724282238,2025-09-30 10:56:59.503845
0.18009972962301943,0.3261158329641052,2025-09-30 10:56:59.503845
0.18574347441607186,0.1706345344424167,2025-09-30 10:56:59.503845
0.18505776783346037,0.24518323306991147,2025-09-30 10:56:59.503845
0.17403634573970542,0.3544863711715905,2025-09-30 10:56:59.503845
0.1803390508105132,0.2698619710326477,2025-09-30 10:56:59.503845
0.20125428231660739,0.3199324156050788,2025-09-30 10:56:59.503845
0.19884522763130347,0.2817879243159099,2025-09-30 10:56:59.503845
0.20819394099835306,0.35428863823552226,2025-09-30 10:56:59.503845
0.19191514772368315,0.243846106795435,2025-09-30 10:56:59.503845
0.17519912091087406,0.25359160389529645,2025-09-30 10:56:59.503845
0.19215763773456512,0.36743843533827175,2025-09-30 10:56:59.503845
0.18226453559215247,0.33584132297088437,2025-09-30 10:56:59.503845
0.18083440362076636,0.35793972919035855,2025-09-30 10:56:59.503845
0.19963503574656308,0.2327837047875311,2025-09-30 10:56:59.503845
0.15880869076514417,0.44614231220914047,2025-09-30 10:56:59.503845
0.14727615967909025,0.3183772325157795,2025-09-30 10:56:59.503845
0.16455333982524514,0.14087350287014377,2025-09-30 10:56:59.503845
0.1729972625174152,0.2088616332641281,2025-09-30 10:56:59.503845
0.1833778278482041,0.24195059423627258,2025-09-30 10:56:59.503845
0.17870910913549423,0.2317249721266912,2025-09-30 10:56:59.503845
0.16100995469620222,0.33088258532002396,2025-09-30 10:56:59.503845
0.1778295369311326,0.23489761182698526,2025-09-30 10:56:59.503845
0.1785144955737617,0.2973364315692786,2025-09-30 10:56:59.503845
0.19472607398765426,0.3571385933762087,2025-09-30 10:56:59.503845
0.18302543199131133,0.3284632163355147,2025-09-30 10:56:59.503845
0.1772194473722846,0.2748929389257027,2025-09-30 10:56:59.503845
0.19190312647669283,0.24550743087043153,2025-09-30 10:56:59.503845
0.1758035948506286,0.48432240632534534,2025-09-30 10:56:59.503845
0.1590523477472206,0.44222988385714834,2025-09-30 10:56:59.503845
0.19982973430713033,0.21836708515930947,2025-09-30 10:56:59.503845
0.19196644300990828,0.344872139583943,2025-09-30 10:56:59.503845
0.2028832432078141,0.2228696525424463,2025-09-30 10:56:59.503845
0.20277394677168215,0.26423338359967663,2025-09-30 10:56:59.503845
0.17784621089219083,0.34133294854422397,2025-09-30 10:56:59.503845
0.18633825441321103,0.32126148467941734,2025-09-30 10:56:59.503845
0.15193486466665837,0.33787936879069835,2025-09-30 10:56:59.503845
0.20339431316918127,0.35660599352449895,2025-09-30 10:56:59.503845
0.20095287310517665,0.25598547460603266,2025-09-30 10:56:59.503845
0.18633992982912698,0.4932769799140239,2025-09-30 10:56:59.503845
0.22299396605780109,0.16188673076207066,2025-09-30 10:56:59.503845
0.1739478062792956,0.37408324316747216,2025-09-30 10:56:59.503845
0.1607288134294946,0.277136838952212,2025-09-30 10:56:59.503845
0.15826174664854228,0.3883226609770564,2025-09-30 10:56:59.503845
0.16664096044272317,0.3752193682905953,2025-09-30 10:56:59.503845
0.17527886701998785,0.43745734824020654,2025-09-30 10:56:59.503845
0.20773217116049678,0.4389954915211257,2025-09-30 10:56:59.503845
0.17213385128339945,0.3955773344674986,2025-09-30 10:56:59.503845
0.19177021940231442,0.18907236795889826,2025-09-30 10:56:59.503845
0.19317624182918397,0.27834455362976135,2025-09-30 10:56:59.503845
0.1971526528169687,0.26837850755624476,2025-09-30 10:56:59.503845
0.18062857552750783,0.3026117955410027,2025-09-30 10:56:59.503845
0.19449021818314902,0.3151475956184169,2025-09-30 10:56:59.503845
0.18433603464560328,0.3031433838957858,2025-09-30 10:56:59.503845
0.1812802492919833,0.37763605953170626,2025-09-30 10:56:59.503845
0.21506393446368766,0.29685546911029426,2025-09-30 10:56:59.503845
0.16659378667474306,0.2528516322609303,2025-09-30 10:56:59.503845
0.16649787895984558,0.3133890924595796,2025-09-30 10:56:59.503845
0.179487923576005,0.4718159847562581,2025-09-30 10:56:59.503845
0.15844765308490533,0.35165933527905857,2025-09-30 10:56:59.503845
0.1797811653345708,0.45492894034859965,2025-09-30 10:56:59.503845
0.15592233926302992,0.44830509931272794,2025-09-30 10:56:59.503845
0.1558856229156928,0.33145422567775606,2025-09-30 10:56:59.503845
0.18312135888288605,0.378714084931841,2025-09-30 10:56:59.503845
0.1845695660537342,0.4207689779094619,2025-09-30 10:56:59.503845
0.17694958011513368,0.3182353092798518,2025-09-30 10:56:59.503845
0.1935556659502095,0.2563861983307661,2025-09-30 10:56:59.503845
0.18527093818278234,0.36216242600723486,2025-09-30 10:56:59.503845
0.16994714263838714,0.24264105201067954,2025-09-30 10:56:59.503845
0.2099075840084254,0.33038852765411103,2025-09-30 10:56:59.503845
0.18246540928082577,0.11861343190478069,2025-09-30 10:56:59.503845
0.186211169131021,0.29123724496775416,2025-09-30 10:56:59.503845
0.17114046029233632,0.24270880224089547,2025-09-30 10:56:59.503845
0.19773954252260723,0.3594773455281487,2025-09-30 10:56:59.503845
0.14557233553553747,0.15628747770226115,2025-09-30 10:56:59.503845
0.17209339796549283,0.3672150884024,2025-09-30 10:56:59.503845
0.19282018089997424,0.34795733595727163,2025-09-30 10:56:59.503845
0.18055967405016193,0.49858384868852157,2025-09-30 10:56:59.503845
0.16255214865722412,0.3817116471044476,2025-09-30 10:56:59.503845
0.19487752775611505,0.44264789417341655,2025-09-30 10:56:59.503845
0.1885455916740694,0.2871791519865171,2025-09-30 10:56:59.503845
0.16218775459182883,0.3449610633764968,2025-09-30 10:56:59.503845
0.19551608936502599,0.30862889374116137,2025-09-30 10:56:59.503845
0.19058584182184002,0.17700750411087296,2025-09-30 10:56:59.503845
0.1474230457101787,0.3966248514462417,2025-09-30 10:56:59.503845
0.16031211756695377,0.2905397473658904,2025-09-30 10:56:59.503845
0.1577295344825384,0.400922543116028,2025-09-30 10:56:59.503845
0.1824304640912459,0.2030526902337715,2025-09-30 10:56:59.503845
0.19187500322037365,0.32727355900460786,2025-09-30 10:56:59.503845
0.16361374616632357,0.44975317098660117,2025-09-30 10:56:59.503845
0.14171622669260164,0.330035109967993,2025-09-30 10:56:59.503845
0.18108085155811632,0.27937760390276484,2025-09-30 10:56:59.503845
0.20906427226213145,0.3992049969490477,2025-09-30 10:56:59.503845
0.20991866126019768,0.3653541144468769,2025-09-30 10:56:59.503845
0.19864041145358702,0.2265661158332648,2025-09-30 10:56:59.503845
0.18901650157868705,0.3312849017682075,2025-09-30 10:56:59.503845
0.18589585284089147,0.2941631897931734,2025-09-30 10:56:59.503845
0.19291723046459766,0.29914201437167814,2025-09-30 10:56:59.503845
0.15564228158595428,0.3142749121040531,2025-09-30 10:56:59.503845
0.17248204824188623,0.30383123035266013,2025-09-30 10:56:59.503845
0.16796693940043964,0.11029506256235261,2025-09-30 10:56:59.503845
0.18124883229311173,0.3352246834246524,2025-09-30 10:56:59.503845
0.16473700423650398,0.21231985609483042,2025-09-30 10:56:59.503845
0.16863185209837223,0.15982928941193464,2025-09-30 10:56:59.503845
0.19720790235747848,0.25181207004152095,2025-09-30 10:56:59.503845
0.18264159945778272,0.28822950020269933,2025-09-30 10:56:59.503845
0.1679569174020882,0.21012191985000522,2025-09-30 10:56:59.503845
0.18647875019383958,0.4208844156265487,2025-09-30 10:56:59.503845
0.15180680949703906,0.3632802291254582,2025-09-30 10:56:59.503845
0.20496910759790835,0.24328317620826453,2025-09-30 10:56:59.503845
0.1792521187025132,0.21248907151023627,2025-09-30 10:56:59.503845
0.16606910567659794,0.24917483861941614,2025-09-30 10:56:59.503845
0.19842407893375869,0.33255149630763986,2025-09-30 10:56:59.503845
0.15839304265791604,0.357333702797776,2025-09-30 10:56:59.503845
0.1709987871103717,0.3282015674491027,2025-09-30 10:56:59.503845
0.1691852068410517,0.3905352807527463,2025-09-30 10:56:59.503845
0.195928519258186,0.4066705642630019,2025-09-30 10:56:59.503845
0.20015116681402637,0.3713406001560328,2025-09-30 10:56:59.503845
0.19402207845039235,0.39703179292208035,2025-09-30 10:56:59.503845
0.19752767395455254,0.32934106322740386,2025-09-30 10:56:59.503845
0.16928925683225796,0.2619507292671122,2025-09-30 10:56:59.503845
0.19217174132110793,0.2294949720401453,2025-09-30 10:56:59.503845
0.17395383835938635,0.2548756979346368,2025-09-30 10:56:59.503845
0.17543045748735073,0.3517035970938922,2025-09-30 10:56:59.503845
0.153074513381981,0.3432402530021085,2025-09-30 10:56:59.503845
0.19870986806053373,0.3518015540272218,2025-09-30 10:56:59.503845
0.21136289135708236,0.44524621074913995,2025-09-30 10:56:59.503845
0.20794382518850127,0.3964882946528771,2025-09-30 10:56:59.503845
0.16488873701113096,0.30072387557822083,2025-09-30 10:56:59.503845
0.1716499820933179,0.2578643099414135,2025-09-30 10:56:59.503845
0.18097839797566503,0.27284830428171297,2025-09-30 10:56:59.503845
0.18084662363208973,0.1328463302712926,2025-09-30 10:56:59.503845
0.1852243951358491,0.36728013756564054,2025-09-30 10:56:59.503845
0.1686626739511991,0.42990168890287966,2025-09-30 10:56:59.503845
0.1762107907252061,0.29387693279587096,2025-09-30 10:56:59.503845
0.20188749555308347,0.5254186282940101,2025-09-30 10:56:59.503845
0.17002683622161285,0.3121758089948308,2025-09-30 10:56:59.503845
0.19549983801577842,0.31474342385367243,2025-09-30 10:56:59.503845
0.16469466018441054,0.3305501277540699,2025-09-30 10:56:59.503845
0.15729179103766702,0.37706568530400897,2025-09-30 10:56:59.503845
0.19737263265490237,0.3129738764763303,2025-09-30 10:56:59.503845
0.19419269697946817,0.29837458889847623,2025-09-30 10:56:59.503845
0.171846573995603,0.3741906613982536,2025-09-30 10:56:59.503845
0.1778856171432369,0.31570398648964926,2025-09-30 10:56:59.503845
0.1765506121654926,0.3041722353122877,2025-09-30 10:56:59.503845
0.1904674850309934,0.28027461537700715,2025-09-30 10:56:59.503845
0.15980156474390336,0.4044425474127152,2025-09-30 10:56:59.503845
0.1820000175821073,0.37887937458837573,2025-09-30 10:56:59.503845
0.1820813162383682,0.37793234004136833,2025-09-30 10:56:59.503845
0.16876363384714893,0.46335774366081084,2025-09-30 10:56:59.503845
0.1554707972406294,0.406671828057668,2025-09-30 10:56:59.503845
0.22243903457527697,0.30799411483731837,2025-09-30 10:56:59.503845
0.16812515973314884,0.48083524213398643,2025-09-30 10:56:59.503845
0.19381922000923313,0.3896626910090886,2025-09-30 10:56:59.503845
0.17813477533385186,0.42922807601543056,2025-09-30 10:56:59.503845
0.18675742280399918,0.19308303728199508,2025-09-30 10:56:59.503845
0.1917193359924835,0.3482680057242993,2025-09-30 10:56:59.503845
0.1990439155915424,0.2809506214896552,2025-09-30 10:56:59.503845
0.1861698033050302,0.2378205502912115,2025-09-30 10:56:59.503845
0.20210414444020955,0.4382179638948147,2025-09-30 10:56:59.503845
0.17075798539740616,0.16074428289915244,2025-09-30 10:56:59.503845
0.1675540063954847,0.3275133386504575,2025-09-30 10:56:59.503845
0.18142814959382708,0.32157131791804594,2025-09-30 10:56:59.503845
0.17311496015338448,0.31145589335716106,2025-09-30 10:56:59.503845
0.13847882976015363,0.351957493589519,2025-09-30 10:56:59.503845
0.15470296543855733,0.2551800249068846,2025-09-30 10:56:59.503845
0.18230432006540895,0.24601251984646072,2025-09-30 10:56:59.503845
0.1815450801160711,0.3796484859171051,2025-09-30 10:56:59.503845
0.186178817491394,0.3980286641335995,2025-09-30 10:56:59.503845
0.2136167506889727,0.31104783692965393,2025-09-30 10:56:59.503845
0.18084073503415998,0.3235870681873513,2025-09-30 10:56:59.503845
0.18031916436993808,0.31423157952017433,2025-09-30 10:56:59.503845
0.16616259952245033,0.30557684499930604,2025-09-30 10:56:59.503845
0.19796664341170195,0.3155843000613726,2025-09-30 10:56:59.503845
0.18906671276392648,0.3496141691181368,2025-09-30 10:56:59.503845
0.21224274174347485,0.3223491950883044,2025-09-30 10:56:59.503845
0.14419580718434405,0.32137009632414665,2025-09-30 10:56:59.503845
0.17313482900407448,0.2099435887197389,2025-09-30 10:56:59.503845
0.187928529813555,0.32992278548728987,2025-09-30 10:56:59.503845
0.20699738801568143,0.39051746467821663,2025-09-30 10:56:59.503845
0.16365128776889393,0.3005551181952602,2025-09-30 10:56:59.503845
0.15987101775370524,0.33925934987695167,2025-09-30 10:56:59.503845
0.1497909761754005,0.3863867215497195,2025-09-30 10:56:59.503845
0.16512528924994674,0.40093916068751184,2025-09-30 10:56:59.503845
0.16349597805199806,0.2938352668506578,2025-09-30 10:56:59.503845
0.18198501660843677,0.31509929952021387,2025-09-30 10:56:59.503845
0.2019357417329103,0.3533585729455128,2025-09-30 10:56:59.503845
0.18623758642759294,0.42883485588273224,2025-09-30 10:56:59.503845
0.17848879971775114,0.37666921394433966,2025-09-30 10:56:59.503845
0.15750163040339601,0.2880024794472881,2025-09-30 10:56:59.503845
0.1972371283078153,0.4002822488530293,2025-09-30 10:56:59.503845
0.19375263526820966,0.36640319764571455,2025-09-30 10:56:59.503845
0.15313405567826321,0.16468973054689232,2025-09-30 10:56:59.503845
0.19282737371156716,0.30463591342925067,2025-09-30 10:56:59.503845
0.17657752497716375,0.3164265405284777,2025-09-30 10:56:59.503845
0.1613142174304559,0.30731496453735585,2025-09-30 10:56:59.503845
0.16531059865315906,0.38373242519658085,2025-09-30 10:56:59.503845
0.16976085720066436,0.2325019741397281,2025-09-30 10:56:59.503845
0.18151397169564779,0.3670477074615656,2025-09-30 10:56:59.503845
0.16099886348458392,0.2965467364015532,2025-09-30 10:56:59.503845
0.2026541164994606,0.27084787003914934,2025-09-30 10:56:59.503845
0.16599327394592656,0.5383923541342812,2025-09-30 10:56:59.503845
0.16014572866963306,0.39583765795633075,2025-09-30 10:56:59.503845
0.20470751186442068,0.30235204644678076,2025-09-30 10:56:59.503845
0.16648165211237834,0.3307749275348559,2025-09-30 10:56:59.503845
0.1866997982779905,0.2145483916624922,2025-09-30 10:56:59.503845
0.19547543647491983,0.42990397108772505,2025-09-30 10:56:59.503845
0.1825727744644381,0.33511117523023387,2025-09-30 10:56:59.503845
0.18062632764737957,0.3448101728526885,2025-09-30 10:56:59.503845
0.17641117090379996,0.30046604893064094,2025-09-30 10:56:59.503845
0.17529690041121027,0.3128324882417259,2025-09-30 10:56:59.503845
0.17997280008506866,0.2571491037286927,2025-09-30 10:56:59.503845
0.17860919427855873,0.3904095558910354,2025-09-30 10:56:59.503845
0.14339035598923383,0.3345574063267141,2025-09-30 10:56:59.503845
0.19959448854622158,0.23988186144957346,2025-09-30 10:56:59.503845
0.16505229853348846,0.31564300502850906,2025-09-30 10:56:59.503845
0.18480073601086244,0.3043250141835071,2025-09-30 10:56:59.503845
0.18562417633375458,0.43368732460245263,2025-09-30 10:56:59.503845
0.16450914321338875,0.35051534397350637,2025-09-30 10:56:59.503845
0.21869189693922803,0.374775770398117,2025-09-30 10:56:59.503845
0.18187709655391415,0.37441150134891177,2025-09-30 10:56:59.503845
0.1708140183431873,0.36315670823164,2025-09-30 10:56:59.503845
0.209582494321665,0.2950370109129141,2025-09-30 10:56:59.503845
0.17863288123531681,0.3168998169804369,2025-09-30 10:56:59.503845
0.19248571143893217,0.4369824151271149,2025-09-30 10:56:59.503845
0.193537056753792,0.3209242153387989,2025-09-30 10:56:59.503845
0.1513730187551636,0.30602527767220195,2025-09-30 10:56:59.503845
0.18242408513560646,0.2615264854589764,2025-09-30 10:56:59.503845
0.16284928424455497,0.19353553208128804,2025-09-30 10:56:59.503845
0.17693485896040456,0.21758321173235923,2025-09-30 10:56:59.503845
0.20299698613709316,0.35559350945659834,2025-09-30 10:56:59.503845
0.16932703212728695,0.2458519257782479,2025-09-30 10:56:59.503845
0.2001017239458987,0.425340924950277,2025-09-30 10:56:59.503845
0.1561175993656536,0.24378444449476355,2025-09-30 10:56:59.503845
0.19123295537760773,0.3151340813285015,2025-09-30 10:56:59.503845
0.17163184077114152,0.3167563857961281,2025-09-30 10:56:59.503845
0.17662160084078693,0.38760242323168964,2025-09-30 10:56:59.503845
0.19291576994742762,0.2812318049397621,2025-09-30 10:56:59.503845
0.16895988678496943,0.22801354823742542,2025-09-30 10:56:59.503845
0.17422069873877444,0.35756681102688964,2025-09-30 10:56:59.503845
0.17614519259072442,0.45356162690218577,2025-09-30 10:56:59.503845
0.1857394184710613,0.4663716723000851,2025-09-30 10:56:59.503845
0.1897702225471418,0.3588198599103458,2025-09-30 10:56:59.503845
0.20353880547072972,0.30774847865886384,2025-09-30 10:56:59.503845
0.17466175765190445,0.3080409833897568,2025-09-30 10:56:59.503845
0.18478261635043441,0.30302123505739187,2025-09-30 10:56:59.503845
0.16507255548712882,0.1620306064333784,2025-09-30 10:56:59.503845
0.17561158934594542,0.3467316840659523,2025-09-30 10:56:59.503845
0.15460710853419085,0.4001792434526056,2025-09-30 10:56:59.503845
0.19986191225492803,0.38177122427630233,2025-09-30 10:56:59.503845
0.18486946608030344,0.299862250124826,2025-09-30 10:56:59.503845
0.13510479342806408,0.32512115757407684,2025-09-30 10:56:59.503845
0.1922102262133568,0.3020233948652248,2025-09-30 10:56:59.503845
0.1616651116228521,0.23486556172241566,2025-09-30 10:56:59.503845
0.16113548076862264,0.3394053052994361,2025-09-30 10:56:59.503845
0.21107972915535228,0.3104826556537492,2025-09-30 10:56:59.503845
0.20347692112628826,0.27465261245971523,2025-09-30 10:56:59.503845
0.1863795072186451,0.29556010362032004,2025-09-30 10:56:59.503845
0.17496222614313528,0.2894011925634839,2025-09-30 10:56:59.503845
0.1902075520767903,0.3138788713190084,2025-09-30 10:56:59.503845
0.15062753002258106,0.3162446110834049,2025-09-30 10:56:59.503845
0.18836202626957682,0.20069864497851722,2025-09-30 10:56:59.503845
0.16558027078097678,0.36739136371171366,2025-09-30 10:56:59.503845
0.1849979246364027,0.3029115386496072,2025-09-30 10:56:59.503845
0.15737391588267421,0.35170132034154294,2025-09-30 10:56:59.503845
0.18436670297675456,0.42121645074557457,2025-09-30 10:56:59.503845
0.21087562819884087,0.30206647287009253,2025-09-30 10:56:59.503845
0.17531876414327752,0.341992931786933,2025-09-30 10:56:59.503845
0.16839187278205933,0.32144182471075355,2025-09-30 10:56:59.503845
0.21147675184666048,0.2870905418597643,2025-09-30 10:56:59.503845
0.19336886657477065,0.37156055605045635,2025-09-30 10:56:59.503845
0.20252858972916055,0.1832958335838381,2025-09-30 10:56:59.503845
0.19423069480666585,0.26609431541043704,2025-09-30 10:56:59.503845
0.17769581508116664,0.3713387793156074,2025-09-30 10:56:59.503845
0.16358870257793182,0.3142406369251632,2025-09-30 10:56:59.503845
0.1629072862680217,0.4260084891794905,2025-09-30 10:56:59.503845
0.1813139140241473,0.30708365362625656,2025-09-30 10:56:59.503845
0.18737625392715854,0.4323397546000787,2025-09-30 10:56:59.503845
0.19045547736133414,0.2947368516787816,2025-09-30 10:56:59.503845
0.15785930653635816,0.2761432285672306,2025-09-30 10:56:59.503845
0.19067060595421445,0.34559420652141426,2025-09-30 10:56:59.503845
0.1745628076611948,0.3061694768999154,2025-09-30 10:56:59.503845
0.18274490492864448,0.3556135500801019,2025-09-30 10:56:59.503845
0.1834603624384131,0.16646081127173587,2025-09-30 10:56:59.503845
0.15715349521634978,0.328256873057402,2025-09-30 10:56:59.503845
0.16218788035563833,0.31925015997268147,2025-09-30 10:56:59.503845
0.17835341008264372,0.30086211536259944,2025-09-30 10:56:59.503845
0.18614098661885833,0.3929960007385799,2025-09-30 10:56:59.503845
0.18301848433850088,0.41195100651195854,2025-09-30 10:56:59.503845
0.1569194407311723,0.35778288266773756,2025-09-30 10:56:59.503845
0.18082087894003657,0.20985339819113957,2025-09-30 10:56:59.503845
0.1686488052829354,0.3196595592161654,2025-09-30 10:56:59.503845
0.21015591608149303,0.2539450529022319,2025-09-30 10:56:59.503845
0.17052169156039823,0.2633161757779635,2025-09-30 10:56:59.503845
0.16759396018826705,0.2662561526739834,2025-09-30 10:56:59.503845
0.18034846630265028,0.3422924334789788,2025-09-30 10:56:59.503845
0.1754861089539455,0.504396318579016,2025-09-30 10:56:59.503845
0.18759130819456776,0.4099724025200914,2025-09-30 10:56:59.503845
0.16458019888609474,0.4053963826254072,2025-09-30 10:56:59.503845
0.15617246479498711,0.25250080062493563,2025-09-30 10:56:59.503845
0.17756380517377288,0.33019826057100127,2025-09-30 10:56:59.503845
0.20880028517696259,0.3530323170156759,2025-09-30 10:56:59.503845
0.16263111608070963,0.44760005275608505,2025-09-30 10:56:59.503845
0.1388090208341745,0.2502877170938718,2025-09-30 10:56:59.503845
0.18382829158709138,0.2142456565276598,2025-09-30 10:56:59.503845
0.19034723562565145,0.3753040221453666,2025-09-30 10:56:59.503845
0.19431543341451907,0.38081066859956003,2025-09-30 10:56:59.503845
0.17090796501487154,0.30354227270990597,2025-09-30 10:56:59.503845
0.15105064869982837,0.4087433787564762,2025-09-30 10:56:59.503845
0.13802887114273485,0.2653710360322338,2025-09-30 10:56:59.503845
0.19580967410496583,0.25771705622305663,2025-09-30 10:56:59.503845
0.16076451891988847,0.29517772963709416,2025-09-30 10:56:59.503845
0.17442068697150892,0.31231371970121297,2025-09-30 10:56:59.503845
0.15935245719646424,0.2521284577002526,2025-09-30 10:56:59.503845
0.1792317400753197,0.35533673726185844,2025-09-30 10:56:59.503845
0.17531341758426228,0.30492333766775026,2025-09-30 10:56:59.503845
0.17546159924161964,0.3158673124413656,2025-09-30 10:56:59.503845
0.16873575909033217,0.3171859450619416,2025-09-30 10:56:59.503845
0.1620932493245177,0.36010515812937144,2025-09-30 10:56:59.503845
0.17924305745155278,0.3675116074895625,2025-09-30 10:56:59.503845
0.20724257954148223,0.4705526265155253,2025-09-30 10:56:59.503845
0.1705602351499693,0.2597302682920804,2025-09-30 10:56:59.503845
0.1843441653077316,0.3717531975683883,2025-09-30 10:56:59.503845
0.18700349496452257,0.39642896401811045,2025-09-30 10:56:59.503845
0.16241178654241742,0.29912048896237564,2025-09-30 10:56:59.503845
0.1726691007601363,0.2923833202858206,2025-09-30 10:56:59.503845
0.18472342465658956,0.37503887009250036,2025-09-30 10:56:59.503845
0.18934092558308638,0.40092652192184475,2025-09-30 10:56:59.503845
0.16799044190786905,0.40635503141097484,2025-09-30 10:56:59.503845
0.18437845531171393,0.41830056628666673,2025-09-30 10:56:59.503845
0.19111762358352016,0.19685715709936666,2025-09-30 10:56:59.503845
0.14023678621418106,0.22813604881314525,2025-09-30 10:56:59.503845
0.1666054985432395,0.3978441164913714,2025-09-30 10:56:59.503845
0.18738966981824196,0.35406927039857966,2025-09-30 10:56:59.503845
0.1943685598783704,0.42895172177376356,2025-09-30 10:56:59.503845
0.16982839396863025,0.2953226362493744,2025-09-30 10:56:59.503845
0.20219660418280835,0.2930641256382538,2025-09-30 10:56:59.503845
0.16922321500467635,0.3321469017059683,2025-09-30 10:56:59.503845
0.1782968624450664,0.44431894757600765,2025-09-30 10:56:59.503845
0.19121161143330498,0.25752517207162523,2025-09-30 10:56:59.503845
0.18777885032931346,0.288358790787355,2025-09-30 10:56:59.503845
0.172851168693548,0.284927761984544,2025-09-30 10:56:59.503845
0.20316372811027755,0.3379930232330571,2025-09-30 10:56:59.503845
0.18118202816608422,0.2657212043975878,2025-09-30 10:56:59.503845
0.16792055269535905,0.23790226086779803,2025-09-30 10:56:59.503845
0.18199844617565547,0.4071967872737896,2025-09-30 10:56:59.503845
0.15298786750600976,0.2984591701247415,2025-09-30 10:56:59.503845
0.1579082059710236,0.3154280092275934,2025-09-30 10:56:59.503845
0.19784386770410958,0.4691671084142142,2025-09-30 10:56:59.503845
0.1967322305409981,0.31603737379234903,2025-09-30 10:56:59.503845
0.16076961721184496,0.3356839979439803,2025-09-30 10:56:59.503845
0.14617963129840011,0.3435392754664339,2025-09-30 10:56:59.503845
0.16374680737464775,0.3155074071799365,2025-09-30 10:56:59.503845
0.17218807225500077,0.331778127353556,2025-09-30 10:56:59.503845
0.19216810493892694,0.3821271829803925,2025-09-30 10:56:59.503845
0.16962469954696222,0.37281305069498066,2025-09-30 10:56:59.503845
0.19925755928352637,0.33326149320092285,2025-09-30 10:56:59.503845
0.20128497601491777,0.24551413425301805,2025-09-30 10:56:59.503845
0.21019522152475348,0.4171833772161341,2025-09-30 10:56:59.503845
0.18574409072044093,0.29861318403831205,2025-09-30 10:56:59.503845
0.16673945417121402,0.16578595404852492,2025-09-30 10:56:59.503845
0.17121761426383955,0.27594594991041504,2025-09-30 10:56:59.503845
0.20122521884095443,0.3766021863980261,2025-09-30 10:56:59.503845
0.16116446187362632,0.3420892118889937,2025-09-30 10:56:59.503845
0.19179531815031609,0.2795648289207858,2025-09-30 10:56:59.503845
0.15661662976796137,0.2503026820259101,2025-09-30 10:56:59.503845
0.1479506357610516,0.2711486558813148,2025-09-30 10:56:59.503845
0.19093927169467312,0.35957109919090435,2025-09-30 10:56:59.503845
0.1983132741850483,0.30434443313081566,2025-09-30 10:56:59.503845
0.16505825364026927,0.3790626130262517,2025-09-30 10:56:59.503845
0.1599165446952992,0.44740036472590705,2025-09-30 10:56:59.503845
0.19077535509740942,0.4464763737608684,2025-09-30 10:56:59.503845
0.17779632818931804,0.4801403636523889,2025-09-30 10:56:59.503845
0.15664434101945288,0.410058156968608,2025-09-30 10:56:59.503845
0.18770108601425048,0.41685256656102637,2025-09-30 10:56:59.503845
0.1804353135397752,0.2256272133341033,2025-09-30 10:56:59.503845
0.16560722465079003,0.38386822271178134,2025-09-30 10:56:59.503845
0.20180496355378968,0.30309284019804933,2025-09-30 10:56:59.503845
0.17655680329190446,0.4256636820581208,2025-09-30 10:56:59.503845
0.18905346370244863,0.2730313462367182,2025-09-30 10:56:59.503845
0.18154403230235153,0.28149404410922885,2025-09-30 10:56:59.503845
0.16935111042431694,0.3377210457647272,2025-09-30 10:56:59.503845
0.19672793060034394,0.36242159101910904,2025-09-30 10:56:59.503845
0.14322148984636812,0.3658006762310219,2025-09-30 10:56:59.503845
0.17478930084815972,0.3705761646084056,2025-09-30 10:56:59.503845
0.1777547528807256,0.297122593096412,2025-09-30 10:56:59.503845
0.18796000906156526,0.38269849869341377,2025-09-30 10:56:59.503845
0.16914916185206688,0.35921033210087194,2025-09-30 10:56:59.503845
0.20632449020743826,0.32104794834268485,2025-09-30 10:56:59.503845
0.20822599008290243,0.2480064074258841,2025-09-30 10:56:59.503845
0.1985070586279638,0.4556288094038702,2025-09-30 10:56:59.503845
0.19387746539572545,0.28957122075352554,2025-09-30 10:56:59.503845
0.17749965326791503,0.2783821936397759,2025-09-30 10:56:59.503845
0.1860854443763933,0.22790318387456662,2025-09-30 10:56:59.503845
0.16087709035577638,0.33804045149287854,2025-09-30 10:56:59.503845
0.17815041553057814,0.3033004655592357,2025-09-30 10:56:59.503845
0.18568763130667465,0.2617424129423727,2025-09-30 10:56:59.503845
0.20213698905840272,0.35252485501860537,2025-09-30 10:56:59.503845
0.15929245058639863,0.47137466397044536,2025-09-30 10:56:59.503845
0.1381878249573861,0.3626586089209097,2025-09-30 10:56:59.503845
0.16798883576634,0.3747278274262748,2025-09-30 10:56:59.503845
0.18987280352537572,0.38626990626359514,2025-09-30 10:56:59.503845
0.1987522004922999,0.3682101757002018,2025-09-30 10:56:59.503845
0.18217021619460888,0.31225344056423254,2025-09-30 10:56:59.503845
0.20249309873472088,0.30408632583207945,2025-09-30 10:56:59.503845
0.16437793651789884,0.399609256606508,2025-09-30 10:56:59.503845
0.18528506888928833,0.3517177238998598,2025-09-30 10:56:59.503845
0.19882459665208127,0.415196837586869,2025-09-30 10:56:59.503845
0.19688820253769518,0.1977274516660172,2025-09-30 10:56:59.503845
0.2014463496148875,0.5847525090911729,2025-09-30 10:56:59.503845
0.16922152564506607,0.3892377307155328,2025-09-30 10:56:59.503845
0.19378962902378932,0.41267713632788044,2025-09-30 10:56:59.503845
0.1937710403393755,0.30425542350796847,2025-09-30 10:56:59.503845
0.19804925550736993,0.2945427500532209,2025-09-30 10:56:59.503845
0.17265822419871946,0.2706947014786308,2025-09-30 10:56:59.503845
0.18990722239203917,0.3549400291118278,2025-09-30 10:56:59.503845
0.20782617949785703,0.3677828367080832,2025-09-30 10:56:59.503845
0.1873334466165733,0.35852162778461505,2025-09-30 10:56:59.503845
0.16183936601796484,0.24497343195121485,2025-09-30 10:56:59.503845
0.2093017400550498,0.3026880217940104,2025-09-30 10:56:59.503845
0.17313469559630557,0.3075152723076193,2025-09-30 10:56:59.503845
0.17425829285419966,0.32908934864279515,2025-09-30 10:56:59.503845
0.1616451234984299,0.3361444023256953,2025-09-30 10:56:59.503845
0.18914961024096563,0.3533288086677344,2025-09-30 10:56:59.503845
0.18804208130423983,0.42569158105285765,2025-09-30 10:56:59.503845
0.16383162246834698,0.36969083449487167,2025-09-30 10:56:59.503845
0.17329300144102355,0.38770623210773164,2025-09-30 10:56:59.503845
0.16819558874725873,0.4010057586437759,2025-09-30 10:56:59.503845
0.19664111226731346,0.37571100369598825,2025-09-30 10:56:59.503845
0.20438109960455728,0.2098960328826297,2025-09-30 10:56:59.503845
0.18883796574447423,0.29764838702687185,2025-09-30 10:56:59.503845
0.1930487652375235,0.4992017781876426,2025-09-30 10:56:59.503845
0.19009105291229617,0.3651704159351034,2025-09-30 10:56:59.503845
0.18300505251403676,0.32940049247121866,2025-09-30 10:56:59.503845
0.15506789923925773,0.48004097617185937,2025-09-30 10:56:59.503845
0.1859969261536025,0.23391905059227056,2025-09-30 10:56:59.503845
0.1796328997432401,0.19028864197237377,2025-09-30 10:56:59.503845
0.19232208255135377,0.35660144311925246,2025-09-30 10:56:59.503845
0.14535029736120317,0.423581885789362,2025-09-30 10:56:59.503845
0.15698450236455685,0.2307559643413411,2025-09-30 10:56:59.503845
0.17602322860107006,0.381396000387382,2025-09-30 10:56:59.503845
0.19742310837838328,0.46542332729335034,2025-09-30 10:56:59.503845
0.18507555511596657,0.3244939842585937,2025-09-30 10:56:59.503845
0.19548941100905962,0.3057272146151326,2025-09-30 10:56:59.503845
0.19503220834408147,0.33634694953832056,2025-09-30 10:56:59.503845
0.2161582057247881,0.45157458262309047,2025-09-30 10:56:59.503845
0.17263629142973322,0.2827805001969524,2025-09-30 10:56:59.503845
0.16068344829274894,0.24326528727460253,2025-09-30 10:56:59.503845
0.19372814847301378,0.37846448406281263,2025-09-30 10:56:59.503845
0.16510184344015727,0.2563223111096821,2025-09-30 10:56:59.503845
0.16018064204492807,0.18394944017710807,2025-09-30 10:56:59.503845
0.16756219348808135,0.32963156705211616,2025-09-30 10:56:59.503845
0.17362818697518662,0.31174381144176105,2025-09-30 10:56:59.503845
0.15305624672309417,0.3331734523335505,2025-09-30 10:56:59.503845
0.18913596003856153,0.5307225549764472,2025-09-30 10:56:59.503845
0.18548736864339804,0.3577599816606329,2025-09-30 10:56:59.503845
0.17559004735302058,0.38735944800209643,2025-09-30 10:56:59.503845
0.1709235145581222,0.31284715213032854,2025-09-30 10:56:59.503845
0.17879118350102802,0.44647533589142774,2025-09-30 10:56:59.503845
0.17566729731750544,0.22304077665620645,2025-09-30 10:56:59.503845
0.20412204592607244,0.3152002201384224,2025-09-30 10:56:59.503845
0.16076781770027376,0.2745192463899546,2025-09-30 10:56:59.503845
0.16072988833679938,0.3994855497358767,2025-09-30 10:56:59.503845
0.14665408834970692,0.33438999930940944,2025-09-30 10:56:59.503845
0.1677254682975797,0.29033444028268657,2025-09-30 10:56:59.503845
0.18565116854118838,0.38720791165487634,2025-09-30 10:56:59.503845
0.1765391311188929,0.24384907165025338,2025-09-30 10:56:59.503845
0.17307949603409534,0.41069626525748204,2025-09-30 10:56:59.503845
0.17356917265359206,0.3241356436768743,2025-09-30 10:56:59.503845
0.17378488768238717,0.2823626283624061,2025-09-30 10:56:59.503845
0.16625323923722607,0.10586455183576707,2025-09-30 10:56:59.503845
0.17163530658857348,0.3825659597768586,2025-09-30 10:56:59.503845
0.16729551428421166,0.3458900823730176,2025-09-30 10:56:59.503845
0.18399143838541013,0.3169110138360191,2025-09-30 10:56:59.503845
0.17476076578071106,0.44191746909610324,2025-09-30 10:56:59.503845
0.18055719912063695,0.43173910453577263,2025-09-30 10:56:59.503845
0.17802483879969275,0.2924513321830472,2025-09-30 10:56:59.503845
0.1932345775165802,0.3325421548282489,2025-09-30 10:56:59.503845
0.1905951517606568,0.3473408926093067,2025-09-30 10:56:59.503845
0.1649110932286511,0.4436186067708132,2025-09-30 10:56:59.503845
0.1898799914609525,0.32400281887012194,2025-09-30 10:56:59.503845
0.16482334073956936,0.32387252406005246,2025-09-30 10:56:59.503845
0.17965020299666593,0.4519540152132525,2025-09-30 10:56:59.503845
0.1973310040910231,0.3193426164345555,2025-09-30 10:56:59.503845
0.18105260909525164,0.41092384348284794,2025-09-30 10:56:59.503845
0.16996242926604274,0.34924414314662494,2025-09-30 10:56:59.503845
0.1845228972027818,0.35123295614033595,2025-09-30 10:56:59.503845
0.17676386971504715,0.2213063882261148,2025-09-30 10:56:59.503845
0.1715671734955679,0.35062502323218964,2025-09-30 10:56:59.503845
0.1680896498580377,0.3002305833329098,2025-09-30 10:56:59.503845
0.20506034572867968,0.4451628158524933,2025-09-30 10:56:59.503845
0.19074754004263308,0.30071912870265444,2025-09-30 10:56:59.503845
0.17358995551137496,0.3486035707006151,2025-09-30 10:56:59.503845
0.16798405478430828,0.3309054645923166,2025-09-30 10:56:59.503845
0.14904587214650683,0.3872996830173445,2025-09-30 10:56:59.503845
0.20045259923419803,0.4166305743127043,2025-09-30 10:56:59.503845
0.1591783052228107,0.3434968595692888,2025-09-30 10:56:59.503845
0.18638516669087765,0.3120001362585231,2025-09-30 10:56:59.503845
0.18514806246775226,0.3267852798308077,2025-09-30 10:56:59.503845
0.17945628137601569,0.08449705049401754,2025-09-30 10:56:59.503845
0.19644948063318396,0.21842955432614236,2025-09-30 10:56:59.503845
0.1961121763705541,0.2348503406551394,2025-09-30 10:56:59.503845
0.16254516130531532,0.4745212965407297,2025-09-30 10:56:59.503845
0.18959325403603328,0.2156852936076223,2025-09-30 10:56:59.503845
0.15302039228521258,0.279709398237651,2025-09-30 10:56:59.503845
0.1727613813622175,0.2796828000014917,2025-09-30 10:56:59.503845
0.2043092359164253,0.428161955264893,2025-09-30 10:56:59.503845
0.18670307623596333,0.38608858473450314,2025-09-30 10:56:59.503845
0.17371138293840466,0.29893470659887,2025-09-30 10:56:59.503845
0.17670694621690106,0.42139349833483064,2025-09-30 10:56:59.503845
0.16179160786665633,0.5028991188154418,2025-09-30 10:56:59.503845
0.18688069562219692,0.3318769404223235,2025-09-30 10:56:59.503845
0.22354168753628056,0.2964855991111182,2025-09-30 10:56:59.503845
0.21762022296810807,0.34017166617266803,2025-09-30 10:56:59.503845
0.18334217609227832,0.311145275751588,2025-09-30 10:56:59.503845
0.2009911128376905,0.3692604634558033,2025-09-30 10:56:59.503845
0.17291492503458852,0.29453989630274235,2025-09-30 10:56:59.503845
0.1632660328281339,0.2873593958514319,2025-09-30 10:56:59.503845
0.15682951464634484,0.43082516523248315,2025-09-30 10:56:59.503845
0.17229710792485967,0.3907460382610275,2025-09-30 10:56:59.503845
0.18350265106532773,0.3804187544744117,2025-09-30 10:56:59.503845
0.19601420192573177,0.362785700109354,2025-09-30 10:56:59.503845
0.1862842162158445,0.1779528711992356,2025-09-30 10:56:59.503845
0.18177620604983766,0.2846928306997966,2025-09-30 10:56:59.503845
0.18481213132937732,0.34282367205917424,2025-09-30 10:56:59.503845
0.18722263251241436,0.3338966256153373,2025-09-30 10:56:59.503845
0.1938916117089367,0.39464265144223754,2025-09-30 10:56:59.503845
0.1889975998136532,0.19699597997619342,2025-09-30 10:56:59.503845
0.1704338705251793,0.32277771298570684,2025-09-30 10:56:59.503845
0.17608412511383228,0.39796500097477827,2025-09-30 10:56:59.503845
0.1551674637975204,0.34845099496757,2025-09-30 10:56:59.503845
0.17873187290393666,0.28511276388548895,2025-09-30 10:56:59.503845
0.17925592912805335,0.25515233491537065,2025-09-30 10:56:59.503845
0.19863022651857845,0.31068591806329315,2025-09-30 10:56:59.503845
0.16978278689678786,0.3708095638285259,2025-09-30 10:56:59.503845
0.18081807915973935,0.42098155938820414,2025-09-30 10:56:59.503845
0.1749019586363007,0.367463809434058,2025-09-30 10:56:59.503845
0.20469031507609867,0.4479521211290204,2025-09-30 10:56:59.503845
0.15275243076717165,0.4156140666033216,2025-09-30 10:56:59.503845
0.19914043044913562,0.2498934016739292,2025-09-30 10:56:59.503845
0.17006337390831822,0.29259110751281936,2025-09-30 10:56:59.503845
0.2014155618833339,0.2611680765804203,2025-09-30 10:56:59.503845
0.19425789660695894,0.1735072801972229,2025-09-30 10:56:59.503845
0.1922363240628084,0.38890733547530615,2025-09-30 10:56:59.503845
0.20677142649816446,0.3168933331401409,2025-09-30 10:56:59.503845
0.1834819974787683,0.27651846841930555,2025-09-30 10:56:59.503845
0.19078550766807637,0.2994219649984411,2025-09-30 10:56:59.503845
0.18631691759140084,0.3777114304238784,2025-09-30 10:56:59.503845
0.2088519928089415,0.46133934770552393,2025-09-30 10:56:59.503845
0.17050385699977444,0.4334092805046351,2025-09-30 10:56:59.503845
0.1731034740608819,0.44537196263365686,2025-09-30 10:56:59.503845
0.1765849542074082,0.31949743007865566,2025-09-30 10:56:59.503845
0.16134407818449636,0.3011371496066214,2025-09-30 10:56:59.503845
0.19216300289954047,0.3105512568059688,2025-09-30 10:56:59.503845
0.1794231665035388,0.3698918708428738,2025-09-30 10:56:59.503845
0.17415461202764476,0.2661890405425953,2025-09-30 10:56:59.503845
0.1896387856123201,0.2684053960597006,2025-09-30 10:56:59.503845
0.1663176691957372,0.3235003466886131,2025-09-30 10:56:59.503845
0.17804984514680133,0.3084221451660034,2025-09-30 10:56:59.503845
0.18880510128785805,0.312515866917977,2025-09-30 10:56:59.503845
0.16712781245401398,0.40650171541607144,2025-09-30 10:56:59.503845
0.18324522398817586,0.39052727055098124,2025-09-30 10:56:59.503845
0.17057223397714938,0.36030101280494103,2025-09-30 10:56:59.503845
0.1869495058078151,0.35907715807909585,2025-09-30 10:56:59.503845
0.17570365714532232,0.42556052050204796,2025-09-30 10:56:59.503845
0.2075749534148793,0.3943464023557181,2025-09-30 10:56:59.503845
0.17857821497076282,0.3507679722730218,2025-09-30 10:56:59.503845
0.19988561607556435,0.28624964751703996,2025-09-30 10:56:59.503845
0.16727304651507652,0.2519994009712594,2025-09-30 10:56:59.503845
0.2029763662284793,0.248560034810619,2025-09-30 10:56:59.503845
0.20802095088089115,0.3102371731290121,2025-09-30 10:56:59.503845
0.18211811481062973,0.2815601688516471,2025-09-30 10:56:59.503845
0.1806318069966104,0.3278164547636735,2025-09-30 10:56:59.503845
0.2016079797360791,0.3709015800211767,2025-09-30 10:56:59.503845
0.19342035361256832,0.367141667302662,2025-09-30 10:56:59.503845
0.2004225041321522,0.2952960588134885,2025-09-30 10:56:59.503845
0.1945777126209386,0.34837030417799747,2025-09-30 10:56:59.503845
0.18088154060712058,0.3349994184006194,2025-09-30 10:56:59.503845
0.17542317981923516,0.4018410610596957,2025-09-30 10:56:59.503845
0.1695620362370976,0.3537449972050406,2025-09-30 10:56:59.503845
0.17693650003688616,0.35222714722876625,2025-09-30 10:56:59.503845
0.1803061544506622,0.28439483818813005,2025-09-30 10:56:59.503845
0.16301395180349876,0.31970088465437707,2025-09-30 10:56:59.503845
0.16463673008407176,0.3477274986628481,2025-09-30 10:56:59.503845
0.22424262599842906,0.3427430010635083,2025-09-30 10:56:59.503845
0.18386427280128856,0.27700030128599556,2025-09-30 10:56:59.503845
0.15586275340682995,0.3384074097229019,2025-09-30 10:56:59.503845
0.15796518184934946,0.3098076623869194,2025-09-30 10:56:59.503845
0.1559005776677131,0.3168738407832072,2025-09-30 10:56:59.503845
0.16940868167369544,0.30757694040383377,2025-09-30 10:56:59.503845
0.2068429880028731,0.22521965560528512,2025-09-30 10:56:59.503845
0.162855052829966,0.3778248946640077,2025-09-30 10:56:59.503845
0.1977992757997688,0.2421205979273497,2025-09-30 10:56:59.503845
0.1675921358867073,0.20808221562653706,2025-09-30 10:56:59.503845
0.18439592573544666,0.4067251874258825,2025-09-30 10:56:59.503845
0.18407350612897566,0.34057482875660966,2025-09-30 10:56:59.503845
0.20067046588765847,0.30176965296775093,2025-09-30 10:56:59.503845
0.18337975139943521,0.2669063752275727,2025-09-30 10:56:59.503845
0.17665734376959663,0.4132439713939918,2025-09-30 10:56:59.503845
0.1524488814417852,0.31014441659494035,2025-09-30 10:56:59.503845
0.17873009247002927,0.3674355698415559,2025-09-30 10:56:59.503845
0.19508963580227107,0.36528013668028353,2025-09-30 10:56:59.503845
0.20676388964867895,0.33398307419775,2025-09-30 10:56:59.503845
0.17816756846910417,0.4400518168128558,2025-09-30 10:56:59.503845
0.1686191057882033,0.2996426114242129,2025-09-30 10:56:59.503845
0.1845860031179261,0.2034299704936467,2025-09-30 10:56:59.503845
0.18836271709429603,0.4133522444329507,2025-09-30 10:56:59.503845
0.17679790811343907,0.4892958446604182,2025-09-30 10:56:59.503845
0.17837277948429517,0.24112893165924,2025-09-30 10:56:59.503845
0.18631223784753034,0.3230517351637859,2025-09-30 10:56:59.503845
0.16816062342732813,0.41308071391873674,2025-09-30 10:56:59.503845
0.1920856537119599,0.30003013055794225,2025-09-30 10:56:59.503845
0.18174967236303594,0.2153455014730131,2025-09-30 10:56:59.503845
0.16019382535385074,0.34230470530155777,2025-09-30 10:56:59.503845
0.15948121334932655,0.42725459514970526,2025-09-30 10:56:59.503845
0.18007854869740633,0.4863327505194519,2025-09-30 10:56:59.503845
0.2054285378790208,0.3286225690472177,2025-09-30 10:56:59.503845
0.1771858999598491,0.4137575299289237,2025-09-30 10:56:59.503845
0.17412387979097557,0.28479269460660034,2025-09-30 10:56:59.503845
0.19745815313885604,0.08972605018234964,2025-09-30 10:56:59.503845
0.1557142219637618,0.23336212692240496,2025-09-30 10:56:59.503845
0.19367852436204372,0.3773482636595725,2025-09-30 10:56:59.503845
0.17774091449624801,0.33908995701392264,2025-09-30 10:56:59.503845
0.1546792601689739,0.32626298043696406,2025-09-30 10:56:59.503845
0.15244529041392707,0.35257486238447877,2025-09-30 10:56:59.503845
0.17598357923917324,0.34246121276852803,2025-09-30 10:56:59.503845
0.17022028415386525,0.37977952333701726,2025-09-30 10:56:59.503845
0.18132971829269293,0.30044435574056216,2025-09-30 10:56:59.503845
0.1703064392581418,0.22977440430322082,2025-09-30 10:56:59.503845
0.1634579311036085,0.5062322145790196,2025-09-30 10:56:59.503845
0.19168814653396127,0.2893300087223317,2025-09-30 10:56:59.503845
0.1907702929609759,0.28413454291345575,2025-09-30 10:56:59.503845
0.1743095156149844,0.3204029003240514,2025-09-30 10:56:59.503845
0.1771884072561169,0.29001175946954855,2025-09-30 10:56:59.503845
0.19344672348980158,0.3230040790705064,2025-09-30 10:56:59.503845
0.18893522130812443,0.2851628523876116,2025-09-30 10:56:59.503845
0.19637746078092708,0.3206072697920067,2025-09-30 10:56:59.503845
0.18989855716484905,0.34518496995270365,2025-09-30 10:56:59.503845
0.1979788795941925,0.39589005415352874,2025-09-30 10:56:59.503845
0.18229578697043627,0.18646412105717775,2025-09-30 10:56:59.503845
0.18365848256770123,0.370705207715012,2025-09-30 10:56:59.503845
0.16904083394974764,0.3455648439255601,2025-09-30 10:56:59.503845
0.18499768288535168,0.3315639837142508,2025-09-30 10:56:59.503845
0.15743664214522832,0.23501520288904465,2025-09-30 10:56:59.503845
0.18083615213610815,0.3395665461050859,2025-09-30 10:56:59.503845
0.1684008024864384,0.37250916335211576,2025-09-30 10:56:59.503845
0.18140642459839876,0.20666574912711086,2025-09-30 10:56:59.503845
0.17448676515304595,0.337999971241475,2025-09-30 10:56:59.503845
0.1918985687507663,0.24634259812312015,2025-09-30 10:56:59.503845
0.16534013279384419,0.1855043627180114,2025-09-30 10:56:59.503845
0.1739294215839723,0.2853331311728547,2025-09-30 10:56:59.503845
0.18013594793815232,0.40189301895419866,2025-09-30 10:56:59.503845
0.17337080689951168,0.3677390416342207,2025-09-30 10:56:59.503845
0.15375821184573932,0.3478278720311955,2025-09-30 10:56:59.503845
0.18481537677724533,0.22610615181936683,2025-09-30 10:56:59.503845
0.16261636923316805,0.20020010715590159,2025-09-30 10:56:59.503845
0.16244291831237873,0.3374582183794381,2025-09-30 10:56:59.503845
0.20728420918537463,0.3616347310858612,2025-09-30 10:56:59.503845
0.15595667549158074,0.315692389581309,2025-09-30 10:56:59.503845
0.166186562989564,0.39494466364242836,2025-09-30 10:56:59.503845
0.20096734288428467,0.361946604625419,2025-09-30 10:56:59.503845
0.18394112660432194,0.2291763920719089,2025-09-30 10:56:59.503845
0.18650518046688416,0.3097177349917717,2025-09-30 10:56:59.503845
0.2025205219426716,0.2893689839286936,2025-09-30 10:56:59.503845
0.16863430322764328,0.3496474572107438,2025-09-30 10:56:59.503845
0.18835498041869678,0.2692984457083089,2025-09-30 10:56:59.503845
0.18507087651024723,0.4065436509818148,2025-09-30 10:56:59.503845
0.1766739461045953,0.3383596238165247,2025-09-30 10:56:59.503845
0.19327105423134888,0.3196878822650137,2025-09-30 10:56:59.503845
0.17112135098582482,0.4274458829291843,2025-09-30 10:56:59.503845
0.20292285484692832,0.28214954844676327,2025-09-30 10:56:59.503845
0.16380042536038006,0.3533932616845198,2025-09-30 10:56:59.503845
0.20642686471766664,0.1930657392266478,2025-09-30 10:56:59.503845
0.20150333852826033,0.3313837559599265,2025-09-30 10:56:59.503845
0.15343075020667699,0.4163446072525535,2025-09-30 10:56:59.503845
0.18171396414472465,0.29354728838287225,2025-09-30 10:56:59.503845
0.1876202406469909,0.3321168524965011,2025-09-30 10:56:59.503845
0.17072402756327895,0.32938926209749403,2025-09-30 10:56:59.503845
0.17444539157271244,0.44927073099855447,2025-09-30 10:56:59.503845
0.20375467195484384,0.35602099859588404,2025-09-30 10:56:59.503845
0.2020808460623253,0.31283132873897285,2025-09-30 10:56:59.503845
0.2027673327311186,0.3284998961534529,2025-09-30 10:56:59.503845
0.17630857685883847,0.38211044972681507,2025-09-30 10:56:59.503845
0.17446102932265234,0.34539296701128885,2025-09-30 10:56:59.503845
0.18658065023585163,0.3402076374863141,2025-09-30 10:56:59.503845
0.18104572489651094,0.22983479093026754,2025-09-30 10:56:59.503845
0.1985946457910326,0.2809694347226941,2025-09-30 10:56:59.503845
0.22145097030099087,0.40616307414963093,2025-09-30 10:56:59.503845
0.16673516813824632,0.277388788868458,2025-09-30 10:56:59.503845
0.18648619769021713,0.3468419848439217,2025-09-30 10:56:59.503845
0.1733409951566005,0.4258635986461671,2025-09-30 10:56:59.503845
0.20173939843956662,0.2676789845310833,2025-09-30 10:56:59.503845
0.16572779853590164,0.2968150177712988,2025-09-30 10:56:59.503845
0.1770557019520306,0.39087226954716253,2025-09-30 10:56:59.503845
0.19452277032087997,0.24632543112962127,2025-09-30 10:56:59.503845
0.19079551222534158,0.36553460641955154,2025-09-30 10:56:59.503845
0.17389471612561952,0.2741471174050113,2025-09-30 10:56:59.503845
0.16479911130677938,0.280622196885408,2025-09-30 10:56:59.503845
0.17934532290140157,0.1967090860102035,2025-09-30 10:56:59.503845
0.18071601441775392,0.3605138210412066,2025-09-30 10:56:59.503845
0.16289579803514612,0.32625296104771484,2025-09-30 10:56:59.503845
0.17991030855309287,0.32961207761638434,2025-09-30 10:56:59.503845
0.14721775437760276,0.34746060840758913,2025-09-30 10:56:59.503845
0.18195801005188564,0.44777113242109845,2025-09-30 10:56:59.503845
0.1852011364186586,0.45630075682957283,2025-09-30 10:56:59.503845
0.16881725048518803,0.3907019054874074,2025-09-30 10:56:59.503845
0.16553974801444923,0.34078017718677295,2025-09-30 10:56:59.503845
0.17236526596880794,0.3275507263248364,2025-09-30 10:56:59.503845
0.1478550784938702,0.4753937539178392,2025-09-30 10:56:59.503845
0.20366261145537168,0.2639502381956828,2025-09-30 10:56:59.503845
0.1604683533564828,0.47639196958229874,2025-09-30 10:56:59.503845
0.1907216204077762,0.43584436938377347,2025-09-30 10:56:59.503845
0.1726704560493019,0.3357852746720303,2025-09-30 10:56:59.503845
0.17112213459429415,0.34454953217124273,2025-09-30 10:56:59.503845
0.17386554974247131,0.2881063423901509,2025-09-30 10:56:59.503845
0.2074218377966279,0.31243571139112297,2025-09-30 10:56:59.503845
0.18629815675330486,0.31911022491544483,2025-09-30 10:56:59.503845
0.22511354407805673,0.24845107957165072,2025-09-30 10:56:59.503845
0.20607548001036155,0.36265084575707535,2025-09-30 10:56:59.503845
0.16849124103841903,0.362081548388533,2025-09-30 10:56:59.503845
0.17949602158370773,0.32739631868338787,2025-09-30 10:56:59.503845
0.2031402392085127,0.34503328614019896,2025-09-30 10:56:59.503845
0.16722017719220383,0.2472607974424111,2025-09-30 10:56:59.503845
0.17072129603227865,0.36698272645149166,2025-09-30 10:56:59.503845
0.1795364801308202,0.3004078949403121,2025-09-30 10:56:59.503845
0.16360598332624668,0.3914050849034026,2025-09-30 10:56:59.503845
0.15107387938989042,0.36860048896162545,2025-09-30 10:56:59.503845
0.17552587085777124,0.29957123283225895,2025-09-30 10:56:59.503845
0.17405122003832615,0.24321521297255405,2025-09-30 10:56:59.503845
0.19382194226613722,0.3090217787653991,2025-09-30 10:56:59.503845
0.16669626835329757,0.43676411180532393,2025-09-30 10:56:59.503845
0.20028235859913368,0.2994376046622419,2025-09-30 10:56:59.503845
0.1879111428459753,0.31634496203578044,2025-09-30 10:56:59.503845
0.17529280557524854,0.35902161830575113,2025-09-30 10:56:59.503845
0.18208614840769188,0.32790553330113337,2025-09-30 10:56:59.503845
0.16365011979796407,0.3789621359563187,2025-09-30 10:56:59.503845
0.1900816622316294,0.3323149281091203,2025-09-30 10:56:59.503845
0.20384290766021979,0.39884431701010514,2025-09-30 10:56:59.503845
0.19484361902139127,0.3555040170492564,2025-09-30 10:56:59.503845
0.17444716360882903,0.43103215574947473,2025-09-30 10:56:59.503845
0.18530263606057018,0.20719687093426983,2025-09-30 10:56:59.503845
0.18141701569832996,0.5090667035790496,2025-09-30 10:56:59.503845
0.15999947211253912,0.3178335557810124,2025-09-30 10:56:59.503845
0.1585885863873329,0.21857882256536362,2025-09-30 10:56:59.503845
0.16662121257936183,0.31714060088793644,2025-09-30 10:56:59.503845
0.18247781536307014,0.3166323747000224,2025-09-30 10:56:59.503845
0.1730687665338502,0.35012090965478054,2025-09-30 10:56:59.503845
0.1923497325157139,0.3499550735765791,2025-09-30 10:56:59.503845
0.18382166965745375,0.35365431582543994,2025-09-30 10:56:59.503845
0.17287823474521136,0.4231244889717533,2025-09-30 10:56:59.503845
0.1865078748112175,0.3777354560641616,2025-09-30 10:56:59.503845
0.178598019793431,0.22970378879889278,2025-09-30 10:56:59.503845
0.19389366393625693,0.3693133157263812,2025-09-30 10:56:59.503845
0.15709862584008205,0.37684824867494604,2025-09-30 10:56:59.503845
0.1773752898819189,0.2244246697397666,2025-09-30 10:56:59.503845
0.17102358105447318,0.3743703922607021,2025-09-30 10:56:59.503845
0.17176368364835026,0.273642119662664,2025-09-30 10:56:59.503845
0.1581737224231644,0.19012751872036376,2025-09-30 10:56:59.503845
0.1638603356026495,0.304895688397551,2025-09-30 10:56:59.503845
0.18126855417545804,0.1310802230999682,2025-09-30 10:56:59.503845
0.1531226981560047,0.3237046031805559,2025-09-30 10:56:59.503845
0.20159385263251126,0.3358882222874723,2025-09-30 10:56:59.503845
0.1764736171927447,0.2134335751872717,2025-09-30 10:56:59.503845
0.16611221597887943,0.4127921899710118,2025-09-30 10:56:59.503845
0.18231751039918062,0.14311501660088444,2025-09-30 10:56:59.503845
0.1850662349781975,0.32195510987380416,2025-09-30 10:56:59.503845
0.1818039629491404,0.3743590851838505,2025-09-30 10:56:59.503845
0.2040852706660775,0.3761003482702461,2025-09-30 10:56:59.503845
0.19206824181174903,0.3504648147153264,2025-09-30 10:56:59.503845
0.170365298200447,0.447627931595987,2025-09-30 10:56:59.503845
0.16773394152565502,0.38695564622362705,2025-09-30 10:56:59.503845
0.15188121912153027,0.37885626427523467,2025-09-30 10:56:59.503845
0.16706250763574296,0.4531633805518548,2025-09-30 10:56:59.503845
0.17269699311767464,0.3004865221103682,2025-09-30 10:56:59.503845
0.1629697035547264,0.33427171356558305,2025-09-30 10:56:59.503845
0.1972391960228907,0.3178513277328962,2025-09-30 10:56:59.503845
0.16962889302703746,0.2959947114601814,2025-09-30 10:56:59.503845
0.17790487977836011,0.28725288825093676,2025-09-30 10:56:59.503845
0.17631895707565615,0.4030913532322733,2025-09-30 10:56:59.503845
0.18654784325839055,0.35033079716481624,2025-09-30 10:56:59.503845
0.1771271681409443,0.4112915344832513,2025-09-30 10:56:59.503845
0.1572298279673705,0.3633020112303156,2025-09-30 10:56:59.503845
0.14653322189013068,0.4130985091240691,2025-09-30 10:56:59.503845
0.1591874655161614,0.37136175502239394,2025-09-30 10:56:59.503845
0.17568830851763276,0.3134932214079605,2025-09-30 10:56:59.503845
0.17813217646552035,0.22541200583791962,2025-09-30 10:56:59.503845
0.18909665818598012,0.19025027073256418,2025-09-30 10:56:59.503845
0.18877362769424683,0.4369742533607545,2025-09-30 10:56:59.503845
0.17655190094411635,0.42840418307774036,2025-09-30 10:56:59.503845
0.16719707509022053,0.3728769844979767,2025-09-30 10:56:59.503845
0.17310007746790612,0.2399110377161968,2025-09-30 10:56:59.503845
0.17817570350611317,0.16555005865507347,2025-09-30 10:56:59.503845
0.2015934952122039,0.2900681249606844,2025-09-30 10:56:59.503845
0.178148367151732,0.26131277052041535,2025-09-30 10:56:59.503845
0.18550616766076602,0.4622790135576771,2025-09-30 10:56:59.503845
0.21549223092537254,0.16869889916982767,2025-09-30 10:56:59.503845
0.17947128384452687,0.45931200824788826,2025-09-30 10:56:59.503845
0.16675925526687252,0.3306482597116908,2025-09-30 10:56:59.503845
0.16995994356755803,0.2562811737807026,2025-09-30 10:56:59.503845
0.1725936820626342,0.42972958964307467,2025-09-30 10:56:59.503845
0.19015016708825394,0.278418134469951,2025-09-30 10:56:59.503845
0.20009682529459277,0.44638904201306884,2025-09-30 10:56:59.503845
0.19928863775579297,0.29142418582267315,2025-09-30 10:56:59.503845
0.1521902493857943,0.27176029131753215,2025-09-30 10:56:59.503845
0.16775032942097334,0.18590139104420608,2025-09-30 10:56:59.503845
0.18622271924719178,0.4213894004571895,2025-09-30 10:56:59.503845
0.18516564593848084,0.19513391199553004,2025-09-30 10:56:59.503845
0.19146324801923573,0.3033584254712026,2025-09-30 10:56:59.503845
0.15914851554938533,0.4474455703796503,2025-09-30 10:56:59.503845
0.16610822460045827,0.34999980260618063,2025-09-30 10:56:59.503845
0.16249552852540866,0.20804155882521969,2025-09-30 10:56:59.503845
0.17801106485930163,0.28996353816916215,2025-09-30 10:56:59.503845
0.16757267630785752,0.1856195499994511,2025-09-30 10:56:59.503845
0.18328607855914542,0.35547557246609623,2025-09-30 10:56:59.503845
0.18502136204553044,0.30476545129160776,2025-09-30 10:56:59.503845
0.16976815175155202,0.31500528982760656,2025-09-30 10:56:59.503845
0.17224242643168275,0.4050092186686945,2025-09-30 10:56:59.503845
0.18883710477264748,0.4295791522991226,2025-09-30 10:56:59.503845
0.19156949578397103,0.3359563435180016,2025-09-30 10:56:59.503845
0.17547840537757647,0.2785437026522274,2025-09-30 10:56:59.503845
0.17634693565270732,0.32499518768156965,2025-09-30 10:56:59.503845
0.17238453992019756,0.3787598952551442,2025-09-30 10:56:59.503845
0.2396383054279775,0.39690590595194863,2025-09-30 10:56:59.503845
0.17634241821961444,0.442882293526443,2025-09-30 10:56:59.503845
0.17048937610216056,0.28728809155110635,2025-09-30 10:56:59.503845
0.1642514765680171,0.27689293932166786,2025-09-30 10:56:59.503845
0.1636826384283811,0.4312055798056029,2025-09-30 10:56:59.503845
0.15796591671446536,0.33942824665768634,2025-09-30 10:56:59.503845
0.17756049061165127,0.347378085699768,2025-09-30 10:56:59.503845
0.16919395570143655,0.37810565636932675,2025-09-30 10:56:59.503845
0.18676884063257304,0.28778733035053106,2025-09-30 10:56:59.503845
0.20421730824611964,0.3463767539293627,2025-09-30 10:56:59.503845
0.16491888010564884,0.3948200822135245,2025-09-30 10:56:59.503845
0.1727216320288523,0.3355178460396888,2025-09-30 10:56:59.503845
0.20007182534006415,0.2489239148889724,2025-09-30 10:56:59.503845
0.16868769768846442,0.36010185553148283,2025-09-30 10:56:59.503845
0.19863913847190406,0.3059368575459401,2025-09-30 10:56:59.503845
0.19284167215808085,0.21410639995209793,2025-09-30 10:56:59.503845
0.16710765459245788,0.4112993164099371,2025-09-30 10:56:59.503845
0.21074855915621937,0.3554227814632725,2025-09-30 10:56:59.503845
0.17105461339664213,0.40349500894901585,2025-09-30 10:56:59.503845
0.1630563288320745,0.2908984193958702,2025-09-30 10:56:59.503845
0.19693876918418016,0.29816299167136767,2025-09-30 10:56:59.503845
0.19903235858297674,0.422223955496898,2025-09-30 10:56:59.503845
0.17526756803753513,0.2544024573344352,2025-09-30 10:56:59.503845
0.15864639594069527,0.41457134666290685,2025-09-30 10:56:59.503845
0.1679595680650996,0.20361997122716682,2025-09-30 10:56:59.503845
0.16909518120626918,0.3995609990457141,2025-09-30 10:56:59.503845
0.17908943374248035,0.36910624386652746,2025-09-30 10:56:59.503845
0.19470916699533192,0.3570703792387173,2025-09-30 10:56:59.503845
0.2014493161439189,0.3494906504488876,2025-09-30 10:56:59.503845
0.18547606621878923,0.3663848746146488,2025-09-30 10:56:59.503845
0.17222579357846754,0.46878082610852656,2025-09-30 10:56:59.503845
0.21701106635649842,0.3681039815402868,2025-09-30 10:56:59.503845
0.18869341577283108,0.0955436103373209,2025-09-30 10:56:59.503845
0.16853954542520988,0.37594101270971725,2025-09-30 10:56:59.503845
0.16943786466228292,0.2625605839671228,2025-09-30 10:56:59.503845
0.17021845790760157,0.2329649546443444,2025-09-30 10:56:59.503845
0.1721814114819875,0.37009711124865463,2025-09-30 10:56:59.503845
0.185602369965372,0.33598785153992794,2025-09-30 10:56:59.503845
0.17429740279936556,0.42922535554566266,2025-09-30 10:56:59.503845
0.18155728286985395,0.3449134500390449,2025-09-30 10:56:59.503845
0.1838324369329832,0.3594106627258774,2025-09-30 10:56:59.503845
0.17114172685953366,0.2190817566074155,2025-09-30 10:56:59.503845
0.17956812234347394,0.38943510880945,2025-09-30 10:56:59.503845
0.17748457772314644,0.31935682353480893,2025-09-30 10:56:59.503845
0.16204912777541663,0.3412686680657445,2025-09-30 10:56:59.503845
0.18478458856013003,0.3240844571812221,2025-09-30 10:56:59.503845
0.18422218691227246,0.3422206269572426,2025-09-30 10:56:59.503845
0.15772407673259567,0.29629742981639384,2025-09-30 10:56:59.503845
0.2054233396606516,0.3436805479672107,2025-09-30 10:56:59.503845
0.1738684961987579,0.3181288761021644,2025-09-30 10:56:59.503845
0.1624877971127618,0.3039498735096329,2025-09-30 10:56:59.503845
0.17734525450221927,0.39038209525590495,2025-09-30 10:56:59.503845
0.21551226291043185,0.275930767146588,2025-09-30 10:56:59.503845
0.17475310293968735,0.28392119386454867,2025-09-30 10:56:59.503845
0.2031492131825083,0.30393335048667924,2025-09-30 10:56:59.503845
0.193666222366838,0.30257458998490516,2025-09-30 10:56:59.503845
0.19197271062353227,0.3723050438500993,2025-09-30 10:56:59.503845
0.17161811381100867,0.35839974313494655,2025-09-30 10:56:59.503845
0.17746720345833877,0.38156189959557596,2025-09-30 10:56:59.503845
0.17338211061355252,0.36788496810140725,2025-09-30 10:56:59.503845
0.18122524827517072,0.42501111849289885,2025-09-30 10:56:59.503845
0.19740913882479144,0.2316497946812299,2025-09-30 10:56:59.503845
0.16889592080627272,0.383251075529344,2025-09-30 10:56:59.503845
0.17807784659358164,0.2572525835602273,2025-09-30 10:56:59.503845
0.1519380007704809,0.4571869791348758,2025-09-30 10:56:59.503845
0.17951631494304265,0.3861675135575519,2025-09-30 10:56:59.503845
0.18971456014255428,0.24778568244410876,2025-09-30 10:56:59.503845
0.17108557671901986,0.3904634050811312,2025-09-30 10:56:59.503845
0.1744535144208629,0.27925543482611986,2025-09-30 10:56:59.503845
0.15843333842583648,0.45309643824159407,2025-09-30 10:56:59.503845
0.19803936259085836,0.20292654024398984,2025-09-30 10:56:59.503845
0.19338729548614525,0.3420995147958977,2025-09-30 10:56:59.503845
0.1887740206942729,0.36256308439781065,2025-09-30 10:56:59.503845
0.15332656952956436,0.3341909259258203,2025-09-30 10:56:59.503845
0.17194511736812618,0.3094788094699835,2025-09-30 10:56:59.503845
0.18435264256210515,0.20902197335873385,2025-09-30 10:56:59.503845
0.1645090462050975,0.2438284541345238,2025-09-30 10:56:59.503845
0.16964575166067083,0.4363255797747649,2025-09-30 10:56:59.503845
0.20329693130141974,0.16379030486700968,2025-09-30 10:56:59.503845
0.18167008989750677,0.2931414549492578,2025-09-30 10:56:59.503845
0.1501361832267947,0.3991071155003324,2025-09-30 10:56:59.503845
0.1763762235653318,0.3239633881637394,2025-09-30 10:56:59.503845
0.18457612359023715,0.3176581010788584,2025-09-30 10:56:59.503845
0.17224737690397296,0.45099092453111034,2025-09-30 10:56:59.503845
0.1665870216824751,0.3321467196739067,2025-09-30 10:56:59.503845
0.16934558617744283,0.2044012848623566,2025-09-30 10:56:59.503845
0.19691392474391406,0.3597001978277605,2025-09-30 10:56:59.503845
0.18272408992032269,0.4373517472861563,2025-09-30 10:56:59.503845
0.16541859172098852,0.5299196056203013,2025-09-30 10:56:59.503845
0.1864819650702042,0.22217759876468493,2025-09-30 10:56:59.503845
0.15635712024189352,0.42863636414730427,2025-09-30 10:56:59.503845
0.1925469196753635,0.23322415109404765,2025-09-30 10:56:59.503845
0.2129631987843811,0.46534550817890963,2025-09-30 10:56:59.503845
0.20229453665675678,0.23628771917441785,2025-09-30 10:56:59.503845
0.1903507166025056,0.26718965152852603,2025-09-30 10:56:59.503845
0.17516097997381416,0.4843905559403393,2025-09-30 10:56:59.503845
0.1968024825149682,0.34786056055713693,2025-09-30 10:56:59.503845
0.1626603264877623,0.2744529168543659,2025-09-30 10:56:59.503845
0.1873053850852923,0.2459242782931309,2025-09-30 10:56:59.503845
0.17850166417183705,0.3469046250279728,2025-09-30 10:56:59.503845
0.20495119981641585,0.27855811860371393,2025-09-30 10:56:59.503845
0.20202122434172362,0.3459468551323783,2025-09-30 10:56:59.503845
0.18023139512818556,0.2868570748622318,2025-09-30 10:56:59.503845
0.20466077447128345,0.3110290464920447,2025-09-30 10:56:59.503845
0.1652293910925219,0.17663532327220283,2025-09-30 10:56:59.503845
0.17076383856160268,0.3011161326973674,2025-09-30 10:56:59.503845
0.17049523065296732,0.3530995605723913,2025-09-30 10:56:59.503845
0.16172339442832684,0.4336983895079941,2025-09-30 10:56:59.503845
0.18591473951700974,0.30291077345923967,2025-09-30 10:56:59.503845
0.1891324230296647,0.35822875900334733,2025-09-30 10:56:59.503845
0.17903922968875016,0.3359134966074724,2025-09-30 10:56:59.503845
0.16501130798771993,0.3355813154795713,2025-09-30 10:56:59.503845
0.18799634438853718,0.3387539686218564,2025-09-30 10:56:59.503845
0.19354974940521158,0.2704398393693906,2025-09-30 10:56:59.503845
0.17796318995280136,0.36519252279124836,2025-09-30 10:56:59.503845
0.17778234918271857,0.2526170673298297,2025-09-30 10:56:59.503845
0.19398997516941496,0.2047584477745638,2025-09-30 10:56:59.503845
0.15878677259931798,0.3053520252226063,2025-09-30 10:56:59.503845
0.20521412230666944,0.29171741034469545,2025-09-30 10:56:59.503845
0.1732939904330606,0.3198274463349502,2025-09-30 10:56:59.503845
0.18297941364489062,0.4011120421111126,2025-09-30 10:56:59.503845
0.176747540483069,0.16837744490595788,2025-09-30 10:56:59.503845
0.18295418338409022,0.2996447003474927,2025-09-30 10:56:59.503845
0.20107837758749325,0.4216444799731346,2025-09-30 10:56:59.503845
0.18681568312700342,0.35789987870528783,2025-09-30 10:56:59.503845
0.1960882080780234,0.18632052071189173,2025-09-30 10:56:59.503845
0.18887904973503325,0.24758104288698457,2025-09-30 10:56:59.503845
0.15048638545843931,0.40266484868791286,2025-09-30 10:56:59.503845
0.1573940191787977,0.33310705542710894,2025-09-30 10:56:59.503845
0.20644607463328596,0.2209008003559627,2025-09-30 10:56:59.503845
0.16165678878832218,0.22047326342044932,2025-09-30 10:56:59.503845
0.16445279838159377,0.3045015954873394,2025-09-30 10:56:59.503845
0.17114112352779634,0.37750186919354745,2025-09-30 10:56:59.503845
0.1967355508092894,0.42382766623391144,2025-09-30 10:56:59.503845
0.19563738217910645,0.37552881621013867,2025-09-30 10:56:59.503845
0.20710532510390228,0.274489982288247,2025-09-30 10:56:59.503845
0.1753734737122082,0.4253236659627715,2025-09-30 10:56:59.503845
0.18081563647948667,0.4085549946494408,2025-09-30 10:56:59.503845
0.17054054720463546,0.2802157812491766,2025-09-30 10:56:59.503845
0.20455758646011912,0.33840051629182805,2025-09-30 10:56:59.503845
0.19250687484951157,0.41977065869852104,2025-09-30 10:56:59.503845
0.17427842256777032,0.3768543366623735,2025-09-30 10:56:59.503845
0.18218543996793704,0.24995975025931583,2025-09-30 10:56:59.503845
0.1792904848180547,0.457948652434634,2025-09-30 10:56:59.503845
0.18438479366277438,0.3586250702462603,2025-09-30 10:56:59.503845
0.17608308637543815,0.3208217443259948,2025-09-30 10:56:59.503845
0.16971422670564787,0.1909130039923464,2025-09-30 10:56:59.503845
0.15050553168137493,0.23297695800150736,2025-09-30 10:56:59.503845
0.18410464038783042,0.40176774911152224,2025-09-30 10:56:59.503845
0.19099039920100494,0.3665588083788591,2025-09-30 10:56:59.503845
0.155124175497799,0.34725957286249554,2025-09-30 10:56:59.503845
0.15601404935211785,0.30926252097806317,2025-09-30 10:56:59.503845
0.19342213114861764,0.299704591531444,2025-09-30 10:56:59.503845
0.1934557944380321,0.2993443250483727,2025-09-30 10:56:59.503845
0.1753613214841153,0.3660549269470116,2025-09-30 10:56:59.503845
0.2023354686660004,0.15929406890310374,2025-09-30 10:56:59.503845
0.19784356985578155,0.22231606335735477,2025-09-30 10:56:59.503845
0.18531200053442193,0.28638521337586675,2025-09-30 10:56:59.503845
0.1945542693723472,0.20628611278594447,2025-09-30 10:56:59.503845
0.202037260603146,0.3308273503706968,2025-09-30 10:56:59.503845
0.15490244602336456,0.2727668444628564,2025-09-30 10:56:59.503845
0.1768021260685725,0.3406147753342192,2025-09-30 10:56:59.503845
0.18660687782441285,0.2820227196672719,2025-09-30 10:56:59.503845
0.13531126756938144,0.2757050988313519,2025-09-30 10:56:59.503845
0.18458590656658627,0.26206512400185783,2025-09-30 10:56:59.503845
0.1893331812273279,0.30477175642186327,2025-09-30 10:56:59.503845
0.14227146531700607,0.37842872169896663,2025-09-30 10:56:59.503845
0.15634400164187448,0.27511139804043,2025-09-30 10:56:59.503845
0.1771473622553619,0.4764130242903788,2025-09-30 10:56:59.503845
0.1513521795154265,0.257137075886272,2025-09-30 10:56:59.503845
0.1902803091162028,0.38952904659872695,2025-09-30 10:56:59.503845
0.19145160665262217,0.43099896437223184,2025-09-30 10:56:59.503845
0.1559258425799612,0.10380234438232538,2025-09-30 10:56:59.503845
0.16295625240567238,0.3653898989200351,2025-09-30 10:56:59.503845
0.19437306023815537,0.25590484130196256,2025-09-30 10:56:59.503845
0.15831813948777804,0.35895823808821686,2025-09-30 10:56:59.503845
0.1828477269160196,0.3558378231905432,2025-09-30 10:56:59.503845
0.15295365202356379,0.32392971760532074,2025-09-30 10:56:59.503845
0.20752272941019037,0.3400039368927287,2025-09-30 10:56:59.503845
0.16045327530376902,0.2627861794011449,2025-09-30 10:56:59.503845
0.1997629913665439,0.31665330890001575,2025-09-30 10:56:59.503845
0.18426681389071198,0.30267099576670525,2025-09-30 10:56:59.503845
0.2021190918166964,0.3038017642198849,2025-09-30 10:56:59.503845
0.18950936084999648,0.29773385173283257,2025-09-30 10:56:59.503845
0.1871629267352552,0.347643267142747,2025-09-30 10:56:59.503845
0.19307512547167754,0.26110638828856225,2025-09-30 10:56:59.503845
0.21140645619995085,0.35047011424123764,2025-09-30 10:56:59.503845
0.1640050293337567,0.23990486891419344,2025-09-30 10:56:59.503845
0.19304150184637411,0.29359934965551754,2025-09-30 10:56:59.503845
0.1666348737733234,0.2977555439361724,2025-09-30 10:56:59.503845
0.17616636656946327,0.3486606257616968,2025-09-30 10:56:59.503845
0.18214847959883534,0.2712131314071645,2025-09-30 10:56:59.503845
0.17515741701348064,0.28674293319122907,2025-09-30 10:56:59.503845
0.1847426523291861,0.34601530038637196,2025-09-30 10:56:59.503845
0.18251375604030956,0.2368609915545808,2025-09-30 10:56:59.503845
0.170150321591889,0.32481798265307055,2025-09-30 10:56:59.503845
0.1914134650806278,0.3026061469153675,2025-09-30 10:56:59.503845
0.19449924875866706,0.3366752990479736,2025-09-30 10:56:59.503845
0.19684590545247607,0.43200025255437247,2025-09-30 10:56:59.503845
0.1820236025911161,0.19881211471287077,2025-09-30 10:56:59.503845
0.1953435451642785,0.2876810288643129,2025-09-30 10:56:59.503845
0.15661092988764874,0.2728607518204884,2025-09-30 10:56:59.503845
0.14864401256987672,0.4207152817017414,2025-09-30 10:56:59.503845
0.203534837621971,0.3042524036501691,2025-09-30 10:56:59.503845
0.192835361112845,0.19092201215754587,2025-09-30 10:56:59.503845
0.16939515548557366,0.3718926311622301,2025-09-30 10:56:59.503845
0.17712629907762006,0.4497546405639381,2025-09-30 10:56:59.503845
0.19237269001747476,0.22611449724939864,2025-09-30 10:56:59.503845
0.17584631035722545,0.4116602207527051,2025-09-30 10:56:59.503845
0.1885636663671332,0.2812296558458411,2025-09-30 10:56:59.503845
0.18963894770390954,0.441115943560191,2025-09-30 10:56:59.503845
0.14219250436271502,0.29633836629449967,2025-09-30 10:56:59.503845
0.1895697133244729,0.3796845085845471,2025-09-30 10:56:59.503845
0.19351028111475432,0.36040735583154854,2025-09-30 10:56:59.503845
0.18847336171376083,0.2663779311787688,2025-09-30 10:56:59.503845
0.18527308221146815,0.26848666192772985,2025-09-30 10:56:59.503845
0.13478769520788103,0.30090035803065635,2025-09-30 10:56:59.503845
0.16981785347679296,0.45298995871830544,2025-09-30 10:56:59.503845
0.17984614444080949,0.2630922604825571,2025-09-30 10:56:59.503845
0.20350428966263298,0.2225373547865921,2025-09-30 10:56:59.503845
0.15609638878688376,0.33120876999600457,2025-09-30 10:56:59.503845
0.17238892903192926,0.31459587053317695,2025-09-30 10:56:59.503845
0.18327980917158115,0.25068575603607957,2025-09-30 10:56:59.503845
0.17112018416564423,0.249528974219751,2025-09-30 10:56:59.503845
0.16771065861545478,0.29984494354295543,2025-09-30 10:56:59.503845
0.19951724359129958,0.3971604368541713,2025-09-30 10:56:59.503845
0.17170355237209395,0.29811343604229357,2025-09-30 10:56:59.503845
0.1448489403007982,0.3909857912715533,2025-09-30 10:56:59.503845
0.1604473830264898,0.4329730605953017,2025-09-30 10:56:59.503845
0.19368005756704895,0.4181221346369254,2025-09-30 10:56:59.503845
0.1822481819696855,0.359770061086106,2025-09-30 10:56:59.503845
0.16988240367613544,0.44155729444827263,2025-09-30 10:56:59.503845
0.18191287068440487,0.31652970601284575,2025-09-30 10:56:59.503845
0.17638311334820336,0.26756936184181346,2025-09-30 10:56:59.503845
0.17742356500345213,0.4137316707956967,2025-09-30 10:56:59.503845
0.16264163079290433,0.3102392133929611,2025-09-30 10:56:59.503845
0.17817656914843008,0.3512786050177319,2025-09-30 10:56:59.503845
0.17579036939783238,0.18833059487083514,2025-09-30 10:56:59.503845
0.17808036620283338,0.3911392355799677,2025-09-30 10:56:59.503845
0.18364928438365516,0.3691299475506155,2025-09-30 10:56:59.503845
0.16094874646772384,0.3248469525649461,2025-09-30 10:56:59.503845
0.19379986799380872,0.3931772383585533,2025-09-30 10:56:59.503845
0.19524916918916183,0.41362894810403733,2025-09-30 10:56:59.503845
0.14479694344131108,0.4316207543023369,2025-09-30 10:56:59.503845
0.20367700928773289,0.33634611314898316,2025-09-30 10:56:59.503845
0.15353190790830717,0.4390034155372598,2025-09-30 10:56:59.503845
0.16561781435431244,0.3936885690551378,2025-09-30 10:56:59.503845
0.1474326601208288,0.3965157785566218,2025-09-30 10:56:59.503845
0.1480372952160051,0.47045246885648284,2025-09-30 10:56:59.503845
0.18902919469167478,0.35650632227978507,2025-09-30 10:56:59.503845
0.19589342935322146,0.2821952739940975,2025-09-30 10:56:59.503845
0.18814385750133242,0.4382891874935033,2025-09-30 10:56:59.503845
0.1702088805985049,0.379467294393982,2025-09-30 10:56:59.503845
0.17883316724324078,0.221364328189463,2025-09-30 10:56:59.503845
0.16617166448128784,0.3053052218637139,2025-09-30 10:56:59.503845
0.1901024775213263,0.31131167731312126,2025-09-30 10:56:59.503845
0.17642102508567936,0.43044841919153776,2025-09-30 10:56:59.503845
0.16022727204221845,0.3672466494290058,2025-09-30 10:56:59.503845
0.16709096283932592,0.3739332117893223,2025-09-30 10:56:59.503845
0.16720319291787314,0.4018870885019733,2025-09-30 10:56:59.503845
0.1994714147073099,0.21915119377582998,2025-09-30 10:56:59.503845
0.1567965233899678,0.37840702089260664,2025-09-30 10:56:59.503845
0.17851277439491858,0.34169053771994806,2025-09-30 10:56:59.503845
0.19784836079141221,0.2741512429227847,2025-09-30 10:56:59.503845
0.2139685724303405,0.2681996736816181,2025-09-30 10:56:59.503845
0.1834837186055371,0.3813513867210267,2025-09-30 10:56:59.503845
0.18551399074548214,0.20472925287096974,2025-09-30 10:56:59.503845
0.1934198119925718,0.3890805730697201,2025-09-30 10:56:59.503845
0.1656483985742151,0.3749173765175976,2025-09-30 10:56:59.503845
0.15679951447274323,0.2686653129944545,2025-09-30 10:56:59.503845
0.17129846324796774,0.43938096881062394,2025-09-30 10:56:59.503845
0.16487198422138427,0.4133791241100745,2025-09-30 10:56:59.503845
0.15290893887544277,0.3866549057301525,2025-09-30 10:56:59.503845
0.17015776039908956,0.26472763422163836,2025-09-30 10:56:59.503845
0.17999321045452266,0.37651872779685014,2025-09-30 10:56:59.503845
0.19292968968149518,0.3054967867441754,2025-09-30 10:56:59.503845
0.1510406598897918,0.3914153702335065,2025-09-30 10:56:59.503845
0.15516779879871462,0.3666026305712612,2025-09-30 10:56:59.503845
0.15771807741452232,0.22636958911437732,2025-09-30 10:56:59.503845
0.1844001890533649,0.42696188323566464,2025-09-30 10:56:59.503845
0.19660508071403138,0.28307652495620894,2025-09-30 10:56:59.503845
0.19915927879692225,0.39242070059089884,2025-09-30 10:56:59.503845
0.20851678196021117,0.3012409732868713,2025-09-30 10:56:59.503845
0.20459057548696366,0.3367316392578604,2025-09-30 10:56:59.503845
0.15781292670754607,0.29219965744412535,2025-09-30 10:56:59.503845
0.19638702972585914,0.1702096653111814,2025-09-30 10:56:59.503845
0.2145656745646511,0.32893667809323746,2025-09-30 10:56:59.503845
0.14954170132530673,0.41907999251586325,2025-09-30 10:56:59.503845
0.15339598251137068,0.28427845404128727,2025-09-30 10:56:59.503845
0.1552743240444156,0.3893550215371317,2025-09-30 10:56:59.503845
0.17565682164518695,0.35860896388150526,2025-09-30 10:56:59.503845
0.19765086075737626,0.2811710050877929,2025-09-30 10:56:59.503845
0.1902417119003345,0.29450527482813066,2025-09-30 10:56:59.503845
0.20043243293967236,0.4179023573605583,2025-09-30 10:56:59.503845
0.21258210006847342,0.3007839164588763,2025-09-30 10:56:59.503845
0.17022996906758392,0.2717535876469595,2025-09-30 10:56:59.503845
0.1935756013424754,0.3486505721024012,2025-09-30 10:56:59.503845
0.16321619955590194,0.3711779135896567,2025-09-30 10:56:59.503845
0.15911624894806692,0.3089769275139181,2025-09-30 10:56:59.503845
0.13935747888097066,0.3919971121592465,2025-09-30 10:56:59.503845
0.16455314884097555,0.28416268582684323,2025-09-30 10:56:59.503845
0.18673971392767577,0.3876813265318404,2025-09-30 10:56:59.503845
0.2068873998212405,0.3283437203419451,2025-09-30 10:56:59.503845
0.17761723492656045,0.33979903633655084,2025-09-30 10:56:59.503845
0.15498818632988287,0.22678284583230654,2025-09-30 10:56:59.503845
0.1882712719055093,0.34094936949892096,2025-09-30 10:56:59.503845
0.19272986107058912,0.38300440385900003,2025-09-30 10:56:59.503845
0.16581768038140485,0.27112597521628684,2025-09-30 10:56:59.503845
0.17472849743920085,0.37450557112966176,2025-09-30 10:56:59.503845
0.1880466582923666,0.1934522653195795,2025-09-30 10:56:59.503845
0.16794205896520636,0.31763089386833077,2025-09-30 10:56:59.503845
0.1822149223112653,0.3057527382501729,2025-09-30 10:56:59.503845
0.15225059832330062,0.3735188164611619,2025-09-30 10:56:59.503845
0.18784538378024532,0.3686487562782732,2025-09-30 10:56:59.503845
0.17652367696112245,0.23046474693539631,2025-09-30 10:56:59.503845
0.16925278043801806,0.4421799807839475,2025-09-30 10:56:59.503845
0.22577175713147768,0.3263365889067817,2025-09-30 10:56:59.503845
0.19502468610233017,0.33613597832332553,2025-09-30 10:56:59.503845
0.18154057987070193,0.24779235156332002,2025-09-30 10:56:59.503845
0.17775919509322494,0.46278822531044495,2025-09-30 10:56:59.503845
0.18526138049881494,0.4187429181819112,2025-09-30 10:56:59.503845
0.18443298233244085,0.24343888535693564,2025-09-30 10:56:59.503845
0.16645884682228815,0.40315217560103234,2025-09-30 10:56:59.503845
0.1730665264172377,0.42273226005030595,2025-09-30 10:56:59.503845
0.15293001062571737,0.22710830202578366,2025-09-30 10:56:59.503845
0.16174046627366273,0.3146259647495362,2025-09-30 10:56:59.503845
0.16599960242841486,0.4823801185474488,2025-09-30 10:56:59.503845
0.17297511779201216,0.338131379235313,2025-09-30 10:56:59.503845
0.1475285790368042,0.3419568129128466,2025-09-30 10:56:59.503845
0.1829414502336859,0.35911839135526896,2025-09-30 10:56:59.503845
0.18438075199752887,0.3713518370490421,2025-09-30 10:56:59.503845
0.21622907350098586,0.39786217124703227,2025-09-30 10:56:59.503845
0.16484283375032543,0.22343314345712156,2025-09-30 10:56:59.503845
0.19574556617050487,0.3920614037929987,2025-09-30 10:56:59.503845
0.15580359097909696,0.4059714413986224,2025-09-30 10:56:59.503845
0.19113926935087827,0.3142628776789614,2025-09-30 10:56:59.503845
0.17425874543156253,0.37620605977695093,2025-09-30 10:56:59.503845
0.1503593433202972,0.2837733747864756,2025-09-30 10:56:59.503845
0.18276004813852947,0.1527977427386618,2025-09-30 10:56:59.503845
0.19924038891444731,0.4350998230656989,2025-09-30 10:56:59.503845
0.18978413812794678,0.2966579014324192,2025-09-30 10:56:59.503845
0.2099705718957539,0.3219314109181058,2025-09-30 10:56:59.503845
0.18092464697313265,0.3160925327942276,2025-09-30 10:56:59.503845
0.18469417062528767,0.250165190299405,2025-09-30 10:56:59.503845
0.1931529453210135,0.41596576239182215,2025-09-30 10:56:59.503845
0.16075773869784762,0.40072909147651586,2025-09-30 10:56:59.503845
0.17318682851877518,0.5756900445999389,2025-09-30 10:56:59.503845
0.16228776188608998,0.35093427622915674,2025-09-30 10:56:59.503845
0.15684949100948198,0.42089061750025997,2025-09-30 10:56:59.503845
0.16633149173861192,0.3853956017771938,2025-09-30 10:56:59.503845
0.17402315904563453,0.48585027843294293,2025-09-30 10:56:59.503845
0.17362499104483275,0.3302521757310436,2025-09-30 10:56:59.503845
0.17983879179705978,0.29577983275324154,2025-09-30 10:56:59.503845
0.1940259237115268,0.42741443170886284,2025-09-30 10:56:59.503845
0.1976702406587269,0.28364940793759374,2025-09-30 10:56:59.503845
0.1675456156772775,0.3994315234910779,2025-09-30 10:56:59.503845
0.16572913120183455,0.3644841038547125,2025-09-30 10:56:59.503845
0.18814364892173147,0.403156662488319,2025-09-30 10:56:59.503845
0.19222674237834161,0.3332406544646285,2025-09-30 10:56:59.503845
0.18337473178280247,0.09755500131806233,2025-09-30 10:56:59.503845
0.15034943968133804,0.46223210037142837,2025-09-30 10:56:59.503845
0.17896908934158023,0.39587853679176443,2025-09-30 10:56:59.503845
0.19866461772654903,0.27195023767657145,2025-09-30 10:56:59.503845
0.1556503878244307,0.3728184632016294,2025-09-30 10:56:59.503845
0.19466209806846943,0.30049792957858185,2025-09-30 10:56:59.503845
0.16623381940915427,0.35261619981931475,2025-09-30 10:56:59.503845
0.16066641065997345,0.4184074263633179,2025-09-30 10:56:59.503845
0.1800030668501541,0.37504215851172734,2025-09-30 10:56:59.503845
0.1721021761140632,0.31442301997468797,2025-09-30 10:56:59.503845
0.16777827472745016,0.3371059153094042,2025-09-30 10:56:59.503845
0.1759659264100331,0.34865643772335336,2025-09-30 10:56:59.503845
0.2098470126827768,0.34533131752329715,2025-09-30 10:56:59.503845
0.17544135233666583,0.38029252072599407,2025-09-30 10:56:59.503845
0.15708641280368849,0.3650149141199003,2025-09-30 10:56:59.503845
0.18147438789642067,0.31503507669968933,2025-09-30 10:56:59.503845
0.16791370187354282,0.41231019363104454,2025-09-30 10:56:59.503845
0.16396539421071876,0.24351947166139234,2025-09-30 10:56:59.503845
0.16356864918845676,0.26960726985926403,2025-09-30 10:56:59.503845
0.13906572782776483,0.40282498258020427,2025-09-30 10:56:59.503845
0.17679046047469646,0.3281274422778369,2025-09-30 10:56:59.503845
0.19936185168664322,0.35678207886287855,2025-09-30 10:56:59.503845
0.19092578853432204,0.3417445109897793,2025-09-30 10:56:59.503845
0.15134748425909514,0.3175687323726723,2025-09-30 10:56:59.503845
0.17525588450154028,0.48098636887728174,2025-09-30 10:56:59.503845
0.17746690867995762,0.2221797355383771,2025-09-30 10:56:59.503845
0.15902333036693797,0.35947186987782875,2025-09-30 10:56:59.503845
0.17298021920853382,0.27587331472947996,2025-09-30 10:56:59.503845
0.16987410515018345,0.3112241918834819,2025-09-30 10:56:59.503845
0.17310755301078817,0.37755132693573606,2025-09-30 10:56:59.503845
0.1848642110226959,0.31532775084830245,2025-09-30 10:56:59.503845
0.15900371408416214,0.4186713762076411,2025-09-30 10:56:59.503845
0.20627107937211064,0.4131509609631317,2025-09-30 10:56:59.503845
0.17033971446384683,0.36155966154000363,2025-09-30 10:56:59.503845
0.1819386099336737,0.248572586657975,2025-09-30 10:56:59.503845
0.16127878000657522,0.19298817071525454,2025-09-30 10:56:59.503845
0.2120591425850327,0.37087558069273924,2025-09-30 10:56:59.503845
0.16759966877287402,0.3106633437177433,2025-09-30 10:56:59.503845
0.1815679766246848,0.25258197463851007,2025-09-30 10:56:59.503845
0.17888331843817767,0.2674211427703154,2025-09-30 10:56:59.503845
0.1679154453558179,0.3423602568435124,2025-09-30 10:56:59.503845
0.1853081083844975,0.3507705933335429,2025-09-30 10:56:59.503845
0.18436846924856232,0.3608720811946786,2025-09-30 10:56:59.503845
0.17194098899642932,0.3863462440003667,2025-09-30 10:56:59.503845
0.18154660692151256,0.2843518244509259,2025-09-30 10:56:59.503845
0.17323387039968235,0.3947914933480452,2025-09-30 10:56:59.503845
0.1727678567758726,0.3827801830919266,2025-09-30 10:56:59.503845
0.18435717059544862,0.30808477712260457,2025-09-30 10:56:59.503845
0.15560236512723286,0.25007792461663503,2025-09-30 10:56:59.503845
0.2135292330179185,0.21503120792002775,2025-09-30 10:56:59.503845
0.17888116981833777,0.2777580650642092,2025-09-30 10:56:59.503845
0.14937689707198987,0.22111718330721922,2025-09-30 10:56:59.503845
0.1775476802980821,0.348525435418602,2025-09-30 10:56:59.503845
0.17499754860541528,0.31744379351354324,2025-09-30 10:56:59.503845
0.19245133580647147,0.3046490945120784,2025-09-30 10:56:59.503845
0.20233251951725195,0.25932618087173004,2025-09-30 10:56:59.503845
0.20114100228765158,0.2944887774798487,2025-09-30 10:56:59.503845
0.1833096734333537,0.3064163089102694,2025-09-30 10:56:59.503845
0.18802886747214684,0.3618798796283674,2025-09-30 10:56:59.503845
0.15433028706070534,0.3031920944055787,2025-09-30 10:56:59.503845
0.17691420335107952,0.24829386513319618,2025-09-30 10:56:59.503845
0.15831874991691464,0.31049713638160287,2025-09-30 10:56:59.503845
0.19636039352452178,0.3878291001749931,2025-09-30 10:56:59.503845
0.19649494609210255,0.4470002258966455,2025-09-30 10:56:59.503845
0.19603242556711087,0.29930628750905297,2025-09-30 10:56:59.503845
0.215174671338223,0.2648013164642417,2025-09-30 10:56:59.503845
0.18951870472517243,0.4902837746779556,2025-09-30 10:56:59.503845
0.2085863147391483,0.2410253903047333,2025-09-30 10:56:59.503845
0.20110483958572667,0.2496168458071249,2025-09-30 10:56:59.503845
0.17705500405472038,0.3343721482197601,2025-09-30 10:56:59.503845
0.20714746677335608,0.1459846702843981,2025-09-30 10:56:59.503845
0.1661238221408965,0.2648392831209387,2025-09-30 10:56:59.503845
0.19741090224883154,0.35211977113380905,2025-09-30 10:56:59.503845
0.17800857549564525,0.45225661888182755,2025-09-30 10:56:59.503845
0.18591658602655156,0.34459781783567844,2025-09-30 10:56:59.503845
0.1689004115708615,0.3246492121733295,2025-09-30 10:56:59.503845
0.1778233109038756,0.3275483061395051,2025-09-30 10:56:59.503845
0.16556078019348133,0.5146313039240379,2025-09-30 10:56:59.503845
0.19266698866113138,0.4141911395080801,2025-09-30 10:56:59.503845
0.194089964430313,0.44947033020229066,2025-09-30 10:56:59.503845
0.19785620702046336,0.32017188325549095,2025-09-30 10:56:59.503845
0.1604702034021521,0.2300886817497571,2025-09-30 10:56:59.503845
0.1700097326232416,0.3653056772627363,2025-09-30 10:56:59.503845
0.2070258771980053,0.4341057031768515,2025-09-30 10:56:59.503845
0.20877764999523682,0.3465341821458922,2025-09-30 10:56:59.503845
0.20505891407586552,0.395284786521471,2025-09-30 10:56:59.503845
0.15976281010905888,0.2860186359516481,2025-09-30 10:56:59.503845
0.19769975115946098,0.37434139687400386,2025-09-30 10:56:59.503845
0.16678966513754076,0.3794774414932902,2025-09-30 10:56:59.503845
0.20784178753777743,0.3938223194937286,2025-09-30 10:56:59.503845
0.18010753988137412,0.2798687906581011,2025-09-30 10:56:59.503845
0.177859751581269,0.34080173988899765,2025-09-30 10:56:59.503845
0.18757424461722186,0.3315584431154257,2025-09-30 10:56:59.503845
0.19033108958908737,0.37076149559798527,2025-09-30 10:56:59.503845
0.1889071598263616,0.3919143185509112,2025-09-30 10:56:59.503845
0.1759771375280138,0.29137689009768175,2025-09-30 10:56:59.503845
0.20042866238576337,0.3447396789428725,2025-09-30 10:56:59.503845
0.17056211205935048,0.2328578117174423,2025-09-30 10:56:59.503845
0.18748947048656583,0.46852459005965974,2025-09-30 10:56:59.503845
0.18648438019123462,0.34047545333938617,2025-09-30 10:56:59.503845
0.1720176823805167,0.3123739570171777,2025-09-30 10:56:59.503845
0.16569829076438078,0.32038609949905983,2025-09-30 10:56:59.503845
0.19096094116066908,0.2014476667853223,2025-09-30 10:56:59.503845
0.17675079734116597,0.35622330648952305,2025-09-30 10:56:59.503845
0.1839042917895153,0.25909370604661885,2025-09-30 10:56:59.503845
0.19167428495819028,0.28473015643147453,2025-09-30 10:56:59.503845
0.19977877533393865,0.4014909907871731,2025-09-30 10:56:59.503845
0.192374447413539,0.27485886432358764,2025-09-30 10:56:59.503845
0.1608845696279963,0.21137230207766133,2025-09-30 10:56:59.503845
0.17517296481329692,0.3263865203398029,2025-09-30 10:56:59.503845
0.19224092196157858,0.316049466414792,2025-09-30 10:56:59.503845
0.17301322736845173,0.24109854845607087,2025-09-30 10:56:59.503845
0.1644194488516979,0.3086165757847453,2025-09-30 10:56:59.503845
0.16281723401879422,0.36842371409710595,2025-09-30 10:56:59.503845
0.16847300849679392,0.418028464061365,2025-09-30 10:56:59.503845
0.18231085059457613,0.3234524224931792,2025-09-30 10:56:59.503845
0.17306060275777035,0.15306725600213741,2025-09-30 10:56:59.503845
0.15189938308665688,0.3739835162849077,2025-09-30 10:56:59.503845
0.15839459716942103,0.3536198226967338,2025-09-30 10:56:59.503845
0.1879858110403262,0.2774445096651802,2025-09-30 10:56:59.503845
0.17024529150096407,0.31297191671492935,2025-09-30 10:56:59.503845
0.17947999329466394,0.34574447524581753,2025-09-30 10:56:59.503845
0.19968049418399608,0.24683127609219185,2025-09-30 10:56:59.503845
0.1672307563250458,0.4380093464743813,2025-09-30 10:56:59.503845
0.18749521018620846,0.26015665894992174,2025-09-30 10:56:59.503845
0.1741203980731304,0.30742182299325405,2025-09-30 10:56:59.503845
0.20712521523952143,0.32418076319584227,2025-09-30 10:56:59.503845
0.18437124755870307,0.4295394237244451,2025-09-30 10:56:59.503845
0.1691003927716393,0.35090397794678874,2025-09-30 10:56:59.503845
0.18076997993475902,0.35651651505122073,2025-09-30 10:56:59.503845
0.17773975045777418,0.32024610884016363,2025-09-30 10:56:59.503845
0.159601211849265,0.48805558624571577,2025-09-30 10:56:59.503845
0.16682525555777702,0.29846379121757005,2025-09-30 10:56:59.503845
0.16682724729557588,0.4114568083516278,2025-09-30 10:56:59.503845
0.17069267762643006,0.3466229809341219,2025-09-30 10:56:59.503845
0.1641563766376185,0.3680248325226631,2025-09-30 10:56:59.503845
0.1869043213581494,0.32819917553212113,2025-09-30 10:56:59.503845
0.17658808962301756,0.22729881529781318,2025-09-30 10:56:59.503845
0.18837945256974947,0.40184185710106907,2025-09-30 10:56:59.503845
0.1907663095021321,0.29195672601742595,2025-09-30 10:56:59.503845
0.15341947506266576,0.2485909012752173,2025-09-30 10:56:59.503845
0.1710113961572115,0.343567859133564,2025-09-30 10:56:59.503845
0.18071093535335375,0.13572669317962419,2025-09-30 10:56:59.503845
0.1794914424369869,0.32654091407181596,2025-09-30 10:56:59.503845
0.1635147746892525,0.33533914810298193,2025-09-30 10:56:59.503845
0.17861075803347673,0.30945626757796146,2025-09-30 10:56:59.503845
0.21150905829897235,0.27671290742981114,2025-09-30 10:56:59.503845
0.20187041092331495,0.39817541126559014,2025-09-30 10:56:59.503845
0.17972641322096186,0.3539206804579207,2025-09-30 10:56:59.503845
0.19027637358628652,0.4216845582012946,2025-09-30 10:56:59.503845
0.15727532388592155,0.3005660259214604,2025-09-30 10:56:59.503845
0.15509982494438465,0.3139143444752843,2025-09-30 10:56:59.503845
0.1422916368098645,0.408307755554535,2025-09-30 10:56:59.503845
0.1619007058993662,0.3113851369105237,2025-09-30 10:56:59.503845
0.21748685841665807,0.38725360828701155,2025-09-30 10:56:59.503845
0.17627367998148002,0.23447376014717286,2025-09-30 10:56:59.503845
0.18233885740998798,0.33166941457587423,2025-09-30 10:56:59.503845
0.1581920240299305,0.27419539259440856,2025-09-30 10:56:59.503845
0.17109770106707034,0.33458077847527445,2025-09-30 10:56:59.503845
0.16873636197552452,0.2467773642797889,2025-09-30 10:56:59.503845
0.20050708988776345,0.24015125728602205,2025-09-30 10:56:59.503845
0.18114557406402734,0.39378091057260595,2025-09-30 10:56:59.503845
0.174434205427671,0.3998535459803329,2025-09-30 10:56:59.503845
0.17068345314580197,0.3538012603091435,2025-09-30 10:56:59.503845
0.20917831445912766,0.3913154766930059,2025-09-30 10:56:59.503845
0.16579976393126022,0.33129192723149836,2025-09-30 10:56:59.503845
0.1871558506063885,0.506990124167115,2025-09-30 10:56:59.503845
0.19323818227796044,0.40918997375362587,2025-09-30 10:56:59.503845
0.19062796165683502,0.3381276569220991,2025-09-30 10:56:59.503845
0.17378270250830088,0.3969740738456591,2025-09-30 10:56:59.503845
0.19222195469859268,0.3306703791091769,2025-09-30 10:56:59.503845
0.18883923287771753,0.24739975728611588,2025-09-30 10:56:59.503845
0.19009283372019095,0.37697685453494434,2025-09-30 10:56:59.503845
0.19352490766184063,0.22484631088797236,2025-09-30 10:56:59.503845
0.17454427177716675,0.2969144434996441,2025-09-30 10:56:59.503845
0.17560623370959538,0.3844591303037513,2025-09-30 10:56:59.503845
0.19906852556898452,0.35149914477375005,2025-09-30 10:56:59.503845
0.19766865988865714,0.2219977308269719,2025-09-30 10:56:59.503845
0.1970694210463697,0.2778541297387613,2025-09-30 10:56:59.503845
0.19017889068719354,0.2692177312441238,2025-09-30 10:56:59.503845
0.15741455704037532,0.2945500651217251,2025-09-30 10:56:59.503845
0.16483931840995786,0.23638368315447328,2025-09-30 10:56:59.503845
0.16583210409985227,0.41700097011121073,2025-09-30 10:56:59.503845
0.17217959005083025,0.47724741708738383,2025-09-30 10:56:59.503845
0.19121591100307492,0.252618571570006,2025-09-30 10:56:59.503845
0.1652643842224125,0.31049569290451956,2025-09-30 10:56:59.503845
0.1947910263591312,0.4545571059010389,2025-09-30 10:56:59.503845
0.2023272756544898,0.2874662704036907,2025-09-30 10:56:59.503845
0.16989939384457428,0.2892431927147038,2025-09-30 10:56:59.503845
0.19632882166308513,0.2939703319684723,2025-09-30 10:56:59.503845
0.19433377470640717,0.34039276665847773,2025-09-30 10:56:59.503845
0.20297559295863252,0.34891208758229464,2025-09-30 10:56:59.503845
0.22628446546802466,0.3145750558088222,2025-09-30 10:56:59.503845
0.19852713420993975,0.24588378200094402,2025-09-30 10:56:59.503845
0.18652393473945653,0.28004277141230804,2025-09-30 10:56:59.503845
0.16336012035041853,0.2655823143695543,2025-09-30 10:56:59.503845
0.17109225811128392,0.34802760179976544,2025-09-30 10:56:59.503845
0.21324467667822533,0.30947407197081334,2025-09-30 10:56:59.503845
0.19583171385485895,0.2804360995415285,2025-09-30 10:56:59.503845
0.19997005780727428,0.30826539122328805,2025-09-30 10:56:59.503845
0.17889844722850784,0.3762959980318706,2025-09-30 10:56:59.503845
0.21825822992253002,0.3201542891413611,2025-09-30 10:56:59.503845
0.1913179928444509,0.24544288115873214,2025-09-30 10:56:59.503845
0.1995972688639329,0.47075040949046343,2025-09-30 10:56:59.503845
0.21072098367445982,0.31876972589347413,2025-09-30 10:56:59.503845
0.16751144525534012,0.2839238499184028,2025-09-30 10:56:59.503845
0.19155305043745272,0.22966579776333076,2025-09-30 10:56:59.503845
0.14786114675788803,0.36000916974687186,2025-09-30 10:56:59.503845
0.2077657340232492,0.28116727629926414,2025-09-30 10:56:59.503845
0.16109853398537652,0.1830317396837324,2025-09-30 10:56:59.503845
0.1796565996332735,0.29349582324621554,2025-09-30 10:56:59.503845
0.20834605609411136,0.2617782838979531,2025-09-30 10:56:59.503845
0.1827949828311643,0.3429351638331442,2025-09-30 10:56:59.503845
0.1983749802943183,0.38149082475384105,2025-09-30 10:56:59.503845
0.19708599131871152,0.3618514184881473,2025-09-30 10:56:59.503845
0.17361703663343464,0.28233446486661606,2025-09-30 10:56:59.503845
0.14534998914513317,0.35430128797790833,2025-09-30 10:56:59.503845
0.17813731947149392,0.42667622695518753,2025-09-30 10:56:59.503845
0.1667500217957181,0.3457722563350841,2025-09-30 10:56:59.503845
0.18038507209463336,0.39858090917661243,2025-09-30 10:56:59.503845
0.17954660378085985,0.2664356922043124,2025-09-30 10:56:59.503845
0.1830087093769403,0.3253615196612848,2025-09-30 10:56:59.503845
0.19453615758035409,0.254174422728469,2025-09-30 10:56:59.503845
0.17723627046406248,0.3312116219287679,2025-09-30 10:56:59.503845
0.19438923106618183,0.4527090094944727,2025-09-30 10:56:59.503845
0.19335453286236348,0.31556562040262215,2025-09-30 10:56:59.503845
0.18854467607969133,0.43159564356736757,2025-09-30 10:56:59.503845
0.170698846614456,0.2946908452881759,2025-09-30 10:56:59.503845
0.16982211926002086,0.4530688056202571,2025-09-30 10:56:59.503845
0.18971468736113675,0.3225164160497779,2025-09-30 10:56:59.503845
0.1737775645507283,0.3797015150461305,2025-09-30 10:56:59.503845
0.19063708664659615,0.12536249612079634,2025-09-30 10:56:59.503845
0.19991644945481202,0.1592547064715835,2025-09-30 10:56:59.503845
0.17322165314797805,0.18825617423390664,2025-09-30 10:56:59.503845
0.20774019401579114,0.35851556239252996,2025-09-30 10:56:59.503845
0.18025214208784893,0.428371665356317,2025-09-30 10:56:59.503845
0.20551578946850466,0.30919219946998433,2025-09-30 10:56:59.503845
0.14691219985398635,0.3426596985338362,2025-09-30 10:56:59.503845
0.2055702417278279,0.3588377665848849,2025-09-30 10:56:59.503845
0.18340188070843802,0.2945329662028606,2025-09-30 10:56:59.503845
0.16854802102590338,0.3113953187731973,2025-09-30 10:56:59.503845
0.19512207436519982,0.4831459877047859,2025-09-30 10:56:59.503845
0.20693920518425496,0.31211657623667194,2025-09-30 10:56:59.503845
0.19623794145130163,0.42893085309116885,2025-09-30 10:56:59.503845
0.1905055663493913,0.29192743366797413,2025-09-30 10:56:59.503845
0.17122083422994006,0.3166527455670268,2025-09-30 10:56:59.503845
0.1610073290225017,0.23137204901345276,2025-09-30 10:56:59.503845
0.22524444894946763,0.341469360125593,2025-09-30 10:56:59.503845
0.20247389050407247,0.2889749047157213,2025-09-30 10:56:59.503845
0.21360372382347162,0.34476525750230835,2025-09-30 10:56:59.503845
0.1745812424691809,0.3047355824037765,2025-09-30 10:56:59.503845
0.18080428822169964,0.401624232499232,2025-09-30 10:56:59.503845
0.2001137830789141,0.20882735949641842,2025-09-30 10:56:59.503845
0.1868682201165586,0.35037625120006977,2025-09-30 10:56:59.503845
0.15726460257335897,0.427247941777208,2025-09-30 10:56:59.503845
0.13952408188858906,0.37934365090035393,2025-09-30 10:56:59.503845
0.17058525078211736,0.25769688508860067,2025-09-30 10:56:59.503845
0.20233993457303878,0.2395929131322584,2025-09-30 10:56:59.503845
0.17484780805345013,0.285433878146834,2025-09-30 10:56:59.503845
0.1945203069095491,0.44048228678279205,2025-09-30 10:56:59.503845
0.17188504748319222,0.23974340345228853,2025-09-30 10:56:59.503845
0.17785935703503597,0.31608154525992216,2025-09-30 10:56:59.503845
0.1826855149010327,0.26801512762882707,2025-09-30 10:56:59.503845
0.18305331709659034,0.3304450663598863,2025-09-30 10:56:59.503845
0.16432202475825655,0.3187996240781363,2025-09-30 10:56:59.503845
0.18101733823588642,0.2823529499322134,2025-09-30 10:56:59.503845
0.19268879724414623,0.4403857797873294,2025-09-30 10:56:59.503845
0.18204605397875476,0.31321836757781585,2025-09-30 10:56:59.503845
0.16578278298894747,0.3397008201667288,2025-09-30 10:56:59.503845
0.17109520674668718,0.35852442932378475,2025-09-30 10:56:59.503845
0.14308984591666307,0.4135222409458591,2025-09-30 10:56:59.503845
0.21379129057670737,0.22265206638367074,2025-09-30 10:56:59.503845
0.1774974430109137,0.3137181753828719,2025-09-30 10:56:59.503845
0.19443786768807367,0.4163879519682341,2025-09-30 10:56:59.503845
0.1763945116836737,0.2301424157396984,2025-09-30 10:56:59.503845
0.2013436590988818,0.3476007845365175,2025-09-30 10:56:59.503845
0.15824929734997206,0.264637990203256,2025-09-30 10:56:59.503845
0.15825663783628208,0.4139823632685668,2025-09-30 10:56:59.503845
0.1834112459242109,0.18931398126595214,2025-09-30 10:56:59.503845
0.1979324474132315,0.5851953433097536,2025-09-30 10:56:59.503845
0.18537179940061266,0.17350913486744324,2025-09-30 10:56:59.503845
0.17847546154508148,0.2901799624164586,2025-09-30 10:56:59.503845
0.172935014091349,0.4552619535736184,2025-09-30 10:56:59.503845
0.17315863659319328,0.4752293183253071,2025-09-30 10:56:59.503845
0.17276529844963665,0.32110974104567347,2025-09-30 10:56:59.503845
0.15392401988742918,0.4469806126488828,2025-09-30 10:56:59.503845
0.1935020029653276,0.1178597385301097,2025-09-30 10:56:59.503845
0.15420679378355695,0.2719354394002137,2025-09-30 10:56:59.503845
0.21446345498111763,0.20953999868816392,2025-09-30 10:56:59.503845
0.1703020312665639,0.251713423432691,2025-09-30 10:56:59.503845
0.13320907897611708,0.3111300175864676,2025-09-30 10:56:59.503845
0.1860882144232442,0.2847439033167677,2025-09-30 10:56:59.503845
0.18747545893932963,0.3550049443624548,2025-09-30 10:56:59.503845
0.17706891314717166,0.25438422107788766,2025-09-30 10:56:59.503845
0.19135930706320375,0.2813918411270772,2025-09-30 10:56:59.503845
0.17603331411140502,0.25038150666184383,2025-09-30 10:56:59.503845
0.17327540212598533,0.41535651872294477,2025-09-30 10:56:59.503845
0.18721705769227623,0.48634599367582687,2025-09-30 10:56:59.503845
0.1597150754739389,0.3031868913919812,2025-09-30 10:56:59.503845
0.20971546335480734,0.24001275170351888,2025-09-30 10:56:59.503845
0.18681294655604375,0.30535988592168,2025-09-30 10:56:59.503845
0.21191348602650073,0.26626915223450737,2025-09-30 10:56:59.503845
0.19604926894503386,0.3661718179256302,2025-09-30 10:56:59.503845
0.19936295541541205,0.28104218248050317,2025-09-30 10:56:59.503845
0.20183144860782562,0.3661731414274695,2025-09-30 10:56:59.503845
0.1804298969206381,0.38717052709549,2025-09-30 10:56:59.503845
0.1748884322116325,0.31763756948319366,2025-09-30 10:56:59.503845
0.1796662390802561,0.26223204906984227,2025-09-30 10:56:59.503845
0.19899639506790287,0.3436489959466288,2025-09-30 10:56:59.503845
0.17761072981490808,0.2876252655790074,2025-09-30 10:56:59.503845
0.1823004211162827,0.398876381665825,2025-09-30 10:56:59.503845
0.18507890157355553,0.3189772615668019,2025-09-30 10:56:59.503845
0.1559203444987699,0.40816457534137807,2025-09-30 10:56:59.503845
0.17598424260998766,0.35363792419497003,2025-09-30 10:56:59.503845
0.17736643466934904,0.3310121904235563,2025-09-30 10:56:59.503845
0.18077160806139808,0.2494841682991546,2025-09-30 10:56:59.503845
0.17770727675159764,0.31498509584556955,2025-09-30 10:56:59.503845
0.19401738828636114,0.24376252596269876,2025-09-30 10:56:59.503845
0.21218619093308433,0.3454952818365683,2025-09-30 10:56:59.503845
0.21391371296857536,0.2943340270264578,2025-09-30 10:56:59.503845
0.1646097497999152,0.3045727993697179,2025-09-30 10:56:59.503845
0.16285133794941514,0.446753459660335,2025-09-30 10:56:59.503845
0.19355445258245652,0.3313367452249981,2025-09-30 10:56:59.503845
0.17140011324002585,0.4284369359621606,2025-09-30 10:56:59.503845
0.17324825303451058,0.11780312359165074,2025-09-30 10:56:59.503845
0.1873575043774998,0.3469933278284097,2025-09-30 10:56:59.503845
0.1705846741562222,0.3047905033886844,2025-09-30 10:56:59.503845
0.15850783484040248,0.43337201302577666,2025-09-30 10:56:59.503845
0.15626849312815486,0.3234713016762314,2025-09-30 10:56:59.503845
0.1713885739719859,0.2548169322689863,2025-09-30 10:56:59.503845
0.1585054795047563,0.5181531144802209,2025-09-30 10:56:59.503845
0.1682494328798302,0.3392689885363457,2025-09-30 10:56:59.503845
0.17940193756566553,0.39957984558299814,2025-09-30 10:56:59.503845
0.12901186205652831,0.3909387590793522,2025-09-30 10:56:59.503845
0.1990366155976382,0.368828708193287,2025-09-30 10:56:59.503845
0.1849614913706762,0.41990393579187263,2025-09-30 10:56:59.503845
0.14413553592664863,0.429817356224316,2025-09-30 10:56:59.503845
0.18051721977126792,0.5245323084760931,2025-09-30 10:56:59.503845
0.15890606898375012,0.40029935119922605,2025-09-30 10:56:59.503845
0.19767117481695093,0.38003196708963505,2025-09-30 10:56:59.503845
0.17912220424748468,0.40239464891827753,2025-09-30 10:56:59.503845
0.16553659918897037,0.38425649712362003,2025-09-30 10:56:59.503845
0.19862688334902215,0.34245095686159627,2025-09-30 10:56:59.503845
0.17743418521760396,0.4366486102044233,2025-09-30 10:56:59.503845
0.20235675461197722,0.3476605786726157,2025-09-30 10:56:59.503845
0.18541230134430464,0.3473744926118005,2025-09-30 10:56:59.503845
0.1970742580348437,0.3170787814830269,2025-09-30 10:56:59.503845
0.1601909309322632,0.265529746571063,2025-09-30 10:56:59.503845
0.16733508362466765,0.3233872696672799,2025-09-30 10:56:59.503845
0.1556275311700423,0.4857590775642987,2025-09-30 10:56:59.503845
0.1957863079791207,0.3379953263145825,2025-09-30 10:56:59.503845
0.18042735997410606,0.2614761379070838,2025-09-30 10:56:59.503845
0.15502772544986737,0.32219956702592445,2025-09-30 10:56:59.503845
0.19692550206623094,0.43295031361691244,2025-09-30 10:56:59.503845
0.196913329922662,0.2838449185908564,2025-09-30 10:56:59.503845
0.1870268163724234,0.33345362372626863,2025-09-30 10:56:59.503845
0.1955268764251625,0.3288689973574878,2025-09-30 10:56:59.503845
0.15632055398762607,0.27375059640193644,2025-09-30 10:56:59.503845
0.20824227893897895,0.3031675767927724,2025-09-30 10:56:59.503845
0.19311466499790161,0.2845729927294121,2025-09-30 10:56:59.503845
0.1922485202897381,0.3677145511757658,2025-09-30 10:56:59.503845
0.1705880402062272,0.37485615557386903,2025-09-30 10:56:59.503845
0.1905424177747179,0.2991407579628947,2025-09-30 10:56:59.503845
0.196751882913837,0.2565279516312517,2025-09-30 10:56:59.503845
0.19261387067969696,0.3464348389050642,2025-09-30 10:56:59.503845
0.16228506289831363,0.2677705874961424,2025-09-30 10:56:59.503845
0.17387338015391376,0.12705899477173746,2025-09-30 10:56:59.503845
0.1627089268298051,0.30475790485313176,2025-09-30 10:56:59.503845
0.1618588929844882,0.3255808481908466,2025-09-30 10:56:59.503845
0.17870055862958287,0.3279298808725378,2025-09-30 10:56:59.503845
0.2029680006256893,0.3790765634890141,2025-09-30 10:56:59.503845
0.1542801478205641,0.38879800863253333,2025-09-30 10:56:59.503845
0.20637339788206327,0.2962452044459625,2025-09-30 10:56:59.503845
0.1955202537793499,0.3218651806670277,2025-09-30 10:56:59.503845
0.13444829974113318,0.08174538697530381,2025-09-30 10:56:59.503845
0.1817338894402249,0.3146291346005311,2025-09-30 10:56:59.503845
0.17279769215559207,0.14015075094647153,2025-09-30 10:56:59.503845
0.1679514912866106,0.33377168387981865,2025-09-30 10:56:59.503845
0.20383167454513793,0.38877468523149,2025-09-30 10:56:59.503845
0.1858707618966399,0.2876636794789034,2025-09-30 10:56:59.503845
0.18075905071038223,0.4256790205725167,2025-09-30 10:56:59.503845
0.14748643586762228,0.3899943578441901,2025-09-30 10:56:59.503845
0.17775299254840954,0.3850419835686774,2025-09-30 10:56:59.503845
0.17658075123767417,0.23821012848674072,2025-09-30 10:56:59.503845
0.1801481090002937,0.2681031515394442,2025-09-30 10:56:59.503845
0.17297703795211766,0.37790670838381824,2025-09-30 10:56:59.503845
0.17104924723831066,0.3401502232029682,2025-09-30 10:56:59.503845
0.16810662054881098,0.3033752101008446,2025-09-30 10:56:59.503845
0.2079509677046763,0.33862749904872363,2025-09-30 10:56:59.503845
0.1775525598985902,0.3384044464136218,2025-09-30 10:56:59.503845
0.17269071030360802,0.3930014765670061,2025-09-30 10:56:59.503845
0.17297925209182707,0.379775771283232,2025-09-30 10:56:59.503845
0.18453451698142861,0.413681912204345,2025-09-30 10:56:59.503845
0.2009063677512449,0.16041670084742674,2025-09-30 10:56:59.503845
0.18465998349296994,0.28760122807559574,2025-09-30 10:56:59.503845
0.1956518281832227,0.34596956896799813,2025-09-30 10:56:59.503845
0.18216013197448674,0.3199489994847425,2025-09-30 10:56:59.503845
0.20357900785553848,0.38636501175551985,2025-09-30 10:56:59.503845
0.1886891922200503,0.4077556843110992,2025-09-30 10:56:59.503845
0.15272050098286497,0.46297611761548707,2025-09-30 10:56:59.503845
0.17967847770860218,0.2080187973424014,2025-09-30 10:56:59.503845
0.19051873937772587,0.44210904885075475,2025-09-30 10:56:59.503845
0.15350185935545713,0.3972269394359819,2025-09-30 10:56:59.503845
0.1770486718997106,0.3200237516218729,2025-09-30 10:56:59.503845
0.17061637390609258,0.4448726775899862,2025-09-30 10:56:59.503845
0.16903629445845955,0.40856694488390255,2025-09-30 10:56:59.503845
0.1593606724286086,0.32134413822101443,2025-09-30 10:56:59.503845
0.16808385362374703,0.24044105945749877,2025-09-30 10:56:59.503845
0.2094960051597754,0.29439074989124747,2025-09-30 10:56:59.503845
0.2009306282953856,0.35433817402073486,2025-09-30 10:56:59.503845
0.18712583399250177,0.347629992885908,2025-09-30 10:56:59.503845
0.1433169118067259,0.3338281654630018,2025-09-30 10:56:59.503845
0.19764106143791063,0.4544330839749839,2025-09-30 10:56:59.503845
0.17114634146901345,0.3135156494405349,2025-09-30 10:56:59.503845
0.16950797676952845,0.38727867661883353,2025-09-30 10:56:59.503845
0.17118014937714332,0.4754114912735429,2025-09-30 10:56:59.503845
0.17981741447907357,0.3507724995177524,2025-09-30 10:56:59.503845
0.15798699422939907,0.2654258429716033,2025-09-30 10:56:59.503845
0.16751100754476675,0.4371449957489467,2025-09-30 10:56:59.503845
0.18934063782198984,0.4200174907235863,2025-09-30 10:56:59.503845
0.22553964874314678,0.3116641412981474,2025-09-30 10:56:59.503845
0.17102171602537777,0.38912816652474175,2025-09-30 10:56:59.503845
0.17995798783582548,0.4931688025374012,2025-09-30 10:56:59.503845
0.18107031083099817,0.33500039343617916,2025-09-30 10:56:59.503845
0.20369583729919322,0.2677881749275295,2025-09-30 10:56:59.503845
0.15769700513483137,0.37299426361403243,2025-09-30 10:56:59.503845
0.18074763765585017,0.33495146035099044,2025-09-30 10:56:59.503845
0.16299040159606865,0.410849109461673,2025-09-30 10:56:59.503845
0.15456984803375445,0.3613540001583606,2025-09-30 10:56:59.503845
0.1638803135130539,0.23009579160062735,2025-09-30 10:56:59.503845
0.17748795109116153,0.3314128102430915,2025-09-30 10:56:59.503845
0.19081168416685051,0.4008466705667891,2025-09-30 10:56:59.503845
0.19584659941354032,0.2979305467929891,2025-09-30 10:56:59.503845
0.16319046832649442,0.45133330814066086,2025-09-30 10:56:59.503845
0.193888195016131,0.2406720499138059,2025-09-30 10:56:59.503845
0.1749302273272687,0.3848499877884941,2025-09-30 10:56:59.503845
0.17461735060391415,0.3007414404929455,2025-09-30 10:56:59.503845
0.18744262620259702,0.31206453505666293,2025-09-30 10:56:59.503845
0.2007970210525322,0.23469361145334414,2025-09-30 10:56:59.503845
0.18322250595372971,0.2917218725847636,2025-09-30 10:56:59.503845
0.18566517726319787,0.3254524909375097,2025-09-30 10:56:59.503845
0.18240876940941742,0.42030190835996095,2025-09-30 10:56:59.503845
0.18640925398683744,0.357120963092189,2025-09-30 10:56:59.503845
0.20811424629568592,0.33844687614736046,2025-09-30 10:56:59.503845
0.16899387852031073,0.2343273349409256,2025-09-30 10:56:59.503845
0.1912608862944624,0.3894039228100133,2025-09-30 10:56:59.503845
0.2099107604397102,0.335214099863944,2025-09-30 10:56:59.503845
0.18000646845771848,0.37737181737069925,2025-09-30 10:56:59.503845
0.1904249628237552,0.202807669591983,2025-09-30 10:56:59.503845
0.1977909132918221,0.29392024632009406,2025-09-30 10:56:59.503845
0.17609033536834443,0.3825316761277083,2025-09-30 10:56:59.503845
0.21041589189899293,0.29446238413613474,2025-09-30 10:56:59.503845
0.18396501398950743,0.3506092529158042,2025-09-30 10:56:59.503845
0.1750950219003867,0.39304339913507325,2025-09-30 10:56:59.503845
0.17619076300666545,0.32574324091332224,2025-09-30 10:56:59.503845
0.16879171259933903,0.332770733261882,2025-09-30 10:56:59.503845
0.17286903955204172,0.406047654955055,2025-09-30 10:56:59.503845
0.1732686658552848,0.14774375916239862,2025-09-30 10:56:59.503845
0.19342260604886793,0.32730306744963106,2025-09-30 10:56:59.503845
0.20053303147245283,0.40213217744939345,2025-09-30 10:56:59.503845
0.15798602413388277,0.43944662783442484,2025-09-30 10:56:59.503845
0.1916606964624095,0.3139965814572306,2025-09-30 10:56:59.503845
0.2045236084635077,0.2604583223975604,2025-09-30 10:56:59.503845
0.14654386443385975,0.25161990957646185,2025-09-30 10:56:59.503845
0.1737773437477125,0.37490066788511617,2025-09-30 10:56:59.503845
0.1794730056009796,0.30494986113448974,2025-09-30 10:56:59.503845
0.1878702835910543,0.4588584351898335,2025-09-30 10:56:59.503845
0.16687005146079,0.2955691149824322,2025-09-30 10:56:59.503845
0.1803216810132255,0.2770914622424847,2025-09-30 10:56:59.503845
0.21108343869606613,0.35276673560764826,2025-09-30 10:56:59.503845
0.19735766386364695,0.30893840978792,2025-09-30 10:56:59.503845
0.18937808650189936,0.2892470124132354,2025-09-30 10:56:59.503845
0.18939018795827042,0.3666358868662617,2025-09-30 10:56:59.503845
0.19744413639748498,0.30318078933229403,2025-09-30 10:56:59.503845
0.16908086884862747,0.2642613032208585,2025-09-30 10:56:59.503845
0.14959154078764644,0.3275712204554748,2025-09-30 10:56:59.503845
0.16448979743353176,0.2951516865754307,2025-09-30 10:56:59.503845
0.14284353154734947,0.3555205515190916,2025-09-30 10:56:59.503845
0.19149500699639038,0.37303175759575935,2025-09-30 10:56:59.503845
0.2137708548844125,0.469074948874458,2025-09-30 10:56:59.503845
0.1814538271874226,0.22620327588847178,2025-09-30 10:56:59.503845
0.19553058642978857,0.26809035037876844,2025-09-30 10:56:59.503845
0.19207618502640145,0.27615907316789234,2025-09-30 10:56:59.503845
0.21050584464871683,0.27198832222455366,2025-09-30 10:56:59.503845
0.17131194182898699,0.22225242308166457,2025-09-30 10:56:59.503845
0.1906283282566798,0.3813797063547286,2025-09-30 10:56:59.503845
0.17242872388586622,0.3504935869628754,2025-09-30 10:56:59.503845
0.17769776146928723,0.3053193449143745,2025-09-30 10:56:59.503845
0.19246779457365404,0.24687496513010795,2025-09-30 10:56:59.503845
0.18752962950360433,0.4391604353526062,2025-09-30 10:56:59.503845
0.15539733007296574,0.34563977198759177,2025-09-30 10:56:59.503845
0.21071828648691043,0.2274819932155548,2025-09-30 10:56:59.503845
0.21686683205250074,0.22025523831945176,2025-09-30 10:56:59.503845
0.17200939906024973,0.3776645459385592,2025-09-30 10:56:59.503845
0.17207616540407566,0.533305687721307,2025-09-30 10:56:59.503845
0.1798529637310322,0.2962619383826978,2025-09-30 10:56:59.503845
0.1731732293241879,0.3112548698291936,2025-09-30 10:56:59.503845
0.20677716353056547,0.35639573336712826,2025-09-30 10:56:59.503845
0.17137250533579118,0.37694306918061027,2025-09-30 10:56:59.503845
0.16832032204747668,0.38670328871623255,2025-09-30 10:56:59.503845
0.1853455877449615,0.45882947304231503,2025-09-30 10:56:59.503845
0.1775492381501579,0.3697240510299229,2025-09-30 10:56:59.503845
0.20338972226893107,0.28333648117877264,2025-09-30 10:56:59.503845
0.16662494449533513,0.253626956139108,2025-09-30 10:56:59.503845
0.15322613400203222,0.3571388108212645,2025-09-30 10:56:59.503845
0.17422087363248773,0.3296306175557643,2025-09-30 10:56:59.503845
0.1968891535763701,0.31232429911052206,2025-09-30 10:56:59.503845
0.1762257011810772,0.4692312982703177,2025-09-30 10:56:59.503845
0.17027953612770474,0.4402330262447429,2025-09-30 10:56:59.503845
0.20066294120826456,0.2577068575752842,2025-09-30 10:56:59.503845
0.19275000092439265,0.353303779430689,2025-09-30 10:56:59.503845
0.18069067425459093,0.35665039520017955,2025-09-30 10:56:59.503845
0.17942795986133586,0.3061967494054399,2025-09-30 10:56:59.503845
0.1912510079481415,0.38987543574068656,2025-09-30 10:56:59.503845
0.18473108901257562,0.1558896189073542,2025-09-30 10:56:59.503845
0.17176832947404136,0.30792950796576185,2025-09-30 10:56:59.503845
0.17315415670822848,0.2801972037598411,2025-09-30 10:56:59.503845
0.18254727907554713,0.2646704210355943,2025-09-30 10:56:59.503845
0.18593864915105646,0.25643752568394645,2025-09-30 10:56:59.503845
0.20599034419001203,0.409499604403477,2025-09-30 10:56:59.503845
0.18204512996747996,0.22534629171705284,2025-09-30 10:56:59.503845
0.1799886042449699,0.43437015134862983,2025-09-30 10:56:59.503845
0.17952484486288833,0.29016418965204077,2025-09-30 10:56:59.503845
0.18247892632631887,0.20412240947567134,2025-09-30 10:56:59.503845
0.21501062669337864,0.18071144204574477,2025-09-30 10:56:59.503845
0.17634487114522984,0.36491121054430314,2025-09-30 10:56:59.503845
0.16127632672459588,0.38263517084233234,2025-09-30 10:56:59.503845
0.1490111989318279,0.28321939278676456,2025-09-30 10:56:59.503845
0.16896346494051898,0.3897188310668085,2025-09-30 10:56:59.503845
0.1856230748296017,0.3818685289581014,2025-09-30 10:56:59.503845
0.16082132096692278,0.3317936184520887,2025-09-30 10:56:59.503845
0.16771122374096883,0.359360111709735,2025-09-30 10:56:59.503845
0.16422179062324407,0.21200685944588843,2025-09-30 10:56:59.503845
0.15903599958300943,0.296891104637368,2025-09-30 10:56:59.503845
0.17501664070149928,0.36977725884441437,2025-09-30 10:56:59.503845
0.19379743190718696,0.42805485844950614,2025-09-30 10:56:59.503845
0.16947019242788092,0.41469488537430965,2025-09-30 10:56:59.503845
0.20500380598349593,0.296366189797287,2025-09-30 10:56:59.503845
0.18721643308909205,0.25942282904923947,2025-09-30 10:56:59.503845
0.18184566102556995,0.3984704267762026,2025-09-30 10:56:59.503845
0.17442697630824447,0.32859182619946875,2025-09-30 10:56:59.503845
0.17640337302494558,0.2963296391495639,2025-09-30 10:56:59.503845
0.16032874108964373,0.284049703870387,2025-09-30 10:56:59.503845
0.1885302533496882,0.33298281026201176,2025-09-30 10:56:59.503845
0.17228107513604893,0.32137521894797083,2025-09-30 10:56:59.503845
0.19426852765473845,0.2974318443936471,2025-09-30 10:56:59.503845
0.20581910138959061,0.35183057072312884,2025-09-30 10:56:59.503845
0.18186923748245054,0.45771785142408783,2025-09-30 10:56:59.503845
0.18106258101934303,0.37569084414225096,2025-09-30 10:56:59.503845
0.18767430922128453,0.4091432623580294,2025-09-30 10:56:59.503845
0.1671690878703151,0.38643158189897686,2025-09-30 10:56:59.503845
0.18357037332121484,0.2918115904821564,2025-09-30 10:56:59.503845
0.1723205336485082,0.43121953054273643,2025-09-30 10:56:59.503845
0.17281592138540158,0.34307168049761044,2025-09-30 10:56:59.503845
0.16383553769572887,0.2559758201655639,2025-09-30 10:56:59.503845
0.2044012338548124,0.3677340813792619,2025-09-30 10:56:59.503845
0.1733700541930964,0.2504418378218364,2025-09-30 10:56:59.503845
0.19541286988033457,0.43624889001058453,2025-09-30 10:56:59.503845
0.23271176987858197,0.38031723447366617,2025-09-30 10:56:59.503845
0.18990181308833207,0.34046884496003693,2025-09-30 10:56:59.503845
0.17906749595238214,0.3356865879172553,2025-09-30 10:56:59.503845
0.15819773745169352,0.35766032239787005,2025-09-30 10:56:59.503845
0.1879376633292028,0.420055534838756,2025-09-30 10:56:59.503845
0.17130598330043473,0.29328084969582946,2025-09-30 10:56:59.503845
0.19371836433825707,0.30047809264982606,2025-09-30 10:56:59.503845
0.20281012488158778,0.29267101107238097,2025-09-30 10:56:59.503845
0.17743466296543112,0.3044325706509228,2025-09-30 10:56:59.503845
0.16567591201189572,0.30699271697763036,2025-09-30 10:56:59.503845
0.17530174965111017,0.26349735249771683,2025-09-30 10:56:59.503845
0.15473239021942137,0.29325038153848065,2025-09-30 10:56:59.503845
0.23174985969713302,0.43687829073126383,2025-09-30 10:56:59.503845
0.17666802737216777,0.42649712539954376,2025-09-30 10:56:59.503845
0.17630644823767813,0.130928036165388,2025-09-30 10:56:59.503845
0.14722207518661845,0.4465952832234402,2025-09-30 10:56:59.503845
0.20625331370406103,0.3430891932742769,2025-09-30 10:56:59.503845
0.19527770824362378,0.21076869234446138,2025-09-30 10:56:59.503845
0.19342481418407728,0.3966946948032639,2025-09-30 10:56:59.503845
0.1898333393454628,0.3516021106866912,2025-09-30 10:56:59.503845
0.15985508598751821,0.46367330640125576,2025-09-30 10:56:59.503845
0.16734092417717567,0.317178056559928,2025-09-30 10:56:59.503845
0.18718079208026792,0.2804399094572582,2025-09-30 10:56:59.503845
0.18769560971698512,0.31613668778693294,2025-09-30 10:56:59.503845
0.19591511614640816,0.3076907422206378,2025-09-30 10:56:59.503845
0.1880043487973831,0.28442542961018974,2025-09-30 10:56:59.503845
0.17117333503140986,0.33599979403558666,2025-09-30 10:56:59.503845
0.19024045205668028,0.3421507290283918,2025-09-30 10:56:59.503845
0.17098317125589163,0.17008216441813023,2025-09-30 10:56:59.503845
0.20496763109053756,0.4640983521809692,2025-09-30 10:56:59.503845
0.1516746511595008,0.36751586357142907,2025-09-30 10:56:59.503845
0.1959178425762753,0.35940106850495923,2025-09-30 10:56:59.503845
0.19630786398447342,0.35155204919137484,2025-09-30 10:56:59.503845
0.19011316646549314,0.37498549808901654,2025-09-30 10:56:59.503845
0.19279437423513124,0.3710751665939385,2025-09-30 10:56:59.503845
0.15469718716139813,0.32575579906167795,2025-09-30 10:56:59.503845
0.19398050741217165,0.4212622871677209,2025-09-30 10:56:59.503845
0.16016353031738742,0.4094070473185346,2025-09-30 10:56:59.503845
0.17827281160130345,0.5565968114364669,2025-09-30 10:56:59.503845
0.15416736930640018,0.34757055657110586,2025-09-30 10:56:59.503845
0.1490412733085146,0.3819312736577915,2025-09-30 10:56:59.503845
0.17995813860715712,0.4442217362842227,2025-09-30 10:56:59.503845
0.17077910908632257,0.3590876402241002,2025-09-30 10:56:59.503845
0.19329109703329214,0.3881408071057593,2025-09-30 10:56:59.503845
0.17926021679977605,0.38833603925245913,2025-09-30 10:56:59.503845
0.18307435759022014,0.45796918134610265,2025-09-30 10:56:59.503845
0.18435971500556386,0.4750130605452377,2025-09-30 10:56:59.503845
0.15110220900084229,0.39939110199549865,2025-09-30 10:56:59.503845
0.18001877186707824,0.21966952890313599,2025-09-30 10:56:59.503845
0.1684059681076849,0.3326333254134515,2025-09-30 10:56:59.503845
0.18358111234182767,0.2718164679722195,2025-09-30 10:56:59.503845
0.17212211433334274,0.2053969255021715,2025-09-30 10:56:59.503845
0.17452594298596044,0.24838767257265965,2025-09-30 10:56:59.503845
0.18846057160376642,0.36030111794045194,2025-09-30 10:56:59.503845
0.19988619501728885,0.3820677730661399,2025-09-30 10:56:59.503845
0.16290262573603942,0.35973853837542685,2025-09-30 10:56:59.503845
0.18310521250334047,0.3455867551586226,2025-09-30 10:56:59.503845
0.2105987370745807,0.22402595124906677,2025-09-30 10:56:59.503845
0.1959957777277442,0.2660217985534952,2025-09-30 10:56:59.503845
0.1716635035566587,0.28314371164839436,2025-09-30 10:56:59.503845
0.16893686713493192,0.32055589066685797,2025-09-30 10:56:59.503845
0.17972376284461503,0.3358557666756545,2025-09-30 10:56:59.503845
0.1673008306554391,0.3236998985074994,2025-09-30 10:56:59.503845
0.16113659602901484,0.35966979314795267,2025-09-30 10:56:59.503845
0.1754661603502165,0.2651582518603094,2025-09-30 10:56:59.503845
0.19342027320368363,0.2296309694836029,2025-09-30 10:56:59.503845
0.17203669745907543,0.25049449209986024,2025-09-30 10:56:59.503845
0.18792237681373072,0.2812459056608792,2025-09-30 10:56:59.503845
0.18655503866064235,0.298707604856254,2025-09-30 10:56:59.503845
0.1890230887405944,0.16634658904095498,2025-09-30 10:56:59.503845
0.1633415144109834,0.24229754489307095,2025-09-30 10:56:59.503845
0.1698401746142442,0.26570534361843523,2025-09-30 10:56:59.503845
0.19239678123236084,0.1815432111148214,2025-09-30 10:56:59.503845
0.16879631820897326,0.323510099443832,2025-09-30 10:56:59.503845
0.20385726437732257,0.31089891101258005,2025-09-30 10:56:59.503845
0.17043334011914946,0.3511903835247898,2025-09-30 10:56:59.503845
0.15519915800341869,0.3661628660835244,2025-09-30 10:56:59.503845
0.19943282911378962,0.3681198129350319,2025-09-30 10:56:59.503845
0.2002089432696821,0.451242564444531,2025-09-30 10:56:59.503845
0.19167182508611136,0.36970002778864003,2025-09-30 10:56:59.503845
0.1614067886620619,0.24204644839364375,2025-09-30 10:56:59.503845
0.17233770622070366,0.23610745301903968,2025-09-30 10:56:59.503845
0.1788687594191344,0.36728738277804296,2025-09-30 10:56:59.503845
0.1681259615634728,0.3332654614437534,2025-09-30 10:56:59.503845
0.20155425070817534,0.38414885503442975,2025-09-30 10:56:59.503845
0.17275531193300792,0.3353553026968537,2025-09-30 10:56:59.503845
0.19355745391462423,0.3187971882405822,2025-09-30 10:56:59.503845
0.16308797790351803,0.32870610196067546,2025-09-30 10:56:59.503845
0.19792402307129145,0.3361435179451214,2025-09-30 10:56:59.503845
0.17295952450850707,0.3245852592769011,2025-09-30 10:56:59.503845
0.19818228525911172,0.43366236196568836,2025-09-30 10:56:59.503845
0.16472097440109962,0.3444750036626954,2025-09-30 10:56:59.503845
0.1728885546432696,0.2288291747944869,2025-09-30 10:56:59.503845
0.2027593991921497,0.20637441950278643,2025-09-30 10:56:59.503845
0.17336371101068518,0.36060421194599823,2025-09-30 10:56:59.503845
0.17774510653819856,0.3330778407954309,2025-09-30 10:56:59.503845
0.16333746908309626,0.3025912806451496,2025-09-30 10:56:59.503845
0.20259470037684388,0.2843707763371885,2025-09-30 10:56:59.503845
0.16020234298125183,0.4814275306141991,2025-09-30 10:56:59.503845
0.17861156554014024,0.38030912081564416,2025-09-30 10:56:59.503845
0.19095307382507157,0.4537683593201931,2025-09-30 10:56:59.503845
0.18711228722026815,0.44236905604731713,2025-09-30 10:56:59.503845
0.185789728658982,0.3701845325458132,2025-09-30 10:56:59.503845
0.18877029054203973,0.3059642305826981,2025-09-30 10:56:59.503845
0.2236119312434552,0.21050490275556777,2025-09-30 10:56:59.503845
0.15841725552993605,0.3314634476802953,2025-09-30 10:56:59.503845
0.16471828166888,0.2309268735851444,2025-09-30 10:56:59.503845
0.18029274260404776,0.3591646011267236,2025-09-30 10:56:59.503845
0.16688183716995678,0.3895524160521988,2025-09-30 10:56:59.503845
0.1686817438696675,0.3157931572616438,2025-09-30 10:56:59.503845
0.16556393342821665,0.2643557114793633,2025-09-30 10:56:59.503845
0.16756803855441663,0.28716908423953097,2025-09-30 10:56:59.503845
0.16598840831911732,0.22963012825029847,2025-09-30 10:56:59.503845
0.1472204253796431,0.09067855477689424,2025-09-30 10:56:59.503845
0.20121290182979304,0.43793086641134427,2025-09-30 10:56:59.503845
0.1697569275090935,0.4006503008453815,2025-09-30 10:56:59.503845
0.1847122897513737,0.17512977915065217,2025-09-30 10:56:59.503845
0.18776416380010372,0.3897625065165851,2025-09-30 10:56:59.503845
0.163148468109063,0.2018001156168155,2025-09-30 10:56:59.503845
0.16756444977118284,0.30391288961505253,2025-09-30 10:56:59.503845
0.188194054595303,0.5699608965373757,2025-09-30 10:56:59.503845
0.15714945088473828,0.3281271104346885,2025-09-30 10:56:59.503845
0.18453315736041925,0.3808246975431436,2025-09-30 10:56:59.503845
0.17300297918178323,0.36416557879797606,2025-09-30 10:56:59.503845
0.17416680599607853,0.4158934602894143,2025-09-30 10:56:59.503845
0.1727165210900906,0.13209589399034338,2025-09-30 10:56:59.503845
0.18698649044990193,0.2979173868176572,2025-09-30 10:56:59.503845
0.17914044497197043,0.14749021004512605,2025-09-30 10:56:59.503845
0.17020746540811216,0.19566506484800172,2025-09-30 10:56:59.503845
0.19105749111981482,0.27033707062007667,2025-09-30 10:56:59.503845
0.17204573610462676,0.35272080628708363,2025-09-30 10:56:59.503845
0.16916782700826297,0.37839835820611073,2025-09-30 10:56:59.503845
0.20343932979773408,0.283412465895391,2025-09-30 10:56:59.503845
0.16588279938794673,0.36712743698756956,2025-09-30 10:56:59.503845
0.18567067329024026,0.3176213907731309,2025-09-30 10:56:59.503845
0.17027347458476697,0.45565074949734957,2025-09-30 10:56:59.503845
0.1994079514964261,0.3945499700494343,2025-09-30 10:56:59.503845
0.16649428987483228,0.37831832290845424,2025-09-30 10:56:59.503845
0.1655880855305051,0.37608216000036077,2025-09-30 10:56:59.503845
0.2007259701790033,0.24165326260899905,2025-09-30 10:56:59.503845
0.17603108267368858,0.24258123697733405,2025-09-30 10:56:59.503845
0.19594458837856857,0.28333020518299273,2025-09-30 10:56:59.503845
0.1505471548382778,0.21533818245976805,2025-09-30 10:56:59.503845
0.17335853560647732,0.2822773431374828,2025-09-30 10:56:59.503845
0.1635057115852443,0.37465573696732624,2025-09-30 10:56:59.503845
0.17572465406766288,0.2615226434148518,2025-09-30 10:56:59.503845
0.16183580196754402,0.30409321867579364,2025-09-30 10:56:59.503845
0.21594022364710042,0.4003991257850383,2025-09-30 10:56:59.503845
0.21664600570299136,0.3046196006033995,2025-09-30 10:56:59.503845
0.18068959126042558,0.27492656948363525,2025-09-30 10:56:59.503845
0.2014684315035953,0.3094361109337309,2025-09-30 10:56:59.503845
0.19903061754732326,0.2729339377797416,2025-09-30 10:56:59.503845
0.17309490327381877,0.29878962016841315,2025-09-30 10:56:59.503845
0.17077631783101133,0.18703133780509557,2025-09-30 10:56:59.503845
0.17029063133404032,0.5041330810159883,2025-09-30 10:56:59.503845
0.19429741894108885,0.4730479465952031,2025-09-30 10:56:59.503845
0.16856558048892295,0.19343761022660008,2025-09-30 10:56:59.503845
0.17813880511863597,0.41454457930089483,2025-09-30 10:56:59.503845
0.1732301264412647,0.2932038383042322,2025-09-30 10:56:59.503845
0.2167344535298056,0.4703813900081306,2025-09-30 10:56:59.503845
0.1565770567797373,0.18354829807466821,2025-09-30 10:56:59.503845
0.15605241697226954,0.2869387871935656,2025-09-30 10:56:59.503845
0.16641975168796752,0.39667597199972393,2025-09-30 10:56:59.503845
0.1821308889416268,0.37731216185135497,2025-09-30 10:56:59.503845
0.17005645125839225,0.35853647523781396,2025-09-30 10:56:59.503845
0.1782171085799994,0.39315062040002235,2025-09-30 10:56:59.503845
0.17159283762580646,0.1607639583047927,2025-09-30 10:56:59.503845
0.16696487417403338,0.2906533872881916,2025-09-30 10:56:59.503845
0.18082169636175954,0.2382724790590621,2025-09-30 10:56:59.503845
0.17143451797782217,0.26251434615486563,2025-09-30 10:56:59.503845
0.18852109242056334,0.37369242405025227,2025-09-30 10:56:59.503845
0.20131242346851416,0.36213002417810036,2025-09-30 10:56:59.503845
0.17360822745983906,0.14082416448536036,2025-09-30 10:56:59.503845
0.17268892917430878,0.3041388447234242,2025-09-30 10:56:59.503845
0.170245552259952,0.15206555772918456,2025-09-30 10:56:59.503845
0.19183644225074964,0.31127618869157575,2025-09-30 10:56:59.503845
0.1879496665936078,0.3026360303101522,2025-09-30 10:56:59.503845
0.19366065238655522,0.38985013814406155,2025-09-30 10:56:59.503845
0.1646353252012578,0.5182607697568757,2025-09-30 10:56:59.503845
0.18677193415258064,0.269773996359269,2025-09-30 10:56:59.503845
0.17281423167318993,0.2647149390342533,2025-09-30 10:56:59.503845
0.19626886599916962,0.403058049915392,2025-09-30 10:56:59.503845
0.1740670977095576,0.4117647914826098,2025-09-30 10:56:59.503845
0.1867636864920669,0.48219850527194086,2025-09-30 10:56:59.503845
0.18192751915600275,0.3740352850935922,2025-09-30 10:56:59.503845
0.17669646542500417,0.2540574588995016,2025-09-30 10:56:59.503845
0.17337175206572528,0.19457402248633082,2025-09-30 10:56:59.503845
0.20124638523430352,0.3317673817680801,2025-09-30 10:56:59.503845
0.18262500034349555,0.446970261887198,2025-09-30 10:56:59.503845
0.17731294084463645,0.35007978875020046,2025-09-30 10:56:59.503845
0.16260050091185194,0.30632872908870207,2025-09-30 10:56:59.503845
0.193614206439325,0.24748962278735556,2025-09-30 10:56:59.503845
0.16091076833467166,0.3452303178584918,2025-09-30 10:56:59.503845
0.17616268187403336,0.3060968247428797,2025-09-30 10:56:59.503845
0.17693382795441,0.32929439464495813,2025-09-30 10:56:59.503845
0.17842965745603045,0.3534698234797648,2025-09-30 10:56:59.503845
0.15638801596796653,0.3046778907875839,2025-09-30 10:56:59.503845
0.1636025503886759,0.2974589063250993,2025-09-30 10:56:59.503845
0.19073086622762592,0.506891687541336,2025-09-30 10:56:59.503845
0.1841367058869394,0.23340696033961528,2025-09-30 10:56:59.503845
0.1722174321761777,0.24634578398932663,2025-09-30 10:56:59.503845
0.17607030769132145,0.38278318251682864,2025-09-30 10:56:59.503845
0.173530936868273,0.38978827556717544,2025-09-30 10:56:59.503845
0.18134259724771934,0.28229096518575786,2025-09-30 10:56:59.503845
0.17717744282722592,0.29557304390717376,2025-09-30 10:56:59.503845
0.1693592448559052,0.27552131035572575,2025-09-30 10:56:59.503845
0.1974160301553141,0.3722502186621247,2025-09-30 10:56:59.503845
0.20022093463430904,0.35299052246149876,2025-09-30 10:56:59.503845
0.16637652971676675,0.40622925824633493,2025-09-30 10:56:59.503845
0.19476188074527384,0.3327682987375692,2025-09-30 10:56:59.503845
0.19509515792800952,0.17131935240446935,2025-09-30 10:56:59.503845
0.16832742528414144,0.3380595990522676,2025-09-30 10:56:59.503845
0.20218167434637457,0.2805002455773532,2025-09-30 10:56:59.503845
0.19498150815138232,0.35579934961773596,2025-09-30 10:56:59.503845
0.18408456440659146,0.3373630788517911,2025-09-30 10:56:59.503845
0.19492222715230081,0.18747385941382885,2025-09-30 10:56:59.503845
0.1454415288531688,0.4225967272238264,2025-09-30 10:56:59.503845
0.20442378378947934,0.4374041197881717,2025-09-30 10:56:59.503845
0.17665818946719758,0.40014457033180556,2025-09-30 10:56:59.503845
0.17158418530428868,0.30457402234984826,2025-09-30 10:56:59.503845
0.19478455340517548,0.34289958611225,2025-09-30 10:56:59.503845
0.15847053131069072,0.33689546671491105,2025-09-30 10:56:59.503845
0.18592201057465665,0.3368154774647229,2025-09-30 10:56:59.503845
0.17858778342330583,0.3431532671938994,2025-09-30 10:56:59.503845
0.1764414133502406,0.3865889530695984,2025-09-30 10:56:59.503845
0.16323493745819292,0.3530962589393563,2025-09-30 10:56:59.503845
0.18128925993083872,0.26768309327173845,2025-09-30 10:56:59.503845
0.17527967852989407,0.3572619801192348,2025-09-30 10:56:59.503845
0.19000279735556536,0.2576930546325294,2025-09-30 10:56:59.503845
0.1965462273756369,0.3359180799441346,2025-09-30 10:56:59.503845
0.20001115796832475,0.3557159555280508,2025-09-30 10:56:59.503845
0.1710389375429935,0.3859994893815381,2025-09-30 10:56:59.503845
0.17511322074752458,0.32026523255290124,2025-09-30 10:56:59.503845
0.18521329128654396,0.37074094756249454,2025-09-30 10:56:59.503845
0.14953006914111464,0.3642051634602118,2025-09-30 10:56:59.503845
0.18889876807730635,0.2568491569655513,2025-09-30 10:56:59.503845
0.17764862291970676,0.3203388836354394,2025-09-30 10:56:59.503845
0.2110519523756921,0.4160345539508101,2025-09-30 10:56:59.503845
0.17499082817433168,0.30204015621154123,2025-09-30 10:56:59.503845
0.20406732851033715,0.43809635403736924,2025-09-30 10:56:59.503845
0.21102408753688345,0.19652348006231093,2025-09-30 10:56:59.503845
0.17274494617696795,0.43112268024132105,2025-09-30 10:56:59.503845
0.18746447955487686,0.3631227959112087,2025-09-30 10:56:59.503845
0.2088835314438809,0.4073320890014984,2025-09-30 10:56:59.503845
0.1546417653508918,0.4169655879946516,2025-09-30 10:56:59.503845
0.19743747777405896,0.2124613892382317,2025-09-30 10:56:59.503845
0.1877832496567769,0.2886527465576867,2025-09-30 10:56:59.503845
0.18896398425664168,0.304159077645303,2025-09-30 10:56:59.503845
0.16360725303230744,0.34962556156868213,2025-09-30 10:56:59.503845
0.15006890566125108,0.29106345596418015,2025-09-30 10:56:59.503845
0.16827004482001312,0.3119515421706068,2025-09-30 10:56:59.503845
0.1628400341504416,0.18834445258469337,2025-09-30 10:56:59.503845
0.15928514503495939,0.40049183718085396,2025-09-30 10:56:59.503845
0.1583396979857053,0.3569023693956004,2025-09-30 10:56:59.503845
0.1598021224726571,0.3145266416222023,2025-09-30 10:56:59.503845
0.16736787217506013,0.24542281453694242,2025-09-30 10:56:59.503845
0.18561149622406248,0.5163271358914483,2025-09-30 10:56:59.503845
0.20791892447240173,0.3448899391180208,2025-09-30 10:56:59.503845
0.16121644992771686,0.3042009130424633,2025-09-30 10:56:59.503845
0.19360510644315868,0.3776007835914454,2025-09-30 10:56:59.503845
0.16590539909907193,0.3938117844841537,2025-09-30 10:56:59.503845
0.180492568325915,0.2995935118527391,2025-09-30 10:56:59.503845
0.19364269573204543,0.3099823607783643,2025-09-30 10:56:59.503845
0.18524184542588967,0.3267032468544748,2025-09-30 10:56:59.503845
0.1732445508940381,0.32610197349949177,2025-09-30 10:56:59.503845
0.17932295000087978,0.41479928159219315,2025-09-30 10:56:59.503845
0.19084258680637045,0.3010938391985251,2025-09-30 10:56:59.503845
0.16216368026858202,0.3924476206797108,2025-09-30 10:56:59.503845
0.19519254785785103,0.4766001409134515,2025-09-30 10:56:59.503845
0.19666707761187277,0.2880605135916454,2025-09-30 10:56:59.503845
0.18588955575877028,0.4579406894291848,2025-09-30 10:56:59.503845
0.17529827255635586,0.25338151834308653,2025-09-30 10:56:59.503845
0.18348479719582067,0.4044814609225065,2025-09-30 10:56:59.503845
0.17601270973263555,0.3648852519203015,2025-09-30 10:56:59.503845
0.17944117812332291,0.3260307082791641,2025-09-30 10:56:59.503845
0.16957697682769599,0.34400391196445335,2025-09-30 10:56:59.503845
0.17966210990867948,0.37554435832758715,2025-09-30 10:56:59.503845
0.18119854171533187,0.28730660761599747,2025-09-30 10:56:59.503845
0.20193204471388734,0.3907812479620076,2025-09-30 10:56:59.503845
0.1643308369596414,0.3773284943756273,2025-09-30 10:56:59.503845
0.17302397179911436,0.3191493950006073,2025-09-30 10:56:59.503845
0.1652293535412807,0.25639459426359185,2025-09-30 10:56:59.503845
0.19524243063682192,0.3677983872678112,2025-09-30 10:56:59.503845
0.19598901499795987,0.2778282731808654,2025-09-30 10:56:59.503845
0.16683360514083367,0.36039083687643875,2025-09-30 10:56:59.503845
0.1845172452207499,0.28119836924735864,2025-09-30 10:56:59.503845
0.1961762994284585,0.3914159736583791,2025-09-30 10:56:59.503845
0.1949725214739463,0.35511587036765546,2025-09-30 10:56:59.503845
0.203091415671498,0.32415330876177684,2025-09-30 10:56:59.503845
0.18961036153390204,0.4179450039395045,2025-09-30 10:56:59.503845
0.17081674578350953,0.4077869057539674,2025-09-30 10:56:59.503845
0.19429373968730854,0.30728524599971563,2025-09-30 10:56:59.503845
0.16551843259518614,0.3283643302479297,2025-09-30 10:56:59.503845
0.1733205212758104,0.3482458552483528,2025-09-30 10:56:59.503845
0.18865024641273917,0.2810375460249886,2025-09-30 10:56:59.503845
0.17176249797317464,0.3628259185979985,2025-09-30 10:56:59.503845
0.1743467091089307,0.15408035768795747,2025-09-30 10:56:59.503845
0.18336691441555333,0.3439153084391319,2025-09-30 10:56:59.503845
0.1619283531272275,0.36935013445208487,2025-09-30 10:56:59.503845
0.2053534502764788,0.2524977738544181,2025-09-30 10:56:59.503845
0.18616087318496216,0.31886254610736464,2025-09-30 10:56:59.503845
0.1924408090132359,0.2937581361950031,2025-09-30 10:56:59.503845
0.18601828215736116,0.18468466053940047,2025-09-30 10:56:59.503845
0.19127541330972356,0.2819543248691852,2025-09-30 10:56:59.503845
0.16979247295527125,0.3325443677910067,2025-09-30 10:56:59.503845
0.18792095514291116,0.2912906149180267,2025-09-30 10:56:59.503845
0.20032133759809873,0.2580619395386461,2025-09-30 10:56:59.503845
0.1666798058713186,0.2416588274219685,2025-09-30 10:56:59.503845
0.20848455159050946,0.31901468356953055,2025-09-30 10:56:59.503845
0.2024398543250151,0.37971950540942756,2025-09-30 10:56:59.503845
0.17325073363122664,0.3429011242974115,2025-09-30 10:56:59.503845
0.1900080919207309,0.3516893664481014,2025-09-30 10:56:59.503845
0.1576243740901752,0.29320094355172444,2025-09-30 10:56:59.503845
0.19034341937541402,0.28513594803600983,2025-09-30 10:56:59.503845
0.16728451007875583,0.31863668444827714,2025-09-30 10:56:59.503845
0.20543447820499847,0.2637609671713421,2025-09-30 10:56:59.503845
0.1432715083829399,0.2524776666447916,2025-09-30 10:56:59.503845
0.19518201583695569,0.3973402061699949,2025-09-30 10:56:59.503845
0.2128256208656895,0.30648491110797793,2025-09-30 10:56:59.503845
0.1663585734747804,0.35184485187124737,2025-09-30 10:56:59.503845
0.19026565688545968,0.20131093143292678,2025-09-30 10:56:59.503845
0.1840636881677625,0.17494985375416083,2025-09-30 10:56:59.503845
0.1744805553212714,0.28145437024973374,2025-09-30 10:56:59.503845
0.18878578791021805,0.38140983875523404,2025-09-30 10:56:59.503845
0.1953948423052235,0.18935276799825815,2025-09-30 10:56:59.503845
0.1623533465508181,0.27926795708375274,2025-09-30 10:56:59.503845
0.1929080368101365,0.3777314497935216,2025-09-30 10:56:59.503845
0.1844001371042817,0.40024873652627296,2025-09-30 10:56:59.503845
0.20025741842682648,0.48108638542053717,2025-09-30 10:56:59.503845
0.17800319397960102,0.3400143968485373,2025-09-30 10:56:59.503845
0.18457584086989476,0.26939773786687304,2025-09-30 10:56:59.503845
0.19769647662552509,0.3050352643534224,2025-09-30 10:56:59.503845
0.1833284789292155,0.24406682467823107,2025-09-30 10:56:59.503845
0.16870202761552444,0.35706961048287217,2025-09-30 10:56:59.503845
0.1823788090643845,0.3620139580464626,2025-09-30 10:56:59.503845
0.20640994860208817,0.3724412264138878,2025-09-30 10:56:59.503845
0.15541870856924966,0.2733858663500215,2025-09-30 10:56:59.503845
0.16278710834086682,0.2261964068341452,2025-09-30 10:56:59.503845
0.17579441115359323,0.39296902302757775,2025-09-30 10:56:59.503845
0.1941381118837418,0.19969409446998185,2025-09-30 10:56:59.503845
0.19141957525265477,0.39116211012921853,2025-09-30 10:56:59.503845
0.17960276625648663,0.3388548912421771,2025-09-30 10:56:59.503845
0.190541692705081,0.2866541532810622,2025-09-30 10:56:59.503845
0.1933021414803511,0.3451268375491899,2025-09-30 10:56:59.503845
0.20224150473157332,0.28748999075902776,2025-09-30 10:56:59.503845
0.19367660956039273,0.43081501698981517,2025-09-30 10:56:59.503845
0.18463102203118573,0.46488999457080826,2025-09-30 10:56:59.503845
0.1697755244352672,0.37958279859749255,2025-09-30 10:56:59.503845
0.1947077559007959,0.353172382588538,2025-09-30 10:56:59.503845
0.16218628357541703,0.4074084548417524,2025-09-30 10:56:59.503845
0.17540729260206356,0.23714820037813072,2025-09-30 10:56:59.503845
0.18936384030037529,0.30422512350370184,2025-09-30 10:56:59.503845
0.20183752020993362,0.3358385200312403,2025-09-30 10:56:59.503845
0.22369202917879463,0.21253345991795336,2025-09-30 10:56:59.503845
0.18412078029058077,0.3264230168086227,2025-09-30 10:56:59.503845
0.20121175126786223,0.287874260843222,2025-09-30 10:56:59.503845
0.19290608768550008,0.28358727040050985,2025-09-30 10:56:59.503845
0.19523726614108058,0.23764279395576304,2025-09-30 10:56:59.503845
0.1824691619360062,0.4474368765420074,2025-09-30 10:56:59.503845
0.18916226079946327,0.387202460831109,2025-09-30 10:56:59.503845
0.16996603367514979,0.32700744825193845,2025-09-30 10:56:59.503845
0.20063254915499099,0.3844679430295653,2025-09-30 10:56:59.503845
0.1582672859913234,0.2539780361425318,2025-09-30 10:56:59.503845
0.19623316784826317,0.3651697367842743,2025-09-30 10:56:59.503845
0.19332539592712594,0.3295200861576563,2025-09-30 10:56:59.503845
0.18410005537669996,0.28375661237122657,2025-09-30 10:56:59.503845
0.2070409282898004,0.3238760891577614,2025-09-30 10:56:59.503845
0.18683190582585688,0.3664737631462969,2025-09-30 10:56:59.503845
0.16772609009413042,0.3340961916815627,2025-09-30 10:56:59.503845
0.1715303060895515,0.32324889482115426,2025-09-30 10:56:59.503845
0.17823068623099134,0.44940902742875277,2025-09-30 10:56:59.503845
0.17897087172882634,0.2515402125663455,2025-09-30 10:56:59.503845
0.16484273360176702,0.2834065688858524,2025-09-30 10:56:59.503845
0.12946294163260982,0.21674948009380443,2025-09-30 10:56:59.503845
0.18012323523225166,0.2913792734192301,2025-09-30 10:56:59.503845
0.18367453230373362,0.2120201768566753,2025-09-30 10:56:59.503845
0.16705717773342524,0.4131624971820181,2025-09-30 10:56:59.503845
0.19501763296193123,0.3424965657340366,2025-09-30 10:56:59.503845
0.18596802460966405,0.14638889607221667,2025-09-30 10:56:59.503845
0.18166908073193624,0.26441430070492833,2025-09-30 10:56:59.503845
0.15520101105896247,0.3009270525219767,2025-09-30 10:56:59.503845
0.18088429374694506,0.34106783072719027,2025-09-30 10:56:59.503845
0.16796278108511808,0.21590508440621506,2025-09-30 10:56:59.503845
0.14894794725688718,0.3156105594102129,2025-09-30 10:56:59.503845
0.16823424209444424,0.36274522396335546,2025-09-30 10:56:59.503845
0.21094568897278207,0.30127033666545966,2025-09-30 10:56:59.503845
0.19540016837749133,0.33500900157342356,2025-09-30 10:56:59.503845
0.16149115377570142,0.4889864967040506,2025-09-30 10:56:59.503845
0.17142961547041904,0.2897766574573756,2025-09-30 10:56:59.503845
0.1841100469438647,0.34929049327868256,2025-09-30 10:56:59.503845
0.16086142285878527,0.4539020005010943,2025-09-30 10:56:59.503845
0.17122059874022527,0.40669344900114424,2025-09-30 10:56:59.503845
0.1642297786270945,0.3725724908362334,2025-09-30 10:56:59.503845
0.17877659704799792,0.2705171615207678,2025-09-30 10:56:59.503845
0.16762696096067412,0.3895519299256601,2025-09-30 10:56:59.503845
0.20417861087884484,0.2899431867647552,2025-09-30 10:56:59.503845
0.1731900203538863,0.4821855703020538,2025-09-30 10:56:59.503845
0.17687555010276257,0.3750458783238148,2025-09-30 10:56:59.503845
0.14356833370732108,0.3149699886115924,2025-09-30 10:56:59.503845
0.20399427246521645,0.3260185000349436,2025-09-30 10:56:59.503845
0.1432580726511151,0.3746801627828238,2025-09-30 10:56:59.503845
0.15239447088150426,0.338091417275975,2025-09-30 10:56:59.503845
0.1595532836882549,0.3922840811015893,2025-09-30 10:56:59.503845
0.16587646820033924,0.5533636304206124,2025-09-30 10:56:59.503845
0.1677990707583018,0.3266401561595765,2025-09-30 10:56:59.503845
0.21758119889008437,0.33796780595096987,2025-09-30 10:56:59.503845
0.16059546242347605,0.2675130978324717,2025-09-30 10:56:59.503845
0.16173251833823848,0.24563963738001526,2025-09-30 10:56:59.503845
0.15725698221618337,0.246827853948141,2025-09-30 10:56:59.503845
0.21262451897516027,0.28480050817772173,2025-09-30 10:56:59.503845
0.1585015366032616,0.3713726470004515,2025-09-30 10:56:59.503845
0.17470088278651327,0.20833880923474574,2025-09-30 10:56:59.503845
0.19798823698413273,0.3519053495165038,2025-09-30 10:56:59.503845
0.1948017663151265,0.3159925807311286,2025-09-30 10:56:59.503845
0.19929145930620218,0.3390462690129492,2025-09-30 10:56:59.503845
0.1486606194868553,0.3614476931902997,2025-09-30 10:56:59.503845
0.19463421331224368,0.37615566809266665,2025-09-30 10:56:59.503845
0.16755005056683733,0.4415735877171624,2025-09-30 10:56:59.503845
0.19126539121318842,0.32801466795776674,2025-09-30 10:56:59.503845
0.1933982331453754,0.4741510236133565,2025-09-30 10:56:59.503845
0.17486902257347256,0.3056171368622345,2025-09-30 10:56:59.503845
0.1577717580999614,0.30945030596220297,2025-09-30 10:56:59.503845
0.19536075367165429,0.4699261337529811,2025-09-30 10:56:59.503845
0.20662300371236111,0.3001191817374149,2025-09-30 10:56:59.503845
0.18083354531978668,0.3979593744103696,2025-09-30 10:56:59.503845
0.1891387061600609,0.398383731147385,2025-09-30 10:56:59.503845
0.17940172691976716,0.3817771424173089,2025-09-30 10:56:59.503845
0.1871323023885335,0.15416342079024944,2025-09-30 10:56:59.503845
0.1504457894382941,0.21634778470134775,2025-09-30 10:56:59.503845
0.14225161274942932,0.22203620311453823,2025-09-30 10:56:59.503845
0.18677904361909137,0.3957496169345616,2025-09-30 10:56:59.503845
0.1941230668673155,0.3311327554312129,2025-09-30 10:56:59.503845
0.17821877585134563,0.30670713447163916,2025-09-30 10:56:59.503845
0.20127291018516105,0.3190955443725942,2025-09-30 10:56:59.503845
0.19376146865319693,0.25703174281683266,2025-09-30 10:56:59.503845
0.1921008305118031,0.3746820597383305,2025-09-30 10:56:59.503845
0.17684815419990912,0.350147128923731,2025-09-30 10:56:59.503845
0.18953591008415815,0.28621700592244176,2025-09-30 10:56:59.503845
0.2039184299203137,0.35332173921301735,2025-09-30 10:56:59.503845
0.1787842946477549,0.39953010727645655,2025-09-30 10:56:59.503845
0.17912237464156056,0.34220104954074,2025-09-30 10:56:59.503845
0.18837247912905883,0.5266838471078424,2025-09-30 10:56:59.503845
0.19885105299410782,0.4063453101968274,2025-09-30 10:56:59.503845
0.19424654051078166,0.414283450703501,2025-09-30 10:56:59.503845
0.1744162994275473,0.3731106226141517,2025-09-30 10:56:59.503845
0.188496261625696,0.39418956464083044,2025-09-30 10:56:59.503845
0.16174309901697434,0.3211458736268091,2025-09-30 10:56:59.503845
0.17109306238866995,0.16391766404214908,2025-09-30 10:56:59.503845
0.2049471835019759,0.38763359781437584,2025-09-30 10:56:59.503845
0.18127977588030422,0.3301612235468087,2025-09-30 10:56:59.503845
0.16291526905856116,0.4185360969590217,2025-09-30 10:56:59.503845
0.2024027440851456,0.4437614029730211,2025-09-30 10:56:59.503845
0.17014963445587236,0.3580246236078699,2025-09-30 10:56:59.503845
0.19126744054967845,0.43286069033335856,2025-09-30 10:56:59.503845
0.21294786585051992,0.43784848180218083,2025-09-30 10:56:59.503845
0.15383001534296586,0.37735614008928686,2025-09-30 10:56:59.503845
0.19939857348468953,0.44356229447314327,2025-09-30 10:56:59.503845
0.19308737553209868,0.4034986335548642,2025-09-30 10:56:59.503845
0.20688280998699873,0.5031473519975826,2025-09-30 10:56:59.503845
0.2008598523700736,0.39537451384308636,2025-09-30 10:56:59.503845
0.17920099011519766,0.2524236451269897,2025-09-30 10:56:59.503845
0.18639966365525143,0.4024293199686542,2025-09-30 10:56:59.503845
0.21575585402414982,0.3564064048083169,2025-09-30 10:56:59.503845
0.16244546348816696,0.43498062232379553,2025-09-30 10:56:59.503845
0.1832885621760862,0.3528178249334552,2025-09-30 10:56:59.503845
0.19707348814118755,0.17697857096160094,2025-09-30 10:56:59.503845
0.19940292180669866,0.23707692987096723,2025-09-30 10:56:59.503845
0.1821588518387601,0.3885508939511817,2025-09-30 10:56:59.503845
0.19422977348497675,0.3894568277905108,2025-09-30 10:56:59.503845
0.18896993893557684,0.339926980480724,2025-09-30 10:56:59.503845
0.1680937014754291,0.34486967170545185,2025-09-30 10:56:59.503845
0.18498772943062436,0.2663025852552261,2025-09-30 10:56:59.503845
0.17986404840062098,0.369489202247618,2025-09-30 10:56:59.503845
0.16976605182938165,0.3927961811420018,2025-09-30 10:56:59.503845
0.17134282191931588,0.37914830459457954,2025-09-30 10:56:59.503845
0.21087916298360573,0.4334574228747442,2025-09-30 10:56:59.503845
0.16801467985923496,0.3232566975862201,2025-09-30 10:56:59.503845
0.1765715424426766,0.41189233328896885,2025-09-30 10:56:59.503845
0.18024569466094936,0.3035763310453087,2025-09-30 10:56:59.503845
0.17175123957558835,0.3337450067198013,2025-09-30 10:56:59.503845
0.17748840065683316,0.26318887146185005,2025-09-30 10:56:59.503845
0.1527687987835695,0.3582838680585164,2025-09-30 10:56:59.503845
0.1734047127760241,0.36966324638298187,2025-09-30 10:56:59.503845
0.18792790679061425,0.3128714342631965,2025-09-30 10:56:59.503845
0.13790776379232464,0.3817933202392091,2025-09-30 10:56:59.503845
0.16686544057482627,0.31378342685060384,2025-09-30 10:56:59.503845
0.22271017134247692,0.21675235786605218,2025-09-30 10:56:59.503845
0.17266941801103655,0.24734507494543384,2025-09-30 10:56:59.503845
0.16847965076522436,0.45172476211822654,2025-09-30 10:56:59.503845
0.16055042987664103,0.39925693709326937,2025-09-30 10:56:59.503845
0.17875089250107234,0.19523311014813105,2025-09-30 10:56:59.503845
0.1810833924932191,0.262584837461384,2025-09-30 10:56:59.503845
0.19891625208886513,0.31828770281517116,2025-09-30 10:56:59.503845
0.21643827881191466,0.2736680853129948,2025-09-30 10:56:59.503845
0.16762292251942815,0.3674585257005407,2025-09-30 10:56:59.503845
0.1725537787450411,0.34018323839201714,2025-09-30 10:56:59.503845
0.15600002557331297,0.3028442564054616,2025-09-30 10:56:59.503845
0.1641054359722133,0.1999845229023766,2025-09-30 10:56:59.503845
0.2081181716690819,0.31149803584712277,2025-09-30 10:56:59.503845
0.163620845431984,0.27585411146241534,2025-09-30 10:56:59.503845
0.16458041625147757,0.29130441891563696,2025-09-30 10:56:59.503845
0.19513749865287836,0.3090094333176876,2025-09-30 10:56:59.503845
0.17149376062907237,0.4508708910813165,2025-09-30 10:56:59.503845
0.18960413116822206,0.25733472062442364,2025-09-30 10:56:59.503845
0.17174149384839915,0.40763641222370167,2025-09-30 10:56:59.503845
0.1744823162561285,0.24029031655758448,2025-09-30 10:56:59.503845
0.20659215590660374,0.282314358144827,2025-09-30 10:56:59.503845
0.1555554303866148,0.4055292162151956,2025-09-30 10:56:59.503845
0.16747858688071526,0.2603383540689665,2025-09-30 10:56:59.503845
0.18120622515320095,0.3974888554822813,2025-09-30 10:56:59.503845
0.19669142440389487,0.3059289912630122,2025-09-30 10:56:59.503845
0.16606439026399178,0.33194521340866306,2025-09-30 10:56:59.503845
0.1937001313085855,0.3257599353950972,2025-09-30 10:56:59.503845
0.1951246823962871,0.4039725909071565,2025-09-30 10:56:59.503845
0.15522665800125696,0.3334879925588392,2025-09-30 10:56:59.503845
0.19228317037047027,0.33218012464184704,2025-09-30 10:56:59.503845
0.15291333097072327,0.2638578211725911,2025-09-30 10:56:59.503845
0.1827646347181645,0.2905008414032023,2025-09-30 10:56:59.503845
0.17394801591646064,0.49505492401982265,2025-09-30 10:56:59.503845
0.19074065766323978,0.2589462043601257,2025-09-30 10:56:59.503845
0.172019268707974,0.16741418489840543,2025-09-30 10:56:59.503845
0.20547506323384762,0.26318340732784357,2025-09-30 10:56:59.503845
0.21358428994800188,0.3492695417770746,2025-09-30 10:56:59.503845
0.18807017167597442,0.352949342186737,2025-09-30 10:56:59.503845
0.20408970790937103,0.24614315085088512,2025-09-30 10:56:59.503845
0.14370258814721593,0.40166432162399324,2025-09-30 10:56:59.503845
0.1402483305133863,0.2650040507458709,2025-09-30 10:56:59.503845
0.20872935744147642,0.38717440112359147,2025-09-30 10:56:59.503845
0.21333530319864896,0.24599159228873002,2025-09-30 10:56:59.503845
0.19445198748735537,0.13678761431889153,2025-09-30 10:56:59.503845
0.17913353943606916,0.41316216979642545,2025-09-30 10:56:59.503845
0.18275316035083883,0.28278117787374,2025-09-30 10:56:59.503845
0.16778453918183925,0.3149590575686469,2025-09-30 10:56:59.503845
0.17207193797189724,0.2774444615676709,2025-09-30 10:56:59.503845
0.17294017118460214,0.351336527244946,2025-09-30 10:56:59.503845
0.17150760326081022,0.3810382472072232,2025-09-30 10:56:59.503845
0.15611510277971727,0.2801191132039047,2025-09-30 10:56:59.503845
0.1898074110177897,0.3024972324500469,2025-09-30 10:56:59.503845
0.18127487628582856,0.4200902990635847,2025-09-30 10:56:59.503845
0.17289410220196905,0.3769471145367281,2025-09-30 10:56:59.503845
0.16632067929391192,0.3470667345698667,2025-09-30 10:56:59.503845
0.17622845741613202,0.3973982355252623,2025-09-30 10:56:59.503845
0.16934079738794078,0.37428801761693453,2025-09-30 10:56:59.503845
0.1408329413406243,0.3478517954674172,2025-09-30 10:56:59.503845
0.15931664430546902,0.25746752057173883,2025-09-30 10:56:59.503845
0.1699623455412453,0.3128003955127348,2025-09-30 10:56:59.503845
0.17442967694689962,0.19200859910300383,2025-09-30 10:56:59.503845
0.16114181799630195,0.28646404946653004,2025-09-30 10:56:59.503845
0.18888501266613944,0.2819012145504655,2025-09-30 10:56:59.503845
0.20119401488761635,0.30748147915622215,2025-09-30 10:56:59.503845
0.17081497786000743,0.4825210024339335,2025-09-30 10:56:59.503845
0.15994527957576585,0.30821465513820306,2025-09-30 10:56:59.503845
0.171726411441817,0.3302731327427167,2025-09-30 10:56:59.503845
0.1749359904200278,0.4450488718581231,2025-09-30 10:56:59.503845
0.16074074222490364,0.40178459431333513,2025-09-30 10:56:59.503845
0.19453025382484906,0.2671165102422654,2025-09-30 10:56:59.503845
0.19097521279096505,0.21211762817936314,2025-09-30 10:56:59.503845
0.1934139074461351,0.3734226553857972,2025-09-30 10:56:59.503845
0.15172105962752444,0.1972802087060806,2025-09-30 10:56:59.503845
0.21396240634602814,0.4432446038711267,2025-09-30 10:56:59.503845
0.13877247724343258,0.44993617199871255,2025-09-30 10:56:59.503845
0.17591067569228055,0.361295906569872,2025-09-30 10:56:59.503845
0.17628814728397868,0.36802445837817166,2025-09-30 10:56:59.503845
0.1733475498023155,0.39732599214114145,2025-09-30 10:56:59.503845
0.18248212274919595,0.3175293670838218,2025-09-30 10:56:59.503845
0.17067427809271762,0.3202172952123386,2025-09-30 10:56:59.503845
0.15789355125230473,0.3885122109018792,2025-09-30 10:56:59.503845
0.17942213285829545,0.3246250121966492,2025-09-30 10:56:59.503845
0.17797716393989477,0.20491984373374386,2025-09-30 10:56:59.503845
0.13898799822746247,0.4151153525594543,2025-09-30 10:56:59.503845
0.18809775415357716,0.36049353295974984,2025-09-30 10:56:59.503845
0.18365054750305765,0.3449465413283591,2025-09-30 10:56:59.503845
0.18122326864393448,0.35116718621743553,2025-09-30 10:56:59.503845
0.16458545942032968,0.39751693087686446,2025-09-30 10:56:59.503845
0.15595481159775346,0.24960806369112315,2025-09-30 10:56:59.503845
0.18914283109107788,0.4416440933544396,2025-09-30 10:56:59.503845
0.18459662335125868,0.38679901709624126,2025-09-30 10:56:59.503845
0.18694831558084038,0.43653874233698875,2025-09-30 10:56:59.503845
0.16724866986964712,0.3189434136711552,2025-09-30 10:56:59.503845
0.21263487618863108,0.36492886707980304,2025-09-30 10:56:59.503845
0.19564317224899613,0.34121711987822656,2025-09-30 10:56:59.503845
0.17576386301145563,0.42524209282742725,2025-09-30 10:56:59.503845
0.22353088725147513,0.2596546435966081,2025-09-30 10:56:59.503845
0.20672438737406615,0.33716017844014473,2025-09-30 10:56:59.503845
0.1868272718958318,0.4465234132717275,2025-09-30 10:56:59.503845
0.14906482793488604,0.20466240991796025,2025-09-30 10:56:59.503845
0.1906521127237098,0.3823076759218674,2025-09-30 10:56:59.503845
0.1654592788643885,0.32093200674749156,2025-09-30 10:56:59.503845
0.14675729837231036,0.3474582400767842,2025-09-30 10:56:59.503845
0.17905736045806125,0.3587246181378736,2025-09-30 10:56:59.503845
0.19002624754430633,0.3408664648240551,2025-09-30 10:56:59.503845
0.16984685655389736,0.2585999588189226,2025-09-30 10:56:59.503845
0.19150567971932742,0.4732120012522356,2025-09-30 10:56:59.503845
0.19284540634340533,0.28572104166384177,2025-09-30 10:56:59.503845
0.19143311889953324,0.1793441313829692,2025-09-30 10:56:59.503845
0.195753251299675,0.4003132620309142,2025-09-30 10:56:59.503845
0.19165471700483294,0.34344970736060343,2025-09-30 10:56:59.503845
0.19025996080143137,0.3381093000681697,2025-09-30 10:56:59.503845
0.1804859135696272,0.26393181770385904,2025-09-30 10:56:59.503845
0.18887360618079588,0.36899729086574395,2025-09-30 10:56:59.503845
0.18796420847851578,0.28422584147943336,2025-09-30 10:56:59.503845
0.1776897740036999,0.3899053531548047,2025-09-30 10:56:59.503845
0.18109344167972138,0.39879803812963155,2025-09-30 10:56:59.503845
0.1658170146836686,0.38963388884316524,2025-09-30 10:56:59.503845
0.18131145397851584,0.4735172428649782,2025-09-30 10:56:59.503845
0.17164522169477633,0.3763312191560383,2025-09-30 10:56:59.503845
0.20961413641854026,0.28200896786252877,2025-09-30 10:56:59.503845
0.1712024818213121,0.4568257995556484,2025-09-30 10:56:59.503845
0.1645868278798273,0.2979037123791664,2025-09-30 10:56:59.503845
0.18312986084360489,0.2606159356361011,2025-09-30 10:56:59.503845
0.18010789372262603,0.2773196984089003,2025-09-30 10:56:59.503845
0.15559693752772333,0.33944222711903704,2025-09-30 10:56:59.503845
0.16177962949946906,0.28399109140526246,2025-09-30 10:56:59.503845
0.1773809912948115,0.35984905626888924,2025-09-30 10:56:59.503845
0.14577427713981894,0.40784979053443116,2025-09-30 10:56:59.503845
0.17233335931034852,0.17191908180406598,2025-09-30 10:56:59.503845
0.17458605056116316,0.1521028979325168,2025-09-30 10:56:59.503845
0.14855330052327234,0.2960211103134751,2025-09-30 10:56:59.503845
0.1902014985232066,0.2878939992069341,2025-09-30 10:56:59.503845
0.18955387639062818,0.3715463972334971,2025-09-30 10:56:59.503845
0.16963704568127685,0.4979038103217673,2025-09-30 10:56:59.503845
0.17611769090630666,0.2817152713399066,2025-09-30 10:56:59.503845
0.18787537610708782,0.28091106407667316,2025-09-30 10:56:59.503845
0.1640863977840918,0.4975269896666138,2025-09-30 10:56:59.503845
0.1799984414312262,0.5031379876470462,2025-09-30 10:56:59.503845
0.15442722284837587,0.33121780076189455,2025-09-30 10:56:59.503845
0.19529721651924667,0.19540985451864953,2025-09-30 10:56:59.503845
0.19049453412286627,0.3257132935424958,2025-09-30 10:56:59.503845
0.1515021986703182,0.23732686027937894,2025-09-30 10:56:59.503845
0.1748440581525877,0.40776783004571293,2025-09-30 10:56:59.503845
0.20297178161519341,0.3195463889035182,2025-09-30 10:56:59.503845
0.1815616565914623,0.3464150967485413,2025-09-30 10:56:59.503845
0.18361406884191134,0.21056531797872333,2025-09-30 10:56:59.503845
0.19440988366021852,0.291201615004945,2025-09-30 10:56:59.503845
0.18427705260089577,0.35863359052177185,2025-09-30 10:56:59.503845
0.1688658054530489,0.313676067558284,2025-09-30 10:56:59.503845
0.17865595123555295,0.20527888585553553,2025-09-30 10:56:59.503845
0.1743966782516598,0.33662778079825484,2025-09-30 10:56:59.503845
0.20242148712983174,0.3131070231189665,2025-09-30 10:56:59.503845
0.17361480623520942,0.29479976320701157,2025-09-30 10:56:59.503845
0.1911355742617601,0.26894060403297876,2025-09-30 10:56:59.503845
0.1775506603448201,0.1437841096805984,2025-09-30 10:56:59.503845
0.16519691447355797,0.4468935613381497,2025-09-30 10:56:59.503845
0.17272493048591261,0.2393657815137562,2025-09-30 10:56:59.503845
0.14963950044681712,0.27780989410078416,2025-09-30 10:56:59.503845
0.17838358955965217,0.37614169061598346,2025-09-30 10:56:59.503845
0.18931520594466894,0.2975694652950397,2025-09-30 10:56:59.503845
0.18683620907570697,0.38087420228463276,2025-09-30 10:56:59.503845
0.1796591638032669,0.39551049294818563,2025-09-30 10:56:59.503845
0.16666589488637729,0.3673985557983691,2025-09-30 10:56:59.503845
0.18088421579196662,0.4572816332078602,2025-09-30 10:56:59.503845
0.18282916725167453,0.4608170671306231,2025-09-30 10:56:59.503845
0.1738032018543915,0.2631760658630189,2025-09-30 10:56:59.503845
0.19169912624543667,0.35984849467720115,2025-09-30 10:56:59.503845
0.20169528422481925,0.41267656565705035,2025-09-30 10:56:59.503845
0.2083981934801076,0.39928560893578247,2025-09-30 10:56:59.503845
0.1761393571645778,0.41776057114181275,2025-09-30 10:56:59.503845
0.15117448047457216,0.30646411580951793,2025-09-30 10:56:59.503845
0.18832178941000088,0.4894624802374028,2025-09-30 10:56:59.503845
0.18079455250730145,0.4459386963770509,2025-09-30 10:56:59.503845
0.18366391844387633,0.3384355753130618,2025-09-30 10:56:59.503845
0.18492760913272396,0.3715376365054249,2025-09-30 10:56:59.503845
0.1865515717465263,0.24774219977486528,2025-09-30 10:56:59.503845
0.1813506483237978,0.3062263534113212,2025-09-30 10:56:59.503845
0.16429764318170414,0.38008339473605984,2025-09-30 10:56:59.503845
0.17591216593757647,0.3299597117874691,2025-09-30 10:56:59.503845
0.19023853464752052,0.3048086228529285,2025-09-30 10:56:59.503845
0.20163617100816691,0.30609354787444965,2025-09-30 10:56:59.503845
0.1691351834194059,0.35670720906290654,2025-09-30 10:56:59.503845
0.16437603111077062,0.3939458367453264,2025-09-30 10:56:59.503845
0.2029532885515255,0.2598807672766452,2025-09-30 10:56:59.503845
0.17099103762611897,0.32956861640442736,2025-09-30 10:56:59.503845
0.1845648699755925,0.35952675904454245,2025-09-30 10:56:59.503845
0.1885995627590624,0.2608367832373626,2025-09-30 10:56:59.503845
0.18487277554457396,0.3293057756218144,2025-09-30 10:56:59.503845
0.1972583674725109,0.20463155281428191,2025-09-30 10:56:59.503845
0.17193696596856564,0.2820452650075451,2025-09-30 10:56:59.503845
0.17248787306460067,0.32745931341044604,2025-09-30 10:56:59.503845
0.19853565917129223,0.20095655082288424,2025-09-30 10:56:59.503845
0.203355018323602,0.32164246575276395,2025-09-30 10:56:59.503845
0.18346043613237475,0.32212244223089076,2025-09-30 10:56:59.503845
0.19071850940117913,0.31284106634500003,2025-09-30 10:56:59.503845
0.17169181347659396,0.42910027628780256,2025-09-30 10:56:59.503845
0.18584820459482665,0.3287541629353705,2025-09-30 10:56:59.503845
0.18961931626445605,0.307901881256678,2025-09-30 10:56:59.503845
0.2068205972597109,0.2992932664891181,2025-09-30 10:56:59.503845
0.17719682517446447,0.361232584057095,2025-09-30 10:56:59.503845
0.18947317033594493,0.24425755734055238,2025-09-30 10:56:59.503845
0.1658755964463016,0.2848643343054921,2025-09-30 10:56:59.503845
0.18253035939973453,0.3004726422480484,2025-09-30 10:56:59.503845
0.2141718880281134,0.3558417622796799,2025-09-30 10:56:59.503845
0.19229500089905066,0.2166569818460436,2025-09-30 10:56:59.503845
0.1934319373885951,0.4101421338291416,2025-09-30 10:56:59.503845
0.24102317965663872,0.31526315630221713,2025-09-30 10:56:59.503845
0.1805457933189621,0.2896876343761738,2025-09-30 10:56:59.503845
0.18313441699226535,0.27831696410828105,2025-09-30 10:56:59.503845
0.1742837959988471,0.4293276157355048,2025-09-30 10:56:59.503845
0.17739704609931584,0.3593148417368154,2025-09-30 10:56:59.503845
0.21030701305338306,0.32113824426349513,2025-09-30 10:56:59.503845
0.1766073738861285,0.2167411371263508,2025-09-30 10:56:59.503845
0.1721439277038544,0.1715191373905843,2025-09-30 10:56:59.503845
0.17205708095090558,0.40296031054406456,2025-09-30 10:56:59.503845
0.19999349191203894,0.33716949547102415,2025-09-30 10:56:59.503845
0.14379193201529872,0.3846659437183034,2025-09-30 10:56:59.503845
0.17383827528077167,0.29825098653724086,2025-09-30 10:56:59.503845
0.17641090024729966,0.39169355424866736,2025-09-30 10:56:59.503845
0.2155969144750442,0.35034863087399165,2025-09-30 10:56:59.503845
0.15343732011563047,0.3220433075539527,2025-09-30 10:56:59.503845
0.16058449557239263,0.18701583390883805,2025-09-30 10:56:59.503845
0.17032984982413113,0.2525321176242452,2025-09-30 10:56:59.503845
0.16262881268956764,0.3119939913762134,2025-09-30 10:56:59.503845
0.1703182917865359,0.22550945081904902,2025-09-30 10:56:59.503845
0.1968238484575036,0.254899582300861,2025-09-30 10:56:59.503845
0.20663109981442065,0.2704504831689582,2025-09-30 10:56:59.503845
0.1869146156483579,0.3427885474107554,2025-09-30 10:56:59.503845
0.17446986340092008,0.18807974401230293,2025-09-30 10:56:59.503845
0.1892601540213243,0.35817070271428,2025-09-30 10:56:59.503845
0.1553314227463552,0.15881497247855125,2025-09-30 10:56:59.503845
0.2103384429840354,0.2456753441652939,2025-09-30 10:56:59.503845
0.1765461039115777,0.34756889180064543,2025-09-30 10:56:59.503845
0.18732702182083352,0.28440904366930997,2025-09-30 10:56:59.503845
0.1603284149206913,0.21981442561817569,2025-09-30 10:56:59.503845
0.1730659861300149,0.34570189766879067,2025-09-30 10:56:59.503845
0.16159818058168401,0.3158398540643738,2025-09-30 10:56:59.503845
0.20170273800913033,0.37343231337482946,2025-09-30 10:56:59.503845
0.16471752280831334,0.288614891922646,2025-09-30 10:56:59.503845
0.19287515588110044,0.35479974956799154,2025-09-30 10:56:59.503845
0.17934742551802835,0.3929699674147496,2025-09-30 10:56:59.503845
0.17646459099779277,0.20203065248765956,2025-09-30 10:56:59.503845
0.19741228921069096,0.19093047968299412,2025-09-30 10:56:59.503845
0.17220844217838713,0.30830989767075856,2025-09-30 10:56:59.503845
0.153936483667199,0.542277503832924,2025-09-30 10:56:59.503845
0.17731143382864975,0.33653718936674865,2025-09-30 10:56:59.503845
0.16996971844163786,0.38592827802133733,2025-09-30 10:56:59.503845
0.18110666066632267,0.34879138468564014,2025-09-30 10:56:59.503845
0.20069224826958879,0.2936894469457785,2025-09-30 10:56:59.503845
0.1825841909631209,0.46897872510820615,2025-09-30 10:56:59.503845
0.18707951694446792,0.3352860950226781,2025-09-30 10:56:59.503845
0.18100191920815556,0.3669867738766379,2025-09-30 10:56:59.503845
0.18830574926112148,0.35316101014724527,2025-09-30 10:56:59.503845
0.200678585520845,0.21902880678551567,2025-09-30 10:56:59.503845
0.20625613597789438,0.25751716359382293,2025-09-30 10:56:59.503845
0.17738443300199566,0.4718955374890585,2025-09-30 10:56:59.503845
0.18345325547894412,0.24428481658252257,2025-09-30 10:56:59.503845
0.18074142906435156,0.3212880904771439,2025-09-30 10:56:59.503845
0.18716202830845988,0.37672541196247283,2025-09-30 10:56:59.503845
0.16942506411254613,0.28723628388812117,2025-09-30 10:56:59.503845
0.19445348319695166,0.3181176117965682,2025-09-30 10:56:59.503845
0.18062629097221836,0.2906249863773073,2025-09-30 10:56:59.503845
0.18308393619186758,0.24306680651660964,2025-09-30 10:56:59.503845
0.18261582151713177,0.40324889284622234,2025-09-30 10:56:59.503845
0.16633328070415135,0.23998335550509842,2025-09-30 10:56:59.503845
0.19113979055806588,0.3061634606496582,2025-09-30 10:56:59.503845
0.19547820639311292,0.401674527420802,2025-09-30 10:56:59.503845
0.20925686936186383,0.3800333967971933,2025-09-30 10:56:59.503845
0.19167813349656035,0.25312062090114357,2025-09-30 10:56:59.503845
0.2009591846602147,0.4591455367536049,2025-09-30 10:56:59.503845
0.1562103808925569,0.36442975207233974,2025-09-30 10:56:59.503845
0.19959968963190813,0.39791133962498604,2025-09-30 10:56:59.503845
0.18680078985839718,0.3360097304478426,2025-09-30 10:56:59.503845
0.18403094730872593,0.19275914557668797,2025-09-30 10:56:59.503845
0.16232883419516564,0.33100204400206046,2025-09-30 10:56:59.503845
0.2030864280715939,0.2864630878189085,2025-09-30 10:56:59.503845
0.14635670213755292,0.33568048355959806,2025-09-30 10:56:59.503845
0.1862921722261246,0.38320307541231136,2025-09-30 10:56:59.503845
0.16603543536429388,0.3518282622585333,2025-09-30 10:56:59.503845
0.18602391857984846,0.37044702597454054,2025-09-30 10:56:59.503845
0.16315622275848496,0.32865509201631904,2025-09-30 10:56:59.503845
0.1817312954481994,0.2716812104215107,2025-09-30 10:56:59.503845
0.15631667285901896,0.29904411729725855,2025-09-30 10:56:59.503845
0.17194335453272103,0.34794199921185176,2025-09-30 10:56:59.503845
0.2011563666193805,0.3087426983455635,2025-09-30 10:56:59.503845
0.20563681776108772,0.3332610700252297,2025-09-30 10:56:59.503845
0.18405125755285004,0.3213027358176554,2025-09-30 10:56:59.503845
0.18950946530954424,0.44368382288006836,2025-09-30 10:56:59.503845
0.1692152231466465,0.32535680117291765,2025-09-30 10:56:59.503845
0.20136034808669798,0.3974812078640678,2025-09-30 10:56:59.503845
0.17310781723040805,0.3386720325300239,2025-09-30 10:56:59.503845
0.1928838249760635,0.2868676809465461,2025-09-30 10:56:59.503845
0.17976000888957386,0.3049159039258678,2025-09-30 10:56:59.503845
0.1969103848494574,0.28353828099049894,2025-09-30 10:56:59.503845
0.18348647099564325,0.3243408573401882,2025-09-30 10:56:59.503845
0.1623566218569834,0.2883728277972119,2025-09-30 10:56:59.503845
0.18910112705468843,0.4221218242205403,2025-09-30 10:56:59.503845
0.18315609528549895,0.31802825124841877,2025-09-30 10:56:59.503845
0.17286479906814886,0.2005046817005061,2025-09-30 10:56:59.503845
0.1949228684427606,0.16900111654357058,2025-09-30 10:56:59.503845
0.19147701828215868,0.2839497402505914,2025-09-30 10:56:59.503845
0.2007027432404213,0.33893714652445117,2025-09-30 10:56:59.503845
0.1887937472805598,0.3117826793183241,2025-09-30 10:56:59.503845
0.18527330162762426,0.290432576143394,2025-09-30 10:56:59.503845
0.1761663282312799,0.34113429734906137,2025-09-30 10:56:59.503845
0.18640498088038762,0.37430631561883404,2025-09-30 10:56:59.503845
0.18417645946930855,0.41409207452716723,2025-09-30 10:56:59.503845
0.19066922067122039,0.24041580409165622,2025-09-30 10:56:59.503845
0.19242827043554284,0.33472857424741276,2025-09-30 10:56:59.503845
0.20694159560495337,0.30025614110456,2025-09-30 10:56:59.503845
0.20002561116706663,0.4189502779211627,2025-09-30 10:56:59.503845
0.2086603312427264,0.3132656242523052,2025-09-30 10:56:59.503845
0.1588617975460237,0.3205764891415222,2025-09-30 10:56:59.503845
0.17259849618758302,0.21433854762867227,2025-09-30 10:56:59.503845
0.15865711986349887,0.4214918269248788,2025-09-30 10:56:59.503845
0.18345746794045026,0.47182623264335155,2025-09-30 10:56:59.503845
0.1996710302367145,0.3025722119189365,2025-09-30 10:56:59.503845
0.18205307648616076,0.3313620630050923,2025-09-30 10:56:59.503845
0.1898033079371507,0.25197473073342436,2025-09-30 10:56:59.503845
0.18202305006042796,0.28954690769507074,2025-09-30 10:56:59.503845
0.16996228050628395,0.3411594173767111,2025-09-30 10:56:59.503845
0.1743629715885066,0.31770750836544714,2025-09-30 10:56:59.503845
0.192006336757753,0.27729315292451845,2025-09-30 10:56:59.503845
0.19725952471531621,0.4245646837757102,2025-09-30 10:56:59.503845
0.19407301685875683,0.35989753256664864,2025-09-30 10:56:59.503845
0.15289744849369138,0.31691345077576966,2025-09-30 10:56:59.503845
0.18489348655849885,0.3521814674083698,2025-09-30 10:56:59.503845
0.15010070824795213,0.2654822400713605,2025-09-30 10:56:59.503845
0.1720172868169015,0.3872050286388651,2025-09-30 10:56:59.503845
0.15846951970918524,0.2769330265084646,2025-09-30 10:56:59.503845
0.19528221599979717,0.23351857447575447,2025-09-30 10:56:59.503845
0.19976306966269525,0.23851721017903038,2025-09-30 10:56:59.503845
0.14957672593991383,0.21365018012333709,2025-09-30 10:56:59.503845
0.16775335396266738,0.251444633757073,2025-09-30 10:56:59.503845
0.17558353500964896,0.4368638181202738,2025-09-30 10:56:59.503845
0.19621750673389887,0.3086372447109027,2025-09-30 10:56:59.503845
0.20455328127626418,0.2409022377880868,2025-09-30 10:56:59.503845
0.19598254200582105,0.3399556951711583,2025-09-30 10:56:59.503845
0.19036756857875678,0.39320243672001726,2025-09-30 10:56:59.503845
0.16360255159187176,0.35691036640689877,2025-09-30 10:56:59.503845
0.17109602935196894,0.2388745433151067,2025-09-30 10:56:59.503845
0.19844902755897995,0.4698347380706125,2025-09-30 10:56:59.503845
0.17982984552574732,0.40755159469544444,2025-09-30 10:56:59.503845
0.18411565876851604,0.4235422373509611,2025-09-30 10:56:59.503845
0.1482892368889956,0.28188110307950653,2025-09-30 10:56:59.503845
0.1887895444570092,0.34796239323698264,2025-09-30 10:56:59.503845
0.18882736221815655,0.2330566573499993,2025-09-30 10:56:59.503845
0.20681008816386404,0.2717881918365726,2025-09-30 10:56:59.503845
0.17635344067530723,0.3641390977134239,2025-09-30 10:56:59.503845
0.18959138923177687,0.3641681182753524,2025-09-30 10:56:59.503845
0.1920558637459662,0.35326223381691696,2025-09-30 10:56:59.503845
0.1776145023496668,0.23043322414809975,2025-09-30 10:56:59.503845
0.17428743381090245,0.37293787564315417,2025-09-30 10:56:59.503845
0.20374590810315807,0.32029541940934025,2025-09-30 10:56:59.503845
0.20878038972033297,0.2535749831150788,2025-09-30 10:56:59.503845
0.17710438775744666,0.343868833020566,2025-09-30 10:56:59.503845
0.16443268721779378,0.3760516692886754,2025-09-30 10:56:59.503845
0.17903161283809893,0.28913046791135044,2025-09-30 10:56:59.503845
0.16628604888191986,0.3925359857729219,2025-09-30 10:56:59.503845
0.15665249214581511,0.29545058390773954,2025-09-30 10:56:59.503845
0.16015201161059955,0.4111125454887929,2025-09-30 10:56:59.503845
0.1675779979687377,0.4986071413857342,2025-09-30 10:56:59.503845
0.18912199481896635,0.19842886486229414,2025-09-30 10:56:59.503845
0.17242088205986575,0.35518609601736545,2025-09-30 10:56:59.503845
0.18290370247578183,0.3264455218216759,2025-09-30 10:56:59.503845
0.19341554079612283,0.29593626721413147,2025-09-30 10:56:59.503845
0.19359555898509298,0.47990328644305724,2025-09-30 10:56:59.503845
0.21030760147956526,0.32980157792554543,2025-09-30 10:56:59.503845
0.19469512938744396,0.3255466759293238,2025-09-30 10:56:59.503845
0.15442414947569016,0.17043215347369137,2025-09-30 10:56:59.503845
0.13960630022939244,0.3636538611198891,2025-09-30 10:56:59.503845
0.1729693428480788,0.3106399829906464,2025-09-30 10:56:59.503845
0.18664142979395465,0.3970804442082634,2025-09-30 10:56:59.503845
0.17852216609127125,0.359898207019978,2025-09-30 10:56:59.503845
0.16772670096544823,0.2685231625891004,2025-09-30 10:56:59.503845
0.18720417732034117,0.4219619631440506,2025-09-30 10:56:59.503845
0.152937092785625,0.38299263992572874,2025-09-30 10:56:59.503845
0.1966426683489439,0.30358350447521504,2025-09-30 10:56:59.503845
0.17345500318897888,0.5522002081506985,2025-09-30 10:56:59.503845
0.1579874463573804,0.3040118306326668,2025-09-30 10:56:59.503845
0.2198159019786935,0.3083948299420434,2025-09-30 10:56:59.503845
0.18017763776161164,0.19820706477320843,2025-09-30 10:56:59.503845
0.16645610534392224,0.377435784958981,2025-09-30 10:56:59.503845
0.19468357110069678,0.39279325448474234,2025-09-30 10:56:59.503845
0.19412670094155138,0.427185969628602,2025-09-30 10:56:59.503845
0.17415703085518286,0.37161866289201756,2025-09-30 10:56:59.503845
0.17068995963602,0.33488989053527646,2025-09-30 10:56:59.503845
0.17022158312195954,0.32707238501390057,2025-09-30 10:56:59.503845
0.17379700180043064,0.5073120632624125,2025-09-30 10:56:59.503845
0.1618728063739709,0.33146278511845545,2025-09-30 10:56:59.503845
0.15148024372192637,0.39220952250932983,2025-09-30 10:56:59.503845
0.19108654954837975,0.2935442779469025,2025-09-30 10:56:59.503845
0.13806367019234042,0.27226697287968177,2025-09-30 10:56:59.503845
0.20810284579148383,0.4121956340673246,2025-09-30 10:56:59.503845
0.19725810708550717,0.3609776243804949,2025-09-30 10:56:59.503845
0.17969070456879843,0.2394887400609182,2025-09-30 10:56:59.503845
0.18435024546437667,0.3076285051351861,2025-09-30 10:56:59.503845
0.16723320803681704,0.379776276964707,2025-09-30 10:56:59.503845
0.17763221387440525,0.3141334834952944,2025-09-30 10:56:59.503845
0.1741102812090324,0.4043025065110512,2025-09-30 10:56:59.503845
0.21831023032136046,0.2807201905257921,2025-09-30 10:56:59.503845
0.1702506207534374,0.3338514932139968,2025-09-30 10:56:59.503845
0.17056341700476305,0.1454801744196473,2025-09-30 10:56:59.503845
0.18201536343619115,0.3409327014855659,2025-09-30 10:56:59.503845
0.1805672126330172,0.34103386784299355,2025-09-30 10:56:59.503845
0.17941104991330267,0.36168574736338277,2025-09-30 10:56:59.503845
0.15895392215145204,0.464468727679346,2025-09-30 10:56:59.503845
0.18127917459446052,0.43513316265944585,2025-09-30 10:56:59.503845
0.18133841183490068,0.3125897657738394,2025-09-30 10:56:59.503845
0.15596085621158803,0.302125413843342,2025-09-30 10:56:59.503845
0.15924703000058615,0.25308251877556126,2025-09-30 10:56:59.503845
0.20643536180796854,0.3449900764708658,2025-09-30 10:56:59.503845
0.17947920323291924,0.31995449361622796,2025-09-30 10:56:59.503845
0.1996224519902256,0.3746395124018487,2025-09-30 10:56:59.503845
0.1887230839012395,0.43299763304132083,2025-09-30 10:56:59.503845
0.18234489241474022,0.21493454955880054,2025-09-30 10:56:59.503845
0.20495197310411975,0.31471762931705466,2025-09-30 10:56:59.503845
0.16284170970661296,0.3069685808195518,2025-09-30 10:56:59.503845
0.19530171035421034,0.5411971924876233,2025-09-30 10:56:59.503845
0.18432144439367712,0.31565973523088,2025-09-30 10:56:59.503845
0.1884393891517947,0.3116121618566755,2025-09-30 10:56:59.503845
0.1648600110124107,0.3349382631717997,2025-09-30 10:56:59.503845
0.16227152037220036,0.30347098367791353,2025-09-30 10:56:59.503845
0.20208851141135775,0.28892893216552945,2025-09-30 10:56:59.503845
0.2004989812613645,0.37327914675570534,2025-09-30 10:56:59.503845
0.1676915093133577,0.3961511772836609,2025-09-30 10:56:59.503845
0.16717415532244922,0.36026430808787885,2025-09-30 10:56:59.503845
0.1507429725244636,0.35870541220133356,2025-09-30 10:56:59.503845
0.1783571279136326,0.4708287211159589,2025-09-30 10:56:59.503845
0.19357184942393438,0.35786128617919594,2025-09-30 10:56:59.503845
0.19004253044636701,0.392493289577363,2025-09-30 10:56:59.503845
0.1721512667592371,0.3119423598626499,2025-09-30 10:56:59.503845
0.1889511963713451,0.3543512176381922,2025-09-30 10:56:59.503845
0.18662043425235322,0.19773008081960758,2025-09-30 10:56:59.503845
0.19784187117897217,0.2700725039868314,2025-09-30 10:56:59.503845
0.2139756563295018,0.26237661034996074,2025-09-30 10:56:59.503845
0.193384612451646,0.3136355338640591,2025-09-30 10:56:59.503845
0.18429139221641055,0.27225047840595595,2025-09-30 10:56:59.503845
0.1791832957878427,0.42319518803875245,2025-09-30 10:56:59.503845
0.19169290636155367,0.3506417282604109,2025-09-30 10:56:59.503845
0.19018403610969523,0.23251035924302377,2025-09-30 10:56:59.503845
0.1663704794344686,0.26054093604885,2025-09-30 10:56:59.503845
0.18800692916500278,0.36875947675978743,2025-09-30 10:56:59.503845
0.18428499596980386,0.3582620814031867,2025-09-30 10:56:59.503845
0.16219208768470506,0.2526414189680586,2025-09-30 10:56:59.503845
0.17485155299612276,0.20243902752866763,2025-09-30 10:56:59.503845
0.1752265568957452,0.3892627207037767,2025-09-30 10:56:59.503845
0.2020146337015222,0.33883773096090286,2025-09-30 10:56:59.503845
0.17444461461468505,0.2649009747591211,2025-09-30 10:56:59.503845
0.1692155254393931,0.44825292467148026,2025-09-30 10:56:59.503845
0.18068453381860158,0.32802228226154334,2025-09-30 10:56:59.503845
0.16856155468947528,0.21049965904767703,2025-09-30 10:56:59.503845
0.16554044826287476,0.397630613408454,2025-09-30 10:56:59.503845
0.17301397590306788,0.48668963233058216,2025-09-30 10:56:59.503845
0.20070140290380264,0.3614512510001542,2025-09-30 10:56:59.503845
0.15630332282296333,0.27492748672034284,2025-09-30 10:56:59.503845
0.16670504999178223,0.2860707239553366,2025-09-30 10:56:59.503845
0.1857265718900224,0.36659380050804813,2025-09-30 10:56:59.503845
0.16107130160570796,0.4977722463717015,2025-09-30 10:56:59.503845
0.17108039237015973,0.4538839374687007,2025-09-30 10:56:59.503845
0.17770983750543726,0.3645613319620163,2025-09-30 10:56:59.503845
0.18170797568603048,0.285654435923023,2025-09-30 10:56:59.503845
0.2098862849269305,0.360836464504961,2025-09-30 10:56:59.503845
0.18697562110154506,0.3598044449427007,2025-09-30 10:56:59.503845
0.18527729857699735,0.44012835089905267,2025-09-30 10:56:59.503845
0.1834008197287029,0.39081552861058755,2025-09-30 10:56:59.503845
0.18948427788414562,0.4143127643697719,2025-09-30 10:56:59.503845
0.18532876734099718,0.33722356462417274,2025-09-30 10:56:59.503845
0.16555274213737986,0.3638343323894775,2025-09-30 10:56:59.503845
0.1740039036825641,0.3987371100847727,2025-09-30 10:56:59.503845
0.12893488412142357,0.2952936139879869,2025-09-30 10:56:59.503845
0.19001761758911567,0.33924498112436835,2025-09-30 10:56:59.503845
0.15360397084880592,0.3095650131801754,2025-09-30 10:56:59.503845
0.19302746465876755,0.4306168611755334,2025-09-30 10:56:59.503845
0.17626615528214493,0.3209129451657041,2025-09-30 10:56:59.503845
0.15452018390771471,0.31192544058724575,2025-09-30 10:56:59.503845
0.17706425551962524,0.34842458995238884,2025-09-30 10:56:59.503845
0.16169231540689763,0.17658660629877146,2025-09-30 10:56:59.503845
0.18692624431086033,0.33833477801017203,2025-09-30 10:56:59.503845
0.1764116574714287,0.35548727650521406,2025-09-30 10:56:59.503845
0.14860468297762872,0.3098186384300878,2025-09-30 10:56:59.503845
0.1913674808610523,0.2788013369250183,2025-09-30 10:56:59.503845
0.21136785550365272,0.3931607859211592,2025-09-30 10:56:59.503845
0.17077923047229807,0.2782159499541386,2025-09-30 10:56:59.503845
0.15488892046128944,0.3115216878186886,2025-09-30 10:56:59.503845
0.1622094531273669,0.38723172268941985,2025-09-30 10:56:59.503845
0.1880150143767855,0.32547995165206695,2025-09-30 10:56:59.503845
0.20205351542901256,0.4018443055653062,2025-09-30 10:56:59.503845
0.1739087857654486,0.3802972809187778,2025-09-30 10:56:59.503845
0.20204737464001807,0.32932950201385275,2025-09-30 10:56:59.503845
0.20273085408568797,0.35157685577338443,2025-09-30 10:56:59.503845
0.1896316151823464,0.2810858025181777,2025-09-30 10:56:59.503845
0.19326969357434,0.324568098737506,2025-09-30 10:56:59.503845
0.19378426116139164,0.3341816790756372,2025-09-30 10:56:59.503845
0.1767995460906751,0.2864935239652922,2025-09-30 10:56:59.503845
0.1917047920178954,0.361347426847407,2025-09-30 10:56:59.503845
0.18682454835862,0.2707668820685917,2025-09-30 10:56:59.503845
0.18653695486987693,0.43756774713979507,2025-09-30 10:56:59.503845
0.1672444989216779,0.32141204497980747,2025-09-30 10:56:59.503845
0.17915590459187627,0.2708612699779729,2025-09-30 10:56:59.503845
0.1844718011543001,0.4419762673440338,2025-09-30 10:56:59.503845
0.1798137731808353,0.36101643836968245,2025-09-30 10:56:59.503845
0.1705205488808429,0.36424012176181814,2025-09-30 10:56:59.503845
0.18079663219636455,0.37600387817304853,2025-09-30 10:56:59.503845
0.20090946833507106,0.339853242107417,2025-09-30 10:56:59.503845
0.1635650597901664,0.30831619468747334,2025-09-30 10:56:59.503845
0.19998915002217732,0.40166857497547576,2025-09-30 10:56:59.503845
0.1844733390675235,0.4706452347392513,2025-09-30 10:56:59.503845
0.22217735346749343,0.32573829870352244,2025-09-30 10:56:59.503845
0.20075589254340592,0.4766522002085917,2025-09-30 10:56:59.503845
0.19369997645860187,0.12968576979948593,2025-09-30 10:56:59.503845
0.18616498230709816,0.2462681691162761,2025-09-30 10:56:59.503845
0.15729400044993594,0.35552740614721395,2025-09-30 10:56:59.503845
0.1798400534625271,0.3495510700541593,2025-09-30 10:56:59.503845
0.17946429562743754,0.3518802317061858,2025-09-30 10:56:59.503845
0.16157025731490982,0.3509620809333611,2025-09-30 10:56:59.503845
0.17661321924818338,0.43714443003379405,2025-09-30 10:56:59.503845
0.1473226254022793,0.4079017316939203,2025-09-30 10:56:59.503845
0.1788676459330924,0.4831933225026626,2025-09-30 10:56:59.503845
0.17944372823240187,0.43924730954951413,2025-09-30 10:56:59.503845
0.17646992147489834,0.38104898233174656,2025-09-30 10:56:59.503845
0.20880043152285505,0.4297682385921413,2025-09-30 10:56:59.503845
0.19834664678989058,0.3905592177591839,2025-09-30 10:56:59.503845
0.1674501917699823,0.41576030938925485,2025-09-30 10:56:59.503845
0.1711260793917415,0.3540121836717384,2025-09-30 10:56:59.503845
0.1793567918231113,0.38678250542267184,2025-09-30 10:56:59.503845
0.17041433544978263,0.34758288908336354,2025-09-30 10:56:59.503845
0.170168989233896,0.24205763945988834,2025-09-30 10:56:59.503845
0.1890252783338795,0.2651296114337519,2025-09-30 10:56:59.503845
0.16342288511318914,0.41230245906068985,2025-09-30 10:56:59.503845
0.2117765291431306,0.297027599376039,2025-09-30 10:56:59.503845
0.16660852985686211,0.40058467221079874,2025-09-30 10:56:59.503845
0.18668132116172306,0.2656160037040837,2025-09-30 10:56:59.503845
0.16812471117045785,0.3119144519717097,2025-09-30 10:56:59.503845
0.20574089787396235,0.29922202610701143,2025-09-30 10:56:59.503845
0.19414354914256934,0.30354444120126306,2025-09-30 10:56:59.503845
0.17613930489531524,0.4185976573776486,2025-09-30 10:56:59.503845
0.16506378769810134,0.4301390248766168,2025-09-30 10:56:59.503845
0.16337222070598612,0.40482593502004127,2025-09-30 10:56:59.503845
0.18470742301269844,0.3299992556107109,2025-09-30 10:56:59.503845
0.16585192422148776,0.3596572120112572,2025-09-30 10:56:59.503845
0.18338815990583657,0.1601252890397902,2025-09-30 10:56:59.503845
0.20747386901919784,0.39516122536683146,2025-09-30 10:56:59.503845
0.19628418328615876,0.2640274151539218,2025-09-30 10:56:59.503845
0.18538698453593663,0.20922027431800633,2025-09-30 10:56:59.503845
0.21006814900020032,0.3137975509419212,2025-09-30 10:56:59.503845
0.1862280244866408,0.3494895074352982,2025-09-30 10:56:59.503845
0.18010155372363904,0.4647448218944695,2025-09-30 10:56:59.503845
0.17045871248684596,0.3404433659201017,2025-09-30 10:56:59.503845
0.1647212950040841,0.30978535747509756,2025-09-30 10:56:59.503845
0.17003368650204448,0.2885457324831345,2025-09-30 10:56:59.503845
0.19681607954302643,0.2357351047567589,2025-09-30 10:56:59.503845
0.20072011156793956,0.28520218041622836,2025-09-30 10:56:59.503845
0.17009070874871163,0.3235838413610734,2025-09-30 10:56:59.503845
0.17486437049910228,0.4079509390710294,2025-09-30 10:56:59.503845
0.1618595799755062,0.287851791537864,2025-09-30 10:56:59.503845
0.1614598250310027,0.3991173021105127,2025-09-30 10:56:59.503845
0.19268729232768766,0.3561249220033991,2025-09-30 10:56:59.503845
0.1847290248542017,0.22907705463819145,2025-09-30 10:56:59.503845
0.17542912923181384,0.34469417266179175,2025-09-30 10:56:59.503845
0.15457290138024907,0.35686583780913383,2025-09-30 10:56:59.503845
0.18366949207207386,0.4394085388230301,2025-09-30 10:56:59.503845
0.20008214981927575,0.35808255538232664,2025-09-30 10:56:59.503845
0.19678662665441798,0.4209853038668321,2025-09-30 10:56:59.503845
0.15202814694171146,0.2545654008473468,2025-09-30 10:56:59.503845
0.1762589987600859,0.37109657970196586,2025-09-30 10:56:59.503845
0.1874528080411052,0.29499156585177455,2025-09-30 10:56:59.503845
0.1956280731953917,0.12083470370504262,2025-09-30 10:56:59.503845
0.1899393976692512,0.4920400562151746,2025-09-30 10:56:59.503845
0.16575511104894022,0.3776462911709004,2025-09-30 10:56:59.503845
0.17840881427493235,0.3851358925331129,2025-09-30 10:56:59.503845
0.1844694247232685,0.4674630039963178,2025-09-30 10:56:59.503845
0.181001910601393,0.26171938951500856,2025-09-30 10:56:59.503845
0.2135511713299117,0.5301289779165544,2025-09-30 10:56:59.503845
0.17169040074777062,0.4129186067366133,2025-09-30 10:56:59.503845
0.1653168316015708,0.38024798954802186,2025-09-30 10:56:59.503845
0.17837512610273243,0.5242416584132736,2025-09-30 10:56:59.503845
0.16961989135042171,0.3103308932697159,2025-09-30 10:56:59.503845
0.1933392279737141,0.3537204124271474,2025-09-30 10:56:59.503845
0.17521754377883692,0.4245711883927338,2025-09-30 10:56:59.503845
0.1668750035093828,0.45334099292464314,2025-09-30 10:56:59.503845
0.20981653695662092,0.31513855555673614,2025-09-30 10:56:59.503845
0.14415562280166594,0.4020937566280379,2025-09-30 10:56:59.503845
0.15498158955047073,0.31690057425173446,2025-09-30 10:56:59.503845
0.17918124030276936,0.2766651063255475,2025-09-30 10:56:59.503845
0.16068230961064925,0.3049302189035402,2025-09-30 10:56:59.503845
0.2167231037934478,0.3425464455819524,2025-09-30 10:56:59.503845
0.19817617846995933,0.22538664663106833,2025-09-30 10:56:59.503845
0.188262186373571,0.475256454720813,2025-09-30 10:56:59.503845
0.1625175499846876,0.24950734469921937,2025-09-30 10:56:59.503845
0.17721050913532652,0.3071564286941153,2025-09-30 10:56:59.503845
0.18461654790308457,0.37558349805283997,2025-09-30 10:56:59.503845
0.18332280881582325,0.286258156546666,2025-09-30 10:56:59.503845
0.15174917378494834,0.2774932069481441,2025-09-30 10:56:59.503845
0.2018034216837853,0.4549025934221446,2025-09-30 10:56:59.503845
0.1979672806766279,0.31615630031628017,2025-09-30 10:56:59.503845
0.15340793316068066,0.19672875518412306,2025-09-30 10:56:59.503845
0.17238001254828017,0.13141589524073052,2025-09-30 10:56:59.503845
0.15993964411721945,0.3659523681145576,2025-09-30 10:56:59.503845
0.18237206678443077,0.2253186431850936,2025-09-30 10:56:59.503845
0.20917430469542575,0.3410813943393074,2025-09-30 10:56:59.503845
0.20020803648965696,0.3459153195687079,2025-09-30 10:56:59.503845
0.19151569086818004,0.3438609808220737,2025-09-30 10:56:59.503845
0.17039530132996686,0.4608594835348234,2025-09-30 10:56:59.503845
0.1730588815741579,0.40562731185846657,2025-09-30 10:56:59.503845
0.1599069349775114,0.41486209716959865,2025-09-30 10:56:59.503845
0.18431236598005535,0.3866099318153415,2025-09-30 10:56:59.503845
0.17954425204027596,0.277064092291903,2025-09-30 10:56:59.503845
0.1612130692791721,0.3611770048921281,2025-09-30 10:56:59.503845
0.18370093099138007,0.3587131555316372,2025-09-30 10:56:59.503845
0.16114133154605845,0.3520360297064306,2025-09-30 10:56:59.503845
0.18508133224140325,0.33477684588424905,2025-09-30 10:56:59.503845
0.16815497584102024,0.18427199691040358,2025-09-30 10:56:59.503845
0.15376764884864944,0.23479968229133377,2025-09-30 10:56:59.503845
0.1804219314281947,0.33237531715024754,2025-09-30 10:56:59.503845
0.19028201659336622,0.4184061509104351,2025-09-30 10:56:59.503845
0.16600467079489073,0.3257849074659631,2025-09-30 10:56:59.503845
0.17786536613500523,0.3450734734461061,2025-09-30 10:56:59.503845
0.2220836304173864,0.3094813503034521,2025-09-30 10:56:59.503845
0.20777791621471492,0.3183832535907469,2025-09-30 10:56:59.503845
0.1662200264390179,0.35935772953678724,2025-09-30 10:56:59.503845
0.16911358966927548,0.39628964794905996,2025-09-30 10:56:59.503845
0.16496839488842582,0.3723194012700335,2025-09-30 10:56:59.503845
0.15833553358492736,0.1861537960292929,2025-09-30 10:56:59.503845
0.16968561895934733,0.29458301809225185,2025-09-30 10:56:59.503845
0.18485809678511203,0.21054228120808535,2025-09-30 10:56:59.503845
0.16633053024026084,0.2874443900332361,2025-09-30 10:56:59.503845
0.18160880153684245,0.3804419474857904,2025-09-30 10:56:59.503845
0.19387957669445138,0.39922161351256513,2025-09-30 10:56:59.503845
0.1681690394703395,0.24772529878616395,2025-09-30 10:56:59.503845
0.2088553593452151,0.2534791421743202,2025-09-30 10:56:59.503845
0.17882413723288368,0.3008692815840636,2025-09-30 10:56:59.503845
0.16508449591460586,0.28179673746126854,2025-09-30 10:56:59.503845
0.15170676212052228,0.3289474548627264,2025-09-30 10:56:59.503845
0.16805602343522835,0.3937323062628996,2025-09-30 10:56:59.503845
0.16530566239090608,0.33094025407193034,2025-09-30 10:56:59.503845
0.17057936842897795,0.3086316409320884,2025-09-30 10:56:59.503845
0.175220900031157,0.22192137225611586,2025-09-30 10:56:59.503845
0.18564660505266323,0.4759849685404495,2025-09-30 10:56:59.503845
0.18603379516138974,0.18663670108461836,2025-09-30 10:56:59.503845
0.19516850544099784,0.38320240859040544,2025-09-30 10:56:59.503845
0.17678367918468404,0.33737446700739654,2025-09-30 10:56:59.503845
0.1918394002950821,0.3514447532139515,2025-09-30 10:56:59.503845
0.1891332705577057,0.373336171652077,2025-09-30 10:56:59.503845
0.19092400481090743,0.40860245737337214,2025-09-30 10:56:59.503845
0.17624333252220376,0.22393375625383558,2025-09-30 10:56:59.503845
0.15552869658953464,0.4984257500439547,2025-09-30 10:56:59.503845
0.16049883875983406,0.3285815394313861,2025-09-30 10:56:59.503845
0.19740912664359178,0.2900476145727992,2025-09-30 10:56:59.503845
0.166230056459366,0.4238145082704426,2025-09-30 10:56:59.503845
0.1835574127707813,0.26937202506664726,2025-09-30 10:56:59.503845
0.1709902912520568,0.45142862085764,2025-09-30 10:56:59.503845
0.16292827572611437,0.2767420073088389,2025-09-30 10:56:59.503845
0.17453196991645445,0.41319322256583757,2025-09-30 10:56:59.503845
0.15906837249912292,0.37552455142752994,2025-09-30 10:56:59.503845
0.17043303845456867,0.37089242928435784,2025-09-30 10:56:59.503845
0.17686790746424108,0.3655102070539097,2025-09-30 10:56:59.503845
0.18293838497899056,0.23568146827633993,2025-09-30 10:56:59.503845
0.2030541681561971,0.4391900765637163,2025-09-30 10:56:59.503845
0.1982278511108922,0.3452642615051515,2025-09-30 10:56:59.503845
0.20702418729556918,0.3583233131080178,2025-09-30 10:56:59.503845
0.18369683643686338,0.2917511673328388,2025-09-30 10:56:59.503845
0.20118320213341104,0.3228805707960363,2025-09-30 10:56:59.503845
0.17598388270113002,0.30361179446056974,2025-09-30 10:56:59.503845
0.17864719598353668,0.38518326177666407,2025-09-30 10:56:59.503845
0.20311289016997205,0.37312721258739046,2025-09-30 10:56:59.503845
0.17882085766918435,0.3659072401219876,2025-09-30 10:56:59.503845
0.1983385374712205,0.36151526419915775,2025-09-30 10:56:59.503845
0.1644860625659346,0.39608752019606264,2025-09-30 10:56:59.503845
0.18769860333165314,0.3943943788364112,2025-09-30 10:56:59.503845
0.1585759951546405,0.3509099594614302,2025-09-30 10:56:59.503845
0.19156836536744432,0.29337641287925365,2025-09-30 10:56:59.503845
0.17227413770858224,0.3254039331292848,2025-09-30 10:56:59.503845
0.1950942405543414,0.19747723012701934,2025-09-30 10:56:59.503845
0.21049072464875998,0.3588863074971752,2025-09-30 10:56:59.503845
0.17027112818145212,0.3599486445552619,2025-09-30 10:56:59.503845
0.1753020971582907,0.44478684637837995,2025-09-30 10:56:59.503845
0.16839842468951619,0.3859804904515427,2025-09-30 10:56:59.503845
0.1990586379514992,0.3913983864549603,2025-09-30 10:56:59.503845
0.18561639308063596,0.2318491459634044,2025-09-30 10:56:59.503845
0.1796945637469678,0.2390249798711673,2025-09-30 10:56:59.503845
0.1514348195359727,0.31104701061535855,2025-09-30 10:56:59.503845
0.17098080424297218,0.40677675563154175,2025-09-30 10:56:59.503845
0.1622450740711978,0.3910568147229116,2025-09-30 10:56:59.503845
0.16895113257218441,0.3022281195866882,2025-09-30 10:56:59.503845
0.17378337757083104,0.35199195561967644,2025-09-30 10:56:59.503845
0.2072990518870553,0.32900950029360465,2025-09-30 10:56:59.503845
0.16284281650235502,0.3771127224738996,2025-09-30 10:56:59.503845
0.16039985074993057,0.1744473731168842,2025-09-30 10:56:59.503845
0.19764408100309835,0.3527648167665631,2025-09-30 10:56:59.503845
0.17191932234208132,0.27633680692307144,2025-09-30 10:56:59.503845
0.19049282434407389,0.3149940354952763,2025-09-30 10:56:59.503845
0.1735291051025033,0.3732130393358097,2025-09-30 10:56:59.503845
0.1313514838626052,0.261384037630132,2025-09-30 10:56:59.503845
0.17071058506584635,0.3444086626788889,2025-09-30 10:56:59.503845
0.1899272461789087,0.33612846698623644,2025-09-30 10:56:59.503845
0.1696874713275008,0.375672867835648,2025-09-30 10:56:59.503845
0.16415872233616985,0.36233053384521163,2025-09-30 10:56:59.503845
0.2058945277196501,0.4066335923672725,2025-09-30 10:56:59.503845
0.19636199354523565,0.2679453631553708,2025-09-30 10:56:59.503845
0.2017798159719199,0.4145479462159987,2025-09-30 10:56:59.503845
0.17271809588621467,0.27700386488515155,2025-09-30 10:56:59.503845
0.19278922120718,0.39732336341223123,2025-09-30 10:56:59.503845
0.19884449952863395,0.42442276448764027,2025-09-30 10:56:59.503845
0.18037973606302318,0.4219647024890557,2025-09-30 10:56:59.503845
0.14132417991733434,0.37867407746519516,2025-09-30 10:56:59.503845
0.16600525308690028,0.4306876146550882,2025-09-30 10:56:59.503845
0.17938317486633365,0.34425829227133353,2025-09-30 10:56:59.503845
0.19538529116517594,0.4083099775703698,2025-09-30 10:56:59.503845
0.17602631789238948,0.43050720435145867,2025-09-30 10:56:59.503845
0.17605245328915015,0.35045653921794256,2025-09-30 10:56:59.503845
0.18325427905396613,0.37366946139872104,2025-09-30 10:56:59.503845
0.1804849324782852,0.3818949887031937,2025-09-30 10:56:59.503845
0.16321466837988746,0.34164631175797744,2025-09-30 10:56:59.503845
0.17468023892177045,0.353621606631973,2025-09-30 10:56:59.503845
0.16146129459751635,0.2389084808463108,2025-09-30 10:56:59.503845
0.1993366553365491,0.41161924453989185,2025-09-30 10:56:59.503845
0.1778505933289687,0.37201252826886194,2025-09-30 10:56:59.503845
0.18734999477920306,0.24630975159753693,2025-09-30 10:56:59.503845
0.188072198637758,0.2690149564406312,2025-09-30 10:56:59.503845
0.20557774282432106,0.26764894416716306,2025-09-30 10:56:59.503845
0.18902227056472964,0.35576068288752405,2025-09-30 10:56:59.503845
0.18255379149743364,0.4312282919394212,2025-09-30 10:56:59.503845
0.17224158302933304,0.42127805404625074,2025-09-30 10:56:59.503845
0.1766742191966277,0.3577296426470881,2025-09-30 10:56:59.503845
0.17538573266081084,0.23995484918362572,2025-09-30 10:56:59.503845
0.15841691272233183,0.4524915612850849,2025-09-30 10:56:59.503845
0.158206210743976,0.2869289505854552,2025-09-30 10:56:59.503845
0.16889619572910122,0.37905770691538004,2025-09-30 10:56:59.503845
0.18349796410599023,0.22245190630973405,2025-09-30 10:56:59.503845
0.1661125287816643,0.2786290083726638,2025-09-30 10:56:59.503845
0.18146799546599748,0.24919838550660744,2025-09-30 10:56:59.503845
0.20200027886540126,0.4430127718641613,2025-09-30 10:56:59.503845
0.18378383292890327,0.3059295752436161,2025-09-30 10:56:59.503845
0.18203222925743087,0.27808260366404614,2025-09-30 10:56:59.503845
0.18034487455167678,0.29484153853495343,2025-09-30 10:56:59.503845
0.20830332912839739,0.14435237630905906,2025-09-30 10:56:59.503845
0.20775429737744758,0.31429160086017405,2025-09-30 10:56:59.503845
0.18621663617160839,0.25037437396326834,2025-09-30 10:56:59.503845
0.16376601832834808,0.4074747178813726,2025-09-30 10:56:59.503845
0.17657437328122022,0.25452665066352076,2025-09-30 10:56:59.503845
0.13685080504327948,0.3600423764755669,2025-09-30 10:56:59.503845
0.18316447481431894,0.2765469006171976,2025-09-30 10:56:59.503845
0.1594932694228793,0.37627943993352536,2025-09-30 10:56:59.503845
0.15781092891374623,0.26648332324732904,2025-09-30 10:56:59.503845
0.14894815079587329,0.43624309136884154,2025-09-30 10:56:59.503845
0.19359909275006917,0.2868193643002618,2025-09-30 10:56:59.503845
0.18562287280140516,0.36599404090494736,2025-09-30 10:56:59.503845
0.17658796479421918,0.33169469240505883,2025-09-30 10:56:59.503845
0.1846498467824742,0.3429464733306571,2025-09-30 10:56:59.503845
0.18346662890094698,0.2575670285093382,2025-09-30 10:56:59.503845
0.19499630414905147,0.2410490529485129,2025-09-30 10:56:59.503845
0.2099728176831112,0.29100665006751003,2025-09-30 10:56:59.503845
0.1849730030829223,0.356540560330231,2025-09-30 10:56:59.503845
0.18883000812161777,0.31246829720602554,2025-09-30 10:56:59.503845
0.18795506075422821,0.28399258216758627,2025-09-30 10:56:59.503845
0.17942582105413582,0.2536470068875185,2025-09-30 10:56:59.503845
0.17148341968005648,0.38306867541434564,2025-09-30 10:56:59.503845
0.1694538990528545,0.11280026310589522,2025-09-30 10:56:59.503845
0.1409712925961248,0.3403165100629649,2025-09-30 10:56:59.503845
0.18112885017996852,0.26182505956932045,2025-09-30 10:56:59.503845
0.1772152824324182,0.4672639220742368,2025-09-30 10:56:59.503845
0.16789651675284056,0.36544536831945046,2025-09-30 10:56:59.503845
0.20077565302357986,0.2183638598758137,2025-09-30 10:56:59.503845
0.17859875886775176,0.29682285045325935,2025-09-30 10:56:59.503845
0.1654507100488231,0.3211460625027342,2025-09-30 10:56:59.503845
0.17549854584152408,0.24776394718261494,2025-09-30 10:56:59.503845
0.17873414274701974,0.3868430886338179,2025-09-30 10:56:59.503845
0.17491211328560188,0.24091731979334308,2025-09-30 10:56:59.503845
0.16064747222187764,0.28765253347179714,2025-09-30 10:56:59.503845
0.21734189975670548,0.40471022038524035,2025-09-30 10:56:59.503845
0.17410230245179983,0.28936315996365347,2025-09-30 10:56:59.503845
0.1580950682634773,0.36166798999865185,2025-09-30 10:56:59.503845
0.17226788315489833,0.22356946249048726,2025-09-30 10:56:59.503845
0.19618867035050763,0.37331899873584745,2025-09-30 10:56:59.503845
0.15883278617580748,0.29060386252161596,2025-09-30 10:56:59.503845
0.17323392542737143,0.4311325506793285,2025-09-30 10:56:59.503845
0.15578847790573927,0.2714847672128422,2025-09-30 10:56:59.503845
0.1756866982648118,0.354938520084286,2025-09-30 10:56:59.503845
0.1949039706178982,0.3572715851252795,2025-09-30 10:56:59.503845
0.18355855263758045,0.4433210032219041,2025-09-30 10:56:59.503845
0.1519856641622861,0.3807533639660888,2025-09-30 10:56:59.503845
0.16976506080321477,0.33871446075488665,2025-09-30 10:56:59.503845
0.2065974043356056,0.32348721943761655,2025-09-30 10:56:59.503845
0.20913119428282254,0.19042731718200712,2025-09-30 10:56:59.503845
0.17108512494584882,0.2862520370542211,2025-09-30 10:56:59.503845
0.17810080126816133,0.2915267066579054,2025-09-30 10:56:59.503845
0.16393364524373705,0.3011530552285729,2025-09-30 10:56:59.503845
0.18152117363724052,0.2736695969558248,2025-09-30 10:56:59.503845
0.20001343957764262,0.4274526421566524,2025-09-30 10:56:59.503845
0.15535490128766125,0.2746921136665099,2025-09-30 10:56:59.503845
0.17208612808548865,0.2188099151939944,2025-09-30 10:56:59.503845
0.14915402843537967,0.3106104396203056,2025-09-30 10:56:59.503845
0.2180303015200849,0.35063651462236545,2025-09-30 10:56:59.503845
0.19750478570670837,0.23630474962792275,2025-09-30 10:56:59.503845
0.15875404822368083,0.5633920670924871,2025-09-30 10:56:59.503845
0.13019783077146407,0.3489312052643197,2025-09-30 10:56:59.503845
0.20093674300645575,0.3592217414835049,2025-09-30 10:56:59.503845
0.18120168455128155,0.39952048508732696,2025-09-30 10:56:59.503845
0.16945672985982266,0.39409080211111835,2025-09-30 10:56:59.503845
0.18528540304353483,0.4575307767678636,2025-09-30 10:56:59.503845
0.17639399719976284,0.3427396028818452,2025-09-30 10:56:59.503845
0.1962430677203384,0.21546661651745921,2025-09-30 10:56:59.503845
0.16758564658433217,0.4144983466510955,2025-09-30 10:56:59.503845
0.17255095607512033,0.36035685078718493,2025-09-30 10:56:59.503845
0.19238394230727382,0.5426016472859605,2025-09-30 10:56:59.503845
0.18591532510643682,0.4435913813745653,2025-09-30 10:56:59.503845
0.18619810561778877,0.4104906748508066,2025-09-30 10:56:59.503845
0.1741088814580942,0.2532694193347151,2025-09-30 10:56:59.503845
0.1976531606577603,0.34986353638168605,2025-09-30 10:56:59.503845
0.19735976277580813,0.2665350910099671,2025-09-30 10:56:59.503845
0.20741861366683498,0.2830888745786745,2025-09-30 10:56:59.503845
0.20160142976779583,0.32521692519169726,2025-09-30 10:56:59.503845
0.17721308101906938,0.32704773025753175,2025-09-30 10:56:59.503845
0.18298819097830168,0.26593078101451634,2025-09-30 10:56:59.503845
0.17415071440767815,0.37483741680809946,2025-09-30 10:56:59.503845
0.15398099513908492,0.24467849049909546,2025-09-30 10:56:59.503845
0.18326148531927108,0.2596077037864445,2025-09-30 10:56:59.503845
0.15945917990420197,0.37099081468955447,2025-09-30 10:56:59.503845
0.16446849037695277,0.44746675700294136,2025-09-30 10:56:59.503845
0.16827477165775598,0.3310610061733017,2025-09-30 10:56:59.503845
0.20338688576246552,0.44050525326224754,2025-09-30 10:56:59.503845
0.16123670655942207,0.30751138120528754,2025-09-30 10:56:59.503845
0.19034076978160558,0.36377456886673043,2025-09-30 10:56:59.503845
0.1803176056626643,0.37258255364130677,2025-09-30 10:56:59.503845
0.1805024631673281,0.4194641519230369,2025-09-30 10:56:59.503845
0.17612520106743576,0.4395608574029315,2025-09-30 10:56:59.503845
0.2115696156387288,0.4353707780916807,2025-09-30 10:56:59.503845
0.174883313663425,0.21844748680372877,2025-09-30 10:56:59.503845
0.1772418007054431,0.35344390032796114,2025-09-30 10:56:59.503845
0.17801792058397678,0.261997301969031,2025-09-30 10:56:59.503845
0.16312142011327263,0.29980972546403717,2025-09-30 10:56:59.503845
0.19264013465204205,0.28779924708925053,2025-09-30 10:56:59.503845
0.17588781733837,0.35316252703834156,2025-09-30 10:56:59.503845
0.15861129118374606,0.3985106769107907,2025-09-30 10:56:59.503845
0.17689591702854185,0.3242378558775559,2025-09-30 10:56:59.503845
0.17706208583321925,0.4506346898135444,2025-09-30 10:56:59.503845
0.16241534502160243,0.28996852759900815,2025-09-30 10:56:59.503845
0.17863822208883007,0.32707764985908794,2025-09-30 10:56:59.503845
0.21250189898079874,0.27414305782904436,2025-09-30 10:56:59.503845
0.18287032244681511,0.2820471144534608,2025-09-30 10:56:59.503845
0.1970363340786568,0.2357726219095087,2025-09-30 10:56:59.503845
0.18688686700103074,0.24575738309546158,2025-09-30 10:56:59.503845
0.19412960167098645,0.41632599734353476,2025-09-30 10:56:59.503845
0.19702381945504707,0.22964587485918997,2025-09-30 10:56:59.503845
0.17386907560850093,0.2708988447438536,2025-09-30 10:56:59.503845
0.1496938305761174,0.36863756307785756,2025-09-30 10:56:59.503845
0.1737325553222216,0.3105541167420036,2025-09-30 10:56:59.503845
0.1864115797084067,0.3379885799711408,2025-09-30 10:56:59.503845
0.169349593609667,0.350882351987695,2025-09-30 10:56:59.503845
0.18633445583797004,0.33288367520805295,2025-09-30 10:56:59.503845
0.17699251981593686,0.4267799431232603,2025-09-30 10:56:59.503845
0.16187511354983994,0.35972867869716735,2025-09-30 10:56:59.503845
0.20613861780216677,0.31304788878370327,2025-09-30 10:56:59.503845
0.2009454362573212,0.31195654069430856,2025-09-30 10:56:59.503845
0.20471526203407978,0.28839832515844116,2025-09-30 10:56:59.503845
0.19079564757975132,0.38124157647884105,2025-09-30 10:56:59.503845
0.14840877280007275,0.24180963209663825,2025-09-30 10:56:59.503845
0.1642529829461106,0.33825439875940844,2025-09-30 10:56:59.503845
0.18250214906730788,0.3748007276306658,2025-09-30 10:56:59.503845
0.16874563704610923,0.4408750384901957,2025-09-30 10:56:59.503845
0.18055583193935323,0.30995118774263175,2025-09-30 10:56:59.503845
0.18855689491955657,0.3100890959908841,2025-09-30 10:56:59.503845
0.2004037771102033,0.4617395738136958,2025-09-30 10:56:59.503845
0.1952546008009523,0.4013867754527003,2025-09-30 10:56:59.503845
0.1712680963431725,0.2711922123839182,2025-09-30 10:56:59.503845
0.1781475108357162,0.2669854286194745,2025-09-30 10:56:59.503845
0.18562888818089388,0.44591490567426356,2025-09-30 10:56:59.503845
0.17862369151801694,0.41663672224558035,2025-09-30 10:56:59.503845
0.1868365253880352,0.377126250144097,2025-09-30 10:56:59.503845
0.19678557728579224,0.3334366019118789,2025-09-30 10:56:59.503845
0.17779869193436068,0.39667499379417687,2025-09-30 10:56:59.503845
0.17391994467633012,0.3738805138931762,2025-09-30 10:56:59.503845
0.18161149056730497,0.3602123203967403,2025-09-30 10:56:59.503845
0.16544108992403586,0.3778415754168802,2025-09-30 10:56:59.503845
0.16322757809368899,0.4020247190111909,2025-09-30 10:56:59.503845
0.17985697944067158,0.3523962650517555,2025-09-30 10:56:59.503845
0.191025207358782,0.3009179713485832,2025-09-30 10:56:59.503845
0.1584320246682768,0.5339299546506442,2025-09-30 10:56:59.503845
0.13836499430681473,0.38062853567235694,2025-09-30 10:56:59.503845
0.15043843208871763,0.42225456838260916,2025-09-30 10:56:59.503845
0.1879559857389174,0.3836687849637408,2025-09-30 10:56:59.503845
0.178263592696748,0.3078305959713196,2025-09-30 10:56:59.503845
0.16896656806604843,0.26277400586772887,2025-09-30 10:56:59.503845
0.1819335310956885,0.21773314631251905,2025-09-30 10:56:59.503845
0.1808835325279126,0.40614087206829713,2025-09-30 10:56:59.503845
0.19435777057650125,0.30838380236586815,2025-09-30 10:56:59.503845
0.20293980147131108,0.38913606257735506,2025-09-30 10:56:59.503845
0.17904894653187617,0.48636097187725585,2025-09-30 10:56:59.503845
0.18909433584545876,0.46018516730156694,2025-09-30 10:56:59.503845
0.17408427844160734,0.27553793401151744,2025-09-30 10:56:59.503845
0.13844760468507486,0.3800063417031263,2025-09-30 10:56:59.503845
0.17702809494124078,0.14203438624383768,2025-09-30 10:56:59.503845
0.1736554449697378,0.2435058949559603,2025-09-30 10:56:59.503845
0.18845169233222078,0.21428262004160173,2025-09-30 10:56:59.503845
0.2181126993566901,0.31299419173668197,2025-09-30 10:56:59.503845
0.1701935261473223,0.3981010682674161,2025-09-30 10:56:59.503845
0.1680096111693191,0.2706555017759817,2025-09-30 10:56:59.503845
0.1887818857082891,0.37254007108506937,2025-09-30 10:56:59.503845
0.19069739570040983,0.4726228262093759,2025-09-30 10:56:59.503845
0.18289165181203443,0.24923030194911355,2025-09-30 10:56:59.503845
0.16393027588256223,0.3766504759090751,2025-09-30 10:56:59.503845
0.17487039889688066,0.34139522441168507,2025-09-30 10:56:59.503845
0.2056808262420064,0.2544278299756342,2025-09-30 10:56:59.503845
0.1919432301866654,0.2590075166680004,2025-09-30 10:56:59.503845
0.18652840695769496,0.25714317508007634,2025-09-30 10:56:59.503845
0.19619267375080363,0.3506598892643555,2025-09-30 10:56:59.503845
0.19342292289186772,0.39907227189513994,2025-09-30 10:56:59.503845
0.17079629794642126,0.37163946865110337,2025-09-30 10:56:59.503845
0.1697648302736024,0.4637356623453477,2025-09-30 10:56:59.503845
0.17754197040739894,0.4479821377097216,2025-09-30 10:56:59.503845
0.18068120062801465,0.32870323784086675,2025-09-30 10:56:59.503845
0.2105256123884868,0.2279809106025988,2025-09-30 10:56:59.503845
0.19580105761768676,0.13166852657068814,2025-09-30 10:56:59.503845
0.18083534185220196,0.22838671268299973,2025-09-30 10:56:59.503845
0.207517967261735,0.30334538988875304,2025-09-30 10:56:59.503845
0.18831786569971817,0.28158246499073875,2025-09-30 10:56:59.503845
0.2086606120569059,0.4281126014866051,2025-09-30 10:56:59.503845
0.18519151980515725,0.3650031383880692,2025-09-30 10:56:59.503845
0.16999201660584187,0.3916607249798531,2025-09-30 10:56:59.503845
0.17282514958510212,0.32187429602575435,2025-09-30 10:56:59.503845
0.1777017018938729,0.3616176083444524,2025-09-30 10:56:59.503845
0.1456899389944477,0.3159340569847617,2025-09-30 10:56:59.503845
0.20730777059972547,0.353933141133369,2025-09-30 10:56:59.503845
0.18562780964896866,0.3558264662673156,2025-09-30 10:56:59.503845
0.18334813030821873,0.3801871985125343,2025-09-30 10:56:59.503845
0.19274928909251113,0.3705004872180556,2025-09-30 10:56:59.503845
0.18147093778989432,0.3579185039115358,2025-09-30 10:56:59.503845
0.20595040594764372,0.2764200367251171,2025-09-30 10:56:59.503845
0.1950784809081351,0.20061667871713465,2025-09-30 10:56:59.503845
0.18514021910466766,0.4129282655312001,2025-09-30 10:56:59.503845
0.19376980532409124,0.33282748814615276,2025-09-30 10:56:59.503845
0.1530237888860044,0.3274552435162982,2025-09-30 10:56:59.503845
0.1913002985464395,0.25774042476628406,2025-09-30 10:56:59.503845
0.17575831963715038,0.35196607089510645,2025-09-30 10:56:59.503845
0.1853046376370439,0.3109034997977872,2025-09-30 10:56:59.503845
0.17109231924081394,0.25205212484870576,2025-09-30 10:56:59.503845
0.18736381405518981,0.32498459255391143,2025-09-30 10:56:59.503845
0.18346640223062274,0.3833189559536746,2025-09-30 10:56:59.503845
0.19347443430818265,0.3586018081165492,2025-09-30 10:56:59.503845
0.1689296337189744,0.25206222818341284,2025-09-30 10:56:59.503845
0.17923559859536997,0.2053730880381111,2025-09-30 10:56:59.503845
0.1617188774636952,0.39696545003226524,2025-09-30 10:56:59.503845
0.16692222528903952,0.32996104420721134,2025-09-30 10:56:59.503845
0.18297727830639637,0.2838662977166345,2025-09-30 10:56:59.503845
0.1689405106815203,0.25548404193073887,2025-09-30 10:56:59.503845
0.1715283806120113,0.39215044471889215,2025-09-30 10:56:59.503845
0.16968625386662833,0.3150607582367008,2025-09-30 10:56:59.503845
0.184058050238261,0.42379322656494034,2025-09-30 10:56:59.503845
0.18344304236450915,0.30950107827646767,2025-09-30 10:56:59.503845
0.18402620821763394,0.36113839927269276,2025-09-30 10:56:59.503845
0.1894049807238107,0.35938206343188867,2025-09-30 10:56:59.503845
0.2027112999141218,0.3825759337906149,2025-09-30 10:56:59.503845
0.1844466858311833,0.23139557334067754,2025-09-30 10:56:59.503845
0.19237892685352745,0.3324865777723683,2025-09-30 10:56:59.503845
0.21650151863106104,0.2740043344705367,2025-09-30 10:56:59.503845
0.17005289858676897,0.4641737417937294,2025-09-30 10:56:59.503845
0.19753428715038254,0.386263830188935,2025-09-30 10:56:59.503845
0.16110548076799996,0.3242810098029798,2025-09-30 10:56:59.503845
0.20991319522189658,0.32613753411480256,2025-09-30 10:56:59.503845
0.18152811081584377,0.2950783815616274,2025-09-30 10:56:59.503845
0.17449864359071707,0.36136207345679894,2025-09-30 10:56:59.503845
0.1856026189574469,0.2916015340907995,2025-09-30 10:56:59.503845
0.1849403683397928,0.22233234351726733,2025-09-30 10:56:59.503845
0.1619315166911955,0.3146342060911956,2025-09-30 10:56:59.503845
0.21568626051903994,0.3070365146745603,2025-09-30 10:56:59.503845
0.170132680700335,0.48583643113021846,2025-09-30 10:56:59.503845
0.1872144762143472,0.2572689675889763,2025-09-30 10:56:59.503845
0.177368062732667,0.30961037244215844,2025-09-30 10:56:59.503845
0.1874283326248151,0.1673637892563322,2025-09-30 10:56:59.503845
0.1945039955806672,0.21259232127211375,2025-09-30 10:56:59.503845
0.13823195510425954,0.2952033983801417,2025-09-30 10:56:59.503845
0.18307595724778097,0.18706329081331546,2025-09-30 10:56:59.503845
0.18556119714130095,0.30607760826755265,2025-09-30 10:56:59.503845
0.1625212453452449,0.2870092398902134,2025-09-30 10:56:59.503845
0.22619090159514088,0.21360988787875396,2025-09-30 10:56:59.503845
0.20010848978616733,0.3687575198569137,2025-09-30 10:56:59.503845
0.16741401609894024,0.3917929133785434,2025-09-30 10:56:59.503845
0.17598003311810417,0.21616085828048331,2025-09-30 10:56:59.503845
0.17151986161521912,0.24870853140706722,2025-09-30 10:56:59.503845
0.20580536503377897,0.3567783833071841,2025-09-30 10:56:59.503845
0.17851268734230538,0.4245992606972904,2025-09-30 10:56:59.503845
0.1968958139654726,0.3074199229671088,2025-09-30 10:56:59.503845
0.14570734953206574,0.27996408142096657,2025-09-30 10:56:59.503845
0.19724451091036935,0.42309808172549745,2025-09-30 10:56:59.503845
0.1352048778739457,0.3931738872014635,2025-09-30 10:56:59.503845
0.19340078123146168,0.2701937801320687,2025-09-30 10:56:59.503845
0.19275517632644784,0.46954106078917324,2025-09-30 10:56:59.503845
0.16755746508359207,0.26930427151788083,2025-09-30 10:56:59.503845
0.18596117074959453,0.3381654756759963,2025-09-30 10:56:59.503845
0.18816198511992444,0.3232597955523415,2025-09-30 10:56:59.503845
0.15407909797273764,0.2875247827692412,2025-09-30 10:56:59.503845
0.19629508260509698,0.39350237732685606,2025-09-30 10:56:59.503845
0.1775166739762082,0.286238734647229,2025-09-30 10:56:59.503845
0.1660192906053168,0.2717352058654649,2025-09-30 10:56:59.503845
0.17284757838364406,0.39931194373858336,2025-09-30 10:56:59.503845
0.19159569554638894,0.3515061260697961,2025-09-30 10:56:59.503845
0.16910061558052422,0.3864809669100323,2025-09-30 10:56:59.503845
0.19231148635934178,0.515691163261593,2025-09-30 10:56:59.503845
0.1798720492188266,0.3521392354603399,2025-09-30 10:56:59.503845
0.1747570707000823,0.38713152243669435,2025-09-30 10:56:59.503845
0.17293573811424193,0.357047802388041,2025-09-30 10:56:59.503845
0.1750088725135973,0.38144787408725045,2025-09-30 10:56:59.503845
0.1799868200955022,0.2740434127662806,2025-09-30 10:56:59.503845
0.16138783097593076,0.33930335469533174,2025-09-30 10:56:59.503845
0.1773112325324867,0.27564237628475485,2025-09-30 10:56:59.503845
0.17575428451611888,0.35606968464697153,2025-09-30 10:56:59.503845
0.16321677884262903,0.2887058566294436,2025-09-30 10:56:59.503845
0.18196898471286777,0.23222727563916906,2025-09-30 10:56:59.503845
0.1621387497402311,0.2719944748936285,2025-09-30 10:56:59.503845
0.17903387707238233,0.2961907895728698,2025-09-30 10:56:59.503845
0.1576809337741887,0.2870124111612351,2025-09-30 10:56:59.503845
0.18416867354728836,0.4097085721607075,2025-09-30 10:56:59.503845
0.18652513399825227,0.4563559028544051,2025-09-30 10:56:59.503845
0.21395818545641782,0.35162614188453767,2025-09-30 10:56:59.503845
0.15872209854119623,0.3200313568246679,2025-09-30 10:56:59.503845
0.16849476234407867,0.2740465656804429,2025-09-30 10:56:59.503845
0.14987095902778547,0.47367521099121745,2025-09-30 10:56:59.503845
0.17423503776398006,0.3905428330169994,2025-09-30 10:56:59.503845
0.1757484377314249,0.33347794089948823,2025-09-30 10:56:59.503845
0.17854913610909087,0.519640533639647,2025-09-30 10:56:59.503845
0.17571746254898288,0.25296279494036056,2025-09-30 10:56:59.503845
0.22603581554892627,0.3018367743945243,2025-09-30 10:56:59.503845
0.18367608676225855,0.2958880683718129,2025-09-30 10:56:59.503845
0.1579453476875311,0.3695692604397123,2025-09-30 10:56:59.503845
0.1959094256496207,0.3789407691385121,2025-09-30 10:56:59.503845
0.19277983570595417,0.2787034946361335,2025-09-30 10:56:59.503845
0.18682052225995385,0.3648608904895596,2025-09-30 10:56:59.503845
0.18157477408746128,0.36360234533027264,2025-09-30 10:56:59.503845
0.17676609198391113,0.2572060956540232,2025-09-30 10:56:59.503845
0.1756487734122922,0.45338975094514855,2025-09-30 10:56:59.503845
0.17081602244692962,0.43087036365107034,2025-09-30 10:56:59.503845
0.21084992205929126,0.3134597309684078,2025-09-30 10:56:59.503845
0.183182802516935,0.4509158295550595,2025-09-30 10:56:59.503845
0.17499728101983056,0.35380692866113894,2025-09-30 10:56:59.503845
0.15307358880399294,0.4933910167736576,2025-09-30 10:56:59.503845
0.17474108902111263,0.26983789878035225,2025-09-30 10:56:59.503845
0.1655123047644963,0.40830752361524186,2025-09-30 10:56:59.503845
0.17981201833129243,0.3151252191124603,2025-09-30 10:56:59.503845
0.16430005544751575,0.45986296519223796,2025-09-30 10:56:59.503845
0.18591301453185777,0.3359021944838129,2025-09-30 10:56:59.503845
0.13272617649383026,0.3282403527690287,2025-09-30 10:56:59.503845
0.18499570223338324,0.28111690328257644,2025-09-30 10:56:59.503845
0.19066752468225706,0.3181025149639677,2025-09-30 10:56:59.503845
0.17706971972702326,0.36840737619116903,2025-09-30 10:56:59.503845
0.18197283750070914,0.348345026507092,2025-09-30 10:56:59.503845
0.18266867698253425,0.2072853079583987,2025-09-30 10:56:59.503845
0.1883193342811925,0.3676247540544752,2025-09-30 10:56:59.503845
0.1852822404766432,0.37973567711751494,2025-09-30 10:56:59.503845
0.18802242012259276,0.426143636073523,2025-09-30 10:56:59.503845
0.19681219971721625,0.3167508598960425,2025-09-30 10:56:59.503845
0.1631288149036419,0.4365220528163225,2025-09-30 10:56:59.503845
0.17437715222977726,0.3070947649455355,2025-09-30 10:56:59.503845
0.19625761013793389,0.2512205586274853,2025-09-30 10:56:59.503845
0.18594155719884617,0.3020583281425094,2025-09-30 10:56:59.503845
0.19355789486446986,0.28341876083748996,2025-09-30 10:56:59.503845
0.18703263013390628,0.4305252350418759,2025-09-30 10:56:59.503845
0.18756966265697403,0.306576694155067,2025-09-30 10:56:59.503845
0.18478425539335278,0.3468183268565238,2025-09-30 10:56:59.503845
0.19417935870793823,0.30383282719119886,2025-09-30 10:56:59.503845
0.1799882187777114,0.43670102649170706,2025-09-30 10:56:59.503845
0.17372230775379918,0.440971567334403,2025-09-30 10:56:59.503845
0.17691066467362898,0.3140343605739346,2025-09-30 10:56:59.503845
0.16804381817827446,0.2668452846825413,2025-09-30 10:56:59.503845
0.17018498924130673,0.27204280765615996,2025-09-30 10:56:59.503845
0.1985997124316959,0.3991971896461621,2025-09-30 10:56:59.503845
0.19027068663435964,0.4514169721808976,2025-09-30 10:56:59.503845
0.1927011895117541,0.3554839924037494,2025-09-30 10:56:59.503845
0.16622798125970378,0.3363183304379699,2025-09-30 10:56:59.503845
0.1672921914169715,0.3010505455095367,2025-09-30 10:56:59.503845
0.16972977008738535,0.3180442309335341,2025-09-30 10:56:59.503845
0.1727858008203735,0.36974691350976086,2025-09-30 10:56:59.503845
0.17059440445925758,0.29763483665570434,2025-09-30 10:56:59.503845
0.17170933601011548,0.38086833510257,2025-09-30 10:56:59.503845
0.16253407620861807,0.349695038508389,2025-09-30 10:56:59.503845
0.1833835004872952,0.32563221176659096,2025-09-30 10:56:59.503845
0.17569035102056896,0.259329360842113,2025-09-30 10:56:59.503845
0.18226497464175562,0.3992697710011944,2025-09-30 10:56:59.503845
0.16849357835238893,0.38125114290123574,2025-09-30 10:56:59.503845
0.14654385522382873,0.4167863374292048,2025-09-30 10:56:59.503845
0.18203319364649015,0.2485981160321115,2025-09-30 10:56:59.503845
0.1955301217534422,0.25380716507238815,2025-09-30 10:56:59.503845
0.17199952469293814,0.3836350050470065,2025-09-30 10:56:59.503845
0.16299342873749106,0.2429800781884331,2025-09-30 10:56:59.503845
0.16887687279581043,0.33264652247128507,2025-09-30 10:56:59.503845
0.16930607768403358,0.2631430143258734,2025-09-30 10:56:59.503845
0.19927765352009572,0.3739929562606742,2025-09-30 10:56:59.503845
0.1685111047529984,0.3623307536554004,2025-09-30 10:56:59.503845
0.1964578520032822,0.4935260577245156,2025-09-30 10:56:59.503845
0.17042940003206114,0.34153525933195333,2025-09-30 10:56:59.503845
0.15932966038937538,0.17409619891631245,2025-09-30 10:56:59.503845
0.17573090420491283,0.32666118403429556,2025-09-30 10:56:59.503845
0.1498534281187369,0.39750756136268095,2025-09-30 10:56:59.503845
0.18060455240543913,0.4615922960259867,2025-09-30 10:56:59.503845
0.1899776996904374,0.3709606325677578,2025-09-30 10:56:59.503845
0.19829906278468334,0.279637404191122,2025-09-30 10:56:59.503845
0.1808131786612247,0.3025537962580786,2025-09-30 10:56:59.503845
0.17753841733850798,0.41433890405041574,2025-09-30 10:56:59.503845
0.21576594240332916,0.27401984620524583,2025-09-30 10:56:59.503845
0.16251946182176272,0.3640231597635678,2025-09-30 10:56:59.503845
0.15884586080815036,0.5299776061351612,2025-09-30 10:56:59.503845
0.1771844024872727,0.3806128478721756,2025-09-30 10:56:59.503845
0.19050613626452922,0.39986032832605944,2025-09-30 10:56:59.503845
0.18799749414825695,0.4200792202446884,2025-09-30 10:56:59.503845
0.1881914840835918,0.49174862679958076,2025-09-30 10:56:59.503845
0.18666345704239237,0.28247545088272125,2025-09-30 10:56:59.503845
0.17990879609388596,0.35966443521075436,2025-09-30 10:56:59.503845
0.18042982669753813,0.31270947880975625,2025-09-30 10:56:59.503845
0.17280842650571823,0.287950397123345,2025-09-30 10:56:59.503845
0.16172664933865472,0.3184014343904263,2025-09-30 10:56:59.503845
0.14916470154181136,0.39405784958902984,2025-09-30 10:56:59.503845
0.19314148601532072,0.2908735449109803,2025-09-30 10:56:59.503845
0.17086772375837425,0.2959427579658763,2025-09-30 10:56:59.503845
0.1759128406399645,0.33065206457453533,2025-09-30 10:56:59.503845
0.15762339167481548,0.4369966017592838,2025-09-30 10:56:59.503845
0.17541226237851254,0.5036980682284176,2025-09-30 10:56:59.503845
0.17388282204517655,0.3569066856531416,2025-09-30 10:56:59.503845
0.17363051583264158,0.32021706940604877,2025-09-30 10:56:59.503845
0.20504847200516502,0.28552061623800123,2025-09-30 10:56:59.503845
0.18408240552722094,0.40178294331612885,2025-09-30 10:56:59.503845
0.1601935988261538,0.45467821811902837,2025-09-30 10:56:59.503845
0.20429005338943276,0.33512161731728335,2025-09-30 10:56:59.503845
0.15145916594512793,0.43923641861332025,2025-09-30 10:56:59.503845
0.17109133125339002,0.33065483511662885,2025-09-30 10:56:59.503845
0.20219250018473925,0.3330709226347874,2025-09-30 10:56:59.503845
0.18027163284666003,0.4189532138547812,2025-09-30 10:56:59.503845
0.2168529592193693,0.3924291519782488,2025-09-30 10:56:59.503845
0.15156082934631623,0.39729674286400624,2025-09-30 10:56:59.503845
0.17531927627596475,0.18994228203936883,2025-09-30 10:56:59.503845
0.16800425711792624,0.2645940139237801,2025-09-30 10:56:59.503845
0.1727963836650144,0.38202089056884003,2025-09-30 10:56:59.503845
0.1891348197788626,0.3250744206220798,2025-09-30 10:56:59.503845
0.18119507437814603,0.39059065879807814,2025-09-30 10:56:59.503845
0.20051901093000157,0.3738511959380434,2025-09-30 10:56:59.503845
0.16853094053340845,0.2613818429742483,2025-09-30 10:56:59.503845
0.15015799051219508,0.17755397978065818,2025-09-30 10:56:59.503845
0.2064937073528756,0.23736659437763857,2025-09-30 10:56:59.503845
0.20202641858989978,0.340863480061931,2025-09-30 10:56:59.503845
0.1563805376395298,0.46634854650454705,2025-09-30 10:56:59.503845
0.179929678836005,0.3099424717353491,2025-09-30 10:56:59.503845
0.17718663182454675,0.34998560447087756,2025-09-30 10:56:59.503845
0.18669944036890324,0.3649224077522193,2025-09-30 10:56:59.503845
0.18006132904492952,0.2389824006866774,2025-09-30 10:56:59.503845
0.17904023541300748,0.36660774107788613,2025-09-30 10:56:59.503845
0.1634502588107108,0.3161985160060142,2025-09-30 10:56:59.503845
0.19890018111913452,0.190835531527924,2025-09-30 10:56:59.503845
0.1585153850697798,0.40330631032583397,2025-09-30 10:56:59.503845
0.18078787920632983,0.24570995344283345,2025-09-30 10:56:59.503845
0.16824725385940875,0.44834164169022395,2025-09-30 10:56:59.503845
0.19483873675404192,0.343998909055437,2025-09-30 10:56:59.503845
0.19295360312555912,0.37096788735960257,2025-09-30 10:56:59.503845
0.1870646040473259,0.3517312106596933,2025-09-30 10:56:59.503845
0.18531024634537746,0.2715260857904053,2025-09-30 10:56:59.503845
0.18426409855473613,0.4305410355701789,2025-09-30 10:56:59.503845
0.17408923407152105,0.3243338145021613,2025-09-30 10:56:59.503845
0.19466219187157913,0.41907420693802133,2025-09-30 10:56:59.503845
0.1376874560061349,0.29425604554347357,2025-09-30 10:56:59.503845
0.2077956615351343,0.14469959115467954,2025-09-30 10:56:59.503845
0.18436066579881924,0.394339149817434,2025-09-30 10:56:59.503845
0.14702563166942945,0.2791307993733591,2025-09-30 10:56:59.503845
0.1997825207046992,0.43504479903947924,2025-09-30 10:56:59.503845
0.1747022024042804,0.18651959083923372,2025-09-30 10:56:59.503845
0.18888784370075926,0.25969534348398204,2025-09-30 10:56:59.503845
0.18855601073660389,0.43538827113489986,2025-09-30 10:56:59.503845
0.19724900374842214,0.2905358284087697,2025-09-30 10:56:59.503845
0.1510342568895424,0.3380961724261906,2025-09-30 10:56:59.503845
0.17824670892942615,0.263831747816899,2025-09-30 10:56:59.503845
0.1858260524431496,0.39996783404372904,2025-09-30 10:56:59.503845
0.19857123735016044,0.391697303178219,2025-09-30 10:56:59.503845
0.17905112721457264,0.21984321587976263,2025-09-30 10:56:59.503845
0.17777453632440376,0.3727613955090305,2025-09-30 10:56:59.503845
0.15218777091843233,0.36448047060078137,2025-09-30 10:56:59.503845
0.20072386866196318,0.4233498016732701,2025-09-30 10:56:59.503845
0.19817194498246912,0.32701871190091547,2025-09-30 10:56:59.503845
0.18109662404822882,0.39072562670925404,2025-09-30 10:56:59.503845
0.1726198762816868,0.27369671278949936,2025-09-30 10:56:59.503845
0.19381091430170785,0.21277402918979005,2025-09-30 10:56:59.503845
0.19384395122334985,0.40950380323868985,2025-09-30 10:56:59.503845
0.1644739925613557,0.33450531563705715,2025-09-30 10:56:59.503845
0.15112004341910057,0.3500400750016888,2025-09-30 10:56:59.503845
0.20668388166167218,0.31227739248924896,2025-09-30 10:56:59.503845
0.1906150062715175,0.4907773998432091,2025-09-30 10:56:59.503845
0.1534232634953007,0.3558070393732259,2025-09-30 10:56:59.503845
0.15300331598853856,0.35091400070820644,2025-09-30 10:56:59.503845
0.16854563536678138,0.4302772563243481,2025-09-30 10:56:59.503845
0.20635281864771898,0.2547402364621321,2025-09-30 10:56:59.503845
0.1766927262173163,0.39797139148284427,2025-09-30 10:56:59.503845
0.21189670419810708,0.3972329603898449,2025-09-30 10:56:59.503845
0.18563384086966786,0.21830337839319647,2025-09-30 10:56:59.503845
0.17716591797252823,0.2898311281969441,2025-09-30 10:56:59.503845
0.17668607318089696,0.2690504591878449,2025-09-30 10:56:59.503845
0.18354895421173947,0.2849200701547327,2025-09-30 10:56:59.503845
0.16991950248190674,0.3897040708997139,2025-09-30 10:56:59.503845
0.157064334545169,0.36976852704091334,2025-09-30 10:56:59.503845
0.1905683423222072,0.2516954931054569,2025-09-30 10:56:59.503845
0.18033542401166283,0.3214787147263352,2025-09-30 10:56:59.503845
0.17804726755687167,0.2889014752223275,2025-09-30 10:56:59.503845
0.18447089529532026,0.38076193951201853,2025-09-30 10:56:59.503845
0.19567254179000462,0.24508738234961472,2025-09-30 10:56:59.503845
0.1878796548056114,0.29574081452989714,2025-09-30 10:56:59.503845
0.166535718461001,0.4224509591146123,2025-09-30 10:56:59.503845
0.19419307262665506,0.39389390052897344,2025-09-30 10:56:59.503845
0.1697684575364275,0.41135375330459656,2025-09-30 10:56:59.503845
0.17072547139814326,0.2943566828449486,2025-09-30 10:56:59.503845
0.14826515592140949,0.33429873339028826,2025-09-30 10:56:59.503845
0.16684993797524303,0.2961378931530843,2025-09-30 10:56:59.503845
0.1769971342629664,0.23464729825748876,2025-09-30 10:56:59.503845
0.17544897909730411,0.21510434416171528,2025-09-30 10:56:59.503845
0.1854122250239706,0.4524889221612249,2025-09-30 10:56:59.503845
0.17548926931113007,0.2935287639224404,2025-09-30 10:56:59.503845
0.17739880707085895,0.3167663361087388,2025-09-30 10:56:59.503845
0.18709831525984436,0.3743812608225291,2025-09-30 10:56:59.503845
0.1621340703768498,0.3470796671125068,2025-09-30 10:56:59.503845
0.16732275239615071,0.24906383040261237,2025-09-30 10:56:59.503845
0.18861845019649856,0.41890146608106454,2025-09-30 10:56:59.503845
0.17643327091051444,0.3377867595178612,2025-09-30 10:56:59.503845
0.18133554373937416,0.3602330620197239,2025-09-30 10:56:59.503845
0.19906123578532842,0.4170573984612121,2025-09-30 10:56:59.503845
0.1793921053914933,0.22384439669343587,2025-09-30 10:56:59.503845
0.199360875055542,0.3091839200605332,2025-09-30 10:56:59.503845
0.18244582456161298,0.3627474247506509,2025-09-30 10:56:59.503845
0.1703416410741187,0.31299302180975347,2025-09-30 10:56:59.503845
0.16591246014119235,0.385069061642072,2025-09-30 10:56:59.503845
0.18729974092212504,0.3482173057334374,2025-09-30 10:56:59.503845
0.1784795614606776,0.39978939687547177,2025-09-30 10:56:59.503845
0.17055160819837545,0.43481621605832327,2025-09-30 10:56:59.503845
0.18030130108735962,0.4852239144504227,2025-09-30 10:56:59.503845
0.205143407259157,0.43534047870601045,2025-09-30 10:56:59.503845
0.18610210543326575,0.3465289248045175,2025-09-30 10:56:59.503845
0.15959536823665652,0.395046891990483,2025-09-30 10:56:59.503845
0.18560191839851248,0.4013236475716935,2025-09-30 10:56:59.503845
0.17118533130804503,0.42951799672532975,2025-09-30 10:56:59.503845
0.20459317209609418,0.4173679007790146,2025-09-30 10:56:59.503845
0.1800656836421929,0.407891342059425,2025-09-30 10:56:59.503845
0.20089530785370985,0.2183962341578145,2025-09-30 10:56:59.503845
0.17347950885915495,0.32714295496593765,2025-09-30 10:56:59.503845
0.17619173603790966,0.3809363269694972,2025-09-30 10:56:59.503845
0.15607850676797513,0.24472422344892542,2025-09-30 10:56:59.503845
0.16481148446474808,0.3112521591978756,2025-09-30 10:56:59.503845
0.18307515832551405,0.2695649503334353,2025-09-30 10:56:59.503845
0.18011545165500326,0.3440716517581093,2025-09-30 10:56:59.503845
0.2250839019409337,0.4121169959452787,2025-09-30 10:56:59.503845
0.1792212181054453,0.37565106876572946,2025-09-30 10:56:59.503845
0.19406199027978854,0.21969704129795758,2025-09-30 10:56:59.503845
0.1761106267546584,0.28871209377068885,2025-09-30 10:56:59.503845
0.18406924997633184,0.42057875121488664,2025-09-30 10:56:59.503845
0.1598387059471182,0.31329657146524004,2025-09-30 10:56:59.503845
0.19889443036106325,0.33631854809333095,2025-09-30 10:56:59.503845
0.16803688089130372,0.25788670137943953,2025-09-30 10:56:59.503845
0.1826205159953698,0.2761400268980879,2025-09-30 10:56:59.503845
0.16729512606863114,0.32111746740007613,2025-09-30 10:56:59.503845
0.20220418315595126,0.33962645482214154,2025-09-30 10:56:59.503845
0.1558904575781204,0.30257549707039927,2025-09-30 10:56:59.503845
0.17773091246124734,0.38056344066881787,2025-09-30 10:56:59.503845
0.15450787408567024,0.34208583692716193,2025-09-30 10:56:59.503845
0.1589311494490524,0.4303455024213577,2025-09-30 10:56:59.503845
0.1635414725434512,0.39523831174081947,2025-09-30 10:56:59.503845
0.18864639421624546,0.2740507682417447,2025-09-30 10:56:59.503845
0.15257882805969128,0.3444618409897328,2025-09-30 10:56:59.503845
0.17861730995805566,0.3021227190805375,2025-09-30 10:56:59.503845
0.20611658529865493,0.33848731409825566,2025-09-30 10:56:59.503845
0.15450339569338062,0.4339059053523206,2025-09-30 10:56:59.503845
0.19772921126721957,0.3579800544519543,2025-09-30 10:56:59.503845
0.19021298608032114,0.4055122901510649,2025-09-30 10:56:59.503845
0.1972351124126311,0.19611867232052574,2025-09-30 10:56:59.503845
0.17906200430181252,0.3492862141525062,2025-09-30 10:56:59.503845
0.1880956766158339,0.3514474188779624,2025-09-30 10:56:59.503845
0.19078471723361204,0.41328770483031463,2025-09-30 10:56:59.503845
0.19068520605300027,0.3399277660605109,2025-09-30 10:56:59.503845
0.17812604988137432,0.41809555944520577,2025-09-30 10:56:59.503845
0.19470821107057948,0.3993844748826086,2025-09-30 10:56:59.503845
0.1697673584882712,0.408088484186241,2025-09-30 10:56:59.503845
0.1622541597220779,0.4404049015846195,2025-09-30 10:56:59.503845
0.18510734787427421,0.40490752726936396,2025-09-30 10:56:59.503845
0.19503556406664802,0.46557949410764754,2025-09-30 10:56:59.503845
0.1917749925630275,0.4037042752197788,2025-09-30 10:56:59.503845
0.17484855883010594,0.4755417360018051,2025-09-30 10:56:59.503845
0.20105677086836438,0.22690721725213503,2025-09-30 10:56:59.503845
0.17441530448887807,0.41594072585243635,2025-09-30 10:56:59.503845
0.1809983144153082,0.3609485174334836,2025-09-30 10:56:59.503845
0.17531991958121865,0.33187937589037037,2025-09-30 10:56:59.503845
0.18879941495289204,0.5441218043365559,2025-09-30 10:56:59.503845
0.16799324097322416,0.4036317656913685,2025-09-30 10:56:59.503845
0.21425933172579453,0.4322059670837629,2025-09-30 10:56:59.503845
0.1714103837388807,0.13427589267817414,2025-09-30 10:56:59.503845
0.18777677965021713,0.3279255399884752,2025-09-30 10:56:59.503845
0.14364743772682448,0.23850861546442678,2025-09-30 10:56:59.503845
0.2047703704178603,0.3008226030287505,2025-09-30 10:56:59.503845
0.1758035166052446,0.3362437025258011,2025-09-30 10:56:59.503845
0.17982918548134263,0.2797574540088976,2025-09-30 10:56:59.503845
0.16593944141121558,0.4448979438761651,2025-09-30 10:56:59.503845
0.18751431593835258,0.3904723841582404,2025-09-30 10:56:59.503845
0.18511999685470865,0.35883963055045454,2025-09-30 10:56:59.503845
0.1684031781701689,0.32116275119728077,2025-09-30 10:56:59.503845
0.2084598687086702,0.32801772894560915,2025-09-30 10:56:59.503845
0.19246915220840466,0.2776138107020557,2025-09-30 10:56:59.503845
0.15864429996096258,0.18320062334411752,2025-09-30 10:56:59.503845
0.19737856467593262,0.1944846943230727,2025-09-30 10:56:59.503845
0.19064708443326844,0.3525487302658662,2025-09-30 10:56:59.503845
0.19329269401118623,0.3824764590770293,2025-09-30 10:56:59.503845
0.18628166085534234,0.43351636814149275,2025-09-30 10:56:59.503845
0.1859032484367243,0.40980138234983804,2025-09-30 10:56:59.503845
0.18961215338748696,0.225228963297503,2025-09-30 10:56:59.503845
0.19452998723704432,0.4138255846034458,2025-09-30 10:56:59.503845
0.19874500432389322,0.33124205811196583,2025-09-30 10:56:59.503845
0.18060184699929416,0.29310869641811105,2025-09-30 10:56:59.503845
0.18815885902886428,0.4414007915261232,2025-09-30 10:56:59.503845
0.2019552368018504,0.30927574531064395,2025-09-30 10:56:59.503845
0.19400250450897008,0.29842479786555076,2025-09-30 10:56:59.503845
0.21317985674824763,0.2673980587478617,2025-09-30 10:56:59.503845
0.1636370245473188,0.3637163133488193,2025-09-30 10:56:59.503845
0.20351882864511942,0.23567908633326007,2025-09-30 10:56:59.503845
0.17130199096139365,0.3011055204306474,2025-09-30 10:56:59.503845
0.19313205340298706,0.3068221248908781,2025-09-30 10:56:59.503845
0.16129045341066167,0.34668315988027426,2025-09-30 10:56:59.503845
0.2210700678727916,0.3244388652636309,2025-09-30 10:56:59.503845
0.19181036625699135,0.30518572325707094,2025-09-30 10:56:59.503845
0.19131883617959583,0.234803904867548,2025-09-30 10:56:59.503845
0.18934573044578706,0.27108614470307496,2025-09-30 10:56:59.503845
0.18444172617994065,0.3772794646140706,2025-09-30 10:56:59.503845
0.1922929294830193,0.3245570479706105,2025-09-30 10:56:59.503845
0.184540459695574,0.36782840645687437,2025-09-30 10:56:59.503845
0.19682195774335393,0.26512901658018245,2025-09-30 10:56:59.503845
0.172899160753197,0.24506568330587006,2025-09-30 10:56:59.503845
0.19414639236626835,0.40757835946010235,2025-09-30 10:56:59.503845
0.1719075677773243,0.31385574259434257,2025-09-30 10:56:59.503845
0.17506988615778019,0.3674043908103772,2025-09-30 10:56:59.503845
0.20218860613188555,0.44723043029822257,2025-09-30 10:56:59.503845
0.1696673177173561,0.2175079789026202,2025-09-30 10:56:59.503845
0.17732885661150188,0.374149822622952,2025-09-30 10:56:59.503845
0.18366642161068333,0.30394620500321595,2025-09-30 10:56:59.503845
0.20204327758544033,0.3731421055089265,2025-09-30 10:56:59.503845
0.16401720394491817,0.47136500901411005,2025-09-30 10:56:59.503845
0.20291739578629547,0.3221144382559895,2025-09-30 10:56:59.503845
0.15040864072144802,0.2037846126682054,2025-09-30 10:56:59.503845
0.20203264252517555,0.47716422927249535,2025-09-30 10:56:59.503845
0.16880505071136392,0.22658722086841254,2025-09-30 10:56:59.503845
0.18065257559498257,0.2460634839971646,2025-09-30 10:56:59.503845
0.17166659454347072,0.26939006759309864,2025-09-30 10:56:59.503845
0.17794262774702177,0.2903063225077884,2025-09-30 10:56:59.503845
0.18278556414729202,0.4071651038123438,2025-09-30 10:56:59.503845
0.18168113949163686,0.37274731917799964,2025-09-30 10:56:59.503845
0.19362276722765437,0.31364199040912105,2025-09-30 10:56:59.503845
0.2008029763640286,0.3565781616024429,2025-09-30 10:56:59.503845
0.19153468471458737,0.48380568490618203,2025-09-30 10:56:59.503845
0.18484183128269646,0.4843247028269146,2025-09-30 10:56:59.503845
0.17456056912955373,0.4137700679655273,2025-09-30 10:56:59.503845
0.16776789122595076,0.3956905886893688,2025-09-30 10:56:59.503845
0.18133250442900423,0.5374109469768849,2025-09-30 10:56:59.503845
0.20026509866665204,0.33044246656339044,2025-09-30 10:56:59.503845
0.19383771717990847,0.3207276889396973,2025-09-30 10:56:59.503845
0.12794984095803613,0.2349399809114991,2025-09-30 10:56:59.503845
0.20369803379716864,0.36349455443513107,2025-09-30 10:56:59.503845
0.15234413063335422,0.28594594422809616,2025-09-30 10:56:59.503845
0.169386312393554,0.26109439360044495,2025-09-30 10:56:59.503845
0.18046669710749164,0.3685916448336101,2025-09-30 10:56:59.503845
0.1810879786430942,0.3662326460070862,2025-09-30 10:56:59.503845
0.17914508716065433,0.40265837258288834,2025-09-30 10:56:59.503845
0.20888011900984765,0.33880373883063003,2025-09-30 10:56:59.503845
0.17686564159387536,0.3767002072764226,2025-09-30 10:56:59.503845
0.15754869261043997,0.41846901712299156,2025-09-30 10:56:59.503845
0.1805094856931961,0.30227821303637104,2025-09-30 10:56:59.503845
0.1620576488324087,0.2739172002626547,2025-09-30 10:56:59.503845
0.1773216907215934,0.44512814144107055,2025-09-30 10:56:59.503845
0.19068437356669524,0.22109644240213466,2025-09-30 10:56:59.503845
0.16257193163731395,0.1960662167283548,2025-09-30 10:56:59.503845
0.16177341414899574,0.35398110148479767,2025-09-30 10:56:59.503845
0.1738702897361978,0.2757296445274498,2025-09-30 10:56:59.503845
0.16575999072111816,0.3504933863291476,2025-09-30 10:56:59.503845
0.17384741998081674,0.3342744150915801,2025-09-30 10:56:59.503845
0.20681697142191507,0.22789707720272925,2025-09-30 10:56:59.503845
0.18883555733684596,0.28347003549972116,2025-09-30 10:56:59.503845
0.17246517518050414,0.40831872646397344,2025-09-30 10:56:59.503845
0.1990196865607143,0.36786933330103455,2025-09-30 10:56:59.503845
0.21034942956653935,0.24174826890144888,2025-09-30 10:56:59.503845
0.18367772281578018,0.4199736659218607,2025-09-30 10:56:59.503845
0.1896442954198725,0.33139684404833525,2025-09-30 10:56:59.503845
0.1904387642670928,0.32483409254390005,2025-09-30 10:56:59.503845
0.17735113333572738,0.2572552551006115,2025-09-30 10:56:59.503845
0.2177150411103868,0.24737796817621216,2025-09-30 10:56:59.503845
0.1662527380253828,0.29580805898293766,2025-09-30 10:56:59.503845
0.19680207555706175,0.33757875777997853,2025-09-30 10:56:59.503845
0.1810258513861181,0.36499263474802435,2025-09-30 10:56:59.503845
0.1776404030012926,0.29802420304352956,2025-09-30 10:56:59.503845
0.1723756989243817,0.4032788502819103,2025-09-30 10:56:59.503845
0.2113758895022977,0.3485681890329083,2025-09-30 10:56:59.503845
0.16218672883624966,0.17933268883707562,2025-09-30 10:56:59.503845
0.156661835629351,0.2956219743874199,2025-09-30 10:56:59.503845
0.1534315930020505,0.3424696817777985,2025-09-30 10:56:59.503845
0.16244011167192182,0.3793935614996561,2025-09-30 10:56:59.503845
0.1746284344487017,0.41366576879267636,2025-09-30 10:56:59.503845
0.1927718586220124,0.29556270397567475,2025-09-30 10:56:59.503845
0.1552059617433563,0.2410882325487239,2025-09-30 10:56:59.503845
0.19086156911734706,0.36449370802185566,2025-09-30 10:56:59.503845
0.18963536940913228,0.28331185882585075,2025-09-30 10:56:59.503845
0.1943679120040792,0.3233501490861391,2025-09-30 10:56:59.503845
0.1926970748799333,0.36477603176654855,2025-09-30 10:56:59.503845
0.18265813014002247,0.314668958634702,2025-09-30 10:56:59.503845
0.16661710636751265,0.39272387959785443,2025-09-30 10:56:59.503845
0.17056417297032603,0.2779726638459243,2025-09-30 10:56:59.503845
0.20027076589419202,0.39294654444254556,2025-09-30 10:56:59.503845
0.16527841200953788,0.3369624654225896,2025-09-30 10:56:59.503845
0.17973541927905787,0.2548552288632562,2025-09-30 10:56:59.503845
0.19256626210837988,0.4091973116818591,2025-09-30 10:56:59.503845
0.1520073657728015,0.2765919801347735,2025-09-30 10:56:59.503845
0.18304571056033017,0.4012390214334553,2025-09-30 10:56:59.503845
0.18494195716850223,0.37397381457554707,2025-09-30 10:56:59.503845
0.17585361526406293,0.3366322159600518,2025-09-30 10:56:59.503845
0.1773767217928655,0.31062126441700444,2025-09-30 10:56:59.503845
0.1720666246834722,0.3960845045740694,2025-09-30 10:56:59.503845
0.17173270203082627,0.3876027933634302,2025-09-30 10:56:59.503845
0.13265951058557485,0.17043354959101575,2025-09-30 10:56:59.503845
0.16778795722924586,0.27439277414164914,2025-09-30 10:56:59.503845
0.18334317149298324,0.3576193768946146,2025-09-30 10:56:59.503845
0.1850403145791746,0.33310961080168167,2025-09-30 10:56:59.503845
0.1941631568008389,0.19085091616531133,2025-09-30 10:56:59.503845
0.17798257190861308,0.27071214259901977,2025-09-30 10:56:59.503845
0.16329859173358022,0.40733270477997713,2025-09-30 10:56:59.503845
0.17128927765275404,0.37985417329013055,2025-09-30 10:56:59.503845
0.1729001549292555,0.20871228104413397,2025-09-30 10:56:59.503845
0.18529725621761392,0.410711659223684,2025-09-30 10:56:59.503845
0.17369292852479076,0.18686459571126848,2025-09-30 10:56:59.503845
0.1808670851938936,0.31873564192023357,2025-09-30 10:56:59.503845
0.18946949186019024,0.39237671284800935,2025-09-30 10:56:59.503845
0.16163801421378515,0.38060013150767913,2025-09-30 10:56:59.503845
0.19129982331848355,0.29434084795660354,2025-09-30 10:56:59.503845
0.16775787675404977,0.33237110267984854,2025-09-30 10:56:59.503845
0.18314289061652714,0.23119659633822745,2025-09-30 10:56:59.503845
0.16661356226392735,0.4212830689252206,2025-09-30 10:56:59.503845
0.16704003828019404,0.3937590205840929,2025-09-30 10:56:59.503845
0.22524896748236217,0.31988264843136954,2025-09-30 10:56:59.503845
0.16356855905543877,0.28741943000281167,2025-09-30 10:56:59.503845
0.18106141000975765,0.28570769432400567,2025-09-30 10:56:59.503845
0.16780035297106183,0.375732456378036,2025-09-30 10:56:59.503845
0.205135797641017,0.1760172666137285,2025-09-30 10:56:59.503845
0.16645216209362002,0.3124491762140297,2025-09-30 10:56:59.503845
0.19566657790019157,0.32552332930585226,2025-09-30 10:56:59.503845
0.1811102610322223,0.2558832138606119,2025-09-30 10:56:59.503845
0.182434418659361,0.42412890177293006,2025-09-30 10:56:59.503845
0.17635615715407466,0.3528857753580633,2025-09-30 10:56:59.503845
0.20824980661080758,0.3499256829565714,2025-09-30 10:56:59.503845
0.18631869241178375,0.445426814977279,2025-09-30 10:56:59.503845
0.18043281863791114,0.31689275374858106,2025-09-30 10:56:59.503845
0.1733045012749737,0.3526048269907084,2025-09-30 10:56:59.503845
0.20251126631160968,0.2595740765970902,2025-09-30 10:56:59.503845
0.1707926009996228,0.2882299368410894,2025-09-30 10:56:59.503845
0.19482150575857807,0.3274786797538507,2025-09-30 10:56:59.503845
0.1963580382264491,0.2736904850947745,2025-09-30 10:56:59.503845
0.174317438113686,0.2817450460584281,2025-09-30 10:56:59.503845
0.16976609417547167,0.25479590205106273,2025-09-30 10:56:59.503845
0.19784542995876161,0.2908075703243287,2025-09-30 10:56:59.503845
0.19505709483917233,0.41806610589445903,2025-09-30 10:56:59.503845
0.1884925321130817,0.2978413884460918,2025-09-30 10:56:59.503845
0.19232553090852048,0.34780230906132914,2025-09-30 10:56:59.503845
0.1794514828345565,0.3005472219650118,2025-09-30 10:56:59.503845
0.17706336712135518,0.3856149597273881,2025-09-30 10:56:59.503845
0.1720211553262356,0.3779269581404455,2025-09-30 10:56:59.503845
0.1578931566048525,0.42510781785154333,2025-09-30 10:56:59.503845
0.15815688541570544,0.1672892846474179,2025-09-30 10:56:59.503845
0.1867221446043839,0.442444200246676,2025-09-30 10:56:59.503845
0.18748855644119322,0.22401125751283496,2025-09-30 10:56:59.503845
0.16440620150845936,0.311983091875095,2025-09-30 10:56:59.503845
0.17367045312520377,0.2471222581025366,2025-09-30 10:56:59.503845
0.17833738062122625,0.2964599286304206,2025-09-30 10:56:59.503845
0.16201681110939067,0.3588699119576899,2025-09-30 10:56:59.503845
0.14493015292794809,0.48251360382281394,2025-09-30 10:56:59.503845
0.2018362249470839,0.24483384390786106,2025-09-30 10:56:59.503845
0.1774372070048004,0.2455626483778311,2025-09-30 10:56:59.503845
0.19442057261038462,0.4216936659925083,2025-09-30 10:56:59.503845
0.18100026962810245,0.3409944764587263,2025-09-30 10:56:59.503845
0.1843265571688573,0.2614513242797224,2025-09-30 10:56:59.503845
0.16807341413070048,0.3702753371381562,2025-09-30 10:56:59.503845
0.17741669966807444,0.2676376204645602,2025-09-30 10:56:59.503845
0.14570389666554096,0.32057456352147534,2025-09-30 10:56:59.503845
0.17238674042611157,0.24945368630486836,2025-09-30 10:56:59.503845
0.16116558858445829,0.4193083393952738,2025-09-30 10:56:59.503845
0.1580968596510249,0.3466153151470403,2025-09-30 10:56:59.503845
0.19270917810746202,0.2437875332948377,2025-09-30 10:56:59.503845
0.17150264002198976,0.2908179011850354,2025-09-30 10:56:59.503845
0.20479762855354475,0.26123752324707505,2025-09-30 10:56:59.503845
0.1754909115486278,0.4031182260477963,2025-09-30 10:56:59.503845
0.16373322818090594,0.33215426465128794,2025-09-30 10:56:59.503845
0.1652454835217822,0.27862017060630745,2025-09-30 10:56:59.503845
0.18511694121951494,0.38115641113325954,2025-09-30 10:56:59.503845
0.19479330284161334,0.38248933723849665,2025-09-30 10:56:59.503845
0.18624441362682137,0.24770684599187914,2025-09-30 10:56:59.503845
0.15787616665542065,0.298164613799595,2025-09-30 10:56:59.503845
0.16706007904472464,0.34269840725377054,2025-09-30 10:56:59.503845
0.21502352668815627,0.45520130856961466,2025-09-30 10:56:59.503845
0.16846175741451033,0.34617275986317075,2025-09-30 10:56:59.503845
0.1861041455947135,0.27794946841829044,2025-09-30 10:56:59.503845
0.19064304887983555,0.37639448854332835,2025-09-30 10:56:59.503845
0.16759819011176993,0.4868974196710746,2025-09-30 10:56:59.503845
0.1796869008320614,0.3581343893158424,2025-09-30 10:56:59.503845
0.15573508032061312,0.30942942267008133,2025-09-30 10:56:59.503845
0.1538592074806932,0.3832554862297989,2025-09-30 10:56:59.503845
0.15818647431522348,0.334691310395221,2025-09-30 10:56:59.503845
0.175320693808356,0.2639697406584037,2025-09-30 10:56:59.503845
0.174645247351443,0.3939338573444928,2025-09-30 10:56:59.503845
0.18555657518307453,0.30926043250188784,2025-09-30 10:56:59.503845
0.15736905667597917,0.32772731353716067,2025-09-30 10:56:59.503845
0.20484034413775498,0.2817752050514726,2025-09-30 10:56:59.503845
0.20134070561496964,0.34351367488748713,2025-09-30 10:56:59.503845
0.1943484857645575,0.421156904280616,2025-09-30 10:56:59.503845
0.17432095801406738,0.26052726276489785,2025-09-30 10:56:59.503845
0.1909944746375887,0.366964973416235,2025-09-30 10:56:59.503845
0.17345747856541732,0.4113829253788918,2025-09-30 10:56:59.503845
0.1553642343388419,0.2924796035767402,2025-09-30 10:56:59.503845
0.18021024641934433,0.31365952939818664,2025-09-30 10:56:59.503845
0.17881674404856157,0.3329513008541344,2025-09-30 10:56:59.503845
0.19583840131725777,0.2959773692829187,2025-09-30 10:56:59.503845
0.17797553755553755,0.42648072736852816,2025-09-30 10:56:59.503845
0.19921671963102375,0.2926396260582703,2025-09-30 10:56:59.503845
0.19750477422757803,0.34054810815157116,2025-09-30 10:56:59.503845
0.15927293474705925,0.22043121772287105,2025-09-30 10:56:59.503845
0.17387819703661694,0.20277343972575962,2025-09-30 10:56:59.503845
0.1758736814427956,0.4168916697762719,2025-09-30 10:56:59.503845
0.15472356577635749,0.4099716026604663,2025-09-30 10:56:59.503845
0.1550909800135533,0.3826368069811648,2025-09-30 10:56:59.503845
0.1827514627678781,0.3096715316666004,2025-09-30 10:56:59.503845
0.16422991192556824,0.40306501771830994,2025-09-30 10:56:59.503845
0.18633951791110362,0.36457673893936726,2025-09-30 10:56:59.503845
0.19609998509019433,0.26463909908646355,2025-09-30 10:56:59.503845
0.1473523648306888,0.2872877569961432,2025-09-30 10:56:59.503845
0.1816988044337324,0.28204441049025614,2025-09-30 10:56:59.503845
0.201079716568983,0.3240866295479211,2025-09-30 10:56:59.503845
0.18806649034132442,0.26112261099144973,2025-09-30 10:56:59.503845
0.1961456222880517,0.3275409453521799,2025-09-30 10:56:59.503845
0.18501488657834192,0.44398146420787526,2025-09-30 10:56:59.503845
0.18411489955008803,0.2782745361813724,2025-09-30 10:56:59.503845
0.1682482403029575,0.24106626736223208,2025-09-30 10:56:59.503845
0.17899383022995294,0.2623436496128013,2025-09-30 10:56:59.503845
0.1582146748276569,0.2999089095261044,2025-09-30 10:56:59.503845
0.16684533504846547,0.3477718064212239,2025-09-30 10:56:59.503845
0.19718271890780484,0.24642196714526998,2025-09-30 10:56:59.503845
0.1726424206558638,0.3055093692518612,2025-09-30 10:56:59.503845
0.19807542692720215,0.4354735524713321,2025-09-30 10:56:59.503845
0.203617505510441,0.3360365861335785,2025-09-30 10:56:59.503845
0.18199807443096405,0.32022350031372593,2025-09-30 10:56:59.503845
0.18120044092656862,0.37594336818839436,2025-09-30 10:56:59.503845
0.1600057959924939,0.39768468729954554,2025-09-30 10:56:59.503845
0.14369617464787243,0.43820833526119496,2025-09-30 10:56:59.503845
0.1851386940165712,0.27309016753009957,2025-09-30 10:56:59.503845
0.17175991171678148,0.3811559367304671,2025-09-30 10:56:59.503845
0.18393091166631417,0.2168009678793923,2025-09-30 10:56:59.503845
0.19559923416688133,0.4528508811957303,2025-09-30 10:56:59.503845
0.20289338354368316,0.40068842171739655,2025-09-30 10:56:59.503845
0.21035149723545482,0.20342014667512368,2025-09-30 10:56:59.503845
0.1742064806894197,0.3390817218785763,2025-09-30 10:56:59.503845
0.16948689438734754,0.11414634854354758,2025-09-30 10:56:59.503845
0.1686761107657379,0.3165623344640378,2025-09-30 10:56:59.503845
0.18887645966698238,0.35395206592415357,2025-09-30 10:56:59.503845
0.17059414030494047,0.35833560877930964,2025-09-30 10:56:59.503845
0.17768810007119812,0.26362091606781873,2025-09-30 10:56:59.503845
0.1585746408515545,0.2972153427888938,2025-09-30 10:56:59.503845
0.18158234471241622,0.32486599434795377,2025-09-30 10:56:59.503845
0.20600971841500776,0.2179285146995027,2025-09-30 10:56:59.503845
0.17883135550968357,0.22442884162558474,2025-09-30 10:56:59.503845
0.17453611394124685,0.33197992917655095,2025-09-30 10:56:59.503845
0.16141466388881606,0.17258312208019821,2025-09-30 10:56:59.503845
0.18702423642231636,0.36087750844509753,2025-09-30 10:56:59.503845
0.18251470089251282,0.21572507079000042,2025-09-30 10:56:59.503845
0.16100144264168886,0.28769363603715037,2025-09-30 10:56:59.503845
0.18571152676309421,0.19132466828993153,2025-09-30 10:56:59.503845
0.14159065775432167,0.29013372725986947,2025-09-30 10:56:59.503845
0.17544579019354012,0.15529409269265118,2025-09-30 10:56:59.503845
0.1824425709020696,0.4479923762393394,2025-09-30 10:56:59.503845
0.1642519137241755,0.42296192175909036,2025-09-30 10:56:59.503845
0.17223243277795947,0.23555296810882614,2025-09-30 10:56:59.503845
0.2003879509642553,0.2221549237685359,2025-09-30 10:56:59.503845
0.18270172379762978,0.4257977693524637,2025-09-30 10:56:59.503845
0.18990174368346102,0.31233339477720623,2025-09-30 10:56:59.503845
0.1658904791208566,0.3155274681715278,2025-09-30 10:56:59.503845
0.16780652040281824,0.31357388676632314,2025-09-30 10:56:59.503845
0.19029392226354666,0.3644146003045096,2025-09-30 10:56:59.503845
0.14953028611037983,0.23710764053804678,2025-09-30 10:56:59.503845
0.1841226810593672,0.3813258343521008,2025-09-30 10:56:59.503845
0.18947732523753757,0.424252636237554,2025-09-30 10:56:59.503845
0.1606066830423047,0.29864785882306627,2025-09-30 10:56:59.503845
0.17834132683628037,0.3706731771886782,2025-09-30 10:56:59.503845
0.1446653512149313,0.3631657884365579,2025-09-30 10:56:59.503845
0.16519010634553605,0.35669762156575796,2025-09-30 10:56:59.503845
0.16672985768101203,0.4568979898004837,2025-09-30 10:56:59.503845
0.19103205189905995,0.44719008154971723,2025-09-30 10:56:59.503845
0.18292299319596958,0.3214060281452245,2025-09-30 10:56:59.503845
0.18499226468279262,0.3948682632984809,2025-09-30 10:56:59.503845
0.19337914799563055,0.377583158366322,2025-09-30 10:56:59.503845
0.1622058032874743,0.21237332472167625,2025-09-30 10:56:59.503845
0.18011038047069633,0.3160646450405787,2025-09-30 10:56:59.503845
0.18013233491602765,0.4550543861565738,2025-09-30 10:56:59.503845
0.20565018554559117,0.40904398770755085,2025-09-30 10:56:59.503845
0.19880017070151093,0.334840328725295,2025-09-30 10:56:59.503845
0.1711354945825382,0.3574723717357926,2025-09-30 10:56:59.503845
0.21231109821429764,0.2675399358162658,2025-09-30 10:56:59.503845
0.16533869720903652,0.22584920477498485,2025-09-30 10:56:59.503845
0.16238525109096347,0.34988464250373474,2025-09-30 10:56:59.503845
0.1907286896155923,0.3743970978875362,2025-09-30 10:56:59.503845
0.17151304438323337,0.2918809219374352,2025-09-30 10:56:59.503845
0.2238908728424324,0.3704845779519598,2025-09-30 10:56:59.503845
0.15988792354187323,0.32211997313078156,2025-09-30 10:56:59.503845
0.17266513506014008,0.35795289811459413,2025-09-30 10:56:59.503845
0.15259181321197207,0.28728934415859175,2025-09-30 10:56:59.503845
0.18751138815715598,0.3386424367463913,2025-09-30 10:56:59.503845
0.18217817833368788,0.3920785633709339,2025-09-30 10:56:59.503845
0.16398598720443372,0.29545744457607503,2025-09-30 10:56:59.503845
0.20364402442393434,0.37908339749004133,2025-09-30 10:56:59.503845
0.14114916193056198,0.39311251228742167,2025-09-30 10:56:59.503845
0.18577660291456946,0.37514249678207257,2025-09-30 10:56:59.503845
0.19653841157065172,0.32274972266553437,2025-09-30 10:56:59.503845
0.16760765809252295,0.24327097324706076,2025-09-30 10:56:59.503845
0.17435284455534747,0.3795019368989846,2025-09-30 10:56:59.503845
0.17458166461978572,0.34322517824324655,2025-09-30 10:56:59.503845
0.17403249576757024,0.41889188844600767,2025-09-30 10:56:59.503845
0.16385160168718332,0.2237161526658818,2025-09-30 10:56:59.503845
0.1822270324457752,0.40788117993715495,2025-09-30 10:56:59.503845
0.20619080235341206,0.3894587990549789,2025-09-30 10:56:59.503845
0.17994114000681286,0.2386109086180851,2025-09-30 10:56:59.503845
0.17439751069344356,0.2957468323330475,2025-09-30 10:56:59.503845
0.18908200853638416,0.3610849950759401,2025-09-30 10:56:59.503845
0.1682365137104035,0.2998967771079528,2025-09-30 10:56:59.503845
0.20880097689701407,0.3558385985213456,2025-09-30 10:56:59.503845
0.17170237855951112,0.24852667598832534,2025-09-30 10:56:59.503845
0.18860988666985506,0.4666368022408269,2025-09-30 10:56:59.503845
0.18473941991377238,0.38051491738843995,2025-09-30 10:56:59.503845
0.16370755599814799,0.27202595518755546,2025-09-30 10:56:59.503845
0.17499611710576016,0.4117325856313992,2025-09-30 10:56:59.503845
0.18282626371197702,0.17308385349161545,2025-09-30 10:56:59.503845
0.1865109988691471,0.28568744473670304,2025-09-30 10:56:59.503845
0.1723153292108565,0.41334152429871607,2025-09-30 10:56:59.503845
0.1616464571501242,0.2713888434940125,2025-09-30 10:56:59.503845
0.18433836328436132,0.3033185190580017,2025-09-30 10:56:59.503845
0.20352159144750848,0.39073018545720045,2025-09-30 10:56:59.503845
0.189489342827055,0.3327025212621104,2025-09-30 10:56:59.503845
0.17193466168652172,0.3466956114030944,2025-09-30 10:56:59.503845
0.17041499165959348,0.2219935043383714,2025-09-30 10:56:59.503845
0.1810396972651122,0.33116219144823217,2025-09-30 10:56:59.503845
0.19344703882286204,0.4681528988244863,2025-09-30 10:56:59.503845
0.18244743184046855,0.35382738270863023,2025-09-30 10:56:59.503845
0.1934626531445173,0.3556484565642876,2025-09-30 10:56:59.503845
0.18177261629557445,0.23896839658963567,2025-09-30 10:56:59.503845
0.15462583433559918,0.27838813235870197,2025-09-30 10:56:59.503845
0.20219924068218356,0.43761746042665917,2025-09-30 10:56:59.503845
0.19331531811856448,0.23250245721068835,2025-09-30 10:56:59.503845
0.1689840818740882,0.3545302967553007,2025-09-30 10:56:59.503845
0.17316255781483003,0.2612225717314641,2025-09-30 10:56:59.503845
0.1874290196577946,0.49453807650161,2025-09-30 10:56:59.503845
0.18879694745983028,0.3159633917160109,2025-09-30 10:56:59.503845
0.1900804622778724,0.2016554564141203,2025-09-30 10:56:59.503845
0.1989324400248798,0.36230435016619705,2025-09-30 10:56:59.503845
0.1895400617767426,0.4268943395242611,2025-09-30 10:56:59.503845
0.18434374970950806,0.23972451634243064,2025-09-30 10:56:59.503845
0.19625194737538207,0.3486997094022533,2025-09-30 10:56:59.503845
0.19560695137572898,0.40359455567498903,2025-09-30 10:56:59.503845
0.15454800753279915,0.14761018305157836,2025-09-30 10:56:59.503845
0.18107406978581092,0.2942051857955563,2025-09-30 10:56:59.503845
0.18103388271626597,0.3905462513501695,2025-09-30 10:56:59.503845
0.20854185158531374,0.31562575171557955,2025-09-30 10:56:59.503845
0.19959522963151644,0.3373315735038169,2025-09-30 10:56:59.503845
0.18899909936134235,0.4016485360057495,2025-09-30 10:56:59.503845
0.20020933270129068,0.4235473449284025,2025-09-30 10:56:59.503845
0.15025130776896956,0.35880604235697044,2025-09-30 10:56:59.503845
0.15817357091834555,0.3764080416034311,2025-09-30 10:56:59.503845
0.16844423733854852,0.23681854127762353,2025-09-30 10:56:59.503845
0.1975377207151725,0.22729659257951168,2025-09-30 10:56:59.503845
0.1983275681397068,0.242858408795401,2025-09-30 10:56:59.503845
0.14649549993541608,0.2013193916433343,2025-09-30 10:56:59.503845
0.21721585130728235,0.2828638381609835,2025-09-30 10:56:59.503845
0.14296046867068127,0.43069849865867044,2025-09-30 10:56:59.503845
0.15092825862441878,0.24414710923859173,2025-09-30 10:56:59.503845
0.18570521687603958,0.33046434252600676,2025-09-30 10:56:59.503845
0.15718307795427794,0.3943532552963449,2025-09-30 10:56:59.503845
0.19141173308056153,0.2951425371649724,2025-09-30 10:56:59.503845
0.15460143882884292,0.447647291353436,2025-09-30 10:56:59.503845
0.20569551166677608,0.19630871234735264,2025-09-30 10:56:59.503845
0.17101791531038993,0.34236453599149075,2025-09-30 10:56:59.503845
0.18285438506539778,0.32845425270235357,2025-09-30 10:56:59.503845
0.19230752691401187,0.24831973238924746,2025-09-30 10:56:59.503845
0.18263849679481992,0.14340218088429327,2025-09-30 10:56:59.503845
0.1816093285750339,0.23972770456899883,2025-09-30 10:56:59.503845
0.16663331330736406,0.3669073729712038,2025-09-30 10:56:59.503845
0.17945837012392532,0.3989393675454495,2025-09-30 10:56:59.503845
0.17058441941373603,0.2952070114989931,2025-09-30 10:56:59.503845
0.18038162039142697,0.32482679176940554,2025-09-30 10:56:59.503845
0.19131025794497244,0.4405416067131091,2025-09-30 10:56:59.503845
0.20264879725477292,0.3004236936802763,2025-09-30 10:56:59.503845
0.18603431942516582,0.2742094091326173,2025-09-30 10:56:59.503845
0.16051890717947487,0.4147211883430395,2025-09-30 10:56:59.503845
0.1998616990187146,0.3183634953342766,2025-09-30 10:56:59.503845
0.16865277835919507,0.4116150544830032,2025-09-30 10:56:59.503845
0.18382763640931174,0.24896434911415813,2025-09-30 10:56:59.503845
0.18376528561164218,0.40271009741499675,2025-09-30 10:56:59.503845
0.19788008741050464,0.3183245346257682,2025-09-30 10:56:59.503845
0.1811914262291901,0.3576480650580982,2025-09-30 10:56:59.503845
0.19688042030777397,0.3461046656545408,2025-09-30 10:56:59.503845
0.1937315869804043,0.3753359925742886,2025-09-30 10:56:59.503845
0.19426115249215026,0.32352829432261576,2025-09-30 10:56:59.503845
0.18639713262955335,0.4503326243253577,2025-09-30 10:56:59.503845
0.18656300816685145,0.41443905925538055,2025-09-30 10:56:59.503845
0.17345215869308256,0.3505176456635067,2025-09-30 10:56:59.503845
0.19977928155774397,0.36045477408457594,2025-09-30 10:56:59.503845
0.1996365676081661,0.428338945650224,2025-09-30 10:56:59.503845
0.19593025973236783,0.26824615357642334,2025-09-30 10:56:59.503845
0.1988998500201249,0.3513202664726136,2025-09-30 10:56:59.503845
0.19798221729913384,0.38486609489127377,2025-09-30 10:56:59.503845
0.16429547539159825,0.4229007982060915,2025-09-30 10:56:59.503845
0.18221964591738404,0.3614217464540782,2025-09-30 10:56:59.503845
0.17974716487036962,0.33113446483567577,2025-09-30 10:56:59.503845
0.17846041647055846,0.32464091563962666,2025-09-30 10:56:59.503845
0.19711199420389236,0.3064319859308575,2025-09-30 10:56:59.503845
0.17999743427399972,0.4078595864820816,2025-09-30 10:56:59.503845
0.19453654120662547,0.2960321469585886,2025-09-30 10:56:59.503845
0.176605231350484,0.3985697329901781,2025-09-30 10:56:59.503845
0.20639220905252462,0.23426194993681837,2025-09-30 10:56:59.503845
0.19785056484876298,0.2357652294932639,2025-09-30 10:56:59.503845
0.17082006762953378,0.3097238729994051,2025-09-30 10:56:59.503845
0.19220843214020383,0.39591814504249573,2025-09-30 10:56:59.503845
0.1778247160502758,0.2884031627330127,2025-09-30 10:56:59.503845
0.2006949660790135,0.27157580646835405,2025-09-30 10:56:59.503845
0.17807618421284158,0.296030146088644,2025-09-30 10:56:59.503845
0.18091916967057398,0.3753584580885383,2025-09-30 10:56:59.503845
0.16008810519219896,0.28738874515440305,2025-09-30 10:56:59.503845
0.21346848427562742,0.19311326626228267,2025-09-30 10:56:59.503845
0.18440338152362346,0.500106650561816,2025-09-30 10:56:59.503845
0.17351552706852053,0.33514423323533615,2025-09-30 10:56:59.503845
0.18017313978775212,0.4021807056301777,2025-09-30 10:56:59.503845
0.16009829110906787,0.380269668485086,2025-09-30 10:56:59.503845
0.16398100816612465,0.19748269552780184,2025-09-30 10:56:59.503845
0.21655577746063442,0.3363378842508128,2025-09-30 10:56:59.503845
0.1994986670046313,0.47928072480909434,2025-09-30 10:56:59.503845
0.16611023613786177,0.45446035425444337,2025-09-30 10:56:59.503845
0.16333018956984588,0.4429422716686968,2025-09-30 10:56:59.503845
0.20057312747423997,0.2537838255217365,2025-09-30 10:56:59.503845
0.1925242351891385,0.2972655448076911,2025-09-30 10:56:59.503845
0.19667038400014936,0.321509209969938,2025-09-30 10:56:59.503845
0.1585592558535214,0.4615881650780484,2025-09-30 10:56:59.503845
0.15384330132765686,0.27549115843684036,2025-09-30 10:56:59.503845
0.1772788098503787,0.36119925370466915,2025-09-30 10:56:59.503845
0.2079186582724567,0.29523424583591834,2025-09-30 10:56:59.503845
0.16505457504274204,0.3249404051209926,2025-09-30 10:56:59.503845
0.17995110640490217,0.33776092525140494,2025-09-30 10:56:59.503845
0.17686713728963346,0.26797320679879844,2025-09-30 10:56:59.503845
0.18362530279581088,0.34031441139790714,2025-09-30 10:56:59.503845
0.17662806381500484,0.5309585123750586,2025-09-30 10:56:59.503845
0.19543124360540495,0.36975652276542675,2025-09-30 10:56:59.503845
0.20341236350472308,0.47173820470462985,2025-09-30 10:56:59.503845
0.16977649871302425,0.29884629947332064,2025-09-30 10:56:59.503845
0.16905048675603546,0.3532287846883731,2025-09-30 10:56:59.503845
0.20075147560109957,0.3315152702864103,2025-09-30 10:56:59.503845
0.17407583210877736,0.33876738775308607,2025-09-30 10:56:59.503845
0.1827061017796933,0.3015919350382144,2025-09-30 10:56:59.503845
0.1789234222436189,0.3792309025968868,2025-09-30 10:56:59.503845
0.1706983166549658,0.2580619526898649,2025-09-30 10:56:59.503845
0.18549365505931764,0.23466756180345927,2025-09-30 10:56:59.503845
0.17829326822088426,0.3526089788642155,2025-09-30 10:56:59.503845
0.18636185400403255,0.18558848460028546,2025-09-30 10:56:59.503845
0.18020398924064182,0.4103215818630316,2025-09-30 10:56:59.503845
0.1673494047864184,0.15169593566560555,2025-09-30 10:56:59.503845
0.1745453834457239,0.22549749122602036,2025-09-30 10:56:59.503845
0.16382918902580365,0.33992420976495924,2025-09-30 10:56:59.503845
0.17370148513061953,0.28370596315915086,2025-09-30 10:56:59.503845
0.17946631346097375,0.34161641718155156,2025-09-30 10:56:59.503845
0.15992214081904477,0.32631260672237306,2025-09-30 10:56:59.503845
0.17325740589090485,0.3297150320517895,2025-09-30 10:56:59.503845
0.21768638379068778,0.3492298561445652,2025-09-30 10:56:59.503845
0.17375497542128338,0.3918063695709347,2025-09-30 10:56:59.503845
0.16688466961113296,0.36921034802385194,2025-09-30 10:56:59.503845
0.18143831170648322,0.30408042875000313,2025-09-30 10:56:59.503845
0.16882128240240174,0.3708204638687266,2025-09-30 10:56:59.503845
0.17048528709773497,0.37670302649357496,2025-09-30 10:56:59.503845
0.16299163041013945,0.25394626565831774,2025-09-30 10:56:59.503845
0.19153367735912477,0.2150512945874669,2025-09-30 10:56:59.503845
0.18305085213763334,0.3374649356147063,2025-09-30 10:56:59.503845
0.17928052183678272,0.3320325226246664,2025-09-30 10:56:59.503845
0.17600547412326079,0.374673235901933,2025-09-30 10:56:59.503845
0.13861779386680173,0.4509294533801442,2025-09-30 10:56:59.503845
0.2072367566538976,0.3465064159261778,2025-09-30 10:56:59.503845
0.19451746147884613,0.20124020979686275,2025-09-30 10:56:59.503845
0.17773375722276913,0.40752060849619587,2025-09-30 10:56:59.503845
0.19876866337550766,0.34108901954451704,2025-09-30 10:56:59.503845
0.18125568377648069,0.4603922600866326,2025-09-30 10:56:59.503845
0.1746460357700556,0.26646569353077887,2025-09-30 10:56:59.503845
0.17620888906249316,0.2856659736688618,2025-09-30 10:56:59.503845
0.1951713930385995,0.21723143485910487,2025-09-30 10:56:59.503845
0.1985646087231709,0.28351741356716836,2025-09-30 10:56:59.503845
0.15037323917659984,0.15786530753851363,2025-09-30 10:56:59.503845
0.16939034300560613,0.3235533435487748,2025-09-30 10:56:59.503845
0.20664422976571414,0.3749765703895497,2025-09-30 10:56:59.503845
0.15799865722496537,0.41397542317268365,2025-09-30 10:56:59.503845
0.17362056242526874,0.2926689787226281,2025-09-30 10:56:59.503845
0.19437738364220594,0.21416902514500843,2025-09-30 10:56:59.503845
0.17436661023817815,0.3699791070916055,2025-09-30 10:56:59.503845
0.19167188796693818,0.2771033217139854,2025-09-30 10:56:59.503845
0.1885239806238248,0.3149533816402096,2025-09-30 10:56:59.503845
0.1613537830850049,0.3593488853094967,2025-09-30 10:56:59.503845
0.18828396957564705,0.4497729584980023,2025-09-30 10:56:59.503845
0.20445811408784278,0.2947261046849649,2025-09-30 10:56:59.503845
0.19383631565450168,0.365172584982158,2025-09-30 10:56:59.503845
0.19159110479568928,0.4036633687029977,2025-09-30 10:56:59.503845
0.19533705549694527,0.32197843708116536,2025-09-30 10:56:59.503845
0.17709045601155698,0.3358202786316412,2025-09-30 10:56:59.503845
0.16318020715237802,0.3976388109763962,2025-09-30 10:56:59.503845
0.17279394241184737,0.36653772355722586,2025-09-30 10:56:59.503845
0.15761801773793688,0.31550801803690165,2025-09-30 10:56:59.503845
0.17559764141864947,0.380375376642738,2025-09-30 10:56:59.503845
0.19571251321589517,0.3941279298335865,2025-09-30 10:56:59.503845
0.18346863924159057,0.3542572204332678,2025-09-30 10:56:59.503845
0.18536631656560001,0.2237989563539554,2025-09-30 10:56:59.503845
0.19126197025102676,0.37998643446039215,2025-09-30 10:56:59.503845
0.14000346522897344,0.4097249486058986,2025-09-30 10:56:59.503845
0.1639789850402458,0.42490106011676776,2025-09-30 10:56:59.503845
0.17763739809128198,0.43302778120419955,2025-09-30 10:56:59.503845
0.18412583232035035,0.4502014870271167,2025-09-30 10:56:59.503845
0.18132613381273227,0.3216338120328328,2025-09-30 10:56:59.503845
0.1934871078440865,0.23993952251257913,2025-09-30 10:56:59.503845
0.15981039339737846,0.18043489948943367,2025-09-30 10:56:59.503845
0.2123439138988781,0.31287161990542234,2025-09-30 10:56:59.503845
0.18720107527012927,0.41709103011818077,2025-09-30 10:56:59.503845
0.19624709410822283,0.3392336885656432,2025-09-30 10:56:59.503845
0.1650726828646038,0.3525402019601568,2025-09-30 10:56:59.503845
0.17034316524020696,0.3795679820401755,2025-09-30 10:56:59.503845
0.18245866442332193,0.3691642898871894,2025-09-30 10:56:59.503845
0.19429708366322795,0.3517991669125432,2025-09-30 10:56:59.503845
0.1914258770669885,0.3678925724210431,2025-09-30 10:56:59.503845
0.16766964304881452,0.36322443616267713,2025-09-30 10:56:59.503845
0.19375156943466945,0.2988176786425265,2025-09-30 10:56:59.503845
0.1692213599485241,0.3813377418447374,2025-09-30 10:56:59.503845
0.1812626932932888,0.5376831822717185,2025-09-30 10:56:59.503845
0.1768247711304942,0.25226401955155164,2025-09-30 10:56:59.503845
0.14246158464545733,0.29471790738902803,2025-09-30 10:56:59.503845
0.16769096634538289,0.34397783809164384,2025-09-30 10:56:59.503845
0.17524599827687418,0.3399319903360629,2025-09-30 10:56:59.503845
0.18370296955917959,0.4480829518982197,2025-09-30 10:56:59.503845
0.18192165692190326,0.23562286614984043,2025-09-30 10:56:59.503845
0.16771019722266217,0.20737455052783868,2025-09-30 10:56:59.503845
0.1845142029816746,0.3480519324033926,2025-09-30 10:56:59.503845
0.1662402300669665,0.2549631709707687,2025-09-30 10:56:59.503845
0.17460878377217345,0.3616911853325498,2025-09-30 10:56:59.503845
0.2159268811893872,0.37874326652519147,2025-09-30 10:56:59.503845
0.1434088508021271,0.3536228286665124,2025-09-30 10:56:59.503845
0.17725452078622153,0.2603886775643085,2025-09-30 10:56:59.503845
0.2037283690425312,0.4057500419758442,2025-09-30 10:56:59.503845
0.18340251281184672,0.21072794340468415,2025-09-30 10:56:59.503845
0.19082808407635052,0.40527996940278055,2025-09-30 10:56:59.503845
0.15759602920223964,0.19801625536108594,2025-09-30 10:56:59.503845
0.1788779313519517,0.37182471854831456,2025-09-30 10:56:59.503845
0.2070486255679326,0.30185774430234175,2025-09-30 10:56:59.503845
0.15885599515368554,0.2992738172322157,2025-09-30 10:56:59.503845
0.16490988962692693,0.3783060210674002,2025-09-30 10:56:59.503845
0.1574231892995166,0.33785299908873007,2025-09-30 10:56:59.503845
0.1907566597354854,0.36260520390992285,2025-09-30 10:56:59.503845
0.15049932511262762,0.35964739264173956,2025-09-30 10:56:59.503845
0.18050501645700515,0.24178478986347174,2025-09-30 10:56:59.503845
0.17495542576383102,0.39906083275997367,2025-09-30 10:56:59.503845
0.17943000295494432,0.3649510513417871,2025-09-30 10:56:59.503845
0.161813441539421,0.3487422822660744,2025-09-30 10:56:59.503845
0.1853342661850698,0.20823681170650649,2025-09-30 10:56:59.503845
0.16762209243726525,0.43986972582820283,2025-09-30 10:56:59.503845
0.1993549199447472,0.4685434797617499,2025-09-30 10:56:59.503845
0.21125003764994238,0.39365367042528043,2025-09-30 10:56:59.503845
0.2038620368135947,0.3599641685735828,2025-09-30 10:56:59.503845
0.1743812316922408,0.23095144938475648,2025-09-30 10:56:59.503845
0.18488860413252706,0.39482941082942535,2025-09-30 10:56:59.503845
0.2081050960204423,0.18459092051387674,2025-09-30 10:56:59.503845
0.17926861009722764,0.40058124125895717,2025-09-30 10:56:59.503845
0.19506126533267815,0.368750306616162,2025-09-30 10:56:59.503845
0.18786930569635213,0.4058319037335767,2025-09-30 10:56:59.503845
0.14439509249621513,0.4296497460215978,2025-09-30 10:56:59.503845
0.198134798360184,0.24315273496608586,2025-09-30 10:56:59.503845
0.2078561783412968,0.2587444238773927,2025-09-30 10:56:59.503845
0.19286421269541554,0.32658150009984593,2025-09-30 10:56:59.503845
0.22717585097136697,0.23799543267943382,2025-09-30 10:56:59.503845
0.17879175220291008,0.3426534894738202,2025-09-30 10:56:59.503845
0.1534016755658474,0.2627693211086392,2025-09-30 10:56:59.503845
0.17703403600898174,0.274679686883117,2025-09-30 10:56:59.503845
0.1886447116060213,0.32784793825403963,2025-09-30 10:56:59.503845
0.16343912044023878,0.3790654845640317,2025-09-30 10:56:59.503845
0.1906392281115018,0.3052993356671146,2025-09-30 10:56:59.503845
0.1965084327360554,0.3227173953476397,2025-09-30 10:56:59.503845
0.17538215740740934,0.23419712840046797,2025-09-30 10:56:59.503845
0.18271680654036432,0.3533748989793827,2025-09-30 10:56:59.503845
0.14832001846885123,0.33567317827404236,2025-09-30 10:56:59.503845
0.1912569641949391,0.416485509221206,2025-09-30 10:56:59.503845
0.15963909629529702,0.33111773108989406,2025-09-30 10:56:59.503845
0.19801471948321064,0.41573500552016013,2025-09-30 10:56:59.503845
0.20722054329470424,0.300705554279588,2025-09-30 10:56:59.503845
0.18799909688489902,0.35080512342703574,2025-09-30 10:56:59.503845
0.18631019423813336,0.5269991302736308,2025-09-30 10:56:59.503845
0.17003619515811996,0.3197966803961524,2025-09-30 10:56:59.503845
0.17478093870751682,0.23209003460466743,2025-09-30 10:56:59.503845
0.17625817728672502,0.4030753371419155,2025-09-30 10:56:59.503845
0.1864613488601419,0.35923451140125834,2025-09-30 10:56:59.503845
0.1861709690023119,0.3126320772263871,2025-09-30 10:56:59.503845
0.19950247059105256,0.24846835497854947,2025-09-30 10:56:59.503845
0.16779291435474689,0.32017840575030165,2025-09-30 10:56:59.503845
0.18203876774390207,0.2910797210550813,2025-09-30 10:56:59.503845
0.2141502280256764,0.4459189131767953,2025-09-30 10:56:59.503845
0.18392442545994603,0.24036824595205997,2025-09-30 10:56:59.503845
0.1789063250902212,0.23411949169671395,2025-09-30 10:56:59.503845
0.1957864294424429,0.3694026081112922,2025-09-30 10:56:59.503845
0.17099704350365627,0.39038012341617,2025-09-30 10:56:59.503845
0.17204524434634894,0.41619099654162134,2025-09-30 10:56:59.503845
0.16138846535429302,0.24376281337620803,2025-09-30 10:56:59.503845
0.18173852918841252,0.3778092189421037,2025-09-30 10:56:59.503845
0.17606010407852424,0.24602601883753922,2025-09-30 10:56:59.503845
0.1867634379653074,0.07634058815881395,2025-09-30 10:56:59.503845
0.17795213486248565,0.338398722295025,2025-09-30 10:56:59.503845
0.19629549441181673,0.4245857103099373,2025-09-30 10:56:59.503845
0.18209860111975246,0.2781288329591378,2025-09-30 10:56:59.503845
0.17994215330186408,0.2719893985662134,2025-09-30 10:56:59.503845
0.16420273101090802,0.3284999457868756,2025-09-30 10:56:59.503845
0.15596569811028724,0.4882289454264509,2025-09-30 10:56:59.503845
0.1868440475670145,0.3628017836284307,2025-09-30 10:56:59.503845
0.155931403838576,0.3096955575627733,2025-09-30 10:56:59.503845
0.17321959063480713,0.3109766136649297,2025-09-30 10:56:59.503845
0.17355938224254677,0.3639233410567405,2025-09-30 10:56:59.503845
0.19247287480570924,0.22317740739506292,2025-09-30 10:56:59.503845
0.17098254330085855,0.43003538818323805,2025-09-30 10:56:59.503845
0.1586488003980776,0.41203100528819303,2025-09-30 10:56:59.503845
0.1890335995366224,0.35186221369881304,2025-09-30 10:56:59.503845
0.1762490409121769,0.2531036225562472,2025-09-30 10:56:59.503845
0.1627119720114943,0.2304615937802122,2025-09-30 10:56:59.503845
0.1596161290420186,0.3252992382905694,2025-09-30 10:56:59.503845
0.17433064522532324,0.3348017445891158,2025-09-30 10:56:59.503845
0.16921244581602904,0.48278486587909747,2025-09-30 10:56:59.503845
0.19073411999575474,0.22424839968871874,2025-09-30 10:56:59.503845
0.17567446487444716,0.4300744652667422,2025-09-30 10:56:59.503845
0.179615901722472,0.3160038977361345,2025-09-30 10:56:59.503845
0.18646786166800378,0.34361312292713647,2025-09-30 10:56:59.503845
0.1851419338565017,0.3777746564970473,2025-09-30 10:56:59.503845
0.19355327421704654,0.24811030804043283,2025-09-30 10:56:59.503845
0.16381810377360362,0.4337469273694414,2025-09-30 10:56:59.503845
0.17316577258339014,0.38586231145756644,2025-09-30 10:56:59.503845
0.19402260910201707,0.3068431656019446,2025-09-30 10:56:59.503845
0.1853274830757031,0.24060971756164218,2025-09-30 10:56:59.503845
0.18608715426771805,0.23107510366481615,2025-09-30 10:56:59.503845
0.17533467636737624,0.5136801128737076,2025-09-30 10:56:59.503845
0.1971162744863798,0.3608084241642835,2025-09-30 10:56:59.503845
0.16074708986645142,0.35668554857511275,2025-09-30 10:56:59.503845
0.18827872415381477,0.33508402981388646,2025-09-30 10:56:59.503845
0.17380119140656863,0.4095835443259406,2025-09-30 10:56:59.503845
0.200778432689728,0.37480387181963304,2025-09-30 10:56:59.503845
0.17355641250041348,0.29384285831883394,2025-09-30 10:56:59.503845
0.21894456126707426,0.38419621491070305,2025-09-30 10:56:59.503845
0.18093377586167497,0.2604071020913435,2025-09-30 10:56:59.503845
0.19588500353578436,0.23036741264303157,2025-09-30 10:56:59.503845
0.16409029187660396,0.4460748125248311,2025-09-30 10:56:59.503845
0.16505822747231935,0.2896861737911539,2025-09-30 10:56:59.503845
0.22375694477197722,0.319803230661126,2025-09-30 10:56:59.503845
0.1536607126499972,0.30389904976342696,2025-09-30 10:56:59.503845
0.1855704487918669,0.3865813789909569,2025-09-30 10:56:59.503845
0.21469398503578033,0.30557731837066415,2025-09-30 10:56:59.503845
0.19186650052276605,0.34790638512214156,2025-09-30 10:56:59.503845
0.19390038870861814,0.34845189917275987,2025-09-30 10:56:59.503845
0.1593111149602676,0.42954505897972867,2025-09-30 10:56:59.503845
0.23643394614859342,0.4500525248063642,2025-09-30 10:56:59.503845
0.19692483148764195,0.39702534748933616,2025-09-30 10:56:59.503845
0.22607145795175632,0.30051098805442267,2025-09-30 10:56:59.503845
0.17820190034264144,0.19251256851265208,2025-09-30 10:56:59.503845
0.1831079458839221,0.31819030041214,2025-09-30 10:56:59.503845
0.20364379540871763,0.41100889953546,2025-09-30 10:56:59.503845
0.17881143928285773,0.4602364714614051,2025-09-30 10:56:59.503845
0.16663140518077435,0.5736585245994961,2025-09-30 10:56:59.503845
0.18569294461001754,0.33914089153556304,2025-09-30 10:56:59.503845
0.18802807741485453,0.28952707272173106,2025-09-30 10:56:59.503845
0.16744457313775152,0.3483169463503763,2025-09-30 10:56:59.503845
0.17625643633030197,0.29792404793312594,2025-09-30 10:56:59.503845
0.15278683021985098,0.4017859618925326,2025-09-30 10:56:59.503845
0.15479269503999074,0.4291680974873721,2025-09-30 10:56:59.503845
0.2078520245191483,0.35191643635330283,2025-09-30 10:56:59.503845
0.20137558046649695,0.1680944668184605,2025-09-30 10:56:59.503845
0.17664839723993203,0.3652567749794657,2025-09-30 10:56:59.503845
0.16295126515881456,0.39759168505910547,2025-09-30 10:56:59.503845
0.17460166137742092,0.362610020529192,2025-09-30 10:56:59.503845
0.20147174984940108,0.3480878841372456,2025-09-30 10:56:59.503845
0.15180365248512634,0.26726332216733584,2025-09-30 10:56:59.503845
0.1750674828446075,0.47246936698843756,2025-09-30 10:56:59.503845
0.19212633834323298,0.2526729266216596,2025-09-30 10:56:59.503845
0.17856466047760558,0.3501098787895089,2025-09-30 10:56:59.503845
0.15917949119849628,0.2624133843772313,2025-09-30 10:56:59.503845
0.1954863025568052,0.20873812688534696,2025-09-30 10:56:59.503845
0.16055013064689255,0.44462736228707456,2025-09-30 10:56:59.503845
0.1850422633181274,0.4338844984860453,2025-09-30 10:56:59.503845
0.15351697167222822,0.2686397362584306,2025-09-30 10:56:59.503845
0.18463862199166303,0.2640504483552175,2025-09-30 10:56:59.503845
0.17362213713755645,0.38118431308377404,2025-09-30 10:56:59.503845
0.16339170825138377,0.4023341081626215,2025-09-30 10:56:59.503845
0.17578329006043722,0.3410515290086403,2025-09-30 10:56:59.503845
0.17351445397520757,0.29964918853422545,2025-09-30 10:56:59.503845
0.17498150431396378,0.32366594739551036,2025-09-30 10:56:59.503845
0.1830688165285034,0.2323749883260366,2025-09-30 10:56:59.503845
0.162692404645372,0.3638239572364826,2025-09-30 10:56:59.503845
0.17848734644282677,0.32242396877998325,2025-09-30 10:56:59.503845
0.1813296363795862,0.45790293562534207,2025-09-30 10:56:59.503845
0.15961018184533105,0.27915146722318285,2025-09-30 10:56:59.503845
0.20251460479265224,0.36701021808251444,2025-09-30 10:56:59.503845
0.14783459661356846,0.3972401377361056,2025-09-30 10:56:59.503845
0.1553511876081695,0.23287916893331745,2025-09-30 10:56:59.503845
0.19122134315220615,0.40190655383324453,2025-09-30 10:56:59.503845
0.17241531258128992,0.3002891804982847,2025-09-30 10:56:59.503845
0.16036992842300782,0.349913384344974,2025-09-30 10:56:59.503845
0.1590910427550067,0.43577020273989964,2025-09-30 10:56:59.503845
0.16911970643868346,0.3837483510995537,2025-09-30 10:56:59.503845
0.18235130647822814,0.2954928139592796,2025-09-30 10:56:59.503845
0.18553565979251269,0.3363416205633554,2025-09-30 10:56:59.503845
0.17695768839917161,0.4739367821245195,2025-09-30 10:56:59.503845
0.17086054365470751,0.25676912199779456,2025-09-30 10:56:59.503845
0.2027453095648793,0.3668394459354605,2025-09-30 10:56:59.503845
0.19895827600021848,0.45467703362666806,2025-09-30 10:56:59.503845
0.18642905445792088,0.3513600354664913,2025-09-30 10:56:59.503845
0.19769876401605532,0.32110002065807364,2025-09-30 10:56:59.503845
0.1872471245451738,0.34503100156521604,2025-09-30 10:56:59.503845
0.18874946802166145,0.2640153790156161,2025-09-30 10:56:59.503845
0.17893883929675108,0.3626229352233269,2025-09-30 10:56:59.503845
0.1903272034364179,0.4353999814702212,2025-09-30 10:56:59.503845
0.2138517229328446,0.30707682153185534,2025-09-30 10:56:59.503845
0.1694415788898829,0.27401407380878384,2025-09-30 10:56:59.503845
0.19170470279830493,0.30215265136249086,2025-09-30 10:56:59.503845
0.14949932090541687,0.2846503354624826,2025-09-30 10:56:59.503845
0.1698236265084106,0.2964087934000693,2025-09-30 10:56:59.503845
0.18669016230576277,0.39123454047155276,2025-09-30 10:56:59.503845
0.1660678175084004,0.4061496187677601,2025-09-30 10:56:59.503845
0.1726860014814573,0.24306767373463747,2025-09-30 10:56:59.503845
0.1785517664862145,0.22329990377191922,2025-09-30 10:56:59.503845
0.1633278512657679,0.40445880441774545,2025-09-30 10:56:59.503845
0.15794715687782712,0.48428362293208305,2025-09-30 10:56:59.503845
0.15659485589696437,0.35790971515312847,2025-09-30 10:56:59.503845
0.2001772215248039,0.4130940718432135,2025-09-30 10:56:59.503845
0.1802457499936578,0.4370459395180934,2025-09-30 10:56:59.503845
0.17058300427086623,0.4035036095452544,2025-09-30 10:56:59.503845
0.19041174401406707,0.3772782886144615,2025-09-30 10:56:59.503845
0.16979396414459874,0.45925001183366343,2025-09-30 10:56:59.503845
0.16999217485478832,0.3723133338913041,2025-09-30 10:56:59.503845
0.20119107992935908,0.3469498991560991,2025-09-30 10:56:59.503845
0.1989956096228254,0.33503740956619077,2025-09-30 10:56:59.503845
0.20475454052033162,0.36653968095111417,2025-09-30 10:56:59.503845
0.15305290867811058,0.40797608399839286,2025-09-30 10:56:59.503845
0.18279795003961144,0.3317265995825065,2025-09-30 10:56:59.503845
0.17091023091694604,0.3917406730888151,2025-09-30 10:56:59.503845
0.1722822587655366,0.16604648345721962,2025-09-30 10:56:59.503845
0.1735533411903177,0.1727677947314873,2025-09-30 10:56:59.503845
0.15358267114028712,0.38846112557609164,2025-09-30 10:56:59.503845
0.15985196524674203,0.26868410309464513,2025-09-30 10:56:59.503845
0.17317708433042012,0.24592636580370453,2025-09-30 10:56:59.503845
0.20213111960979424,0.29112017834068377,2025-09-30 10:56:59.503845
0.17712331370170756,0.37316226825618565,2025-09-30 10:56:59.503845
0.16194593478132022,0.3888857559935326,2025-09-30 10:56:59.503845
0.1978135883706835,0.36432330508441724,2025-09-30 10:56:59.503845
0.15707242020332673,0.3651814340678328,2025-09-30 10:56:59.503845
0.19201597808596507,0.34724445536216325,2025-09-30 10:56:59.503845
0.1687870859944498,0.2879530821034136,2025-09-30 10:56:59.503845
0.18337535769477653,0.3658186923107448,2025-09-30 10:56:59.503845
0.19798004905468589,0.312645102026806,2025-09-30 10:56:59.503845
0.17153012838877357,0.4603713664653824,2025-09-30 10:56:59.503845
0.19097953613404156,0.38377635607203603,2025-09-30 10:56:59.503845
0.1775455869500349,0.29716611903428364,2025-09-30 10:56:59.503845
0.18916556349379038,0.2580097137524985,2025-09-30 10:56:59.503845
0.17955284947734035,0.2401066776064449,2025-09-30 10:56:59.503845
0.1962964807753865,0.4314839914069946,2025-09-30 10:56:59.503845
0.16509063071121816,0.41631248543823496,2025-09-30 10:56:59.503845
0.2070382269327362,0.3879062552610049,2025-09-30 10:56:59.503845
0.15191328025412992,0.35765059722613135,2025-09-30 10:56:59.503845
0.16380524786443731,0.35929285015843393,2025-09-30 10:56:59.503845
0.18227176559535418,0.2181720143386715,2025-09-30 10:56:59.503845
0.17432504048801706,0.41108929971131497,2025-09-30 10:56:59.503845
0.16281188244690395,0.39142453224851337,2025-09-30 10:56:59.503845
0.199896892119623,0.43503404619431235,2025-09-30 10:56:59.503845
0.20840231768675516,0.3231880120826392,2025-09-30 10:56:59.503845
0.17330252007427518,0.39415191142879674,2025-09-30 10:56:59.503845
0.17540772365456456,0.23469638733693177,2025-09-30 10:56:59.503845
0.20033489540788663,0.5145861598571889,2025-09-30 10:56:59.503845
0.18593092643188341,0.3412615804058871,2025-09-30 10:56:59.503845
0.20540666882284153,0.2055574657023426,2025-09-30 10:56:59.503845
0.1830565477556465,0.29711434439035767,2025-09-30 10:56:59.503845
0.1596663825518538,0.40963055482726807,2025-09-30 10:56:59.503845
0.20423215603609782,0.23984132831664468,2025-09-30 10:56:59.503845
0.17971694867029,0.3628952010696245,2025-09-30 10:56:59.503845
0.16775023524083113,0.2942724012560275,2025-09-30 10:56:59.503845
0.19092392055354773,0.18728508164474822,2025-09-30 10:56:59.503845
0.16733440198392058,0.31791695876642045,2025-09-30 10:56:59.503845
0.20339450631032407,0.3085996532362595,2025-09-30 10:56:59.503845
0.18936327096395622,0.28205070322179937,2025-09-30 10:56:59.503845
0.1723439107680597,0.4009757409749748,2025-09-30 10:56:59.503845
0.17362552424642086,0.2922735280325831,2025-09-30 10:56:59.503845
0.18885803431555537,0.4360221953597218,2025-09-30 10:56:59.503845
0.17782601987140442,0.3840734743973261,2025-09-30 10:56:59.503845
0.1609141980021635,0.2630202374751192,2025-09-30 10:56:59.503845
0.19700356186668977,0.21278365878660624,2025-09-30 10:56:59.503845
0.1823151305669973,0.36108690529292464,2025-09-30 10:56:59.503845
0.1829537093224228,0.4018141962660741,2025-09-30 10:56:59.503845
0.18381185202425845,0.14339853333663838,2025-09-30 10:56:59.503845
0.19795056195677532,0.36630352156212875,2025-09-30 10:56:59.503845
0.17889073789397372,0.27301891473858125,2025-09-30 10:56:59.503845
0.16455546632574733,0.2854436386928666,2025-09-30 10:56:59.503845
0.2033786216165179,0.36022771239758494,2025-09-30 10:56:59.503845
0.17023807515805972,0.3970109816607379,2025-09-30 10:56:59.503845
0.1873988728020805,0.34403530379435376,2025-09-30 10:56:59.503845
0.1948616709236965,0.320656181949002,2025-09-30 10:56:59.503845
0.16590032867323665,0.30858137595645196,2025-09-30 10:56:59.503845
0.18744098819589303,0.2894633315167323,2025-09-30 10:56:59.503845
0.15860117499230114,0.3207345836302764,2025-09-30 10:56:59.503845
0.15859279390539366,0.330585733193415,2025-09-30 10:56:59.503845
0.1624508949689268,0.22876790810290176,2025-09-30 10:56:59.503845
0.17455003280906217,0.28770121172759816,2025-09-30 10:56:59.503845
0.19014351864427248,0.35801370988319814,2025-09-30 10:56:59.503845
0.16356441420873588,0.26376096832709006,2025-09-30 10:56:59.503845
0.16383117425923002,0.40067483670582915,2025-09-30 10:56:59.503845
0.18878771819535686,0.3816383761356063,2025-09-30 10:56:59.503845
0.16567931525383978,0.4397277490969407,2025-09-30 10:56:59.503845
0.16004491508032961,0.17692073447006582,2025-09-30 10:56:59.503845
0.17968382521113227,0.25913233109608297,2025-09-30 10:56:59.503845
0.193937501585086,0.2806019271052559,2025-09-30 10:56:59.503845
0.17147155719639806,0.48511841829026303,2025-09-30 10:56:59.503845
0.1854548509708212,0.4280035543664218,2025-09-30 10:56:59.503845
0.19024302518353098,0.315334922014059,2025-09-30 10:56:59.503845
0.19342144418286064,0.41542518422773933,2025-09-30 10:56:59.503845
0.18373747739787452,0.32415190222186496,2025-09-30 10:56:59.503845
0.16544141539651674,0.38551537818782966,2025-09-30 10:56:59.503845
0.14322800936396246,0.28800484255451736,2025-09-30 10:56:59.503845
0.16115420463461777,0.265367339674971,2025-09-30 10:56:59.503845
0.17616586892452743,0.3996798963122296,2025-09-30 10:56:59.503845
0.17574346323080153,0.38779860984747705,2025-09-30 10:56:59.503845
0.16778011547407487,0.5200868242974034,2025-09-30 10:56:59.503845
0.15686818347841258,0.32590629516035746,2025-09-30 10:56:59.503845
0.17897320503574546,0.340300495035037,2025-09-30 10:56:59.503845
0.21367517099940125,0.27512839326783267,2025-09-30 10:56:59.503845
0.1672826515846164,0.305427756065291,2025-09-30 10:56:59.503845
0.20804331295777567,0.4225953718859211,2025-09-30 10:56:59.503845
0.1541266216926834,0.43840787744474874,2025-09-30 10:56:59.503845
0.16735771163948399,0.3401511645599185,2025-09-30 10:56:59.503845
0.18693311376112226,0.39701144922963816,2025-09-30 10:56:59.503845
0.18605806065463543,0.384279485405905,2025-09-30 10:56:59.503845
0.19771787901394,0.45100479506983104,2025-09-30 10:56:59.503845
0.18556990102869478,0.3098505073650639,2025-09-30 10:56:59.503845
0.1808796181188901,0.27766011483065406,2025-09-30 10:56:59.503845
0.1781461988832963,0.43263168387634743,2025-09-30 10:56:59.503845
0.13437809485680635,0.25326378053429205,2025-09-30 10:56:59.503845
0.175794192163958,0.31790369795441437,2025-09-30 10:56:59.503845
0.1803134099380054,0.39353314669375833,2025-09-30 10:56:59.503845
0.2015512166496366,0.5339668858285685,2025-09-30 10:56:59.503845
0.18868384958404766,0.34655464836510963,2025-09-30 10:56:59.503845
0.1680411281871959,0.20355294411376137,2025-09-30 10:56:59.503845
0.15621333343748148,0.3553804607318371,2025-09-30 10:56:59.503845
0.14068581525796015,0.28658986474452747,2025-09-30 10:56:59.503845
0.17472109132849054,0.2306717719605872,2025-09-30 10:56:59.503845
0.18313456640374307,0.28960704384989827,2025-09-30 10:56:59.503845
0.17834465125321114,0.34945804721672846,2025-09-30 10:56:59.503845
0.182610919053459,0.21511217681720285,2025-09-30 10:56:59.503845
0.16917294435304722,0.3756127841497455,2025-09-30 10:56:59.503845
0.18733099756161187,0.3779947655561169,2025-09-30 10:56:59.503845
0.19186532248793847,0.36705491617032193,2025-09-30 10:56:59.503845
0.17611379990912374,0.3840440111567143,2025-09-30 10:56:59.503845
0.17345974744263817,0.2734688406291049,2025-09-30 10:56:59.503845
0.18266461485384797,0.4042500256840845,2025-09-30 10:56:59.503845
0.1647333606925079,0.39014309524811164,2025-09-30 10:56:59.503845
0.16770604872224093,0.48453589806103453,2025-09-30 10:56:59.503845
0.13923216866098867,0.3425616158361152,2025-09-30 10:56:59.503845
0.18248375152462976,0.358574336305673,2025-09-30 10:56:59.503845
0.17860104562269374,0.3938550293014147,2025-09-30 10:56:59.503845
0.1572514000745556,0.24088329399159047,2025-09-30 10:56:59.503845
0.18963504325022446,0.2731428953018416,2025-09-30 10:56:59.503845
0.2047855355370199,0.43165302952064605,2025-09-30 10:56:59.503845
0.1816076960059639,0.20214485547363809,2025-09-30 10:56:59.503845
0.16600105154458095,0.41653669295959783,2025-09-30 10:56:59.503845
0.20572843125464987,0.359616017705101,2025-09-30 10:56:59.503845
0.19785772350679426,0.3686378125291271,2025-09-30 10:56:59.503845
0.18362519073195427,0.28988280436838276,2025-09-30 10:56:59.503845
0.18809879333107074,0.44714071096447455,2025-09-30 10:56:59.503845
0.15171121535484308,0.40117288448336685,2025-09-30 10:56:59.503845
0.18218422337413995,0.26561062470460955,2025-09-30 10:56:59.503845
0.18416662811593645,0.2503353901414802,2025-09-30 10:56:59.503845
0.19700698459734955,0.33849173978869096,2025-09-30 10:56:59.503845
0.19042414903005556,0.3303111559748984,2025-09-30 10:56:59.503845
0.1802431597074418,0.28584652757941725,2025-09-30 10:56:59.503845
0.13316225961228503,0.37633563368514517,2025-09-30 10:56:59.503845
0.19593148882581427,0.4534861710231899,2025-09-30 10:56:59.503845
0.18757355164119563,0.43507766650853974,2025-09-30 10:56:59.503845
0.17041812073656246,0.2575922401466574,2025-09-30 10:56:59.503845
0.20641128782139934,0.2858825819425522,2025-09-30 10:56:59.503845
0.19265486732406772,0.365938536833062,2025-09-30 10:56:59.503845
0.2006791202375798,0.25904957576084,2025-09-30 10:56:59.503845
0.14072939686541547,0.3674467226296453,2025-09-30 10:56:59.503845
0.17184443227121354,0.32557241786976077,2025-09-30 10:56:59.503845
0.175253125070196,0.3442687170550826,2025-09-30 10:56:59.503845
0.16649990274174714,0.2332786572313571,2025-09-30 10:56:59.503845
0.19855035298749302,0.36965931113939976,2025-09-30 10:56:59.503845
0.17391145174216438,0.3688965000665457,2025-09-30 10:56:59.503845
0.17380256039620046,0.31648957979993786,2025-09-30 10:56:59.503845
0.1887761454473611,0.2360609846135472,2025-09-30 10:56:59.503845
0.18526285889481037,0.42858396997580206,2025-09-30 10:56:59.503845
0.1452963997951605,0.3703522731008271,2025-09-30 10:56:59.503845
0.21245077944028343,0.39706532176870857,2025-09-30 10:56:59.503845
0.16870046039453657,0.3192597725848521,2025-09-30 10:56:59.503845
0.19617975340802138,0.3806603976568874,2025-09-30 10:56:59.503845
0.17171278645974197,0.25782380798070537,2025-09-30 10:56:59.503845
0.19971168765335226,0.2904075615820476,2025-09-30 10:56:59.503845
0.1685750461118854,0.26663993342090925,2025-09-30 10:56:59.503845
0.15564512266053349,0.3830006569114298,2025-09-30 10:56:59.503845
0.21582593982189582,0.35205802734864006,2025-09-30 10:56:59.503845
0.17584574548318305,0.3144769324077024,2025-09-30 10:56:59.503845
0.2041868271204216,0.3720405130855213,2025-09-30 10:56:59.503845
0.16230300984383011,0.35317573982520256,2025-09-30 10:56:59.503845
0.15783613354622528,0.4081440742167288,2025-09-30 10:56:59.503845
0.17048297018177055,0.32696265464227325,2025-09-30 10:56:59.503845
0.17321365417969337,0.3363794274410282,2025-09-30 10:56:59.503845
0.19449857565627762,0.2427608144140725,2025-09-30 10:56:59.503845
0.15295326648776456,0.33046784784412603,2025-09-30 10:56:59.503845
0.1590254771642067,0.3012863338980634,2025-09-30 10:56:59.503845
0.16948709080969074,0.3799105099336149,2025-09-30 10:56:59.503845
0.19054681696303635,0.5580340019918756,2025-09-30 10:56:59.503845
0.17209889180321322,0.33434819039740843,2025-09-30 10:56:59.503845
0.18227782628375835,0.22963662528242323,2025-09-30 10:56:59.503845
0.14523187050412711,0.34359385140337845,2025-09-30 10:56:59.503845
0.18350020731678096,0.33218599371130536,2025-09-30 10:56:59.503845
0.17998985638215637,0.33719749969476503,2025-09-30 10:56:59.503845
0.1719296452012319,0.33658323176996063,2025-09-30 10:56:59.503845
0.1547314271768862,0.2220526887567249,2025-09-30 10:56:59.503845
0.1809830342222861,0.3355044728560883,2025-09-30 10:56:59.503845
0.20067588242903112,0.33851292888420215,2025-09-30 10:56:59.503845
0.16939746878607304,0.20735230717201644,2025-09-30 10:56:59.503845
0.17787477933374737,0.36603138116277123,2025-09-30 10:56:59.503845
0.17933511712443426,0.2958293454408943,2025-09-30 10:56:59.503845
0.1836355694846259,0.42573167695657926,2025-09-30 10:56:59.503845
0.19172892725953547,0.3315085545337733,2025-09-30 10:56:59.503845
0.1866550460919604,0.3470965531088006,2025-09-30 10:56:59.503845
0.1822906642689745,0.3216243982604092,2025-09-30 10:56:59.503845
0.16784614492424818,0.23720415548968754,2025-09-30 10:56:59.503845
0.16993708012473274,0.2900831892748724,2025-09-30 10:56:59.503845
0.17717524295962808,0.3262987883122728,2025-09-30 10:56:59.503845
0.1884547481864336,0.27014019240587694,2025-09-30 10:56:59.503845
0.17904376424158475,0.35402843187141886,2025-09-30 10:56:59.503845
0.18411907082142226,0.3297044511793207,2025-09-30 10:56:59.503845
0.1889988444533734,0.33557409987480946,2025-09-30 10:56:59.503845
0.16197767068219787,0.47914843299471754,2025-09-30 10:56:59.503845
0.23437280762900303,0.3986643749029603,2025-09-30 10:56:59.503845
0.19165134071707182,0.4242188913078965,2025-09-30 10:56:59.503845
0.19830435237550675,0.399383258084719,2025-09-30 10:56:59.503845
0.16964907095187076,0.36848474006480864,2025-09-30 10:56:59.503845
0.1692337670158459,0.3874638851016045,2025-09-30 10:56:59.503845
0.1471126299637724,0.407095413551406,2025-09-30 10:56:59.503845
0.1825013805140389,0.2793672142491976,2025-09-30 10:56:59.503845
0.19672366136492142,0.32557095674139547,2025-09-30 10:56:59.503845
0.1999241640645814,0.33397709214398286,2025-09-30 10:56:59.503845
0.17477959851085795,0.49206819015559167,2025-09-30 10:56:59.503845
0.16267840917124446,0.30781380367492606,2025-09-30 10:56:59.503845
0.19703655700238465,0.39548851476919045,2025-09-30 10:56:59.503845
0.2002290249693112,0.2605174840056471,2025-09-30 10:56:59.503845
0.18500843192803157,0.2334092660942977,2025-09-30 10:56:59.503845
0.17192160277816984,0.3516339481840975,2025-09-30 10:56:59.503845
0.1717938725559927,0.5050598288193178,2025-09-30 10:56:59.503845
0.16107829814013472,0.3660493885691746,2025-09-30 10:56:59.503845
0.19787513503509707,0.37591054159856424,2025-09-30 10:56:59.503845
0.18725664093337085,0.326350711651112,2025-09-30 10:56:59.503845
0.18150807039273123,0.4334552220056271,2025-09-30 10:56:59.503845
0.161684697422326,0.3357502480157914,2025-09-30 10:56:59.503845
0.19195451726586626,0.2803968090498942,2025-09-30 10:56:59.503845
0.1882786633122526,0.3341845794955853,2025-09-30 10:56:59.503845
0.18324993941048695,0.2507047466309817,2025-09-30 10:56:59.503845
0.1479305865123094,0.3060400133755164,2025-09-30 10:56:59.503845
0.15838034038923565,0.2474693391193416,2025-09-30 10:56:59.503845
0.18159839471195646,0.36826057425706565,2025-09-30 10:56:59.503845
0.20530213452263935,0.254876498395377,2025-09-30 10:56:59.503845
0.19205422652074777,0.31889106137037737,2025-09-30 10:56:59.503845
0.18452319900054437,0.36876811509918006,2025-09-30 10:56:59.503845
0.1893050157167765,0.3023734157372823,2025-09-30 10:56:59.503845
0.14094806159164358,0.36449176043672527,2025-09-30 10:56:59.503845
0.15490491654147853,0.3689694367906856,2025-09-30 10:56:59.503845
0.22555174487261617,0.16617915443341955,2025-09-30 10:56:59.503845
0.19396758346681817,0.2766277503400608,2025-09-30 10:56:59.503845
0.14453019409140044,0.463424864381649,2025-09-30 10:56:59.503845
0.19729945343168104,0.27916824759293835,2025-09-30 10:56:59.503845
0.1808985759183372,0.16939698289537433,2025-09-30 10:56:59.503845
0.203027811076752,0.337694052781744,2025-09-30 10:56:59.503845
0.19015312131746048,0.26476937268326006,2025-09-30 10:56:59.503845
0.18029226249119493,0.25823882842245616,2025-09-30 10:56:59.503845
0.18776718506964998,0.4299037380322162,2025-09-30 10:56:59.503845
0.16367663462568507,0.3593051376934243,2025-09-30 10:56:59.503845
0.16436364468224826,0.40194440273687443,2025-09-30 10:56:59.503845
0.1702450465978764,0.3594905806794935,2025-09-30 10:56:59.503845
0.17627597378657586,0.2794987424309985,2025-09-30 10:56:59.503845
0.1797342214106274,0.32785693247639064,2025-09-30 10:56:59.503845
0.17930287915271229,0.45091113978642966,2025-09-30 10:56:59.503845
0.20532087971362378,0.33201260367344937,2025-09-30 10:56:59.503845
0.17654561532629434,0.3588823575543201,2025-09-30 10:56:59.503845
0.19429999076338983,0.16187377100251968,2025-09-30 10:56:59.503845
0.17868686068212208,0.2816620546371771,2025-09-30 10:56:59.503845
0.1636764191460427,0.3385415972095953,2025-09-30 10:56:59.503845
0.15566337831509566,0.29569892816902194,2025-09-30 10:56:59.503845
0.14696476942630526,0.2614743098904314,2025-09-30 10:56:59.503845
0.18243991113351704,0.1729595893257659,2025-09-30 10:56:59.503845
0.16192075280158663,0.41164409926086437,2025-09-30 10:56:59.503845
0.20672427726808595,0.37142833732520747,2025-09-30 10:56:59.503845
0.19466372050490763,0.4048540902962677,2025-09-30 10:56:59.503845
0.1924050051100634,0.3824934550856285,2025-09-30 10:56:59.503845
0.1601331270964523,0.34107314827789637,2025-09-30 10:56:59.503845
0.18470517025639,0.39142548140526934,2025-09-30 10:56:59.503845
0.17858511879572755,0.32526616002936376,2025-09-30 10:56:59.503845
0.17062913173028083,0.28606171731012786,2025-09-30 10:56:59.503845
0.17334543549112247,0.22916976516960597,2025-09-30 10:56:59.503845
0.19567406132525098,0.3228548814954296,2025-09-30 10:56:59.503845
0.18519381778774202,0.23779774073915025,2025-09-30 10:56:59.503845
0.19113284902601413,0.30193652745829014,2025-09-30 10:56:59.503845
0.18736567876024582,0.40894687076073843,2025-09-30 10:56:59.503845
0.18378286822875253,0.45796038627133095,2025-09-30 10:56:59.503845
0.17705266172947853,0.3327343027699392,2025-09-30 10:56:59.503845
0.16437544640973958,0.3830420928153286,2025-09-30 10:56:59.503845
0.1925807280665552,0.44520782595925046,2025-09-30 10:56:59.503845
0.19202140690883043,0.27673654319307084,2025-09-30 10:56:59.503845
0.1853317345061583,0.2972014420480721,2025-09-30 10:56:59.503845
0.19090273404218755,0.2676079501891375,2025-09-30 10:56:59.503845
0.17228145337397124,0.24770030167373783,2025-09-30 10:56:59.503845
0.1846329473550626,0.32363925982320746,2025-09-30 10:56:59.503845
0.1649467643962298,0.31211412444635,2025-09-30 10:56:59.503845
0.203733844512302,0.3735821131296477,2025-09-30 10:56:59.503845
0.17049546174380215,0.2457314125306146,2025-09-30 10:56:59.503845
0.18754589861839024,0.4338411068022175,2025-09-30 10:56:59.503845
0.16348469216159892,0.3336761453229293,2025-09-30 10:56:59.503845
0.15682854707173396,0.2689866191415561,2025-09-30 10:56:59.503845
0.19186558668800915,0.1857525802857786,2025-09-30 10:56:59.503845
0.20364018078905055,0.29852855171614173,2025-09-30 10:56:59.503845
0.16707874948190402,0.4605265016816313,2025-09-30 10:56:59.503845
0.16364729768026953,0.3514256487484171,2025-09-30 10:56:59.503845
0.1724705751913439,0.32854973083729627,2025-09-30 10:56:59.503845
0.1959909877099358,0.2544737327841663,2025-09-30 10:56:59.503845
0.16286949707878384,0.3392690613535127,2025-09-30 10:56:59.503845
0.15649853275228712,0.24590206126957065,2025-09-30 10:56:59.503845
0.17838915604423633,0.3698892839481399,2025-09-30 10:56:59.503845
0.19330171518042072,0.21946703661788172,2025-09-30 10:56:59.503845
0.15504546685234663,0.39944903160142925,2025-09-30 10:56:59.503845
0.20359720161056283,0.24754956480884563,2025-09-30 10:56:59.503845
0.13222535470356456,0.29681211824029,2025-09-30 10:56:59.503845
0.1880383558777085,0.310497591682359,2025-09-30 10:56:59.503845
0.18026602058935612,0.27133780218721515,2025-09-30 10:56:59.503845
0.14600080122249806,0.33869694782839177,2025-09-30 10:56:59.503845
0.18786111955952542,0.3843282290316768,2025-09-30 10:56:59.503845
0.17990917448553723,0.3641652791732909,2025-09-30 10:56:59.503845
0.16496064474350844,0.3228841214796639,2025-09-30 10:56:59.503845
0.17962542923499514,0.21948356499456587,2025-09-30 10:56:59.503845
0.16034236735090185,0.3670686806005737,2025-09-30 10:56:59.503845
0.17697181790946404,0.3511451946896874,2025-09-30 10:56:59.503845
0.15719830059593676,0.23810675653303284,2025-09-30 10:56:59.503845
0.2011080536548134,0.35420066951751894,2025-09-30 10:56:59.503845
0.18891038820579106,0.3844122103631238,2025-09-30 10:56:59.503845
0.20982836114730993,0.4053668541588096,2025-09-30 10:56:59.503845
0.17469940340011966,0.35290139063688303,2025-09-30 10:56:59.503845
0.20300906131843333,0.3527300413644235,2025-09-30 10:56:59.503845
0.18175204024487507,0.32532094793520155,2025-09-30 10:56:59.503845
0.20429998975067407,0.32136042719077434,2025-09-30 10:56:59.503845
0.17541246816252531,0.36547830589403796,2025-09-30 10:56:59.503845
0.16915490412391213,0.44024568697340427,2025-09-30 10:56:59.503845
0.16841078388594652,0.298117385131494,2025-09-30 10:56:59.503845
0.17105808366940428,0.2959990371955321,2025-09-30 10:56:59.503845
0.17767452288020594,0.40162079504922843,2025-09-30 10:56:59.503845
0.18223389130164305,0.3650864786733023,2025-09-30 10:56:59.503845
0.14875964735300956,0.3354431402965966,2025-09-30 10:56:59.503845
0.1583673666972105,0.39679521277380486,2025-09-30 10:56:59.503845
0.1698959419459339,0.3663546022362586,2025-09-30 10:56:59.503845
0.1495399167531589,0.32005879861716424,2025-09-30 10:56:59.503845
0.17898428576461964,0.45512946475845106,2025-09-30 10:56:59.503845
0.2015857885868751,0.31494615992707115,2025-09-30 10:56:59.503845
0.16489280286047184,0.32525864322434356,2025-09-30 10:56:59.503845
0.194298222698667,0.33160618236065303,2025-09-30 10:56:59.503845
0.1878178546797778,0.2866438001449344,2025-09-30 10:56:59.503845
0.17290137196403974,0.32616134761303217,2025-09-30 10:56:59.503845
0.15658456090903125,0.27484225776939775,2025-09-30 10:56:59.503845
0.1666677042608525,0.35221698628006826,2025-09-30 10:56:59.503845
0.1873542416693883,0.22882224863578943,2025-09-30 10:56:59.503845
0.17826851857157747,0.43440218400720576,2025-09-30 10:56:59.503845
0.17906736371512555,0.48268154775597627,2025-09-30 10:56:59.503845
0.17624208975646927,0.26801232924037804,2025-09-30 10:56:59.503845
0.20319875903962667,0.38276156853526827,2025-09-30 10:56:59.503845
0.16866509793381174,0.22734565182379232,2025-09-30 10:56:59.503845
0.1767027819985224,0.5133916209297278,2025-09-30 10:56:59.503845
0.18766217356110776,0.36508274250409306,2025-09-30 10:56:59.503845
0.186001709317219,0.4185844033610717,2025-09-30 10:56:59.503845
0.17266127706163273,0.3709269454201582,2025-09-30 10:56:59.503845
0.18372720294838432,0.2644348937327141,2025-09-30 10:56:59.503845
0.18567285047981735,0.34217131804316575,2025-09-30 10:56:59.503845
0.18980409081046704,0.2845794544593171,2025-09-30 10:56:59.503845
0.17168643995884306,0.35713370897172697,2025-09-30 10:56:59.503845
0.17722991755771117,0.45680041482461997,2025-09-30 10:56:59.503845
0.15152435572921324,0.21714342053194607,2025-09-30 10:56:59.503845
0.17969067316510987,0.3786603556717471,2025-09-30 10:56:59.503845
0.1985191604382618,0.3907249138834031,2025-09-30 10:56:59.503845
0.18674401679534347,0.32063196609650935,2025-09-30 10:56:59.503845
0.19173757299060407,0.3145779185958153,2025-09-30 10:56:59.503845
0.19014289227554684,0.2781518977768799,2025-09-30 10:56:59.503845
0.14055663755002562,0.3414168560303159,2025-09-30 10:56:59.503845
0.19253120391222936,0.28308711218757115,2025-09-30 10:56:59.503845
0.18267327549201487,0.3339207568065225,2025-09-30 10:56:59.503845
0.18428833372099224,0.16232917042005907,2025-09-30 10:56:59.503845
0.19683914164733476,0.2879328688415075,2025-09-30 10:56:59.503845
0.18661005611428896,0.4376155217189436,2025-09-30 10:56:59.503845
0.18634165681625603,0.35903466546485435,2025-09-30 10:56:59.503845
0.1893491899950383,0.4834542160324736,2025-09-30 10:56:59.503845
0.16073191944281454,0.4297538504394942,2025-09-30 10:56:59.503845
0.20550684124845944,0.266975364354606,2025-09-30 10:56:59.503845
0.18671193545116116,0.3369305150042006,2025-09-30 10:56:59.503845
0.1872985042677958,0.39558752397218544,2025-09-30 10:56:59.503845
0.19623668516344173,0.2797768613963073,2025-09-30 10:56:59.503845
0.2030013811492865,0.4972023396533193,2025-09-30 10:56:59.503845
0.17034180437618196,0.3585980368247837,2025-09-30 10:56:59.503845
0.177019505211668,0.25299917502468333,2025-09-30 10:56:59.503845
0.15750013223204498,0.4062827390975873,2025-09-30 10:56:59.503845
0.18623409099204413,0.38844844837805637,2025-09-30 10:56:59.503845
0.17608314132529276,0.3092278962746913,2025-09-30 10:56:59.503845
0.17256453444113268,0.31952053134174113,2025-09-30 10:56:59.503845
0.19675118337031194,0.2296212890881697,2025-09-30 10:56:59.503845
0.20274045644381317,0.2647928225021917,2025-09-30 10:56:59.503845
0.19975785421975079,0.2510618760036305,2025-09-30 10:56:59.503845
0.16804400690947244,0.2670301525940829,2025-09-30 10:56:59.503845
0.195951616335549,0.2887784351679329,2025-09-30 10:56:59.503845
0.20061292505334333,0.5314094233004347,2025-09-30 10:56:59.503845
0.18610607282390007,0.2808982586689672,2025-09-30 10:56:59.503845
0.15709235069661304,0.35942481131235343,2025-09-30 10:56:59.503845
0.19118891708937275,0.26322901460121695,2025-09-30 10:56:59.503845
0.16574794222790645,0.25287285798068804,2025-09-30 10:56:59.503845
0.1958243157761962,0.25503091419775487,2025-09-30 10:56:59.503845
0.1746330089293423,0.29331952199450223,2025-09-30 10:56:59.503845
0.17829092439400268,0.2917072241810823,2025-09-30 10:56:59.503845
0.1848225110737935,0.20694027300281426,2025-09-30 10:56:59.503845
0.17313182630515775,0.4142925452148402,2025-09-30 10:56:59.503845
0.17276128581754613,0.378876572927834,2025-09-30 10:56:59.503845
0.1826184502875894,0.29687752842722454,2025-09-30 10:56:59.503845
0.17029493796065298,0.24815505509157781,2025-09-30 10:56:59.503845
0.15885381740771942,0.3135938050904999,2025-09-30 10:56:59.503845
0.19082647029974883,0.2913452649067937,2025-09-30 10:56:59.503845
0.18819629368624785,0.2942226173801832,2025-09-30 10:56:59.503845
0.15852172898032663,0.30371773938807234,2025-09-30 10:56:59.503845
0.17593396177200474,0.5554565776847603,2025-09-30 10:56:59.503845
0.19094650274176211,0.4350266951419436,2025-09-30 10:56:59.503845
0.19598210476907058,0.5267790005643007,2025-09-30 10:56:59.503845
0.1534592322034654,0.40707995094342014,2025-09-30 10:56:59.503845
0.1851979616847667,0.43040582939581745,2025-09-30 10:56:59.503845
0.18720638797921724,0.2035659143844694,2025-09-30 10:56:59.503845
0.18662675106658813,0.3390004560344775,2025-09-30 10:56:59.503845
0.16766930988471904,0.4009441536604779,2025-09-30 10:56:59.503845
0.16274120528427485,0.30558189452232454,2025-09-30 10:56:59.503845
0.20694644703840984,0.29137023716280236,2025-09-30 10:56:59.503845
0.16069022431356556,0.360692910643694,2025-09-30 10:56:59.503845
0.1782574496847466,0.4085408016731015,2025-09-30 10:56:59.503845
0.16005295630423658,0.23702935151330082,2025-09-30 10:56:59.503845
0.17763287730669872,0.39797316788592163,2025-09-30 10:56:59.503845
0.16849376770338764,0.3872717889132664,2025-09-30 10:56:59.503845
0.16769350090758858,0.2908460378186261,2025-09-30 10:56:59.503845
0.19519598616995845,0.4032607116012432,2025-09-30 10:56:59.503845
0.18073995760467224,0.27937714111538753,2025-09-30 10:56:59.503845
0.2048458540071244,0.34041403377990026,2025-09-30 10:56:59.503845
0.1918196863750965,0.2929850828253597,2025-09-30 10:56:59.503845
0.17007893791174866,0.27381270529879537,2025-09-30 10:56:59.503845
0.19273823816325752,0.3654047320988125,2025-09-30 10:56:59.503845
0.1652127519225191,0.3398994774622421,2025-09-30 10:56:59.503845
0.19392799495596272,0.272122030538278,2025-09-30 10:56:59.503845
0.1743610872902814,0.43900360473603267,2025-09-30 10:56:59.503845
0.15029832826554584,0.34565748510859845,2025-09-30 10:56:59.503845
0.19531329161851962,0.35285032712360587,2025-09-30 10:56:59.503845
0.15327514822107652,0.3029338540129663,2025-09-30 10:56:59.503845
0.17715800994395622,0.3948470997848864,2025-09-30 10:56:59.503845
0.18884214973048316,0.3110381205442469,2025-09-30 10:56:59.503845
0.16117636316040854,0.35652891485265664,2025-09-30 10:56:59.503845
0.2132770248585364,0.2578481103285474,2025-09-30 10:56:59.503845
0.14688007197009909,0.4601745352679736,2025-09-30 10:56:59.503845
0.16665587752646183,0.3543612899399093,2025-09-30 10:56:59.503845
0.18142687707496102,0.3084663862704005,2025-09-30 10:56:59.503845
0.19154035131814232,0.35678825494629807,2025-09-30 10:56:59.503845
0.18168491611327664,0.3637236593723867,2025-09-30 10:56:59.503845
0.17655757682416362,0.4027632936119079,2025-09-30 10:56:59.503845
0.18402700024290397,0.33708123208075114,2025-09-30 10:56:59.503845
0.196999496487044,0.1729768623597887,2025-09-30 10:56:59.503845
0.17266664998077294,0.34783175640781216,2025-09-30 10:56:59.503845
0.20452158997949468,0.23041258464818568,2025-09-30 10:56:59.503845
0.15602183484325863,0.34548087682616446,2025-09-30 10:56:59.503845
0.190513529992484,0.3986801797831957,2025-09-30 10:56:59.503845
0.1916813922113063,0.3014738753694077,2025-09-30 10:56:59.503845
0.14553500695439897,0.2408673183822848,2025-09-30 10:56:59.503845
0.17480778192012564,0.36771817968816395,2025-09-30 10:56:59.503845
0.16794600584672997,0.4239658347555746,2025-09-30 10:56:59.503845
0.1653998577494622,0.42167498495378164,2025-09-30 10:56:59.503845
0.17569044715275942,0.371494964262212,2025-09-30 10:56:59.503845
0.1760448123834078,0.30795905339147855,2025-09-30 10:56:59.503845
0.1368014920879284,0.23648304115173402,2025-09-30 10:56:59.503845
0.18153890019459024,0.4031097421161049,2025-09-30 10:56:59.503845
0.21953738137009807,0.4157423894782507,2025-09-30 10:56:59.503845
0.18204915892148732,0.20047097027268523,2025-09-30 10:56:59.503845
0.2115600399579689,0.38773996073844047,2025-09-30 10:56:59.503845
0.1751337637966609,0.3743331672080294,2025-09-30 10:56:59.503845
0.19062390181913497,0.2724477054146062,2025-09-30 10:56:59.503845
0.17651520382115285,0.379659608958146,2025-09-30 10:56:59.503845
0.1798030096452343,0.4018828308562128,2025-09-30 10:56:59.503845
0.17038000058110303,0.37251122547467247,2025-09-30 10:56:59.503845
0.18929356406412143,0.4435673910666447,2025-09-30 10:56:59.503845
0.18053456053493114,0.3194175584180318,2025-09-30 10:56:59.503845
0.20871641219739176,0.337480677470741,2025-09-30 10:56:59.503845
0.17305997179791263,0.3095383649907858,2025-09-30 10:56:59.503845
0.1633472430357029,0.317069241550643,2025-09-30 10:56:59.503845
0.18609693318583434,0.41036773025722584,2025-09-30 10:56:59.503845
0.1770723946131284,0.32486636049316964,2025-09-30 10:56:59.503845
0.19278274065854217,0.3826649236843824,2025-09-30 10:56:59.503845
0.18897601431016633,0.32043281915081967,2025-09-30 10:56:59.503845
0.15814072244204508,0.3556071917469847,2025-09-30 10:56:59.503845
0.14986563947414053,0.3633037316792182,2025-09-30 10:56:59.503845
0.1708859432597444,0.3278458454501183,2025-09-30 10:56:59.503845
0.19642822174375632,0.3856908659210617,2025-09-30 10:56:59.503845
0.1878258106890473,0.3180169070327347,2025-09-30 10:56:59.503845
0.18906128670457956,0.3229469237133278,2025-09-30 10:56:59.503845
0.18866846267355888,0.2791294681842931,2025-09-30 10:56:59.503845
0.1805800714500072,0.434445826855163,2025-09-30 10:56:59.503845
0.17694261674067047,0.35917731025155597,2025-09-30 10:56:59.503845
0.19010832672914796,0.2434770953493333,2025-09-30 10:56:59.503845
0.19136070924951232,0.45202010443797835,2025-09-30 10:56:59.503845
0.19432327923443377,0.3890171691990232,2025-09-30 10:56:59.503845
0.18467507326718183,0.3498244266107408,2025-09-30 10:56:59.503845
0.18024865497808884,0.2717454630584317,2025-09-30 10:56:59.503845
0.162369871371174,0.34120452833924003,2025-09-30 10:56:59.503845
0.2063668812836948,0.260504410625855,2025-09-30 10:56:59.503845
0.17328311124505144,0.29234013343317233,2025-09-30 10:56:59.503845
0.21349364968510245,0.30618863721575357,2025-09-30 10:56:59.503845
0.19288897060308446,0.3426096531969974,2025-09-30 10:56:59.503845
0.17527702394642591,0.340314043784616,2025-09-30 10:56:59.503845
0.1896763282030969,0.37796723329733095,2025-09-30 10:56:59.503845
0.18952062521082913,0.239259554260284,2025-09-30 10:56:59.503845
0.18308379913317682,0.3144888997136646,2025-09-30 10:56:59.503845
0.16993557962738762,0.34625890947772675,2025-09-30 10:56:59.503845
0.20039677286897956,0.4060170136090042,2025-09-30 10:56:59.503845
0.19593518942495683,0.45473371972745713,2025-09-30 10:56:59.503845
0.15288359652088246,0.325596146234775,2025-09-30 10:56:59.503845
0.1719842390833941,0.4163210496827269,2025-09-30 10:56:59.503845
0.16694695838837895,0.4762298760725546,2025-09-30 10:56:59.503845
0.21755656079415148,0.30382058941014445,2025-09-30 10:56:59.503845
0.22286700835246043,0.3966196166089807,2025-09-30 10:56:59.503845
0.17305669652216332,0.2522044803641105,2025-09-30 10:56:59.503845
0.1618491139101712,0.1625699912957417,2025-09-30 10:56:59.503845
0.1852657502892539,0.3760123417710638,2025-09-30 10:56:59.503845
0.17698548023019384,0.31012712998892344,2025-09-30 10:56:59.503845
0.180671696618199,0.4772084254877206,2025-09-30 10:56:59.503845
0.18279559953401714,0.27261685978143135,2025-09-30 10:56:59.503845
0.15440426055243325,0.3701309162029872,2025-09-30 10:56:59.503845
0.16220520140407488,0.3986903931336658,2025-09-30 10:56:59.503845
0.15876743474098287,0.22170152097844498,2025-09-30 10:56:59.503845
0.14754466690553114,0.30944330267965886,2025-09-30 10:56:59.503845
0.17733892818411717,0.32156420663230834,2025-09-30 10:56:59.503845
0.17452335256222973,0.425880676622916,2025-09-30 10:56:59.503845
0.16773843309005507,0.29091263492383557,2025-09-30 10:56:59.503845
0.17235864237140594,0.3137781505551549,2025-09-30 10:56:59.503845
0.17905598605157952,0.3444102397548303,2025-09-30 10:56:59.503845
0.1836357190576101,0.3911479651516614,2025-09-30 10:56:59.503845
0.1768214781181269,0.40239915938778315,2025-09-30 10:56:59.503845
0.1697874499039426,0.18170417102859443,2025-09-30 10:56:59.503845
0.17506700050214952,0.500542414110585,2025-09-30 10:56:59.503845
0.18393922794216447,0.4813018231524968,2025-09-30 10:56:59.503845
0.16038748306141276,0.4167904205552858,2025-09-30 10:56:59.503845
0.18270541873843998,0.34282692666024955,2025-09-30 10:56:59.503845
0.19294744654836474,0.27633785061289323,2025-09-30 10:56:59.503845
0.1684983004113967,0.37281684728716313,2025-09-30 10:56:59.503845
0.16227153976400038,0.43122166651043986,2025-09-30 10:56:59.503845
0.18099286048400431,0.44081784294698495,2025-09-30 10:56:59.503845
0.1763132835191541,0.3382278338972654,2025-09-30 10:56:59.503845
0.18885541307124118,0.39461591547978114,2025-09-30 10:56:59.503845
0.17157959021532518,0.47649479188120425,2025-09-30 10:56:59.503845
0.17126716433587177,0.37008662990689345,2025-09-30 10:56:59.503845
0.16629567712869026,0.38730748960381267,2025-09-30 10:56:59.503845
0.1600658902969281,0.2707435819431603,2025-09-30 10:56:59.503845
0.17079431212369142,0.29478136580201086,2025-09-30 10:56:59.503845
0.17586681870907953,0.3854641072654273,2025-09-30 10:56:59.503845
0.21613718100651946,0.2515659548336911,2025-09-30 10:56:59.503845
0.18918810910181097,0.3836457940378024,2025-09-30 10:56:59.503845
0.19573425538015224,0.34947701855325614,2025-09-30 10:56:59.503845
0.18871707603328505,0.19183580946173925,2025-09-30 10:56:59.503845
0.1885150930143426,0.24041531892108953,2025-09-30 10:56:59.503845
0.18103850826083365,0.3608183433212333,2025-09-30 10:56:59.503845
0.16404491690026515,0.39669951933927894,2025-09-30 10:56:59.503845
0.16110222160716064,0.2057393663451822,2025-09-30 10:56:59.503845
0.20794501180693672,0.37702007270390625,2025-09-30 10:56:59.503845
0.17209410732363498,0.34031659549568455,2025-09-30 10:56:59.503845
0.16602968707687968,0.2775519965848188,2025-09-30 10:56:59.503845
0.20585001495622923,0.3635437362133505,2025-09-30 10:56:59.503845
0.16000518682455506,0.33673643691270966,2025-09-30 10:56:59.503845
0.1971192695292004,0.31372258582506246,2025-09-30 10:56:59.503845
0.19687692788461075,0.375503840974805,2025-09-30 10:56:59.503845
0.18027561243742055,0.2305013507109423,2025-09-30 10:56:59.503845
0.14932709054707768,0.46040514402129784,2025-09-30 10:56:59.503845
0.1941405279809236,0.2984290733749727,2025-09-30 10:56:59.503845
0.16351606812682049,0.5114689625131368,2025-09-30 10:56:59.503845
0.1627583871633176,0.3686787291448852,2025-09-30 10:56:59.503845
0.22257889809994563,0.5586747741568419,2025-09-30 10:56:59.503845
0.19995791414803515,0.257623520414008,2025-09-30 10:56:59.503845
0.19633624767066163,0.2598823294266802,2025-09-30 10:56:59.503845
0.20896152761310238,0.49534021867297706,2025-09-30 10:56:59.503845
0.19263198012523516,0.19578958794272777,2025-09-30 10:56:59.503845
0.17951422649475007,0.33860830185213675,2025-09-30 10:56:59.503845
0.1865979948131765,0.39406426562982755,2025-09-30 10:56:59.503845
0.14983837925943083,0.3791797002457602,2025-09-30 10:56:59.503845
0.16517052108301308,0.3558776948157451,2025-09-30 10:56:59.503845
0.18010604796813667,0.4625715976725502,2025-09-30 10:56:59.503845
0.16773394286339302,0.4054259567008417,2025-09-30 10:56:59.503845
0.14555499429625646,0.20791836225668148,2025-09-30 10:56:59.503845
0.1822203411030764,0.20964304371273207,2025-09-30 10:56:59.503845
0.15977342109101933,0.4418244485621235,2025-09-30 10:56:59.503845
0.1635014051926131,0.31604256793978097,2025-09-30 10:56:59.503845
0.16589449628930508,0.4861366157741279,2025-09-30 10:56:59.503845
0.17919490838870447,0.45354072018050945,2025-09-30 10:56:59.503845
0.18496922716920464,0.224084225110881,2025-09-30 10:56:59.503845
0.1814743785036555,0.3723510725819946,2025-09-30 10:56:59.503845
0.1692205738008679,0.22352614955201783,2025-09-30 10:56:59.503845
0.16455253459315303,0.4182145014782688,2025-09-30 10:56:59.503845
0.19668271021678174,0.3116914305011761,2025-09-30 10:56:59.503845
0.20888556617025245,0.3576286255004013,2025-09-30 10:56:59.503845
0.16892541868478803,0.3209965508303754,2025-09-30 10:56:59.503845
0.1685785454113079,0.4084773878557631,2025-09-30 10:56:59.503845
0.17297781096794596,0.40579680539945007,2025-09-30 10:56:59.503845
0.17458824072997414,0.3081827896860611,2025-09-30 10:56:59.503845
0.17934332971690373,0.414605999585031,2025-09-30 10:56:59.503845
0.16689622880894311,0.44247402667567776,2025-09-30 10:56:59.503845
0.18614071964877846,0.4666905583417231,2025-09-30 10:56:59.503845
0.17132875204521986,0.4528737918718612,2025-09-30 10:56:59.503845
0.2206860023842408,0.41249032984763956,2025-09-30 10:56:59.503845
0.19015609331821612,0.22693405745321424,2025-09-30 10:56:59.503845
0.18165589012894115,0.3622660624233541,2025-09-30 10:56:59.503845
0.19135366155794942,0.39391489166534926,2025-09-30 10:56:59.503845
0.19982043347511855,0.23305673404635757,2025-09-30 10:56:59.503845
0.16812411340404282,0.42949907577595625,2025-09-30 10:56:59.503845
0.1909963251609814,0.4710787669232648,2025-09-30 10:56:59.503845
0.1968359991085524,0.3558328741978623,2025-09-30 10:56:59.503845
0.17774401315945254,0.13850356730298727,2025-09-30 10:56:59.503845
0.17854794766843118,0.3379176960435739,2025-09-30 10:56:59.503845
0.1836646234055137,0.29665024919021055,2025-09-30 10:56:59.503845
0.2050597502247464,0.3742940966890139,2025-09-30 10:56:59.503845
0.15890161939299635,0.3192387005518721,2025-09-30 10:56:59.503845
0.17839555012649036,0.3467338584978459,2025-09-30 10:56:59.503845
0.19845244020821606,0.22041862842003546,2025-09-30 10:56:59.503845
0.2046046341107507,0.3043265534175519,2025-09-30 10:56:59.503845
0.1732179602270468,0.30367986282525666,2025-09-30 10:56:59.503845
0.1936531141320464,0.409175835313765,2025-09-30 10:56:59.503845
0.1968953805954273,0.30673524262251106,2025-09-30 10:56:59.503845
0.1769962450861925,0.3190915568400734,2025-09-30 10:56:59.503845
0.1742809419881719,0.38884938887233284,2025-09-30 10:56:59.503845
0.2091843104775127,0.3311728853354974,2025-09-30 10:56:59.503845
0.18718787057179645,0.5154263997983354,2025-09-30 10:56:59.503845
0.204577278607867,0.33142878465588393,2025-09-30 10:56:59.503845
0.1357952031623303,0.23087378601953062,2025-09-30 10:56:59.503845
0.1541272532394835,0.3010281501634011,2025-09-30 10:56:59.503845
0.15445014183777522,0.43196364915776714,2025-09-30 10:56:59.503845
0.1657792878768807,0.30149097057797025,2025-09-30 10:56:59.503845
0.18544162209203457,0.408854577470901,2025-09-30 10:56:59.503845
0.1841952683885154,0.3729842042622338,2025-09-30 10:56:59.503845
0.20038871694546795,0.3571094591510621,2025-09-30 10:56:59.503845
0.16691923868988665,0.24885770828143913,2025-09-30 10:56:59.503845
0.17286709388298535,0.20635410425018327,2025-09-30 10:56:59.503845
0.1766842642753934,0.2932951012282539,2025-09-30 10:56:59.503845
0.20380305327573708,0.3678402352102269,2025-09-30 10:56:59.503845
0.17983894144038762,0.5130844742281699,2025-09-30 10:56:59.503845
0.18790550358858163,0.4612772099976665,2025-09-30 10:56:59.503845
0.19268836444935378,0.2980225830485813,2025-09-30 10:56:59.503845
0.19905469037604925,0.2683033385907732,2025-09-30 10:56:59.503845
0.1951549777435967,0.21480196028304865,2025-09-30 10:56:59.503845
0.17128112508719368,0.2869207205160484,2025-09-30 10:56:59.503845
0.18166432091968196,0.374959132277993,2025-09-30 10:56:59.503845
0.20192623754518543,0.427816920198857,2025-09-30 10:56:59.503845
0.16515413832625372,0.23722670714436483,2025-09-30 10:56:59.503845
0.2046241019902784,0.4043274770479849,2025-09-30 10:56:59.503845
0.2046977502434966,0.4001737104043645,2025-09-30 10:56:59.503845
0.15775567440994775,0.29117941673070225,2025-09-30 10:56:59.503845
0.15180975585282955,0.35593723799428717,2025-09-30 10:56:59.503845
0.18907174118790832,0.26874329788815166,2025-09-30 10:56:59.503845
0.18494478083205654,0.2826125307044023,2025-09-30 10:56:59.503845
0.18797731838758774,0.470733837246442,2025-09-30 10:56:59.503845
0.17097784564272725,0.34102792487642947,2025-09-30 10:56:59.503845
0.18296108794042654,0.32927339392405636,2025-09-30 10:56:59.503845
0.1999016937278512,0.3416817100298183,2025-09-30 10:56:59.503845
0.20348375690994502,0.2929175796621183,2025-09-30 10:56:59.503845
0.1657400679025603,0.43272230167450143,2025-09-30 10:56:59.503845
0.18045312603265307,0.3914002377760587,2025-09-30 10:56:59.503845
0.18830698358275622,0.3050971833158188,2025-09-30 10:56:59.503845
0.17845748546882761,0.32083970250434696,2025-09-30 10:56:59.503845
0.1644670464929465,0.39197669655923006,2025-09-30 10:56:59.503845
0.16698192356170677,0.381298938447186,2025-09-30 10:56:59.503845
0.1976325673646015,0.21339910625360364,2025-09-30 10:56:59.503845
0.18701787289835847,0.3345393150654302,2025-09-30 10:56:59.503845
0.18912284301016585,0.43449233969554313,2025-09-30 10:56:59.503845
0.16449210228148756,0.4180542500990529,2025-09-30 10:56:59.503845
0.16869070920299828,0.2742704364123096,2025-09-30 10:56:59.503845
0.1697314664523221,0.39042655661992914,2025-09-30 10:56:59.503845
0.1536329444504295,0.31722284547201357,2025-09-30 10:56:59.503845
0.1983603817654999,0.31560231858971266,2025-09-30 10:56:59.503845
0.17287687101892438,0.3897623509941039,2025-09-30 10:56:59.503845
0.1599108211069734,0.43168344222767274,2025-09-30 10:56:59.503845
0.18479185408767748,0.1989475485107233,2025-09-30 10:56:59.503845
0.17739217524827758,0.2285799969647243,2025-09-30 10:56:59.503845
0.18786850642658634,0.2661802953263213,2025-09-30 10:56:59.503845
0.1480175845528817,0.2696713486643888,2025-09-30 10:56:59.503845
0.18243313054691138,0.4875963224131419,2025-09-30 10:56:59.503845
0.2036681361030982,0.1641223541950443,2025-09-30 10:56:59.503845
0.1805644062984969,0.30724782336179624,2025-09-30 10:56:59.503845
0.20869588606265507,0.30722999866114115,2025-09-30 10:56:59.503845
0.18280426476029374,0.27089049587632924,2025-09-30 10:56:59.503845
0.17772777653987262,0.3984912514058261,2025-09-30 10:56:59.503845
0.16895175815578153,0.3621445282942741,2025-09-30 10:56:59.503845
0.18378063740978287,0.19357337399997654,2025-09-30 10:56:59.503845
0.1650803396709138,0.252762472765214,2025-09-30 10:56:59.503845
0.2018718799744384,0.40834070646198317,2025-09-30 10:56:59.503845
0.19529854130901292,0.29662225797468394,2025-09-30 10:56:59.503845
0.21072395985447107,0.22960894259574605,2025-09-30 10:56:59.503845
0.17744207386440408,0.33438468098615237,2025-09-30 10:56:59.503845
0.17779789486658965,0.40501759693392336,2025-09-30 10:56:59.503845
0.2029529445650292,0.3095789044339153,2025-09-30 10:56:59.503845
0.1740211345236907,0.3943480159935324,2025-09-30 10:56:59.503845
0.1689521130320005,0.3080222988663448,2025-09-30 10:56:59.503845
0.18859998460424823,0.3296708516890243,2025-09-30 10:56:59.503845
0.18586237125400584,0.3049575406078815,2025-09-30 10:56:59.503845
0.18627089176092082,0.27516686667749074,2025-09-30 10:56:59.503845
0.16208997741785575,0.3214873098495422,2025-09-30 10:56:59.503845
0.19059431118969786,0.4698849469432049,2025-09-30 10:56:59.503845
0.1804538874169878,0.3883940567485904,2025-09-30 10:56:59.503845
0.17283715381660156,0.2295250731636822,2025-09-30 10:56:59.503845
0.2042986119210426,0.324571488670887,2025-09-30 10:56:59.503845
0.18581685546322382,0.4070718807890428,2025-09-30 10:56:59.503845
0.17846909510360212,0.34270707340975126,2025-09-30 10:56:59.503845
0.18111497397081225,0.4327372398636726,2025-09-30 10:56:59.503845
0.19585310924351468,0.4177975196542146,2025-09-30 10:56:59.503845
0.19255259012615195,0.2558838770348729,2025-09-30 10:56:59.503845
0.192738818919864,0.35090594481049797,2025-09-30 10:56:59.503845
0.16625518454837585,0.3647353821854899,2025-09-30 10:56:59.503845
0.14149134001443728,0.39180399098127894,2025-09-30 10:56:59.503845
0.18222772699072987,0.4301326437880534,2025-09-30 10:56:59.503845
0.1792728361778047,0.3199998936970617,2025-09-30 10:56:59.503845
0.1793423653990443,0.390128871273075,2025-09-30 10:56:59.503845
0.17899558687064276,0.4415439318061572,2025-09-30 10:56:59.503845
0.16921724399929472,0.36158638726415493,2025-09-30 10:56:59.503845
0.21549900645599507,0.2517012361923523,2025-09-30 10:56:59.503845
0.19230090534193583,0.25993981733079985,2025-09-30 10:56:59.503845
0.17990009906537416,0.3352222083276619,2025-09-30 10:56:59.503845
0.17909059666855584,0.30556610170457227,2025-09-30 10:56:59.503845
0.1872224366832705,0.3916201279804401,2025-09-30 10:56:59.503845
0.19356240800951927,0.2731569039066683,2025-09-30 10:56:59.503845
0.20203717831577572,0.20984109370938278,2025-09-30 10:56:59.503845
0.14349580909855475,0.2929708995726972,2025-09-30 10:56:59.503845
0.19273421121644002,0.31129120314312286,2025-09-30 10:56:59.503845
0.1745577747473337,0.4449104714795448,2025-09-30 10:56:59.503845
0.18704744414758456,0.270721757028973,2025-09-30 10:56:59.503845
0.1761704294404516,0.4521731266887594,2025-09-30 10:56:59.503845
0.1720856284539021,0.44550508577790204,2025-09-30 10:56:59.503845
0.1800785823033514,0.34600064727004926,2025-09-30 10:56:59.503845
0.16724794543704766,0.28005509039772064,2025-09-30 10:56:59.503845
0.1934985448691313,0.5285135059020885,2025-09-30 10:56:59.503845
0.1555530835292728,0.4903513955412866,2025-09-30 10:56:59.503845
0.18116223687095562,0.3354895173814987,2025-09-30 10:56:59.503845
0.17040976166646588,0.4637388932569083,2025-09-30 10:56:59.503845
0.18524964716068007,0.30735656245136056,2025-09-30 10:56:59.503845
0.1874256223694985,0.21919832443006904,2025-09-30 10:56:59.503845
0.1985722755831627,0.3800120053786194,2025-09-30 10:56:59.503845
0.18874294904762792,0.34961815699710214,2025-09-30 10:56:59.503845
0.15319098302439674,0.3867283261594622,2025-09-30 10:56:59.503845
0.22252371660143228,0.3473015377758975,2025-09-30 10:56:59.503845
0.18170481767134122,0.3059863735650336,2025-09-30 10:56:59.503845
0.14857856483030812,0.30031849591077125,2025-09-30 10:56:59.503845
0.22842739847647933,0.3079351692034878,2025-09-30 10:56:59.503845
0.19419122554700985,0.3756341474056597,2025-09-30 10:56:59.503845
0.205237848452475,0.3311477711864578,2025-09-30 10:56:59.503845
0.20022805455279877,0.3620337639856592,2025-09-30 10:56:59.503845
0.18718094859995757,0.22011763551813132,2025-09-30 10:56:59.503845
0.1861852453418235,0.3089522273460826,2025-09-30 10:56:59.503845
0.15842182724371978,0.15707803983347884,2025-09-30 10:56:59.503845
0.18474901276554143,0.18279510714466726,2025-09-30 10:56:59.503845
0.16989544421973213,0.34676672621235133,2025-09-30 10:56:59.503845
0.14487782625683096,0.2753498721376754,2025-09-30 10:56:59.503845
0.1648262171875613,0.15838531927419652,2025-09-30 10:56:59.503845
0.19758919779997644,0.26999440608725267,2025-09-30 10:56:59.503845
0.15870442206579244,0.38858042350985156,2025-09-30 10:56:59.503845
0.18815446611933545,0.3925879316973821,2025-09-30 10:56:59.503845
0.20348079507665034,0.2494883010662491,2025-09-30 10:56:59.503845
0.1723290064061779,0.3434659929036475,2025-09-30 10:56:59.503845
0.20463184493020092,0.26330101952284035,2025-09-30 10:56:59.503845
0.17244843386896133,0.42867507778928016,2025-09-30 10:56:59.503845
0.19386533618963,0.30314699162497133,2025-09-30 10:56:59.503845
0.1899624460211972,0.3748573977779342,2025-09-30 10:56:59.503845
0.1623215879358092,0.36399748280451427,2025-09-30 10:56:59.503845
0.19485289702215636,0.369450450758312,2025-09-30 10:56:59.503845
0.19642029255280538,0.39705201120260725,2025-09-30 10:56:59.503845
0.16052391897050822,0.30670782039396016,2025-09-30 10:56:59.503845
0.164514458050541,0.26395669115395115,2025-09-30 10:56:59.503845
0.1774419278963541,0.20494611556512188,2025-09-30 10:56:59.503845
0.2092070409507635,0.40122909139809876,2025-09-30 10:56:59.503845
0.17952504589946738,0.27645110249466953,2025-09-30 10:56:59.503845
0.18236565635881533,0.24800451443969784,2025-09-30 10:56:59.503845
0.19395685669373613,0.3452169092492889,2025-09-30 10:56:59.503845
0.22286333202728847,0.33236312574417015,2025-09-30 10:56:59.503845
0.18387893945011966,0.34767749257266767,2025-09-30 10:56:59.503845
0.17479265178207998,0.28377814084740705,2025-09-30 10:56:59.503845
0.17350159037494017,0.3390598094129878,2025-09-30 10:56:59.503845
0.2209646549862498,0.3584776893404796,2025-09-30 10:56:59.503845
0.1454047084869165,0.3500420901803435,2025-09-30 10:56:59.503845
0.18663556596974715,0.4117084005423395,2025-09-30 10:56:59.503845
0.16877115761673156,0.35600600188329273,2025-09-30 10:56:59.503845
0.21036433437759933,0.3776713736073178,2025-09-30 10:56:59.503845
0.18632263586868758,0.40012009450184605,2025-09-30 10:56:59.503845
0.18622351760842554,0.3758372226632775,2025-09-30 10:56:59.503845
0.18078750875496535,0.3175902477110869,2025-09-30 10:56:59.503845
0.1845878825296713,0.41760853624634897,2025-09-30 10:56:59.503845
0.17860181919209053,0.3832236339643854,2025-09-30 10:56:59.503845
0.17049154410323086,0.30869990777511347,2025-09-30 10:56:59.503845
0.18045803685699965,0.2923566950122304,2025-09-30 10:56:59.503845
0.18272741323522665,0.3973852510074549,2025-09-30 10:56:59.503845
0.20488384780793828,0.19559636262863214,2025-09-30 10:56:59.503845
0.16227117842044853,0.3537096094324633,2025-09-30 10:56:59.503845
0.1800774554217751,0.2793280573582638,2025-09-30 10:56:59.503845
0.211513557489784,0.3397916873584361,2025-09-30 10:56:59.503845
0.17731910390113473,0.24158339227358236,2025-09-30 10:56:59.503845
0.18669290465174315,0.22846338530391808,2025-09-30 10:56:59.503845
0.16649760166782068,0.286556283777028,2025-09-30 10:56:59.503845
0.17595364557149548,0.2966367553481371,2025-09-30 10:56:59.503845
0.15932434702933398,0.23040550086739348,2025-09-30 10:56:59.503845
0.18063470031153692,0.33251866537439745,2025-09-30 10:56:59.503845
0.20316952451460865,0.3486105959867839,2025-09-30 10:56:59.503845
0.1525259637759182,0.3284733621973937,2025-09-30 10:56:59.503845
0.17224625892306314,0.30752419696638517,2025-09-30 10:56:59.503845
0.17698831036519125,0.2421545880388845,2025-09-30 10:56:59.503845
0.14683375102074622,0.38498623495944095,2025-09-30 10:56:59.503845
0.16940675622021728,0.12029393005738928,2025-09-30 10:56:59.503845
0.1753632500987967,0.3397389661926946,2025-09-30 10:56:59.503845
0.16358743618135863,0.2746561452134679,2025-09-30 10:56:59.503845
0.15755310286270058,0.3411261493141622,2025-09-30 10:56:59.503845
0.1651155062790254,0.4540872999111821,2025-09-30 10:56:59.503845
0.203139462161174,0.351832806621647,2025-09-30 10:56:59.503845
0.16580231209426888,0.2322860421974576,2025-09-30 10:56:59.503845
0.19375116820389962,0.25421221055058923,2025-09-30 10:56:59.503845
0.16649425764059503,0.43860399239516235,2025-09-30 10:56:59.503845
0.15721362380554096,0.5295879497161742,2025-09-30 10:56:59.503845
0.18788756232800133,0.4404688561360931,2025-09-30 10:56:59.503845
0.19707461547604757,0.3323195030549352,2025-09-30 10:56:59.503845
0.20032201815939568,0.3794991495168484,2025-09-30 10:56:59.503845
0.20284707989109005,0.2936083421549702,2025-09-30 10:56:59.503845
0.18261739503759716,0.38718662666452347,2025-09-30 10:56:59.503845
0.1807602019408434,0.3301716749463742,2025-09-30 10:56:59.503845
0.17376566925890966,0.322958640857776,2025-09-30 10:56:59.503845
0.17163694100059532,0.30503197390528064,2025-09-30 10:56:59.503845
0.1323436783482503,0.36320981081229325,2025-09-30 10:56:59.503845
0.1766934305663494,0.24646939271910687,2025-09-30 10:56:59.503845
0.1901487044105252,0.3348087371902946,2025-09-30 10:56:59.503845
0.19016073321896962,0.4362066979060212,2025-09-30 10:56:59.503845
0.1905824762291055,0.405277881528801,2025-09-30 10:56:59.503845
0.1837847805536179,0.30827773307509815,2025-09-30 10:56:59.503845
0.18017845697679197,0.29313481842469613,2025-09-30 10:56:59.503845
0.17896768640943217,0.3622005021100897,2025-09-30 10:56:59.503845
0.15726746899256178,0.26862817147347096,2025-09-30 10:56:59.503845
0.20092226026856408,0.2518046575746797,2025-09-30 10:56:59.503845
0.17222580953331695,0.28459188519936335,2025-09-30 10:56:59.503845
0.19636977894210347,0.4009845613914483,2025-09-30 10:56:59.503845
0.1928655072662609,0.25249076625388484,2025-09-30 10:56:59.503845
0.21116011203639604,0.3258757019414606,2025-09-30 10:56:59.503845
0.15987138637530954,0.3833471459849717,2025-09-30 10:56:59.503845
0.1466760771244432,0.37481136389375636,2025-09-30 10:56:59.503845
0.16388779023505554,0.2547643430265343,2025-09-30 10:56:59.503845
0.17677520268174043,0.39269982055841324,2025-09-30 10:56:59.503845
0.19787080095216014,0.30884000488668845,2025-09-30 10:56:59.503845
0.1566565269755328,0.5026405735091296,2025-09-30 10:56:59.503845
0.20619430055738788,0.30547439547041205,2025-09-30 10:56:59.503845
0.1862399678537876,0.36514976403181354,2025-09-30 10:56:59.503845
0.18682421798697074,0.3344370975882486,2025-09-30 10:56:59.503845
0.1925788676541295,0.29800633042842944,2025-09-30 10:56:59.503845
0.176974478912891,0.28707687444051266,2025-09-30 10:56:59.503845
0.1720476844195192,0.3516860974001237,2025-09-30 10:56:59.503845
0.16057752634873407,0.15715690346415792,2025-09-30 10:56:59.503845
0.17082514503491553,0.3725532981470884,2025-09-30 10:56:59.503845
0.18743258434250903,0.2692760597695627,2025-09-30 10:56:59.503845
0.17614961044964098,0.3127038119341551,2025-09-30 10:56:59.503845
0.19079471770335046,0.329477039541287,2025-09-30 10:56:59.503845
0.15190386712951248,0.4228549827501078,2025-09-30 10:56:59.503845
0.20008458920315575,0.42664526121628954,2025-09-30 10:56:59.503845
0.18530480075064662,0.18991388450291177,2025-09-30 10:56:59.503845
0.1835587619878078,0.4153083937888634,2025-09-30 10:56:59.503845
0.17474990776510008,0.3531722157756419,2025-09-30 10:56:59.503845
0.16652120038304707,0.32304859125174235,2025-09-30 10:56:59.503845
0.17751465199735791,0.1902230436279614,2025-09-30 10:56:59.503845
0.1697311713363751,0.38896114286446637,2025-09-30 10:56:59.503845
0.16620606615528188,0.40478872958982964,2025-09-30 10:56:59.503845
0.18371066174948045,0.23206270689351666,2025-09-30 10:56:59.503845
0.1902795295233489,0.4984277679484447,2025-09-30 10:56:59.503845
0.18592902162536135,0.46815498061590566,2025-09-30 10:56:59.503845
0.1792008231173406,0.3416583974394839,2025-09-30 10:56:59.503845
0.19262254531722647,0.4077348725767266,2025-09-30 10:56:59.503845
0.174146475352647,0.23064153936100745,2025-09-30 10:56:59.503845
0.1788640436032277,0.3648307609176684,2025-09-30 10:56:59.503845
0.19396945633327164,0.28552564501180416,2025-09-30 10:56:59.503845
0.15897716828008557,0.3408826541749159,2025-09-30 10:56:59.503845
0.19092650786351464,0.2927395799958744,2025-09-30 10:56:59.503845
0.1596109082094262,0.26966460139176684,2025-09-30 10:56:59.503845
0.16926239114985123,0.40724755667401513,2025-09-30 10:56:59.503845
0.19419382068023425,0.41249389628873256,2025-09-30 10:56:59.503845
0.17921431702926932,0.2815547423469419,2025-09-30 10:56:59.503845
0.16095450973431463,0.40847377447476013,2025-09-30 10:56:59.503845
0.16666176854400708,0.4360946400579655,2025-09-30 10:56:59.503845
0.16222149815374295,0.29368103372477905,2025-09-30 10:56:59.503845
0.17516111096983839,0.2098922728116882,2025-09-30 10:56:59.503845
0.1629366129195934,0.31068021599151663,2025-09-30 10:56:59.503845
0.15624743407622643,0.3964002589976253,2025-09-30 10:56:59.503845
0.15032556256920854,0.41929736777165433,2025-09-30 10:56:59.503845
0.1661414779123703,0.28875651119510926,2025-09-30 10:56:59.503845
0.1862391586284614,0.44927066874097155,2025-09-30 10:56:59.503845
0.1590437473822422,0.3263913578161044,2025-09-30 10:56:59.503845
0.21510577075039994,0.3686865926218368,2025-09-30 10:56:59.503845
0.18834340667076235,0.4014021621198609,2025-09-30 10:56:59.503845
0.1848215050017882,0.2871685307149502,2025-09-30 10:56:59.503845
0.20939536247260998,0.3407570929458432,2025-09-30 10:56:59.503845
0.19452426153578933,0.3559525743686728,2025-09-30 10:56:59.503845
0.1676797108380313,0.269187601083793,2025-09-30 10:56:59.503845
0.18161445662436812,0.2798987271490572,2025-09-30 10:56:59.503845
0.18484018037326502,0.2350030209066427,2025-09-30 10:56:59.503845
0.18306364989103127,0.33246153193393824,2025-09-30 10:56:59.503845
0.17046540089047588,0.372494321582722,2025-09-30 10:56:59.503845
0.18722743829379251,0.2972558063497514,2025-09-30 10:56:59.503845
0.19346651665313463,0.2962696360826837,2025-09-30 10:56:59.503845
0.1871829174356437,0.39580100680574354,2025-09-30 10:56:59.503845
0.19008092400333898,0.2968730424096365,2025-09-30 10:56:59.503845
0.194469139434529,0.35027494302258055,2025-09-30 10:56:59.503845
0.18717629590558066,0.32666485040100335,2025-09-30 10:56:59.503845
0.19972332192532327,0.44939634820163477,2025-09-30 10:56:59.503845
0.1745424830953402,0.3539995519621803,2025-09-30 10:56:59.503845
0.2155260054091428,0.4832550276846568,2025-09-30 10:56:59.503845
0.18459956556295756,0.21506891773543207,2025-09-30 10:56:59.503845
0.17854658966562434,0.2895056394548213,2025-09-30 10:56:59.503845
0.1905459971381997,0.342189019923996,2025-09-30 10:56:59.503845
0.17948443967280808,0.35634677739107073,2025-09-30 10:56:59.503845
0.18601743398578705,0.4804135369295437,2025-09-30 10:56:59.503845
0.17179810587125988,0.38500460817717014,2025-09-30 10:56:59.503845
0.18315788970330732,0.39542636585605717,2025-09-30 10:56:59.503845
0.16015172689220714,0.33968491104607745,2025-09-30 10:56:59.503845
0.17774006702785172,0.33566877388655675,2025-09-30 10:56:59.503845
0.1938119441465757,0.3410939837133226,2025-09-30 10:56:59.503845
0.18096935819833723,0.42163999692170107,2025-09-30 10:56:59.503845
0.17575019999791863,0.37652219114722,2025-09-30 10:56:59.503845
0.18337199770700377,0.36907390129536577,2025-09-30 10:56:59.503845
0.16204802325561932,0.35744700058275636,2025-09-30 10:56:59.503845
0.17717957037553644,0.31853322155547015,2025-09-30 10:56:59.503845
0.17473201689123488,0.36452932876712163,2025-09-30 10:56:59.503845
0.20897468276123607,0.2967302332154577,2025-09-30 10:56:59.503845
0.13347199351200922,0.32287124947660145,2025-09-30 10:56:59.503845
0.17706941462661752,0.20959361324355713,2025-09-30 10:56:59.503845
0.18944395963826502,0.45767309142403717,2025-09-30 10:56:59.503845
0.16354064857187345,0.3388846417580357,2025-09-30 10:56:59.503845
0.18443313280544474,0.3102394887876939,2025-09-30 10:56:59.503845
0.18688312203699925,0.23724642505660712,2025-09-30 10:56:59.503845
0.20854895979246377,0.39036512529487044,2025-09-30 10:56:59.503845
0.16532154315568198,0.23470989695253663,2025-09-30 10:56:59.503845
0.16753558050162956,0.47476675213615505,2025-09-30 10:56:59.503845
0.16314911321105335,0.3211951279800442,2025-09-30 10:56:59.503845
0.177057676293203,0.29536058017749134,2025-09-30 10:56:59.503845
0.19900680029981105,0.2806416387516269,2025-09-30 10:56:59.503845
0.18968340425314817,0.35808334969107053,2025-09-30 10:56:59.503845
0.16274034354907588,0.36220342843311676,2025-09-30 10:56:59.503845
0.1987159996993462,0.2212684838222812,2025-09-30 10:56:59.503845
0.16527648958556285,0.4039826473581881,2025-09-30 10:56:59.503845
0.1658416062907075,0.41133709209246794,2025-09-30 10:56:59.503845
0.20091855216706064,0.23637194860096344,2025-09-30 10:56:59.503845
0.18059060938187818,0.4030898777354073,2025-09-30 10:56:59.503845
0.17426139706410368,0.3444681569475021,2025-09-30 10:56:59.503845
0.1796586114044471,0.3270932376405599,2025-09-30 10:56:59.503845
0.22331929531724615,0.3199165667952279,2025-09-30 10:56:59.503845
0.192670213097985,0.20906694951104754,2025-09-30 10:56:59.503845
0.16434112107668766,0.43411921437259277,2025-09-30 10:56:59.503845
0.16928229207009324,0.45847144201644147,2025-09-30 10:56:59.503845
0.165164833686548,0.21792596216294763,2025-09-30 10:56:59.503845
0.20485671573179343,0.5031607164716672,2025-09-30 10:56:59.503845
0.16078906435101945,0.23280810700408605,2025-09-30 10:56:59.503845
0.20616331709263835,0.4951895499026281,2025-09-30 10:56:59.503845
0.19570780091678058,0.4672876194520851,2025-09-30 10:56:59.503845
0.17892881655445628,0.46469771376988456,2025-09-30 10:56:59.503845
0.17401955759000579,0.2551617468964805,2025-09-30 10:56:59.503845
0.15530551829123648,0.1930544874104647,2025-09-30 10:56:59.503845
0.18255649162189216,0.3068946022233337,2025-09-30 10:56:59.503845
0.1448983012923884,0.4429822558324866,2025-09-30 10:56:59.503845
0.17117965387301926,0.16976428509019498,2025-09-30 10:56:59.503845
0.17718604687654915,0.3043221167374851,2025-09-30 10:56:59.503845
0.1785123264380441,0.43007642421862813,2025-09-30 10:56:59.503845
0.2075152418145683,0.29588005860332633,2025-09-30 10:56:59.503845
0.15603206757460839,0.28057406200243273,2025-09-30 10:56:59.503845
0.1732291065940921,0.242844948895307,2025-09-30 10:56:59.503845
0.17381332170180946,0.3614835607880899,2025-09-30 10:56:59.503845
0.1735281096828451,0.28700812835826134,2025-09-30 10:56:59.503845
0.1924293705619929,0.3683884934912679,2025-09-30 10:56:59.503845
0.15758254823826706,0.3632908892924206,2025-09-30 10:56:59.503845
0.1825844534233601,0.3744513861228556,2025-09-30 10:56:59.503845
0.1526363514971943,0.30235458601347737,2025-09-30 10:56:59.503845
0.19672769951841798,0.4474429485566503,2025-09-30 10:56:59.503845
0.16097985764902167,0.36986091748645256,2025-09-30 10:56:59.503845
0.19689907501851062,0.3959263763470393,2025-09-30 10:56:59.503845
0.1752337085567828,0.3344470460660718,2025-09-30 10:56:59.503845
0.14955729051464425,0.3555703458215359,2025-09-30 10:56:59.503845
0.19100145126411724,0.35457963194233044,2025-09-30 10:56:59.503845
0.19751242480223524,0.3869559122900641,2025-09-30 10:56:59.503845
0.19233035881154018,0.2165954314192545,2025-09-30 10:56:59.503845
0.15916243954806075,0.3716667420495421,2025-09-30 10:56:59.503845
0.17052109684205602,0.28440721305120825,2025-09-30 10:56:59.503845
0.18131776566321683,0.3303548992320735,2025-09-30 10:56:59.503845
0.16217955912339335,0.2511829954045235,2025-09-30 10:56:59.503845
0.18550649823456317,0.28675506887921565,2025-09-30 10:56:59.503845
0.18555112602880638,0.3285188205547132,2025-09-30 10:56:59.503845
0.17122036382176192,0.2767097682360791,2025-09-30 10:56:59.503845
0.1451856356822705,0.34403407977529543,2025-09-30 10:56:59.503845
0.20041517544384538,0.4524075989958499,2025-09-30 10:56:59.503845
0.19404757094957364,0.3809998837546715,2025-09-30 10:56:59.503845
0.16684995341376901,0.25849867044741737,2025-09-30 10:56:59.503845
0.16071619348077615,0.3523730254073775,2025-09-30 10:56:59.503845
0.1889867547606474,0.33378601163873295,2025-09-30 10:56:59.503845
0.15381118569879337,0.4184740331058028,2025-09-30 10:56:59.503845
0.1762339728797953,0.3593941478563615,2025-09-30 10:56:59.503845
0.15461633498063174,0.46770113079475994,2025-09-30 10:56:59.503845
0.1810364489791885,0.4285454374767076,2025-09-30 10:56:59.503845
0.16655866096486985,0.3444878999155704,2025-09-30 10:56:59.503845
0.15111457008045368,0.4779618150441217,2025-09-30 10:56:59.503845
0.1921713622016783,0.3755633951777821,2025-09-30 10:56:59.503845
0.18674981389169232,0.3672214475946563,2025-09-30 10:56:59.503845
0.17607566619825893,0.44869612514854623,2025-09-30 10:56:59.503845
0.19163783898520684,0.3935283847156536,2025-09-30 10:56:59.503845
0.15867635616687933,0.2903763180496785,2025-09-30 10:56:59.503845
0.17152915096955906,0.11509962510882915,2025-09-30 10:56:59.503845
0.1811160397377666,0.4243041041325105,2025-09-30 10:56:59.503845
0.1744769678804577,0.25444840363403276,2025-09-30 10:56:59.503845
0.18060812866825027,0.35577703369283004,2025-09-30 10:56:59.503845
0.1961893453222121,0.3721834126401674,2025-09-30 10:56:59.503845
0.19319841626506115,0.3218211481794467,2025-09-30 10:56:59.503845
0.19129587203306675,0.4345461735012179,2025-09-30 10:56:59.503845
0.18505552135659906,0.39816724858447505,2025-09-30 10:56:59.503845
0.1770613802293971,0.3307226128935835,2025-09-30 10:56:59.503845
0.17765534314663067,0.386129791673896,2025-09-30 10:56:59.503845
0.16600885062980822,0.36175335330496844,2025-09-30 10:56:59.503845
0.16284892742038126,0.2986620528933088,2025-09-30 10:56:59.503845
0.1550305244125288,0.28636532984548335,2025-09-30 10:56:59.503845
0.16778113140113768,0.3528326756304036,2025-09-30 10:56:59.503845
0.14198633257221727,0.38854520429979134,2025-09-30 10:56:59.503845
0.1849458320197977,0.4914528984699057,2025-09-30 10:56:59.503845
0.17378397950653846,0.24084864881240647,2025-09-30 10:56:59.503845
0.17067859287280226,0.3739084446428537,2025-09-30 10:56:59.503845
0.1683328126405987,0.4225752740808058,2025-09-30 10:56:59.503845
0.18805924130578422,0.37520623190573277,2025-09-30 10:56:59.503845
0.18672460125329038,0.3641112612219127,2025-09-30 10:56:59.503845
0.1766833179680429,0.1916550616310609,2025-09-30 10:56:59.503845
0.17909840948260625,0.3187890016856754,2025-09-30 10:56:59.503845
0.21032978585989015,0.24025085441977806,2025-09-30 10:56:59.503845
0.16726955058611212,0.23995091761847281,2025-09-30 10:56:59.503845
0.1800825716250228,0.2969454504055983,2025-09-30 10:56:59.503845
0.15529082210105669,0.5071179272500008,2025-09-30 10:56:59.503845
0.16053078403107096,0.2675615298567771,2025-09-30 10:56:59.503845
0.1787189050628152,0.35224223327292603,2025-09-30 10:56:59.503845
0.18743774797842216,0.3855800101556865,2025-09-30 10:56:59.503845
0.17302863469025986,0.31182671821807256,2025-09-30 10:56:59.503845
0.15687168635362309,0.3692167098589745,2025-09-30 10:56:59.503845
0.17387208779816696,0.2748112482536555,2025-09-30 10:56:59.503845
0.19171315842340655,0.3280907106169855,2025-09-30 10:56:59.503845
0.1846707252040999,0.3176789915670138,2025-09-30 10:56:59.503845
0.180785569054949,0.351070024325871,2025-09-30 10:56:59.503845
0.200696857858186,0.3787368474369509,2025-09-30 10:56:59.503845
0.18902562290670555,0.35071580677529784,2025-09-30 10:56:59.503845
0.16416176837598315,0.34704774047486586,2025-09-30 10:56:59.503845
0.18849884571476103,0.35744340454573553,2025-09-30 10:56:59.503845
0.20740361756082912,0.2538697142396465,2025-09-30 10:56:59.503845
0.1885099390055779,0.446226251868321,2025-09-30 10:56:59.503845
0.17811532769671176,0.28114478731224707,2025-09-30 10:56:59.503845
0.17581159934308108,0.3094551897259397,2025-09-30 10:56:59.503845
0.16448332577101754,0.3723130570100276,2025-09-30 10:56:59.503845
0.17811937239328318,0.29181596901891604,2025-09-30 10:56:59.503845
0.15606255631367147,0.3539139964642354,2025-09-30 10:56:59.503845
0.16746549403129796,0.27578972056760903,2025-09-30 10:56:59.503845
0.17427748510189986,0.39411987477231003,2025-09-30 10:56:59.503845
0.1795063313282091,0.3328906613120972,2025-09-30 10:56:59.503845
0.17120302117584113,0.3876308095790072,2025-09-30 10:56:59.503845
0.15246420714324974,0.42757110869011217,2025-09-30 10:56:59.503845
0.1493029873150256,0.3752705439928281,2025-09-30 10:56:59.503845
0.17137378557783997,0.3389065429295757,2025-09-30 10:56:59.503845
0.18092934037381775,0.3734105739110426,2025-09-30 10:56:59.503845
0.18554098462739382,0.23652808831923644,2025-09-30 10:56:59.503845
0.20456831630523084,0.44424516601542646,2025-09-30 10:56:59.503845
0.17260543386354596,0.23982499369981192,2025-09-30 10:56:59.503845
0.1944731708996055,0.28832055325219214,2025-09-30 10:56:59.503845
0.18501427805047885,0.32270198011898654,2025-09-30 10:56:59.503845
0.1595101626560379,0.36416090164755255,2025-09-30 10:56:59.503845
0.15649189447756284,0.24703792300379632,2025-09-30 10:56:59.503845
0.18289652830157344,0.28553337779262866,2025-09-30 10:56:59.503845
0.15929573718817,0.2678093475263091,2025-09-30 10:56:59.503845
0.18916140671093445,0.2208198592796844,2025-09-30 10:56:59.503845
0.16360356820697247,0.3781207213577211,2025-09-30 10:56:59.503845
0.201966364058114,0.28815755138276616,2025-09-30 10:56:59.503845
0.16338622391838678,0.2522692337345447,2025-09-30 10:56:59.503845
0.17125761166425946,0.3204309508252133,2025-09-30 10:56:59.503845
0.1604862754734558,0.4055529809036302,2025-09-30 10:56:59.503845
0.19936737659675777,0.36537382172107347,2025-09-30 10:56:59.503845
0.18072989931433828,0.4436737421728047,2025-09-30 10:56:59.503845
0.16394906538262752,0.3943837609298648,2025-09-30 10:56:59.503845
0.21407361996251076,0.3109159122881695,2025-09-30 10:56:59.503845
0.1867326404072258,0.29731628184252756,2025-09-30 10:56:59.503845
0.12576187793635177,0.256643132933669,2025-09-30 10:56:59.503845
0.18419213159312145,0.3792775531438786,2025-09-30 10:56:59.503845
0.19922392104659067,0.24380424673973944,2025-09-30 10:56:59.503845
0.2043577113892927,0.13963039979613395,2025-09-30 10:56:59.503845
0.1781903912856619,0.37738751201241444,2025-09-30 10:56:59.503845
0.17972032298861698,0.29724903488344184,2025-09-30 10:56:59.503845
0.1762950723106947,0.4569762144282596,2025-09-30 10:56:59.503845
0.15605682168150425,0.33193834240527814,2025-09-30 10:56:59.503845
0.1884298064255192,0.45860170222721786,2025-09-30 10:56:59.503845
0.17709210757528207,0.38183168559527114,2025-09-30 10:56:59.503845
0.18112590869313924,0.3079215068821119,2025-09-30 10:56:59.503845
0.18193770382487576,0.21791430358189107,2025-09-30 10:56:59.503845
0.19025074103493145,0.31431461892374823,2025-09-30 10:56:59.503845
0.17552961823429866,0.3273278150570575,2025-09-30 10:56:59.503845
0.18990544085167957,0.3609150780278525,2025-09-30 10:56:59.503845
0.1819217633549373,0.33470106927521254,2025-09-30 10:56:59.503845
0.19530498011429737,0.4340202569770174,2025-09-30 10:56:59.503845
0.19281178828391332,0.2893862982397025,2025-09-30 10:56:59.503845
0.18225114494393457,0.28499029728777436,2025-09-30 10:56:59.503845
0.1870131733552291,0.3645979184773172,2025-09-30 10:56:59.503845
0.1920763476632782,0.34528966615131296,2025-09-30 10:56:59.503845
0.176427557610018,0.3826231743693593,2025-09-30 10:56:59.503845
0.15648451007854594,0.23413529447616896,2025-09-30 10:56:59.503845
0.19627207135508853,0.32268779467090536,2025-09-30 10:56:59.503845
0.17347756879387824,0.2441745250756669,2025-09-30 10:56:59.503845
0.18332780501796245,0.2717305251260831,2025-09-30 10:56:59.503845
0.18871102794350156,0.26563932716830774,2025-09-30 10:56:59.503845
0.19681898498591432,0.2772386209322891,2025-09-30 10:56:59.503845
0.17030971251222246,0.37157669682998734,2025-09-30 10:56:59.503845
0.19506895039904368,0.3345369546488002,2025-09-30 10:56:59.503845
0.1565689432270226,0.3633994885087691,2025-09-30 10:56:59.503845
0.19879248763527924,0.3819225135484488,2025-09-30 10:56:59.503845
0.15806528840673995,0.42536820199976555,2025-09-30 10:56:59.503845
0.17744695657827342,0.44761634780993753,2025-09-30 10:56:59.503845
0.17207612393839733,0.3903421614417015,2025-09-30 10:56:59.503845
0.17362093918418603,0.30356235205966997,2025-09-30 10:56:59.503845
0.1623907065974421,0.27200743835324703,2025-09-30 10:56:59.503845
0.17423476625938605,0.4163233735647376,2025-09-30 10:56:59.503845
0.16776815424947616,0.3487492701200673,2025-09-30 10:56:59.503845
0.18039298957559452,0.35495008096280967,2025-09-30 10:56:59.503845
0.16997462237425315,0.3472172337893218,2025-09-30 10:56:59.503845
0.2104272009517569,0.4243625778455017,2025-09-30 10:56:59.503845
0.16938498030343593,0.3592316557396406,2025-09-30 10:56:59.503845
0.15897217864522722,0.255759642998369,2025-09-30 10:56:59.503845
0.18079970315489283,0.2655957624699763,2025-09-30 10:56:59.503845
0.17262755746811503,0.29513180077012713,2025-09-30 10:56:59.503845
0.16499023004790853,0.22981314714471918,2025-09-30 10:56:59.503845
0.16305462965610384,0.3708485068641056,2025-09-30 10:56:59.503845
0.17507917727799857,0.2878716610586384,2025-09-30 10:56:59.503845
0.20536773433880046,0.30517637484270366,2025-09-30 10:56:59.503845
0.1869113976131946,0.21232630168208444,2025-09-30 10:56:59.503845
0.17445107597854045,0.29639262463815874,2025-09-30 10:56:59.503845
0.19091816240860945,0.4332257502202292,2025-09-30 10:56:59.503845
0.17612271001277552,0.384389512274869,2025-09-30 10:56:59.503845
0.19312458275503466,0.34931254248376176,2025-09-30 10:56:59.503845
0.18621723852279773,0.3239140459047016,2025-09-30 10:56:59.503845
0.16701091833281062,0.27881223704017566,2025-09-30 10:56:59.503845
0.17248985238241935,0.35130877068068456,2025-09-30 10:56:59.503845
0.15104100236501028,0.30935495032422033,2025-09-30 10:56:59.503845
0.16211411609198262,0.3669988552499436,2025-09-30 10:56:59.503845
0.17947940413136226,0.3136369164294258,2025-09-30 10:56:59.503845
0.1843703892650367,0.42947960895916276,2025-09-30 10:56:59.503845
0.19236807146355892,0.4781942891694049,2025-09-30 10:56:59.503845
0.18378070931519103,0.3991253353305829,2025-09-30 10:56:59.503845
0.18802228573262772,0.327502364908147,2025-09-30 10:56:59.503845
0.18368823206650736,0.2530329514823213,2025-09-30 10:56:59.503845
0.17161907529042297,0.3207236914259845,2025-09-30 10:56:59.503845
0.16675286369676534,0.34017079882782225,2025-09-30 10:56:59.503845
0.1787375636911972,0.47177278629675523,2025-09-30 10:56:59.503845
0.18831199972656715,0.3116856301019154,2025-09-30 10:56:59.503845
0.16756368075877745,0.355584298814262,2025-09-30 10:56:59.503845
0.19229209250075263,0.341452683414291,2025-09-30 10:56:59.503845
0.18661496305746342,0.42054384055205013,2025-09-30 10:56:59.503845
0.15703310621136907,0.29602640933867286,2025-09-30 10:56:59.503845
0.19816353425619102,0.19120090553748673,2025-09-30 10:56:59.503845
0.19253716599084736,0.2319190162763363,2025-09-30 10:56:59.503845
0.19228154724220264,0.3309847698039357,2025-09-30 10:56:59.503845
0.18704917403836885,0.1861717529881867,2025-09-30 10:56:59.503845
0.17150574520216644,0.33015764536803016,2025-09-30 10:56:59.503845
0.17664761204125617,0.3289620187685058,2025-09-30 10:56:59.503845
0.18115722144124588,0.20648930856809686,2025-09-30 10:56:59.503845
0.17789774136874073,0.20863722712760038,2025-09-30 10:56:59.503845
0.17846225219058368,0.28239993223352966,2025-09-30 10:56:59.503845
0.1488848707000076,0.36759637359182906,2025-09-30 10:56:59.503845
0.1831920049638227,0.31148073350296535,2025-09-30 10:56:59.503845
0.17777616501926816,0.3174508853506499,2025-09-30 10:56:59.503845
0.18893054894373318,0.22062603451021864,2025-09-30 10:56:59.503845
0.1908921620823678,0.28299524277248,2025-09-30 10:56:59.503845
0.1661136209164626,0.38341370599735247,2025-09-30 10:56:59.503845
0.17443200140404902,0.4073581508995536,2025-09-30 10:56:59.503845
0.21286672039944093,0.2746112231841663,2025-09-30 10:56:59.503845
0.1862840889613123,0.3587746504986002,2025-09-30 10:56:59.503845
0.16995969353162857,0.31581156545578415,2025-09-30 10:56:59.503845
0.1768800697522909,0.36441096855710237,2025-09-30 10:56:59.503845
0.17179578500295067,0.41403776864143815,2025-09-30 10:56:59.503845
0.1857644692497389,0.22560327733737678,2025-09-30 10:56:59.503845
0.1749604791956168,0.34693684036456673,2025-09-30 10:56:59.503845
0.14428064729191117,0.3157806122886456,2025-09-30 10:56:59.503845
0.16502166856537423,0.39342332222150095,2025-09-30 10:56:59.503845
0.20146859556386043,0.34781379479501057,2025-09-30 10:56:59.503845
0.18352025565796762,0.26306124342385284,2025-09-30 10:56:59.503845
0.17399957037916686,0.32236926772605784,2025-09-30 10:56:59.503845
0.19712398731474412,0.3242067916230443,2025-09-30 10:56:59.503845
0.1749171939705336,0.1951947094028396,2025-09-30 10:56:59.503845
0.1756580779281818,0.41459979378206274,2025-09-30 10:56:59.503845
0.19109241913151395,0.33822574856532606,2025-09-30 10:56:59.503845
0.17578189315517187,0.30054137635987244,2025-09-30 10:56:59.503845
0.18799136532005295,0.16897217951423676,2025-09-30 10:56:59.503845
0.16293850053019257,0.2935874880788295,2025-09-30 10:56:59.503845
0.18704748272479654,0.2509917446405077,2025-09-30 10:56:59.503845
0.16226541954584395,0.29227321766548586,2025-09-30 10:56:59.503845
0.17462891362534003,0.25351328017308494,2025-09-30 10:56:59.503845
0.19324414663589592,0.2589123997011204,2025-09-30 10:56:59.503845
0.18114365864436757,0.3685651277912604,2025-09-30 10:56:59.503845
0.20958910248535034,0.3452079949378445,2025-09-30 10:56:59.503845
0.21441331590496737,0.2931888405621484,2025-09-30 10:56:59.503845
0.1817333433375087,0.37764294910135077,2025-09-30 10:56:59.503845
0.15217547757011943,0.35416037655947014,2025-09-30 10:56:59.503845
0.154139920786031,0.23433986178468302,2025-09-30 10:56:59.503845
0.15297469140060366,0.41168619548070634,2025-09-30 10:56:59.503845
0.20064247434615923,0.45686037037154675,2025-09-30 10:56:59.503845
0.16751524806581,0.34989318635180694,2025-09-30 10:56:59.503845
0.19881459734875337,0.33979167366439655,2025-09-30 10:56:59.503845
0.1853106405374158,0.3823098757310456,2025-09-30 10:56:59.503845
0.17830366008047716,0.3066107276601637,2025-09-30 10:56:59.503845
0.16049081025463624,0.2471654948057065,2025-09-30 10:56:59.503845
0.20036721474176838,0.5548469293980074,2025-09-30 10:56:59.503845
0.1963076589836136,0.2806330332766525,2025-09-30 10:56:59.503845
0.16014966420207327,0.35912804623347216,2025-09-30 10:56:59.503845
0.1932550769966802,0.37569035476609286,2025-09-30 10:56:59.503845
0.18229417043937507,0.4735795682663102,2025-09-30 10:56:59.503845
0.14650882486001393,0.31329096427941094,2025-09-30 10:56:59.503845
0.1757904415694399,0.2695731611730683,2025-09-30 10:56:59.503845
0.1829430870125387,0.36435012827923924,2025-09-30 10:56:59.503845
0.208846269658017,0.3205309714717265,2025-09-30 10:56:59.503845
0.19507469218611076,0.3990574883739926,2025-09-30 10:56:59.503845
0.15351998114963653,0.2624666936435136,2025-09-30 10:56:59.503845
0.1908938890246316,0.38073084450237055,2025-09-30 10:56:59.503845
0.17972392994051425,0.22209115881710656,2025-09-30 10:56:59.503845
0.16533014207976185,0.3688147396105636,2025-09-30 10:56:59.503845
0.17240684054263739,0.3343298736950801,2025-09-30 10:56:59.503845
0.163661362994398,0.32190529409723107,2025-09-30 10:56:59.503845
0.19150786032646697,0.24088215399752444,2025-09-30 10:56:59.503845
0.17622543586231024,0.39984499907022325,2025-09-30 10:56:59.503845
0.18768299152683782,0.31078401376427267,2025-09-30 10:56:59.503845
0.17028783628497593,0.3051735340268082,2025-09-30 10:56:59.503845
0.16661529577232953,0.3375350069758415,2025-09-30 10:56:59.503845
0.16581697957983543,0.4289360591566469,2025-09-30 10:56:59.503845
0.15725812893103128,0.27228135367908735,2025-09-30 10:56:59.503845
0.2279587640850808,0.2131794620767552,2025-09-30 10:56:59.503845
0.17289923482534228,0.3336588134468613,2025-09-30 10:56:59.503845
0.18618555935364609,0.3028644467969556,2025-09-30 10:56:59.503845
0.17384113685848135,0.30470543571147274,2025-09-30 10:56:59.503845
0.16074989354130553,0.14633822513603725,2025-09-30 10:56:59.503845
0.20467699486119342,0.390926658267121,2025-09-30 10:56:59.503845
0.1655471369237202,0.23664356283918014,2025-09-30 10:56:59.503845
0.18168927967511958,0.37008930284326086,2025-09-30 10:56:59.503845
0.20002623097359695,0.19679660397080334,2025-09-30 10:56:59.503845
0.19882464110907816,0.47413496819525436,2025-09-30 10:56:59.503845
0.16749509086678033,0.2120963774719153,2025-09-30 10:56:59.503845
0.18129882241158593,0.3554389401376845,2025-09-30 10:56:59.503845
0.16535837663007721,0.39422641841554373,2025-09-30 10:56:59.503845
0.2002137761636891,0.4608903886928215,2025-09-30 10:56:59.503845
0.18210118729264538,0.342416446649685,2025-09-30 10:56:59.503845
0.2087753945168799,0.43223282515213385,2025-09-30 10:56:59.503845
0.16474786074030487,0.3245792710694965,2025-09-30 10:56:59.503845
0.16650485244860122,0.3217625661038286,2025-09-30 10:56:59.503845
0.15256021023660177,0.4843480242192945,2025-09-30 10:56:59.503845
0.1741393700686823,0.27955330497198594,2025-09-30 10:56:59.503845
0.1791991302773122,0.42627218253426624,2025-09-30 10:56:59.503845
0.19001681553611985,0.3588402288724284,2025-09-30 10:56:59.503845
0.15930455122798745,0.3651957213126254,2025-09-30 10:56:59.503845
0.16964453646351874,0.4353051645293578,2025-09-30 10:56:59.503845
0.16314638191297337,0.4361514037949904,2025-09-30 10:56:59.503845
0.17251479801626815,0.25190723508391316,2025-09-30 10:56:59.503845
0.1679145288854133,0.35256944949364877,2025-09-30 10:56:59.503845
0.1796063875011073,0.1948328058906141,2025-09-30 10:56:59.503845
0.17835675113064742,0.2989808445977724,2025-09-30 10:56:59.503845
0.17355224520340684,0.3530812715643392,2025-09-30 10:56:59.503845
0.18058454644046873,0.4671782687000009,2025-09-30 10:56:59.503845
0.18480414805103576,0.27195189657264895,2025-09-30 10:56:59.503845
0.18410324610488973,0.2573397152453764,2025-09-30 10:56:59.503845
0.1856693327364337,0.2506282986137424,2025-09-30 10:56:59.503845
0.16465719552464295,0.30409725356256545,2025-09-30 10:56:59.503845
0.17761983008911003,0.4514706079772409,2025-09-30 10:56:59.503845
0.16705829615342946,0.25140133111681473,2025-09-30 10:56:59.503845
0.1613887765860383,0.32924940953661036,2025-09-30 10:56:59.503845
0.17378134739627446,0.23102863032587578,2025-09-30 10:56:59.503845
0.18502091539791882,0.39259788973697607,2025-09-30 10:56:59.503845
0.1968893639327641,0.27457733290060315,2025-09-30 10:56:59.503845
0.17020190201603408,0.3440798389415785,2025-09-30 10:56:59.503845
0.17375458540976726,0.3525816781748932,2025-09-30 10:56:59.503845
0.16866845649358647,0.3983246951742378,2025-09-30 10:56:59.503845
0.18908252439870507,0.2171103103170623,2025-09-30 10:56:59.503845
0.18428528421672413,0.21158194132351182,2025-09-30 10:56:59.503845
0.1792897076398678,0.2797175304256174,2025-09-30 10:56:59.503845
0.17122881740379112,0.3600470606581839,2025-09-30 10:56:59.503845
0.15374630261098052,0.2630301037235123,2025-09-30 10:56:59.503845
0.16490851273241242,0.2654022373017928,2025-09-30 10:56:59.503845
0.17337247209687456,0.35435514668878815,2025-09-30 10:56:59.503845
0.17946191098727945,0.39020789771791997,2025-09-30 10:56:59.503845
0.1704266663252019,0.4368770264726402,2025-09-30 10:56:59.503845
0.15544726538090506,0.4279427605812951,2025-09-30 10:56:59.503845
0.18381379906848055,0.390789605473514,2025-09-30 10:56:59.503845
0.15085427004754332,0.26101489144600937,2025-09-30 10:56:59.503845
0.18564383999417766,0.3844446321541697,2025-09-30 10:56:59.503845
0.1727802322279432,0.4895586483756492,2025-09-30 10:56:59.503845
0.1933195076508452,0.3027159333976938,2025-09-30 10:56:59.503845
0.17578967805712,0.3466912089172067,2025-09-30 10:56:59.503845
0.19339341771125074,0.3334051191865238,2025-09-30 10:56:59.503845
0.17572878396721903,0.30404706124841824,2025-09-30 10:56:59.503845
0.17288423665694352,0.17827964387734815,2025-09-30 10:56:59.503845
0.1751751458565921,0.39893567123088564,2025-09-30 10:56:59.503845
0.17753992277469452,0.4063536970388909,2025-09-30 10:56:59.503845
0.18703472158312814,0.4861603375545315,2025-09-30 10:56:59.503845
0.19316239318301945,0.30172380589798004,2025-09-30 10:56:59.503845
0.18087018497073984,0.3718735823678744,2025-09-30 10:56:59.503845
0.15681695267578383,0.29358644824809627,2025-09-30 10:56:59.503845
0.20330151455353035,0.32918762596311446,2025-09-30 10:56:59.503845
0.16255951821686132,0.3250832137890022,2025-09-30 10:56:59.503845
0.19638770263332095,0.44240016318803577,2025-09-30 10:56:59.503845
0.1750533064524776,0.42694211642073976,2025-09-30 10:56:59.503845
0.14724287183401116,0.43889497202475564,2025-09-30 10:56:59.503845
0.17065261417526484,0.3517100721815844,2025-09-30 10:56:59.503845
0.19467249316970417,0.34840717678649813,2025-09-30 10:56:59.503845
0.14899722729057208,0.38679716158413807,2025-09-30 10:56:59.503845
0.17573620276777574,0.32918232330203834,2025-09-30 10:56:59.503845
0.16345250259002728,0.2794141038389931,2025-09-30 10:56:59.503845
0.20703364309103053,0.45162342843662745,2025-09-30 10:56:59.503845
0.14900438734703048,0.21749766067608228,2025-09-30 10:56:59.503845
0.18674289771343905,0.39415961189448984,2025-09-30 10:56:59.503845
0.17658056037487763,0.34406672852371295,2025-09-30 10:56:59.503845
0.16053503554601847,0.44102310675912226,2025-09-30 10:56:59.503845
0.16262271036272055,0.325527882550404,2025-09-30 10:56:59.503845
0.19209495915202895,0.3709231346446696,2025-09-30 10:56:59.503845
0.17020439364645495,0.49605432469219546,2025-09-30 10:56:59.503845
0.19084091045449855,0.4024319648673232,2025-09-30 10:56:59.503845
0.19092983062389482,0.2954121413020887,2025-09-30 10:56:59.503845
0.21321628150081326,0.31589946269737873,2025-09-30 10:56:59.503845
0.19323735036957446,0.2740903819244115,2025-09-30 10:56:59.503845
0.19768984260926725,0.3513631816743603,2025-09-30 10:56:59.503845
0.16763913573964054,0.1866125968712963,2025-09-30 10:56:59.503845
0.1974279733108768,0.3782026102610537,2025-09-30 10:56:59.503845
0.2012131816600131,0.45624880038600046,2025-09-30 10:56:59.503845
0.19259318857508406,0.26555891831448164,2025-09-30 10:56:59.503845
0.17491830404691386,0.27383340514457044,2025-09-30 10:56:59.503845
0.16076060250972643,0.2504359591500425,2025-09-30 10:56:59.503845
0.19475994529555307,0.29426767499994577,2025-09-30 10:56:59.503845
0.16086055105150673,0.34409034064325744,2025-09-30 10:56:59.503845
0.18052877019388217,0.41704843496552046,2025-09-30 10:56:59.503845
0.20620058020311732,0.3311263121755535,2025-09-30 10:56:59.503845
0.16810960550131027,0.47388154027954116,2025-09-30 10:56:59.503845
0.16289997965532316,0.39325670459509643,2025-09-30 10:56:59.503845
0.18283833510580377,0.32133000065516976,2025-09-30 10:56:59.503845
0.17210627326874794,0.3645868163755468,2025-09-30 10:56:59.503845
0.1705952605860099,0.3197307319060444,2025-09-30 10:56:59.503845
0.20078010889161355,0.4883466098293213,2025-09-30 10:56:59.503845
0.17138328487064,0.2660898178539681,2025-09-30 10:56:59.503845
0.20567677427943637,0.24717350083600592,2025-09-30 10:56:59.503845
0.15764712652588328,0.30758822611537484,2025-09-30 10:56:59.503845
0.17848540138486985,0.33495244434859595,2025-09-30 10:56:59.503845
0.189812541515119,0.2938126228754939,2025-09-30 10:56:59.503845
0.16921046333118003,0.38736443443244933,2025-09-30 10:56:59.503845
0.1659856579714139,0.5210471533483693,2025-09-30 10:56:59.503845
0.19524630559701694,0.38989343983651376,2025-09-30 10:56:59.503845
0.166046683525845,0.35062629128821926,2025-09-30 10:56:59.503845
0.17837915327430967,0.31860349031693436,2025-09-30 10:56:59.503845
0.18063859275759905,0.293317486183206,2025-09-30 10:56:59.503845
0.17674491708193907,0.4284191204993429,2025-09-30 10:56:59.503845
0.17769361116242258,0.283351277658399,2025-09-30 10:56:59.503845
0.14666748421844286,0.35916105842170615,2025-09-30 10:56:59.503845
0.16985855837194092,0.21346608347730234,2025-09-30 10:56:59.503845
0.20828580415888248,0.31250162710191953,2025-09-30 10:56:59.503845
0.20232298354577744,0.30679948920542893,2025-09-30 10:56:59.503845
0.2029562244436664,0.3015417294701558,2025-09-30 10:56:59.503845
0.185184557743465,0.3346858743513033,2025-09-30 10:56:59.503845
0.18846642466933428,0.3505701275561214,2025-09-30 10:56:59.503845
0.21268610594335816,0.28287407919243196,2025-09-30 10:56:59.503845
0.16968390337311143,0.47342976133517256,2025-09-30 10:56:59.503845
0.18917362348507516,0.1739775534864311,2025-09-30 10:56:59.503845
0.20674512877132475,0.40475892489855736,2025-09-30 10:56:59.503845
0.21046992728606756,0.2262245980599823,2025-09-30 10:56:59.503845
0.1948605252036238,0.3941598953159396,2025-09-30 10:56:59.503845
0.21550057940639142,0.20449096641923786,2025-09-30 10:56:59.503845
0.17602812127696452,0.304318876529125,2025-09-30 10:56:59.503845
0.1951280195384165,0.32839432730699425,2025-09-30 10:56:59.503845
0.18539916082382463,0.34959999472976827,2025-09-30 10:56:59.503845
0.1826962447256608,0.38213817645640225,2025-09-30 10:56:59.503845
0.18330260519285663,0.274539171858341,2025-09-30 10:56:59.503845
0.19615140667845593,0.3938684322496387,2025-09-30 10:56:59.503845
0.1662164162898071,0.31095763725151304,2025-09-30 10:56:59.503845
0.14474534684242069,0.40209210888089253,2025-09-30 10:56:59.503845
0.1561553885828595,0.3358038648758074,2025-09-30 10:56:59.503845
0.15467847846041421,0.2305223553019599,2025-09-30 10:56:59.503845
0.19381978650252335,0.30704465006071957,2025-09-30 10:56:59.503845
0.17115400117365626,0.42723261326243434,2025-09-30 10:56:59.503845
0.2037633717069284,0.29710759431241585,2025-09-30 10:56:59.503845
0.16283029423828727,0.2967349162819738,2025-09-30 10:56:59.503845
0.20404662695192077,0.36033512671394263,2025-09-30 10:56:59.503845
0.1740849741483294,0.2061480611563997,2025-09-30 10:56:59.503845
0.19487374505084057,0.21507963222101972,2025-09-30 10:56:59.503845
0.1731459282808,0.3575837726734126,2025-09-30 10:56:59.503845
0.17540491961836507,0.30958307157124165,2025-09-30 10:56:59.503845
0.19333701792739885,0.27385428062103373,2025-09-30 10:56:59.503845
0.16358621694022235,0.33594979648020207,2025-09-30 10:56:59.503845
0.1624346487724343,0.22727876802902852,2025-09-30 10:56:59.503845
0.18990018519469903,0.33130535388861887,2025-09-30 10:56:59.503845
0.15071369831603157,0.47434597282753743,2025-09-30 10:56:59.503845
0.16449680352814025,0.27019680391262735,2025-09-30 10:56:59.503845
0.1917679438412134,0.3851353927082564,2025-09-30 10:56:59.503845
0.18671248311961128,0.4066220592807412,2025-09-30 10:56:59.503845
0.18357366950050635,0.32506555503828144,2025-09-30 10:56:59.503845
0.1808519020487311,0.36474290002488136,2025-09-30 10:56:59.503845
0.17113659496859943,0.16672568616983413,2025-09-30 10:56:59.503845
0.16994500581935124,0.311511639679999,2025-09-30 10:56:59.503845
0.16706509594533017,0.31396666281977187,2025-09-30 10:56:59.503845
0.19150637467513296,0.3612248657449556,2025-09-30 10:56:59.503845
0.16573416042036426,0.34639954749344104,2025-09-30 10:56:59.503845
0.21875545198118665,0.38761997333866516,2025-09-30 10:56:59.503845
0.19913803664908927,0.4272732067783258,2025-09-30 10:56:59.503845
0.1823442048579043,0.4300935646185223,2025-09-30 10:56:59.503845
0.2188731656088431,0.2929729029247653,2025-09-30 10:56:59.503845
0.17621280982471185,0.3590559930613226,2025-09-30 10:56:59.503845
0.18853719433129718,0.20000167823409026,2025-09-30 10:56:59.503845
0.15684887202768508,0.3758276527930359,2025-09-30 10:56:59.503845
0.18389722739702033,0.34129456675810466,2025-09-30 10:56:59.503845
0.201713681674625,0.30065627570907455,2025-09-30 10:56:59.503845
0.18831242163331235,0.42065766843362506,2025-09-30 10:56:59.503845
0.1780471527078156,0.3459102659962305,2025-09-30 10:56:59.503845
0.1713565666549373,0.2985994566484739,2025-09-30 10:56:59.503845
0.19724697531514138,0.13632999101150087,2025-09-30 10:56:59.503845
0.20955200115548203,0.4001394914762638,2025-09-30 10:56:59.503845
0.18699162983227788,0.2939482690315848,2025-09-30 10:56:59.503845
0.18602735155079012,0.2882326388920788,2025-09-30 10:56:59.503845
0.17138647399080426,0.33142933510331285,2025-09-30 10:56:59.503845
0.2131748532594384,0.4627284283329668,2025-09-30 10:56:59.503845
0.1971130299731896,0.4675756482426915,2025-09-30 10:56:59.503845
0.18824149640260504,0.3389552548563583,2025-09-30 10:56:59.503845
0.19040991991212325,0.38670077292287214,2025-09-30 10:56:59.503845
0.20413752672899127,0.36255599128800253,2025-09-30 10:56:59.503845
0.1820982549503083,0.3571912167323685,2025-09-30 10:56:59.503845
0.17319274768136342,0.36673018661611245,2025-09-30 10:56:59.503845
0.17825349124265155,0.3634732292470415,2025-09-30 10:56:59.503845
0.18006807969327784,0.4046790814787726,2025-09-30 10:56:59.503845
0.1680133262680406,0.3527051366328022,2025-09-30 10:56:59.503845
0.1792234255809994,0.354358909151374,2025-09-30 10:56:59.503845
0.18893755865864648,0.38793986216365217,2025-09-30 10:56:59.503845
0.17990113120477408,0.37636411004111087,2025-09-30 10:56:59.503845
0.17776023316207018,0.4519875730363088,2025-09-30 10:56:59.503845
0.19775424306514844,0.48720729127801166,2025-09-30 10:56:59.503845
0.20006637506894842,0.21169619823821872,2025-09-30 10:56:59.503845
0.17190306556427454,0.4705867467592774,2025-09-30 10:56:59.503845
0.21299172228996696,0.3088215567721627,2025-09-30 10:56:59.503845
0.20624689290591153,0.35499944400088046,2025-09-30 10:56:59.503845
0.1790886077377738,0.22895636846849018,2025-09-30 10:56:59.503845
0.2030876347232028,0.31084961818740153,2025-09-30 10:56:59.503845
0.17758389933806967,0.39715106747938017,2025-09-30 10:56:59.503845
0.1885035842896907,0.23090496035575286,2025-09-30 10:56:59.503845
0.1725625716983171,0.321249317657966,2025-09-30 10:56:59.503845
0.17839286908074012,0.343039696525161,2025-09-30 10:56:59.503845
0.1701508687910417,0.19814298618654494,2025-09-30 10:56:59.503845
0.17374993799630029,0.2675538184242215,2025-09-30 10:56:59.503845
0.19257202796926198,0.3614214548776967,2025-09-30 10:56:59.503845
0.14208050056422838,0.380747321964259,2025-09-30 10:56:59.503845
0.19022032148102502,0.2580784717570509,2025-09-30 10:56:59.503845
0.21054707125886024,0.3200414399616424,2025-09-30 10:56:59.503845
0.19156502123122587,0.3246307348534195,2025-09-30 10:56:59.503845
0.15242977873068253,0.3152059473338933,2025-09-30 10:56:59.503845
0.18665132953504462,0.46533533560607176,2025-09-30 10:56:59.503845
0.1793453626304356,0.3733659766382778,2025-09-30 10:56:59.503845
0.16843088771126508,0.3553494414635314,2025-09-30 10:56:59.503845
0.18226469680837012,0.31271276873397424,2025-09-30 10:56:59.503845
0.21852292558031844,0.30223222391711807,2025-09-30 10:56:59.503845
0.18852925880115814,0.33127248746535654,2025-09-30 10:56:59.503845
0.1959338514852358,0.3649177027221417,2025-09-30 10:56:59.503845
0.1929974401107822,0.38037202570066486,2025-09-30 10:56:59.503845
0.16078628932777553,0.3033261599763205,2025-09-30 10:56:59.503845
0.1647276057035442,0.2815782964662733,2025-09-30 10:56:59.503845
0.16776884743581902,0.2524876879992077,2025-09-30 10:56:59.503845
0.19658425327469456,0.3318592303556487,2025-09-30 10:56:59.503845
0.17093186928919413,0.32579379443466966,2025-09-30 10:56:59.503845
0.15427276546784263,0.26773047139941974,2025-09-30 10:56:59.503845
0.18614047665375258,0.374646515952202,2025-09-30 10:56:59.503845
0.1681291336674574,0.3201241533535609,2025-09-30 10:56:59.503845
0.1782891021567933,0.37537300965609915,2025-09-30 10:56:59.503845
0.18180955854510664,0.4011858291050784,2025-09-30 10:56:59.503845
0.15009055626112222,0.34563744110451683,2025-09-30 10:56:59.503845
0.19439796434323278,0.36532766827460694,2025-09-30 10:56:59.503845
0.18141743443475739,0.26173115451664364,2025-09-30 10:56:59.503845
0.15773948899992246,0.3177200401231837,2025-09-30 10:56:59.503845
0.191064434562009,0.19868122131661814,2025-09-30 10:56:59.503845
0.20158316417017158,0.2679930652629591,2025-09-30 10:56:59.503845
0.1685326327340696,0.3852235789155504,2025-09-30 10:56:59.503845
0.18467341695415293,0.2832995007491954,2025-09-30 10:56:59.503845
0.19328644916501603,0.3652476500536734,2025-09-30 10:56:59.503845
0.18703755520943413,0.3884068726166542,2025-09-30 10:56:59.503845
0.16915167212349355,0.4480447018597124,2025-09-30 10:56:59.503845
0.17078738825171313,0.3266786610658136,2025-09-30 10:56:59.503845
0.19877744793620242,0.3698598720617712,2025-09-30 10:56:59.503845
0.15452825531468067,0.3741951343315322,2025-09-30 10:56:59.503845
0.18028588771049392,0.30552400026725157,2025-09-30 10:56:59.503845
0.19693078492189262,0.4159165758869556,2025-09-30 10:56:59.503845
0.19419695128417813,0.3456856210892174,2025-09-30 10:56:59.503845
0.1830856706849192,0.29436553130022114,2025-09-30 10:56:59.503845
0.1907051636785827,0.3183532439472672,2025-09-30 10:56:59.503845
0.2145101714423446,0.33849779711407274,2025-09-30 10:56:59.503845
0.1579481650527347,0.4491173029166099,2025-09-30 10:56:59.503845
0.18920677389787932,0.49481337139196035,2025-09-30 10:56:59.503845
0.14951848833974862,0.21756529588431772,2025-09-30 10:56:59.503845
0.19025684780520388,0.2998375690042441,2025-09-30 10:56:59.503845
0.20030391804563527,0.30783578975479076,2025-09-30 10:56:59.503845
0.18588871842874546,0.48474441601431595,2025-09-30 10:56:59.503845
0.1987081480688119,0.2869268113689652,2025-09-30 10:56:59.503845
0.1855918410614596,0.2296210506168238,2025-09-30 10:56:59.503845
0.1707125374714611,0.4504444601541296,2025-09-30 10:56:59.503845
0.19360332676368724,0.22184343578112484,2025-09-30 10:56:59.503845
0.16146878510793455,0.2973165249432976,2025-09-30 10:56:59.503845
0.18393686141877058,0.23667799979145548,2025-09-30 10:56:59.503845
0.1685548621959471,0.395851319463873,2025-09-30 10:56:59.503845
0.2100344753567477,0.20554070295320234,2025-09-30 10:56:59.503845
0.2210819922641276,0.33104433185423887,2025-09-30 10:56:59.503845
0.1809422840221295,0.43205480734394547,2025-09-30 10:56:59.503845
0.1694320622940812,0.3649101575947431,2025-09-30 10:56:59.503845
0.15701708493310368,0.25957837731859584,2025-09-30 10:56:59.503845
0.21210095384041444,0.47659316549726294,2025-09-30 10:56:59.503845
0.20553642824009122,0.3395483455593246,2025-09-30 10:56:59.503845
0.16305784905263354,0.37109138551340637,2025-09-30 10:56:59.503845
0.17943625825433374,0.3596364504653053,2025-09-30 10:56:59.503845
0.16457136491058372,0.5319570112360877,2025-09-30 10:56:59.503845
0.18471474547535158,0.34571651138366477,2025-09-30 10:56:59.503845
0.1689087285474263,0.2863694512577395,2025-09-30 10:56:59.503845
0.1680558654493693,0.3011060967293315,2025-09-30 10:56:59.503845
0.1711382084454488,0.3436455509639175,2025-09-30 10:56:59.503845
0.17849754348261385,0.341072175448996,2025-09-30 10:56:59.503845
0.17405815120626122,0.36789278062110203,2025-09-30 10:56:59.503845
0.1757779309726488,0.4415183160278885,2025-09-30 10:56:59.503845
0.1904713336371721,0.3835804595643247,2025-09-30 10:56:59.503845
0.2012005270302959,0.32179387965134293,2025-09-30 10:56:59.503845
0.19139297779337877,0.32407195602031275,2025-09-30 10:56:59.503845
0.17916148762248818,0.31318484683902087,2025-09-30 10:56:59.503845
0.18004424356791704,0.3257193424193506,2025-09-30 10:56:59.503845
0.17532275444402443,0.3095833734720832,2025-09-30 10:56:59.503845
0.1901505083256313,0.324435582868464,2025-09-30 10:56:59.503845
0.17443011500866074,0.2433739306860619,2025-09-30 10:56:59.503845
0.180026539484108,0.44194153622883,2025-09-30 10:56:59.503845
0.173890365626463,0.46786717313866755,2025-09-30 10:56:59.503845
0.20457549332426822,0.2105029869498762,2025-09-30 10:56:59.503845
0.1840322024529182,0.3362744125441509,2025-09-30 10:56:59.503845
0.17416470804334633,0.3965390588668907,2025-09-30 10:56:59.503845
0.16426466632449352,0.3111036366339034,2025-09-30 10:56:59.503845
0.1759332766804141,0.30198552067546885,2025-09-30 10:56:59.503845
0.18143993936017383,0.31649074431141483,2025-09-30 10:56:59.503845
0.19285571474137575,0.25214658207234864,2025-09-30 10:56:59.503845
0.17445312502635338,0.23625609614482515,2025-09-30 10:56:59.503845
0.20259579479712822,0.335570338431553,2025-09-30 10:56:59.503845
0.17875841125780922,0.4388564874481069,2025-09-30 10:56:59.503845
0.21009035420604333,0.2852124089401929,2025-09-30 10:56:59.503845
0.1871965123132644,0.22958104368800136,2025-09-30 10:56:59.503845
0.15874112422879255,0.314329968422424,2025-09-30 10:56:59.503845
0.16710614195260745,0.3197853482060709,2025-09-30 10:56:59.503845
0.2023971354594071,0.3828358551323975,2025-09-30 10:56:59.503845
0.15819676874294028,0.24945725640376137,2025-09-30 10:56:59.503845
0.20667440316022795,0.41156007167136566,2025-09-30 10:56:59.503845
0.17908379938696917,0.2879845299546769,2025-09-30 10:56:59.503845
0.18496827345361616,0.32739595682120015,2025-09-30 10:56:59.503845
0.19196431047648613,0.24776994032203514,2025-09-30 10:56:59.503845
0.1712794638213507,0.35054644358235587,2025-09-30 10:56:59.503845
0.1853819595638016,0.3396072989547878,2025-09-30 10:56:59.503845
0.19224109594539923,0.2849362704092656,2025-09-30 10:56:59.503845
0.1758161446550645,0.2812823618205946,2025-09-30 10:56:59.503845
0.16321912830292362,0.22965096529819767,2025-09-30 10:56:59.503845
0.1874035719676871,0.36239416068863095,2025-09-30 10:56:59.503845
0.17021546054974607,0.3382801458686139,2025-09-30 10:56:59.503845
0.18649667947909138,0.46481478627858563,2025-09-30 10:56:59.503845
0.1595160637535723,0.302865859923325,2025-09-30 10:56:59.503845
0.17900390914476305,0.41295994528122576,2025-09-30 10:56:59.503845
0.19352033545138556,0.2860690418257823,2025-09-30 10:56:59.503845
0.1738862439394229,0.3867602540341527,2025-09-30 10:56:59.503845
0.17643774369978246,0.34206005003141793,2025-09-30 10:56:59.503845
0.18343753142772995,0.31851805441664066,2025-09-30 10:56:59.503845
0.1610310316108222,0.442328527523356,2025-09-30 10:56:59.503845
0.17612065601177807,0.34891020316957877,2025-09-30 10:56:59.503845
0.16888688984991465,0.32217657483691575,2025-09-30 10:56:59.503845
0.1756239950899666,0.3446251584054346,2025-09-30 10:56:59.503845
0.18690173691454995,0.24580088848460863,2025-09-30 10:56:59.503845
0.1755172287321684,0.49616690603819746,2025-09-30 10:56:59.503845
0.2147595043835457,0.24441372350883755,2025-09-30 10:56:59.503845
0.23353625778362713,0.28093288178819115,2025-09-30 10:56:59.503845
0.18531766249130852,0.2224555112437986,2025-09-30 10:56:59.503845
0.18467311080954513,0.2149398969731534,2025-09-30 10:56:59.503845
0.1790816099420598,0.25125332867096145,2025-09-30 10:56:59.503845
0.17647178971425623,0.38058881798773814,2025-09-30 10:56:59.503845
0.17485481159932503,0.33980348802492655,2025-09-30 10:56:59.503845
0.18173797245650236,0.336391947133395,2025-09-30 10:56:59.503845
0.2235547470219068,0.32621583910611307,2025-09-30 10:56:59.503845
0.18591113681761814,0.24750730488653372,2025-09-30 10:56:59.503845
0.16399284557214808,0.30687851415027945,2025-09-30 10:56:59.503845
0.17545382990027716,0.3486353906914545,2025-09-30 10:56:59.503845
0.17287107930022755,0.30448237417359436,2025-09-30 10:56:59.503845
0.18211843298584604,0.3401371221838331,2025-09-30 10:56:59.503845
0.17575083986513435,0.36525486134027896,2025-09-30 10:56:59.503845
0.17196463937344184,0.3763980128925584,2025-09-30 10:56:59.503845
0.18326412236054632,0.29308374765527523,2025-09-30 10:56:59.503845
0.14796780551240662,0.3600652740622371,2025-09-30 10:56:59.503845
0.17948357271986182,0.40201398376049263,2025-09-30 10:56:59.503845
0.1707764667712521,0.38652005850126925,2025-09-30 10:56:59.503845
0.1491150330374239,0.34185372539358105,2025-09-30 10:56:59.503845
0.1688161061607167,0.3254302293962466,2025-09-30 10:56:59.503845
0.1781814512251736,0.4258976857611909,2025-09-30 10:56:59.503845
0.16692112237919823,0.273283258402862,2025-09-30 10:56:59.503845
0.1696104535192955,0.26537936762257897,2025-09-30 10:56:59.503845
0.17281650348042898,0.2912425906005307,2025-09-30 10:56:59.503845
0.18927544030545007,0.34753959241762844,2025-09-30 10:56:59.503845
0.19178802174255702,0.3975896515005577,2025-09-30 10:56:59.503845
0.16725550741095938,0.27229236067481055,2025-09-30 10:56:59.503845
0.18583002089525036,0.4361458573759476,2025-09-30 10:56:59.503845
0.16802518214855514,0.41524380872795963,2025-09-30 10:56:59.503845
0.19837674719867585,0.39666540544904627,2025-09-30 10:56:59.503845
0.18580207397856613,0.441803918434992,2025-09-30 10:56:59.503845
0.19078894271701305,0.22550816536083945,2025-09-30 10:56:59.503845
0.18518658511800207,0.1866371682521029,2025-09-30 10:56:59.503845
0.18219995115886783,0.41320962012247453,2025-09-30 10:56:59.503845
0.17507830975181948,0.36928591208492645,2025-09-30 10:56:59.503845
0.15199404042656386,0.2565687603303412,2025-09-30 10:56:59.503845
0.169621048298764,0.3022935748759425,2025-09-30 10:56:59.503845
0.1916020434895721,0.2193467717776188,2025-09-30 10:56:59.503845
0.16221376779596255,0.22834573045095152,2025-09-30 10:56:59.503845
0.18523636685262163,0.22525238659061192,2025-09-30 10:56:59.503845
0.16247227731349587,0.22794809275440175,2025-09-30 10:56:59.503845
0.14146195773763368,0.3001706888882073,2025-09-30 10:56:59.503845
0.17832736622461634,0.25503494224888523,2025-09-30 10:56:59.503845
0.17861752449027257,0.4151176408810503,2025-09-30 10:56:59.503845
0.19335157394670585,0.20441949586305733,2025-09-30 10:56:59.503845
0.16611878989169493,0.41836699080518136,2025-09-30 10:56:59.503845
0.17546403149437154,0.2974762862196001,2025-09-30 10:56:59.503845
0.1786130685116023,0.24539854842987924,2025-09-30 10:56:59.503845
0.19835503322957834,0.4230816011679006,2025-09-30 10:56:59.503845
0.18940997305478816,0.4434191446451538,2025-09-30 10:56:59.503845
0.1880774995619342,0.32118460787188635,2025-09-30 10:56:59.503845
0.15678112625387153,0.34064097049534886,2025-09-30 10:56:59.503845
0.19830271017020962,0.3026729606357989,2025-09-30 10:56:59.503845
0.17272655375243393,0.2692902377896561,2025-09-30 10:56:59.503845
0.19255139218784753,0.2478063027592055,2025-09-30 10:56:59.503845
0.15041161779916856,0.4272467481328394,2025-09-30 10:56:59.503845
0.19607659478761089,0.2285865591466219,2025-09-30 10:56:59.503845
0.1528847463015474,0.27436506422914314,2025-09-30 10:56:59.503845
0.19921295623438953,0.31397475402547526,2025-09-30 10:56:59.503845
0.17110166957555592,0.2545040154595488,2025-09-30 10:56:59.503845
0.2078524337750771,0.4292376139096383,2025-09-30 10:56:59.503845
0.20252824842478706,0.3307291972095657,2025-09-30 10:56:59.503845
0.18981045709002214,0.15881939106536258,2025-09-30 10:56:59.503845
0.17425224189001723,0.42001219590552297,2025-09-30 10:56:59.503845
0.15079365673502768,0.3438337436575665,2025-09-30 10:56:59.503845
0.1893902025248687,0.31100091930295604,2025-09-30 10:56:59.503845
0.19021976563334966,0.40170782258375876,2025-09-30 10:56:59.503845
0.20723807376144804,0.3347069522926505,2025-09-30 10:56:59.503845
0.19223391064903655,0.26909941336647136,2025-09-30 10:56:59.503845
0.1787086455268858,0.3194698141601527,2025-09-30 10:56:59.503845
0.1757481171273311,0.3359872736075077,2025-09-30 10:56:59.503845
0.18516362126940067,0.19856570587792305,2025-09-30 10:56:59.503845
0.186635763051591,0.28995719747391313,2025-09-30 10:56:59.503845
0.18865664307201252,0.29129311690823606,2025-09-30 10:56:59.503845
0.21166615001022518,0.37213629395677456,2025-09-30 10:56:59.503845
0.1871851313529374,0.28165061479055264,2025-09-30 10:56:59.503845
0.18221967155479604,0.3454192960443697,2025-09-30 10:56:59.503845
0.19152432443557643,0.25870014654066387,2025-09-30 10:56:59.503845
0.17082713475356845,0.3903453842384993,2025-09-30 10:56:59.503845
0.19870022131056292,0.2818099664212829,2025-09-30 10:56:59.503845
0.15379720675688463,0.30804894798348803,2025-09-30 10:56:59.503845
0.18327769608575348,0.44107422994848466,2025-09-30 10:56:59.503845
0.16138100614245185,0.4404632667581254,2025-09-30 10:56:59.503845
0.19735311681757575,0.24154498074083228,2025-09-30 10:56:59.503845
0.1596299220201838,0.34274699646532547,2025-09-30 10:56:59.503845
0.18461739999720328,0.2762884269579117,2025-09-30 10:56:59.503845
0.1786208457597563,0.2402879293876153,2025-09-30 10:56:59.503845
0.16324809013488883,0.2568811383096098,2025-09-30 10:56:59.503845
0.18924431562978797,0.364906082274539,2025-09-30 10:56:59.503845
0.2038193914260806,0.3991706442171961,2025-09-30 10:56:59.503845
0.16679271156403003,0.33158618759266095,2025-09-30 10:56:59.503845
0.19033332448881232,0.46163613849617025,2025-09-30 10:56:59.503845
0.21599868328059607,0.38362187344565807,2025-09-30 10:56:59.503845
0.1608939686161045,0.31822298663206666,2025-09-30 10:56:59.503845
0.17302450599508834,0.2566226865634962,2025-09-30 10:56:59.503845
0.17313218312236858,0.2856845862930484,2025-09-30 10:56:59.503845
0.21660481530318143,0.34829280378736704,2025-09-30 10:56:59.503845
0.17205983895719018,0.3695055848345834,2025-09-30 10:56:59.503845
0.1794111071639104,0.31607653991590534,2025-09-30 10:56:59.503845
0.18055369548168326,0.3381072598236585,2025-09-30 10:56:59.503845
0.18929686849735963,0.2638734607837483,2025-09-30 10:56:59.503845
0.16786711038637236,0.472184181476808,2025-09-30 10:56:59.503845
0.19362085464257262,0.38880587557852275,2025-09-30 10:56:59.503845
0.1595590236849299,0.3700745607546521,2025-09-30 10:56:59.503845
0.160480025124238,0.378220548146457,2025-09-30 10:56:59.503845
0.18433305736795128,0.43233190131490634,2025-09-30 10:56:59.503845
0.1901320056838017,0.3028046870305735,2025-09-30 10:56:59.503845
0.16240657583967577,0.45579087916643757,2025-09-30 10:56:59.503845
0.1759958956437893,0.3708192514986426,2025-09-30 10:56:59.503845
0.1928660159509901,0.3166981961867452,2025-09-30 10:56:59.503845
0.18404043362812006,0.29420797295831635,2025-09-30 10:56:59.503845
0.15443212167157744,0.2866532633928865,2025-09-30 10:56:59.503845
0.18705296749235586,0.20451994216220562,2025-09-30 10:56:59.503845
0.1424962963331988,0.40574984879901166,2025-09-30 10:56:59.503845
0.1341534131959188,0.32828039781681656,2025-09-30 10:56:59.503845
0.17848056680679988,0.445665015022534,2025-09-30 10:56:59.503845
0.1858105927510363,0.35345882151014596,2025-09-30 10:56:59.503845
0.1824876093893097,0.3277517106549191,2025-09-30 10:56:59.503845
0.1867022608936535,0.3196340030894647,2025-09-30 10:56:59.503845
0.19709038443998897,0.2942311227275639,2025-09-30 10:56:59.503845
0.17013080696375782,0.34651756128104977,2025-09-30 10:56:59.503845
0.15501641088068654,0.40302587091524017,2025-09-30 10:56:59.503845
0.1842173397976173,0.34655420800302017,2025-09-30 10:56:59.503845
0.159138132184429,0.3719599511328916,2025-09-30 10:56:59.503845
0.1983710789877214,0.2918847554408542,2025-09-30 10:56:59.503845
0.18598337812018853,0.28658401796850097,2025-09-30 10:56:59.503845
0.17153836666195327,0.3183196229181353,2025-09-30 10:56:59.503845
0.1887801211927076,0.2788913015540372,2025-09-30 10:56:59.503845
0.20887294638030104,0.3926415403926835,2025-09-30 10:56:59.503845
0.1908994261070482,0.29716518847539986,2025-09-30 10:56:59.503845
0.20406642358317342,0.43428446998575376,2025-09-30 10:56:59.503845
0.1908567286305177,0.397547589464779,2025-09-30 10:56:59.503845
0.1901271096660868,0.46380788496145775,2025-09-30 10:56:59.503845
0.18376725954134618,0.38894984215048867,2025-09-30 10:56:59.503845
0.1870173469767023,0.29018146592308824,2025-09-30 10:56:59.503845
0.2031326412820445,0.2533864627384927,2025-09-30 10:56:59.503845
0.19264220907263227,0.2410062723369237,2025-09-30 10:56:59.503845
0.13131636636464053,0.3583391960428515,2025-09-30 10:56:59.503845
0.17969171895731806,0.2462402467243729,2025-09-30 10:56:59.503845
0.1868765391144905,0.34963158273307754,2025-09-30 10:56:59.503845
0.19422739927995084,0.3286366827253835,2025-09-30 10:56:59.503845
0.18071788942387956,0.3858267326885631,2025-09-30 10:56:59.503845
0.1625320442426937,0.3014403705991529,2025-09-30 10:56:59.503845
0.18379088389144135,0.2549181886293541,2025-09-30 10:56:59.503845
0.19057398863628985,0.39268300365064357,2025-09-30 10:56:59.503845
0.16812920489445696,0.3586294676557887,2025-09-30 10:56:59.503845
0.20721310649849425,0.289295606304237,2025-09-30 10:56:59.503845
0.1748795702487752,0.38068264095812504,2025-09-30 10:56:59.503845
0.1838445509312804,0.4075356128288693,2025-09-30 10:56:59.503845
0.16296307869882654,0.25927637043190416,2025-09-30 10:56:59.503845
0.1278091350736235,0.38526084708379177,2025-09-30 10:56:59.503845
0.19607465581428676,0.48578370856163805,2025-09-30 10:56:59.503845
0.21265444449123494,0.36878290944613457,2025-09-30 10:56:59.503845
0.2061503325230445,0.2267566829016836,2025-09-30 10:56:59.503845
0.22434235021423907,0.49085058290173555,2025-09-30 10:56:59.503845
0.18573570097298134,0.3787730099010839,2025-09-30 10:56:59.503845
0.16436195043287832,0.20373401066728328,2025-09-30 10:56:59.503845
0.19532784976819154,0.23933436270488953,2025-09-30 10:56:59.503845
0.19047147184502627,0.32719603584858603,2025-09-30 10:56:59.503845
0.1777767647660513,0.32441595269044765,2025-09-30 10:56:59.503845
0.17344356578815653,0.2544148420299352,2025-09-30 10:56:59.503845
0.16404008758399732,0.33332658371298246,2025-09-30 10:56:59.503845
0.17030872372372688,0.4344412668658848,2025-09-30 10:56:59.503845
0.17758258028788365,0.28472914308250946,2025-09-30 10:56:59.503845
0.17796142706525206,0.281918435155414,2025-09-30 10:56:59.503845
0.18503822710721374,0.3069152273993542,2025-09-30 10:56:59.503845
0.19738262961856842,0.4846755051650147,2025-09-30 10:56:59.503845
0.19308208718564013,0.3529766386010074,2025-09-30 10:56:59.503845
0.19043321323354337,0.4254602829290936,2025-09-30 10:56:59.503845
0.19041127773483216,0.28562170326731867,2025-09-30 10:56:59.503845
0.18772649050282222,0.3525988203298056,2025-09-30 10:56:59.503845
0.17515161078476585,0.3472259602780203,2025-09-30 10:56:59.503845
0.18577625904916367,0.409661410765205,2025-09-30 10:56:59.503845
0.1749983921660238,0.27915938950665853,2025-09-30 10:56:59.503845
0.1466308356606533,0.40396280758301234,2025-09-30 10:56:59.503845
0.18551506761840986,0.3650692122333828,2025-09-30 10:56:59.503845
0.19638699182017522,0.41717089764734805,2025-09-30 10:56:59.503845
0.17868311903249326,0.39488581300320236,2025-09-30 10:56:59.503845
0.19694016514345644,0.20535719087422372,2025-09-30 10:56:59.503845
0.19182551175685458,0.47883286022272165,2025-09-30 10:56:59.503845
0.18140440936912527,0.24754572551517484,2025-09-30 10:56:59.503845
0.16761917297686746,0.29173000272417415,2025-09-30 10:56:59.503845
0.175649512442783,0.23487525454873065,2025-09-30 10:56:59.503845
0.18321760610907115,0.33218653210308574,2025-09-30 10:56:59.503845
0.16503686306982052,0.2846928880270394,2025-09-30 10:56:59.503845
0.19676312038080152,0.20226748469038108,2025-09-30 10:56:59.503845
0.17306464725225398,0.26788485209034785,2025-09-30 10:56:59.503845
0.18729076512863121,0.3141412604008237,2025-09-30 10:56:59.503845
0.18517216845036913,0.17779402776538836,2025-09-30 10:56:59.503845
0.18344770819625422,0.3197087001267809,2025-09-30 10:56:59.503845
0.18273908303867228,0.3400889696653259,2025-09-30 10:56:59.503845
0.1778389573539883,0.40877558304898287,2025-09-30 10:56:59.503845
0.1600408705834536,0.40540230402024424,2025-09-30 10:56:59.503845
0.19411332653134647,0.35246299934826464,2025-09-30 10:56:59.503845
0.19570639434613135,0.29227029502834045,2025-09-30 10:56:59.503845
0.1809288754563043,0.17758641861349406,2025-09-30 10:56:59.503845
0.2030472861814868,0.3720419337587846,2025-09-30 10:56:59.503845
0.17601683670333246,0.35661761207239934,2025-09-30 10:56:59.503845
0.16718114874251497,0.40876964406878274,2025-09-30 10:56:59.503845
0.15299926365449396,0.4371333889146467,2025-09-30 10:56:59.503845
0.1524512664814161,0.43706557682102376,2025-09-30 10:56:59.503845
0.17983332642614847,0.30810009209108863,2025-09-30 10:56:59.503845
0.1671507936077889,0.36578965627816723,2025-09-30 10:56:59.503845
0.17852069695912812,0.3142581977573813,2025-09-30 10:56:59.503845
0.16644914349022952,0.36215406855680754,2025-09-30 10:56:59.503845
0.22518827725745205,0.3246587715777613,2025-09-30 10:56:59.503845
0.1928713531701765,0.39386516239358516,2025-09-30 10:56:59.503845
0.2142037528527409,0.3369750031771208,2025-09-30 10:56:59.503845
0.17826330484862118,0.3630587255639465,2025-09-30 10:56:59.503845
0.18316526667105354,0.3396733671286461,2025-09-30 10:56:59.503845
0.17170839477526367,0.37745102244290707,2025-09-30 10:56:59.503845
0.18145122048276038,0.43297186164548096,2025-09-30 10:56:59.503845
0.18140451288180137,0.3852319198000197,2025-09-30 10:56:59.503845
0.15052032164396767,0.37353859194404937,2025-09-30 10:56:59.503845
0.19360245377942112,0.22651203777923626,2025-09-30 10:56:59.503845
0.17773867254445141,0.4218538522449497,2025-09-30 10:56:59.503845
0.19017652726885087,0.35197317623760793,2025-09-30 10:56:59.503845
0.19741693172245706,0.32804453735352695,2025-09-30 10:56:59.503845
0.17554024723150757,0.383569982353259,2025-09-30 10:56:59.503845
0.19481258550020114,0.28553621143763896,2025-09-30 10:56:59.503845
0.1532160820082013,0.40850848554671765,2025-09-30 10:56:59.503845
0.21134686650008652,0.34805455045554506,2025-09-30 10:56:59.503845
0.1805467489113178,0.21105342236217306,2025-09-30 10:56:59.503845
0.17995119715985997,0.272518772766509,2025-09-30 10:56:59.503845
0.2016814921021418,0.3849546272166925,2025-09-30 10:56:59.503845
0.18951152925593917,0.30298349263221075,2025-09-30 10:56:59.503845
0.18734288277748165,0.3373122550310093,2025-09-30 10:56:59.503845
0.1761216313589297,0.35919025448367625,2025-09-30 10:56:59.503845
0.18320997356525529,0.48880700648249426,2025-09-30 10:56:59.503845
0.18207926742662317,0.35061675423127286,2025-09-30 10:56:59.503845
0.20796118555551574,0.2048643853222263,2025-09-30 10:56:59.503845
0.17537376148870018,0.4025713209221283,2025-09-30 10:56:59.503845
0.16725437163254261,0.22344249896265866,2025-09-30 10:56:59.503845
0.16199883188272354,0.24440459144251914,2025-09-30 10:56:59.503845
0.1845764803169267,0.29826195802602484,2025-09-30 10:56:59.503845
0.14289473823662482,0.29992623337376195,2025-09-30 10:56:59.503845
0.20054041283769874,0.27683324301189105,2025-09-30 10:56:59.503845
0.1344114469482299,0.4796466399732495,2025-09-30 10:56:59.503845
0.16694168630392495,0.2653682122453802,2025-09-30 10:56:59.503845
0.16514070080343038,0.3468548564573373,2025-09-30 10:56:59.503845
0.1764740696186117,0.3395607097462544,2025-09-30 10:56:59.503845
0.17896915157538565,0.33795169676599557,2025-09-30 10:56:59.503845
0.21029556898182394,0.44217534605280856,2025-09-30 10:56:59.503845
0.18582890180306982,0.4369692451118644,2025-09-30 10:56:59.503845
0.1741899907373283,0.342389083633196,2025-09-30 10:56:59.503845
0.17351050135721546,0.49623476869754346,2025-09-30 10:56:59.503845
0.20148691943670646,0.30466013158942146,2025-09-30 10:56:59.503845
0.20047776833164294,0.4038362624081745,2025-09-30 10:56:59.503845
0.2064258600703123,0.41017161381364,2025-09-30 10:56:59.503845
0.20200576588426894,0.3573780564193233,2025-09-30 10:56:59.503845
0.19253569715412816,0.21054528972685635,2025-09-30 10:56:59.503845
0.18772591185681248,0.3154837696682348,2025-09-30 10:56:59.503845
0.18034446885522018,0.3303520134837608,2025-09-30 10:56:59.503845
0.16448584830869284,0.3626184640601571,2025-09-30 10:56:59.503845
0.15208729409476077,0.44335889351181795,2025-09-30 10:56:59.503845
0.18514778185053662,0.4150289847438542,2025-09-30 10:56:59.503845
0.17314284597593738,0.2643032798593908,2025-09-30 10:56:59.503845
0.16596674919660315,0.43546286534715556,2025-09-30 10:56:59.503845
0.15853774495153597,0.29247111678899046,2025-09-30 10:56:59.503845
0.18647209286437685,0.34600439142596634,2025-09-30 10:56:59.503845
0.17111272011558876,0.35372939121161207,2025-09-30 10:56:59.503845
0.16269063396653907,0.2996176768147384,2025-09-30 10:56:59.503845
0.1902175839799526,0.34135560826409905,2025-09-30 10:56:59.503845
0.20999988196279637,0.34230791716080317,2025-09-30 10:56:59.503845
0.2008388625279021,0.3889903421582622,2025-09-30 10:56:59.503845
0.19660938758070653,0.41272385410235807,2025-09-30 10:56:59.503845
0.20838608723295496,0.28565649467456683,2025-09-30 10:56:59.503845
0.16325429950098524,0.3737958654788176,2025-09-30 10:56:59.503845
0.18223134558115658,0.29396310470079834,2025-09-30 10:56:59.503845
0.17579719854797182,0.3626898481452302,2025-09-30 10:56:59.503845
0.2045787358826946,0.4248241198420242,2025-09-30 10:56:59.503845
0.16254901578277056,0.3047320183224379,2025-09-30 10:56:59.503845
0.20093540592324355,0.35608743940537946,2025-09-30 10:56:59.503845
0.17992464776227718,0.3566009663071627,2025-09-30 10:56:59.503845
0.19398633257057138,0.4288005045924225,2025-09-30 10:56:59.503845
0.17949239975772702,0.5342381710792081,2025-09-30 10:56:59.503845
0.18880095863147378,0.34173426723530326,2025-09-30 10:56:59.503845
0.16081536576012495,0.3643119983922188,2025-09-30 10:56:59.503845
0.1764997364172604,0.2499627306591607,2025-09-30 10:56:59.503845
0.18738145386883,0.2817207764117574,2025-09-30 10:56:59.503845
0.16836987225771224,0.4302274982144787,2025-09-30 10:56:59.503845
0.2018842037865036,0.4784334669559907,2025-09-30 10:56:59.503845
0.18206685935961972,0.408109931024458,2025-09-30 10:56:59.503845
0.19454944987166534,0.34259427700071293,2025-09-30 10:56:59.503845
0.17735279474375326,0.3194367382108149,2025-09-30 10:56:59.503845
0.20250000263827514,0.49061416428918386,2025-09-30 10:56:59.503845
0.1888453683596239,0.3420496202419935,2025-09-30 10:56:59.503845
0.16917115335626629,0.31963490234244635,2025-09-30 10:56:59.503845
0.18841726949293305,0.37926441204955247,2025-09-30 10:56:59.503845
0.19574274540255385,0.3347195414983843,2025-09-30 10:56:59.503845
0.21130548701414917,0.2991333738005724,2025-09-30 10:56:59.503845
0.17902147979992764,0.34629391814924365,2025-09-30 10:56:59.503845
0.15306639528939187,0.4172074965483656,2025-09-30 10:56:59.503845
0.1997760030909183,0.2876974677292627,2025-09-30 10:56:59.503845
0.169664178588886,0.17141375553600866,2025-09-30 10:56:59.503845
0.18260536465953509,0.4508134088064445,2025-09-30 10:56:59.503845
0.16745297240049967,0.2715243556233262,2025-09-30 10:56:59.503845
0.20405160575892975,0.25880953215484803,2025-09-30 10:56:59.503845
0.1841237193738699,0.25261061516232247,2025-09-30 10:56:59.503845
0.1966275165440627,0.41451386505532184,2025-09-30 10:56:59.503845
0.14704426388643105,0.20106356502444114,2025-09-30 10:56:59.503845
0.16023747927083024,0.3522965881968088,2025-09-30 10:56:59.503845
0.15835743521147275,0.3889166830016923,2025-09-30 10:56:59.503845
0.17821166288594736,0.2586077977397384,2025-09-30 10:56:59.503845
0.18145736530073608,0.39768886509738044,2025-09-30 10:56:59.503845
0.1896084878873451,0.4753015027380873,2025-09-30 10:56:59.503845
0.21096428184803584,0.3452992244613634,2025-09-30 10:56:59.503845
0.14968915480063938,0.5477609871181952,2025-09-30 10:56:59.503845
0.1744671066727804,0.2758284586403359,2025-09-30 10:56:59.503845
0.21264672447206787,0.36174649776572515,2025-09-30 10:56:59.503845
0.17731414477353907,0.39936691770430593,2025-09-30 10:56:59.503845
0.18292569872500156,0.2746945201787015,2025-09-30 10:56:59.503845
0.1858698217248688,0.49157857669153393,2025-09-30 10:56:59.503845
0.17221796869494876,0.3034706970186113,2025-09-30 10:56:59.503845
0.1426691853328549,0.25063961627929165,2025-09-30 10:56:59.503845
0.20818037760921188,0.3121185378240523,2025-09-30 10:56:59.503845
0.23579089278562443,0.2987301410720191,2025-09-30 10:56:59.503845
0.197706514201906,0.3909197554975424,2025-09-30 10:56:59.503845
0.1583858191474338,0.27152733857771866,2025-09-30 10:56:59.503845
0.19193511234813163,0.22930376527452323,2025-09-30 10:56:59.503845
0.18224739041431032,0.23547180208549118,2025-09-30 10:56:59.503845
0.19286750606333494,0.2786756397808752,2025-09-30 10:56:59.503845
0.14839394143439694,0.3968019903113278,2025-09-30 10:56:59.503845
0.17163728350348226,0.3898257122881627,2025-09-30 10:56:59.503845
0.19845744782744873,0.31228403157112483,2025-09-30 10:56:59.503845
0.18929000716596378,0.2469268998309601,2025-09-30 10:56:59.503845
0.2093931398400804,0.39963333748697694,2025-09-30 10:56:59.503845
0.18297621730318042,0.36079574794855623,2025-09-30 10:56:59.503845
0.1781028360566966,0.3210099708389923,2025-09-30 10:56:59.503845
0.16201407683704505,0.266533250460093,2025-09-30 10:56:59.503845
0.17906564062601502,0.28480245402561255,2025-09-30 10:56:59.503845
0.1609140866931383,0.32159304426407354,2025-09-30 10:56:59.503845
0.1820255939828043,0.35300666031534594,2025-09-30 10:56:59.503845
0.202628012377245,0.3091790426705504,2025-09-30 10:56:59.503845
0.16642842971498253,0.3536704797215865,2025-09-30 10:56:59.503845
0.19191556891429182,0.35281640360338345,2025-09-30 10:56:59.503845
0.15486234811264268,0.3090162746613421,2025-09-30 10:56:59.503845
0.1547767040598221,0.1923031858959257,2025-09-30 10:56:59.503845
0.16176504735325298,0.3502838667925845,2025-09-30 10:56:59.503845
0.18603243090734398,0.34987266754122215,2025-09-30 10:56:59.503845
0.1613535777192658,0.323067985642394,2025-09-30 10:56:59.503845
0.16358850206748674,0.3157859408052734,2025-09-30 10:56:59.503845
0.18755805753360033,0.25115443225423373,2025-09-30 10:56:59.503845
0.18368621687772635,0.30715537336787496,2025-09-30 10:56:59.503845
0.16012329345311768,0.3067390525639924,2025-09-30 10:56:59.503845
0.19629426738023364,0.20878968805356957,2025-09-30 10:56:59.503845
0.1762610710067075,0.41640172348814514,2025-09-30 10:56:59.503845
0.16761056044711906,0.38155220900080844,2025-09-30 10:56:59.503845
0.18476749921731184,0.26031037259393647,2025-09-30 10:56:59.503845
0.2074754080314451,0.31889078599700516,2025-09-30 10:56:59.503845
0.20031270189715322,0.3163419341755458,2025-09-30 10:56:59.503845
0.17691289074462346,0.2654730556104876,2025-09-30 10:56:59.503845
0.14315682067520166,0.33869849678505937,2025-09-30 10:56:59.503845
0.1919044489762132,0.42625820528282593,2025-09-30 10:56:59.503845
0.19701465559797884,0.36528654234155294,2025-09-30 10:56:59.503845
0.17955848946946104,0.2800809993021431,2025-09-30 10:56:59.503845
0.1311467034509174,0.24206130461649655,2025-09-30 10:56:59.503845
0.21027522613196542,0.3225801399059266,2025-09-30 10:56:59.503845
0.14680661046523694,0.4163153168696876,2025-09-30 10:56:59.503845
0.19132968443701395,0.21831088977345037,2025-09-30 10:56:59.503845
0.19435098977403606,0.28218670010318414,2025-09-30 10:56:59.503845
0.15390366830650581,0.3552744596171483,2025-09-30 10:56:59.503845
0.17041769689684477,0.23326404716139454,2025-09-30 10:56:59.503845
0.1864748744832653,0.3340316883972335,2025-09-30 10:56:59.503845
0.1918236539664914,0.26518438823671325,2025-09-30 10:56:59.503845
0.17645124795717163,0.28532765462397075,2025-09-30 10:56:59.503845
0.1850540993388456,0.35380307135663286,2025-09-30 10:56:59.503845
0.18722282771826637,0.19998724730255532,2025-09-30 10:56:59.503845
0.17587634138242808,0.35351809519540306,2025-09-30 10:56:59.503845
0.15383364039081546,0.33252450654301835,2025-09-30 10:56:59.503845
0.1859414093442609,0.38183425709383556,2025-09-30 10:56:59.503845
0.14420269343363118,0.3821409848187157,2025-09-30 10:56:59.503845
0.17545248852240117,0.3130570974157159,2025-09-30 10:56:59.503845
0.16277501077873466,0.42553642833609634,2025-09-30 10:56:59.503845
0.16399104462006403,0.41241306213068424,2025-09-30 10:56:59.503845
0.18297449733951246,0.3290276981380886,2025-09-30 10:56:59.503845
0.1870563229338798,0.4217627053836751,2025-09-30 10:56:59.503845
0.1932316528237829,0.29331742391422133,2025-09-30 10:56:59.503845
0.16236994265868324,0.29155860115009,2025-09-30 10:56:59.503845
0.16453298021838475,0.16484574563638435,2025-09-30 10:56:59.503845
0.18916429869330997,0.31933632650786303,2025-09-30 10:56:59.503845
0.2089736107787277,0.3830014176567579,2025-09-30 10:56:59.503845
0.19357545483280716,0.4387600316652394,2025-09-30 10:56:59.503845
0.19271710390429628,0.2210505583786217,2025-09-30 10:56:59.503845
0.17290549575914918,0.1377397607612686,2025-09-30 10:56:59.503845
0.16983416507857363,0.38194418924523826,2025-09-30 10:56:59.503845
0.17429620804291188,0.3823864314459365,2025-09-30 10:56:59.503845
0.20128423072237536,0.23911888507391066,2025-09-30 10:56:59.503845
0.16841079899602288,0.3748384173206378,2025-09-30 10:56:59.503845
0.18337627249969643,0.36879295025401204,2025-09-30 10:56:59.503845
0.19332199724346869,0.31760882112339855,2025-09-30 10:56:59.503845
0.1818476469674418,0.20257970726546057,2025-09-30 10:56:59.503845
0.18237007784280998,0.30353340628395925,2025-09-30 10:56:59.503845
0.1783985706008081,0.4355741419206516,2025-09-30 10:56:59.503845
0.1865039229835833,0.21194471760363653,2025-09-30 10:56:59.503845
0.15759899360877194,0.2173631503381469,2025-09-30 10:56:59.503845
0.14571345373324396,0.4069073476567036,2025-09-30 10:56:59.503845
0.18550927206385331,0.3641830892555164,2025-09-30 10:56:59.503845
0.1711801051259472,0.4078700519309651,2025-09-30 10:56:59.503845
0.16835123648278466,0.36148696271467085,2025-09-30 10:56:59.503845
0.18554201983515664,0.29586578435626254,2025-09-30 10:56:59.503845
0.1570031954626004,0.30620951415890973,2025-09-30 10:56:59.503845
0.19024151429972005,0.28454242256000406,2025-09-30 10:56:59.503845
0.16601727384608084,0.2758996849048161,2025-09-30 10:56:59.503845
0.17432116583256607,0.32421337258310456,2025-09-30 10:56:59.503845
0.20260475458715868,0.38071509470646214,2025-09-30 10:56:59.503845
0.18753323923095275,0.40425710345864335,2025-09-30 10:56:59.503845
0.180693634931068,0.34424990151491125,2025-09-30 10:56:59.503845
0.1703917059889248,0.22531457417785034,2025-09-30 10:56:59.503845
0.18879999480468207,0.26861011639744214,2025-09-30 10:56:59.503845
0.18421144625266406,0.37012550777960246,2025-09-30 10:56:59.503845
0.18437579864737047,0.44931903775317733,2025-09-30 10:56:59.503845
0.1698468006124145,0.3165125296048813,2025-09-30 10:56:59.503845
0.17168331624730135,0.3513526755191907,2025-09-30 10:56:59.503845
0.15651531490511522,0.30139676973051654,2025-09-30 10:56:59.503845
0.15307991387706618,0.31010569063066246,2025-09-30 10:56:59.503845
0.16329128300070214,0.39159370114851266,2025-09-30 10:56:59.503845
0.14307539150835846,0.33655686532143475,2025-09-30 10:56:59.503845
0.18532737818562015,0.3648375002670061,2025-09-30 10:56:59.503845
0.1807081675646437,0.27439323496400114,2025-09-30 10:56:59.503845
0.16497293177139394,0.31347575463555477,2025-09-30 10:56:59.503845
0.15592608637338845,0.26849352413785366,2025-09-30 10:56:59.503845
0.1845985871903859,0.31240100786762304,2025-09-30 10:56:59.503845
0.1687821319066989,0.4148547556391344,2025-09-30 10:56:59.503845
0.17256496840665575,0.13370468853277592,2025-09-30 10:56:59.503845
0.16696460808518238,0.32788045949749123,2025-09-30 10:56:59.503845
0.18808030969789202,0.3522839769612377,2025-09-30 10:56:59.503845
0.1983198592846681,0.2337353428289781,2025-09-30 10:56:59.503845
0.17716111649079105,0.21528915564792422,2025-09-30 10:56:59.503845
0.18413531326325017,0.31764882904089603,2025-09-30 10:56:59.503845
0.20241248571748066,0.36113111662832614,2025-09-30 10:56:59.503845
0.1862955133137597,0.37062429535690755,2025-09-30 10:56:59.503845
0.17001985488704302,0.2880468906411347,2025-09-30 10:56:59.503845
0.14403890604428782,0.4190531792644312,2025-09-30 10:56:59.503845
0.1998954069487692,0.30794174657284124,2025-09-30 10:56:59.503845
0.17198031118227058,0.1963148582331535,2025-09-30 10:56:59.503845
0.22417147595087275,0.14603283490057198,2025-09-30 10:56:59.503845
0.18564293831720746,0.3692032512387931,2025-09-30 10:56:59.503845
0.19417659358840672,0.38644186757556,2025-09-30 10:56:59.503845
0.18287202587649648,0.3848313570141172,2025-09-30 10:56:59.503845
0.15972665312696607,0.3989987296154584,2025-09-30 10:56:59.503845
0.20864368697891736,0.3853710919938191,2025-09-30 10:56:59.503845
0.18738186573409907,0.3428897278831508,2025-09-30 10:56:59.503845
0.18283027142547614,0.23998696172148892,2025-09-30 10:56:59.503845
0.19275009621870806,0.2776971354548222,2025-09-30 10:56:59.503845
0.16389236108765526,0.42442621932397195,2025-09-30 10:56:59.503845
0.17033216798943188,0.38663845186226947,2025-09-30 10:56:59.503845
0.212273548933816,0.28862345914241416,2025-09-30 10:56:59.503845
0.16240484943140482,0.319871509450201,2025-09-30 10:56:59.503845
0.1924129743622984,0.39958968933789507,2025-09-30 10:56:59.503845
0.18982047902243906,0.3237553570793151,2025-09-30 10:56:59.503845
0.19292343947946436,0.1486845819815253,2025-09-30 10:56:59.503845
0.15792693022243975,0.3652534048855857,2025-09-30 10:56:59.503845
0.18958804457141093,0.3215475211026764,2025-09-30 10:56:59.503845
0.16853570254217914,0.41603446513967085,2025-09-30 10:56:59.503845
0.18142116525499677,0.2076033248927645,2025-09-30 10:56:59.503845
0.17182254651212672,0.4624629212320961,2025-09-30 10:56:59.503845
0.1897433856182948,0.3713576409775817,2025-09-30 10:56:59.503845
0.17867488912048668,0.3554332233337858,2025-09-30 10:56:59.503845
0.1845340756998553,0.30359706059677577,2025-09-30 10:56:59.503845
0.18807740764572722,0.3989882019601229,2025-09-30 10:56:59.503845
0.18396292369992417,0.30022934814690344,2025-09-30 10:56:59.503845
0.18229415310072647,0.3566423163290691,2025-09-30 10:56:59.503845
0.17622356487313373,0.3181975490391118,2025-09-30 10:56:59.503845
0.1805488521947156,0.3336506422573149,2025-09-30 10:56:59.503845
0.18501583486912443,0.305933118825891,2025-09-30 10:56:59.503845
0.1818011786767598,0.41184857952996023,2025-09-30 10:56:59.503845
0.16854730876849444,0.2609966539746463,2025-09-30 10:56:59.503845
0.16621959691989976,0.374691257083079,2025-09-30 10:56:59.503845
0.17784911168539683,0.42543976042427933,2025-09-30 10:56:59.503845
0.1738442197379094,0.36382454247736856,2025-09-30 10:56:59.503845
0.2037879226722477,0.4064709950481366,2025-09-30 10:56:59.503845
0.18075967811268603,0.463533453411376,2025-09-30 10:56:59.503845
0.17967675913571246,0.30510083108913144,2025-09-30 10:56:59.503845
0.16646858113849675,0.3372732086989198,2025-09-30 10:56:59.503845
0.18345455369302832,0.2754487915503766,2025-09-30 10:56:59.503845
0.16406568898366286,0.2951687454090005,2025-09-30 10:56:59.503845
0.16383279898991376,0.4822741665322957,2025-09-30 10:56:59.503845
0.19389753930467277,0.4314358753689883,2025-09-30 10:56:59.503845
0.17884254728011664,0.44015914173118686,2025-09-30 10:56:59.503845
0.17150580029138224,0.45067787088614014,2025-09-30 10:56:59.503845
0.1595844105584544,0.42609145737857684,2025-09-30 10:56:59.503845
0.1668808044548132,0.2800619885814345,2025-09-30 10:56:59.503845
0.18768440777430798,0.35102230577820037,2025-09-30 10:56:59.503845
0.16231024454397175,0.31706679594330117,2025-09-30 10:56:59.503845
0.1711112307852214,0.32259014213350523,2025-09-30 10:56:59.503845
0.13571547372573425,0.323494947151723,2025-09-30 10:56:59.503845
0.16076230788679552,0.36836880575769393,2025-09-30 10:56:59.503845
0.19933115091593737,0.16573862155431326,2025-09-30 10:56:59.503845
0.19094811646488677,0.3471062227380595,2025-09-30 10:56:59.503845
0.1455014404443594,0.37885201961367576,2025-09-30 10:56:59.503845
0.16921479642150658,0.39609400512424553,2025-09-30 10:56:59.503845
0.1678798587688398,0.2759990177102066,2025-09-30 10:56:59.503845
0.21844216173206896,0.30610455639150635,2025-09-30 10:56:59.503845
0.1798740777861316,0.3757868131353351,2025-09-30 10:56:59.503845
0.14328845779298632,0.30071123128336547,2025-09-30 10:56:59.503845
0.19515327418423095,0.3617655785997096,2025-09-30 10:56:59.503845
0.1982237594957134,0.27441573968869415,2025-09-30 10:56:59.503845
0.17398209682670332,0.36184484184294546,2025-09-30 10:56:59.503845
0.1882282522307631,0.3001606657340299,2025-09-30 10:56:59.503845
0.17984402741841207,0.33615860166565303,2025-09-30 10:56:59.503845
0.15653303567915738,0.13164024103883415,2025-09-30 10:56:59.503845
0.17088032506650272,0.2421351901569605,2025-09-30 10:56:59.503845
0.21386856086180112,0.2554934155125893,2025-09-30 10:56:59.503845
0.18094439346609484,0.33140343510282355,2025-09-30 10:56:59.503845
0.16777527330195166,0.367012702444361,2025-09-30 10:56:59.503845
0.1858484584489404,0.397484342633548,2025-09-30 10:56:59.503845
0.1721829289713585,0.3228449738188729,2025-09-30 10:56:59.503845
0.15282402523983296,0.2000941797338912,2025-09-30 10:56:59.503845
0.1811784650765675,0.2915773844033174,2025-09-30 10:56:59.503845
0.20297747706880437,0.5681214111240935,2025-09-30 10:56:59.503845
0.1749745569555356,0.30497951178402144,2025-09-30 10:56:59.503845
0.18728186124322446,0.3812368672337045,2025-09-30 10:56:59.503845
0.17713589662191023,0.30485098084865075,2025-09-30 10:56:59.503845
0.21370934319830875,0.280273329194206,2025-09-30 10:56:59.503845
0.1441516647073317,0.4140902593812248,2025-09-30 10:56:59.503845
0.17725600079187587,0.30865456598372404,2025-09-30 10:56:59.503845
0.1855778018637669,0.373415151830089,2025-09-30 10:56:59.503845
0.18309720375506297,0.45985130178717454,2025-09-30 10:56:59.503845
0.18602151375320364,0.41551500666109137,2025-09-30 10:56:59.503845
0.18229894970743454,0.23933658468786215,2025-09-30 10:56:59.503845
0.17984428679220335,0.3485784560641375,2025-09-30 10:56:59.503845
0.1873182772879652,0.3465031769699787,2025-09-30 10:56:59.503845
0.17471214075839755,0.3871562372060807,2025-09-30 10:56:59.503845
0.1767863010662489,0.4034635612227197,2025-09-30 10:56:59.503845
0.18779381081739777,0.15420920220677614,2025-09-30 10:56:59.503845
0.18716745908103372,0.3936513723181249,2025-09-30 10:56:59.503845
0.18131553525063956,0.35111083285073036,2025-09-30 10:56:59.503845
0.19418088319608723,0.3733186675192511,2025-09-30 10:56:59.503845
0.19469555252051932,0.3359026021301703,2025-09-30 10:56:59.503845
0.2042259449753223,0.34255580498740956,2025-09-30 10:56:59.503845
0.17403939073932526,0.25339371700138913,2025-09-30 10:56:59.503845
0.20611474695643847,0.2937042983052108,2025-09-30 10:56:59.503845
0.17002063777444312,0.29505707562480704,2025-09-30 10:56:59.503845
0.1731926930363713,0.2616323485280145,2025-09-30 10:56:59.503845
0.21271953300279375,0.32621924338598385,2025-09-30 10:56:59.503845
0.17324538226431518,0.37561967657029927,2025-09-30 10:56:59.503845
0.16673251750804638,0.5400044113296576,2025-09-30 10:56:59.503845
0.17190688083022557,0.4936274411321878,2025-09-30 10:56:59.503845
0.1762915019546922,0.33100339539694146,2025-09-30 10:56:59.503845
0.20105908581162488,0.3121601695163706,2025-09-30 10:56:59.503845
0.1814574686703247,0.3437943113477421,2025-09-30 10:56:59.503845
0.17839504446171217,0.32454109560117633,2025-09-30 10:56:59.503845
0.17530275265627787,0.33615232753838653,2025-09-30 10:56:59.503845
0.20523422824009643,0.25706999427381494,2025-09-30 10:56:59.503845
0.1817516875153197,0.289378504903904,2025-09-30 10:56:59.503845
0.1682265289635974,0.5206844807626682,2025-09-30 10:56:59.503845
0.17868684475363059,0.3555552002814947,2025-09-30 10:56:59.503845
0.18699121277675612,0.3744442124827793,2025-09-30 10:56:59.503845
0.15537041761051554,0.4008041764155297,2025-09-30 10:56:59.503845
0.1827191853213435,0.3064965165594011,2025-09-30 10:56:59.503845
0.18419239349004948,0.1872475124953069,2025-09-30 10:56:59.503845
0.16750745602997485,0.3691801037121911,2025-09-30 10:56:59.503845
0.21454242564085232,0.373919814322664,2025-09-30 10:56:59.503845
0.1878959220988554,0.33710613725129623,2025-09-30 10:56:59.503845
0.18564070468992608,0.26980497638576695,2025-09-30 10:56:59.503845
0.17338725031962712,0.457240652095676,2025-09-30 10:56:59.503845
0.16201049714176619,0.3389522593970168,2025-09-30 10:56:59.503845
0.2143963344884625,0.19959067976253198,2025-09-30 10:56:59.503845
0.17251091818661957,0.3862385835862172,2025-09-30 10:56:59.503845
0.13827145071762575,0.37280794861578,2025-09-30 10:56:59.503845
0.20309315059422975,0.284461103653397,2025-09-30 10:56:59.503845
0.1722898161526894,0.3356020259030523,2025-09-30 10:56:59.503845
0.17491872963781666,0.2923575761241272,2025-09-30 10:56:59.503845
0.18166051333721203,0.45157225676237767,2025-09-30 10:56:59.503845
0.17142497053528544,0.3497540080616284,2025-09-30 10:56:59.503845
0.1791584985619485,0.33003120956891924,2025-09-30 10:56:59.503845
0.20324225321329256,0.39757134841775527,2025-09-30 10:56:59.503845
0.20414248090471668,0.2753631262903086,2025-09-30 10:56:59.503845
0.21062757299312507,0.27916418377000063,2025-09-30 10:56:59.503845
0.18637202851701137,0.33635056832003785,2025-09-30 10:56:59.503845
0.2200860102207801,0.2830595133039308,2025-09-30 10:56:59.503845
0.17838927534345297,0.34808404978166846,2025-09-30 10:56:59.503845
0.17379077404152712,0.3309904767005622,2025-09-30 10:56:59.503845
0.16660090150074536,0.4139440438585813,2025-09-30 10:56:59.503845
0.18484603611930325,0.35612318744979815,2025-09-30 10:56:59.503845
0.1601793292170966,0.2094210853082344,2025-09-30 10:56:59.503845
0.17781462489482927,0.32222459854532975,2025-09-30 10:56:59.503845
0.18192374435228625,0.3616495704362092,2025-09-30 10:56:59.503845
0.1795280745534001,0.29051647058500885,2025-09-30 10:56:59.503845
0.20692025612052523,0.27958952849806246,2025-09-30 10:56:59.503845
0.15687512698987244,0.41447518820478924,2025-09-30 10:56:59.503845
0.19431445307962353,0.2977616589893179,2025-09-30 10:56:59.503845
0.15372848665739766,0.38544766417581344,2025-09-30 10:56:59.503845
0.17640153220033408,0.37869592909417493,2025-09-30 10:56:59.503845
0.20243980776047626,0.38130161888601477,2025-09-30 10:56:59.503845
0.19349280792577447,0.3819559553105195,2025-09-30 10:56:59.503845
0.15323534642026165,0.20195760213093197,2025-09-30 10:56:59.503845
0.17621843614027735,0.28844427212290524,2025-09-30 10:56:59.503845
0.18090742194711426,0.3487691450725997,2025-09-30 10:56:59.503845
0.17477455651652155,0.36540017392257074,2025-09-30 10:56:59.503845
0.1913548526259016,0.3677256837430662,2025-09-30 10:56:59.503845
0.163026668458764,0.24049042693325295,2025-09-30 10:56:59.503845
0.20369028967440791,0.216721257274408,2025-09-30 10:56:59.503845
0.21760698540002082,0.385939213519422,2025-09-30 10:56:59.503845
0.19180375102240252,0.32440204160291136,2025-09-30 10:56:59.503845
0.1844586306515261,0.32584200583334283,2025-09-30 10:56:59.503845
0.16486975301495504,0.40391104537748396,2025-09-30 10:56:59.503845
0.16028286812129056,0.2936571036153744,2025-09-30 10:56:59.503845
0.1952197381295779,0.2912125527343443,2025-09-30 10:56:59.503845
0.21676202503044117,0.2675959380544601,2025-09-30 10:56:59.503845
0.1940146834906992,0.3706194404852218,2025-09-30 10:56:59.503845
0.19999064979822312,0.4044845810409387,2025-09-30 10:56:59.503845
0.17466386856109672,0.3035736271334214,2025-09-30 10:56:59.503845
0.17856799655190345,0.27592371010460015,2025-09-30 10:56:59.503845
0.1606143474662013,0.28714896044473714,2025-09-30 10:56:59.503845
0.18570512106003143,0.2819734780657092,2025-09-30 10:56:59.503845
0.19600870332850379,0.39135739074776266,2025-09-30 10:56:59.503845
0.18662213344236717,0.3138556930409674,2025-09-30 10:56:59.503845
0.1771470462248571,0.43489733005800935,2025-09-30 10:56:59.503845
0.1613073174637485,0.4313286740667604,2025-09-30 10:56:59.503845
0.15694742733816125,0.32185155437305785,2025-09-30 10:56:59.503845
0.17389430814354323,0.2508614195200157,2025-09-30 10:56:59.503845
0.1766495234281213,0.33724467071767905,2025-09-30 10:56:59.503845
0.2146409841906762,0.3585536141342165,2025-09-30 10:56:59.503845
0.1730363340057816,0.3552863941988833,2025-09-30 10:56:59.503845
0.1906814351594232,0.31976806368019367,2025-09-30 10:56:59.503845
0.17910094035484941,0.28393353207306304,2025-09-30 10:56:59.503845
0.17871550916530782,0.26850319071011197,2025-09-30 10:56:59.503845
0.18822276082193476,0.41038637761546115,2025-09-30 10:56:59.503845
0.16385093703105294,0.49733463755334767,2025-09-30 10:56:59.503845
0.19918102693576664,0.307387473852893,2025-09-30 10:56:59.503845
0.18976541332179062,0.27469932540174097,2025-09-30 10:56:59.503845
0.20500601548729883,0.37462574691514006,2025-09-30 10:56:59.503845
0.15098035545851296,0.3798317403500466,2025-09-30 10:56:59.503845
0.18843165368579076,0.3340352279040682,2025-09-30 10:56:59.503845
0.19076358169377827,0.2235771275116329,2025-09-30 10:56:59.503845
0.18697261636219484,0.4058139386093858,2025-09-30 10:56:59.503845
0.17869325271773498,0.35222848201718676,2025-09-30 10:56:59.503845
0.1929888458421152,0.24110005060942113,2025-09-30 10:56:59.503845
0.15945244373124004,0.33786991841958214,2025-09-30 10:56:59.503845
0.16610598058625015,0.2985978656457098,2025-09-30 10:56:59.503845
0.21208800477998835,0.5157681722082679,2025-09-30 10:56:59.503845
0.1491511293122717,0.3689431253024332,2025-09-30 10:56:59.503845
0.17452908928539138,0.20479213585537204,2025-09-30 10:56:59.503845
0.1667844724060485,0.27749516927759454,2025-09-30 10:56:59.503845
0.1663182947819879,0.35378315968834106,2025-09-30 10:56:59.503845
0.149371588381032,0.4278758512377303,2025-09-30 10:56:59.503845
0.19191091352137626,0.29454624040656296,2025-09-30 10:56:59.503845
0.18466184401854646,0.42891052495544557,2025-09-30 10:56:59.503845
0.19239644322801816,0.3074877964961931,2025-09-30 10:56:59.503845
0.1985935434209686,0.3666366966601509,2025-09-30 10:56:59.503845
0.19224295120207047,0.4318828356381116,2025-09-30 10:56:59.503845
0.16301182307321477,0.33559562146990024,2025-09-30 10:56:59.503845
0.16534545569523346,0.29799206162722525,2025-09-30 10:56:59.503845
0.17880906480959255,0.36086912236986607,2025-09-30 10:56:59.503845
0.1799173528239877,0.3381747428826626,2025-09-30 10:56:59.503845
0.17875906158049587,0.37332247435133,2025-09-30 10:56:59.503845
0.17385224429459273,0.3000154929624841,2025-09-30 10:56:59.503845
0.1917481096375289,0.3305361531196593,2025-09-30 10:56:59.503845
0.1944095338599951,0.26437353756400434,2025-09-30 10:56:59.503845
0.18115238455103685,0.3040533923641857,2025-09-30 10:56:59.503845
0.19796718903192537,0.21808479390134392,2025-09-30 10:56:59.503845
0.17824312006197943,0.43449238526914563,2025-09-30 10:56:59.503845
0.19934759690856513,0.34057079770126536,2025-09-30 10:56:59.503845
0.18660085059923523,0.3449806340813152,2025-09-30 10:56:59.503845
0.1834118850435211,0.20137837486602062,2025-09-30 10:56:59.503845
0.19468549977971777,0.30470020825033534,2025-09-30 10:56:59.503845
0.182818970971095,0.4353842939376791,2025-09-30 10:56:59.503845
0.1639764537169946,0.41707878838214846,2025-09-30 10:56:59.503845
0.17510148482887028,0.29588104985893393,2025-09-30 10:56:59.503845
0.1949840142684985,0.19172981413521645,2025-09-30 10:56:59.503845
0.1903189799004415,0.30137685158898786,2025-09-30 10:56:59.503845
0.20098960126685525,0.2674137734451379,2025-09-30 10:56:59.503845
0.18644078775230366,0.3562993333899554,2025-09-30 10:56:59.503845
0.17730486881220225,0.3536890677667773,2025-09-30 10:56:59.503845
0.16878456529798966,0.3614221178521818,2025-09-30 10:56:59.503845
0.18482552773688835,0.41210594829112956,2025-09-30 10:56:59.503845
0.17667753772462347,0.37694763949865484,2025-09-30 10:56:59.503845
0.17653994578707868,0.2950410061731535,2025-09-30 10:56:59.503845
0.17982141268351248,0.3049376839440443,2025-09-30 10:56:59.503845
0.17052169161145753,0.21405965218227888,2025-09-30 10:56:59.503845
0.18162106409630446,0.21660969985745787,2025-09-30 10:56:59.503845
0.1921440515668983,0.3532988076139257,2025-09-30 10:56:59.503845
0.18146752658119245,0.3821547138563634,2025-09-30 10:56:59.503845
0.18160367067898406,0.3697029047679234,2025-09-30 10:56:59.503845
0.19866159850376763,0.2987010522533357,2025-09-30 10:56:59.503845
0.20311413933072747,0.351555010430999,2025-09-30 10:56:59.503845
0.1891134990804023,0.3907897489755713,2025-09-30 10:56:59.503845
0.19241498824721862,0.20879562692417872,2025-09-30 10:56:59.503845
0.20547142767401672,0.3525164622843199,2025-09-30 10:56:59.503845
0.16946742875885704,0.2653630775967706,2025-09-30 10:56:59.503845
0.20567515257235278,0.37319300408542516,2025-09-30 10:56:59.503845
0.19207929365341353,0.3224713816718679,2025-09-30 10:56:59.503845
0.16434173638413813,0.22730317165513778,2025-09-30 10:56:59.503845
0.17452183359731668,0.28670296699227243,2025-09-30 10:56:59.503845
0.19255907874320127,0.39140447043188564,2025-09-30 10:56:59.503845
0.1621075108686018,0.36934912735657605,2025-09-30 10:56:59.503845
0.17269827793633358,0.22146991523517812,2025-09-30 10:56:59.503845
0.1680772860744711,0.32405469646677293,2025-09-30 10:56:59.503845
0.18866144642966398,0.34485233958687206,2025-09-30 10:56:59.503845
0.1913142520578061,0.27465798750299664,2025-09-30 10:56:59.503845
0.19971764948415627,0.390208802529702,2025-09-30 10:56:59.503845
0.18704334860017194,0.34759705548209635,2025-09-30 10:56:59.503845
0.16520263596116436,0.36299758658110715,2025-09-30 10:56:59.503845
0.18151365131633238,0.31727639784440453,2025-09-30 10:56:59.503845
0.18652929188199943,0.40274630510743437,2025-09-30 10:56:59.503845
0.22611476391935037,0.1892717402405672,2025-09-30 10:56:59.503845
0.1960847550951869,0.4218166140912384,2025-09-30 10:56:59.503845
0.16851781651812586,0.3292012178134308,2025-09-30 10:56:59.503845
0.19931294814780412,0.40179070576325,2025-09-30 10:56:59.503845
0.17315126752547216,0.31200084363717345,2025-09-30 10:56:59.503845
0.14828645763122406,0.30872784919565993,2025-09-30 10:56:59.503845
0.16348702580000024,0.36970493496311463,2025-09-30 10:56:59.503845
0.17230550665867014,0.27083319093685276,2025-09-30 10:56:59.503845
0.15424338928315953,0.2666167566139875,2025-09-30 10:56:59.503845
0.17626560992319656,0.3449196187200069,2025-09-30 10:56:59.503845
0.16378706848777336,0.1227890636194047,2025-09-30 10:56:59.503845
0.1518272968812587,0.3883951687521793,2025-09-30 10:56:59.503845
0.15817952138110855,0.28032002808915896,2025-09-30 10:56:59.503845
0.16644896393522812,0.4350001043912262,2025-09-30 10:56:59.503845
0.1914345860360753,0.309504461679318,2025-09-30 10:56:59.503845
0.1520901285619048,0.30341041347083514,2025-09-30 10:56:59.503845
0.20460438822307922,0.2647905136613374,2025-09-30 10:56:59.503845
0.19328795207758248,0.3343097059945939,2025-09-30 10:56:59.503845
0.1814992407360004,0.37834840617969434,2025-09-30 10:56:59.503845
0.17059951056831285,0.41218332830013044,2025-09-30 10:56:59.503845
0.1861407604467995,0.4140835845626014,2025-09-30 10:56:59.503845
0.17774998534999778,0.24124784047643927,2025-09-30 10:56:59.503845
0.16749378882466942,0.3960821112824236,2025-09-30 10:56:59.503845
0.18414469786173576,0.30643531419060993,2025-09-30 10:56:59.503845
0.16692461029964434,0.38360024412445337,2025-09-30 10:56:59.503845
0.17376594796302833,0.2942979145988205,2025-09-30 10:56:59.503845
0.17140532585869905,0.348202239373469,2025-09-30 10:56:59.503845
0.17450687243448212,0.35763238223698673,2025-09-30 10:56:59.503845
0.1842848399542122,0.30028269743319214,2025-09-30 10:56:59.503845
0.19407093524580132,0.42303545031492806,2025-09-30 10:56:59.503845
0.16164582400511562,0.3098293429010728,2025-09-30 10:56:59.503845
0.18215580574587076,0.3225299443333648,2025-09-30 10:56:59.503845
0.16223156374848016,0.2956866230532511,2025-09-30 10:56:59.503845
0.1894286568005057,0.37653662555270423,2025-09-30 10:56:59.503845
0.16906137525992737,0.2912954042441026,2025-09-30 10:56:59.503845
0.17399463040656116,0.2785497270331757,2025-09-30 10:56:59.503845
0.18784459829410521,0.3384621705198351,2025-09-30 10:56:59.503845
0.16229311334153665,0.3569018473804356,2025-09-30 10:56:59.503845
0.19020071491197338,0.255951308903123,2025-09-30 10:56:59.503845
0.18876202174945522,0.34660570068088586,2025-09-30 10:56:59.503845
0.17768768039186433,0.2286924154300234,2025-09-30 10:56:59.503845
0.1564181245857725,0.3796314310796324,2025-09-30 10:56:59.503845
0.16833338385256508,0.4663462161373577,2025-09-30 10:56:59.503845
0.17740284126510739,0.32712311115349363,2025-09-30 10:56:59.503845
0.16130831038806578,0.43990178595618606,2025-09-30 10:56:59.503845
0.2038135245578397,0.4195866052541045,2025-09-30 10:56:59.503845
0.17403838614790515,0.25713270281301165,2025-09-30 10:56:59.503845
0.2115281563359521,0.24829392737822953,2025-09-30 10:56:59.503845
0.16045334637705094,0.23557035367342788,2025-09-30 10:56:59.503845
0.16858705141637742,0.39172275568058196,2025-09-30 10:56:59.503845
0.18298577678912967,0.35454637881182294,2025-09-30 10:56:59.503845
0.17077179106002566,0.25059026502530773,2025-09-30 10:56:59.503845
0.1845769394934557,0.39918172109122235,2025-09-30 10:56:59.503845
0.1950844891339876,0.2869800163665883,2025-09-30 10:56:59.503845
0.17833968358321498,0.3888995214333707,2025-09-30 10:56:59.503845
0.17796406914438936,0.34991533381236445,2025-09-30 10:56:59.503845
0.17282852925817893,0.3364219031728382,2025-09-30 10:56:59.503845
0.17680730645109374,0.34521463333856617,2025-09-30 10:56:59.503845
0.20755730482040008,0.20160873955995892,2025-09-30 10:56:59.503845
0.18053502974363647,0.2707002335497854,2025-09-30 10:56:59.503845
0.19407700302538222,0.3094780519006012,2025-09-30 10:56:59.503845
0.18436625466086742,0.31916365806812325,2025-09-30 10:56:59.503845
0.16368852154579366,0.43710890066966984,2025-09-30 10:56:59.503845
0.14047897839245485,0.3184955912467099,2025-09-30 10:56:59.503845
0.1552676754409285,0.4174594018889453,2025-09-30 10:56:59.503845
0.17754572677692926,0.27819679687716775,2025-09-30 10:56:59.503845
0.1892874626970724,0.17358150273857414,2025-09-30 10:56:59.503845
0.16347690715711932,0.29736315084047704,2025-09-30 10:56:59.503845
0.1768941709822081,0.23262363403764436,2025-09-30 10:56:59.503845
0.20547334227280994,0.12421069980428351,2025-09-30 10:56:59.503845
0.16205828880390782,0.3803184804374914,2025-09-30 10:56:59.503845
0.17963454633365114,0.41807309840236484,2025-09-30 10:56:59.503845
0.17311748728829082,0.3209875348286541,2025-09-30 10:56:59.503845
0.17627387417250062,0.3614233226732304,2025-09-30 10:56:59.503845
0.20535038282875973,0.29412854629865454,2025-09-30 10:56:59.503845
0.2051739747067004,0.32400558639868443,2025-09-30 10:56:59.503845
0.20855848026633667,0.45065103712610977,2025-09-30 10:56:59.503845
0.20610927921466657,0.41145827905473625,2025-09-30 10:56:59.503845
0.14779739901498873,0.2795289460413953,2025-09-30 10:56:59.503845
0.19142010121697364,0.28473616790096296,2025-09-30 10:56:59.503845
0.16556041015437273,0.36387266940213964,2025-09-30 10:56:59.503845
0.14773626032537743,0.16773447850646012,2025-09-30 10:56:59.503845
0.1622216568493419,0.2719386141185644,2025-09-30 10:56:59.503845
0.18070000361960661,0.23296990101382165,2025-09-30 10:56:59.503845
0.18987969158049384,0.32826463509525583,2025-09-30 10:56:59.503845
0.19175638678043505,0.1357936948244554,2025-09-30 10:56:59.503845
0.18784077254605477,0.40324502907293036,2025-09-30 10:56:59.503845
0.19700533460540257,0.321591825287258,2025-09-30 10:56:59.503845
0.1796982257818604,0.2888728891640109,2025-09-30 10:56:59.503845
0.17643390364456177,0.35539154296259456,2025-09-30 10:56:59.503845
0.1879766883868313,0.41547567977062616,2025-09-30 10:56:59.503845
0.17587817092711913,0.28773583943030817,2025-09-30 10:56:59.503845
0.1492944250097816,0.30207505164087145,2025-09-30 10:56:59.503845
0.20824006985480925,0.4915012079791172,2025-09-30 10:56:59.503845
0.16759870740268007,0.28594987221623913,2025-09-30 10:56:59.503845
0.1760844482261134,0.27178352323628513,2025-09-30 10:56:59.503845
0.17328162043529882,0.3839079118978377,2025-09-30 10:56:59.503845
0.18297272495605477,0.41352052737699174,2025-09-30 10:56:59.503845
0.17131334404690735,0.2499116779157105,2025-09-30 10:56:59.503845
0.18009199205172105,0.44131368677012145,2025-09-30 10:56:59.503845
0.19015552205816572,0.32607517791469526,2025-09-30 10:56:59.503845
0.17712346340145146,0.4902983365586363,2025-09-30 10:56:59.503845
0.17972334685021188,0.3108737335596656,2025-09-30 10:56:59.503845
0.20094492926540633,0.2962315874764023,2025-09-30 10:56:59.503845
0.17252654224707334,0.3446115444993178,2025-09-30 10:56:59.503845
0.17004245109537114,0.36658577934573333,2025-09-30 10:56:59.503845
0.17238308995695587,0.4781118912213679,2025-09-30 10:56:59.503845
0.13998672320807573,0.2039052630592205,2025-09-30 10:56:59.503845
0.1785066767343907,0.27802565401155643,2025-09-30 10:56:59.503845
0.1703588050362199,0.3834391404365305,2025-09-30 10:56:59.503845
0.1780074097663073,0.4746886979875472,2025-09-30 10:56:59.503845
0.19332149188304681,0.39673374669325356,2025-09-30 10:56:59.503845
0.162339435803113,0.38191566980579716,2025-09-30 10:56:59.503845
0.18705634476022698,0.34766424979210697,2025-09-30 10:56:59.503845
0.18696936272978473,0.3629425560308154,2025-09-30 10:56:59.503845
0.17871606378564028,0.36632613884472703,2025-09-30 10:56:59.503845
0.16826975328572785,0.3812849097026029,2025-09-30 10:56:59.503845
0.1854333525524621,0.27579272880818806,2025-09-30 10:56:59.503845
0.1821777137725759,0.3660075593239151,2025-09-30 10:56:59.503845
0.19681922953862463,0.29485601047250026,2025-09-30 10:56:59.503845
0.19773313919600105,0.2869129420899874,2025-09-30 10:56:59.503845
0.20436386935792278,0.34092361519542674,2025-09-30 10:56:59.503845
0.1782524265135041,0.30886997723136583,2025-09-30 10:56:59.503845
0.17462179946051604,0.2646738541225494,2025-09-30 10:56:59.503845
0.15245125958018305,0.3426836910731372,2025-09-30 10:56:59.503845
0.18405953790614668,0.3890897241057124,2025-09-30 10:56:59.503845
0.1726477429427866,0.33236737108643616,2025-09-30 10:56:59.503845
0.17660234633053182,0.19373069714211308,2025-09-30 10:56:59.503845
0.1679287792248577,0.3246658068093144,2025-09-30 10:56:59.503845
0.20027462013306974,0.3202200918933894,2025-09-30 10:56:59.503845
0.17746670793056393,0.3418610998076146,2025-09-30 10:56:59.503845
0.18555889296129902,0.3777378647917883,2025-09-30 10:56:59.503845
0.18784645634161462,0.37159341711066673,2025-09-30 10:56:59.503845
0.1962241577470756,0.33248387690924264,2025-09-30 10:56:59.503845
0.21430202916984303,0.4728659095688711,2025-09-30 10:56:59.503845
0.18447831180143304,0.4773735431162023,2025-09-30 10:56:59.503845
0.1712013774786967,0.12523197956988139,2025-09-30 10:56:59.503845
0.17369749668354528,0.2783154546581599,2025-09-30 10:56:59.503845
0.18267529877262315,0.3241367377548366,2025-09-30 10:56:59.503845
0.1910914455731347,0.276718013853872,2025-09-30 10:56:59.503845
0.1931159822274713,0.272788160327519,2025-09-30 10:56:59.503845
0.1749491850776176,0.28477233747869357,2025-09-30 10:56:59.503845
0.17460815244316222,0.23999362832812454,2025-09-30 10:56:59.503845
0.19469004753598276,0.41644838705039694,2025-09-30 10:56:59.503845
0.1843113835578078,0.2658663105124326,2025-09-30 10:56:59.503845
0.16365775784291992,0.3554800091372606,2025-09-30 10:56:59.503845
0.13688578492030457,0.4666028052599048,2025-09-30 10:56:59.503845
0.20137822617030288,0.44879442705780437,2025-09-30 10:56:59.503845
0.17565159439563982,0.28682887818660635,2025-09-30 10:56:59.503845
0.18457721055446658,0.30546020849010475,2025-09-30 10:56:59.503845
0.1536933282902601,0.36748009893379635,2025-09-30 10:56:59.503845
0.17436239923432534,0.3733620534024189,2025-09-30 10:56:59.503845
0.15707921404512104,0.31921103382179283,2025-09-30 10:56:59.503845
0.18296359356516234,0.3025578585584893,2025-09-30 10:56:59.503845
0.2010804996236218,0.25395905818163994,2025-09-30 10:56:59.503845
0.1628224446194327,0.33110225992856995,2025-09-30 10:56:59.503845
0.17896492729852634,0.3392833505764258,2025-09-30 10:56:59.503845
0.18609370469247227,0.336366262073746,2025-09-30 10:56:59.503845
0.18780843655074603,0.3801984070102474,2025-09-30 10:56:59.503845
0.16390562323104882,0.28683468669840056,2025-09-30 10:56:59.503845
0.14689023668672813,0.30467301280785825,2025-09-30 10:56:59.503845
0.1864832591686635,0.3508612783757932,2025-09-30 10:56:59.503845
0.18791564985149542,0.3403948837160276,2025-09-30 10:56:59.503845
0.18814596323611243,0.38085970046813955,2025-09-30 10:56:59.503845
0.16105061139099058,0.23328989787199128,2025-09-30 10:56:59.503845
0.18908154573175928,0.36755738458341397,2025-09-30 10:56:59.503845
0.206459086246002,0.3419718659968407,2025-09-30 10:56:59.503845
0.17738702263692016,0.3073484098951333,2025-09-30 10:56:59.503845
0.17070365212920377,0.40883142770159764,2025-09-30 10:56:59.503845
0.19335789040733395,0.23157273220411667,2025-09-30 10:56:59.503845
0.20084930340672733,0.2741506426541937,2025-09-30 10:56:59.503845
0.17873645965571822,0.17817199605141176,2025-09-30 10:56:59.503845
0.20167193977508463,0.23853720800119127,2025-09-30 10:56:59.503845
0.18629508470688244,0.2847567841760424,2025-09-30 10:56:59.503845
0.1750611014738266,0.4612024852405556,2025-09-30 10:56:59.503845
0.1870268767488034,0.36627012506970646,2025-09-30 10:56:59.503845
0.19836654200966122,0.32702798325349797,2025-09-30 10:56:59.503845
0.19916437143938268,0.1965648881767617,2025-09-30 10:56:59.503845
0.1673157958058746,0.4132312051869349,2025-09-30 10:56:59.503845
0.19805844555635496,0.26830975073815266,2025-09-30 10:56:59.503845
0.20279536711651508,0.2097411867138848,2025-09-30 10:56:59.503845
0.18897961919892636,0.34226319256056315,2025-09-30 10:56:59.503845
0.18885012480243354,0.1108138796284425,2025-09-30 10:56:59.503845
0.1820697811364762,0.35021399450302154,2025-09-30 10:56:59.503845
0.20393721357535483,0.289960782552664,2025-09-30 10:56:59.503845
0.16670754548564842,0.2313181912306458,2025-09-30 10:56:59.503845
0.18199216112537225,0.21584295670971967,2025-09-30 10:56:59.503845
0.20393986947523865,0.3549247927922603,2025-09-30 10:56:59.503845
0.17739449934950097,0.4091426797187444,2025-09-30 10:56:59.503845
0.17482966343748463,0.3041495134195963,2025-09-30 10:56:59.503845
0.20373863337746456,0.38432910846177915,2025-09-30 10:56:59.503845
0.1885142547333868,0.289759520690424,2025-09-30 10:56:59.503845
0.19698047462204732,0.384592296133038,2025-09-30 10:56:59.503845
0.185359404462565,0.4702600480804303,2025-09-30 10:56:59.503845
0.1969750268325757,0.3180689198674215,2025-09-30 10:56:59.503845
0.16357715274523763,0.29181332790496406,2025-09-30 10:56:59.503845
0.15822761419405795,0.24813226003574768,2025-09-30 10:56:59.503845
0.18671013744775836,0.2793437228914293,2025-09-30 10:56:59.503845
0.15929741618210605,0.2926413238807554,2025-09-30 10:56:59.503845
0.1916229593804546,0.31694821637690396,2025-09-30 10:56:59.503845
0.20802563304081775,0.3877528276404512,2025-09-30 10:56:59.503845
0.17363187398842725,0.3620517660606824,2025-09-30 10:56:59.503845
0.19055183754902139,0.32702530229206445,2025-09-30 10:56:59.503845
0.1788722281466124,0.30128309079064314,2025-09-30 10:56:59.503845
0.1644548463317104,0.33231868432460043,2025-09-30 10:56:59.503845
0.17708435625402597,0.38543336782035514,2025-09-30 10:56:59.503845
0.18065385596041628,0.29145542959857984,2025-09-30 10:56:59.503845
0.18140464447745688,0.40247559399954885,2025-09-30 10:56:59.503845
0.17783754499519064,0.3739993738982031,2025-09-30 10:56:59.503845
0.1929913904340996,0.3669840530628367,2025-09-30 10:56:59.503845
0.1953116339081745,0.39908868480927895,2025-09-30 10:56:59.503845
0.1954208909530467,0.38126945287576924,2025-09-30 10:56:59.503845
0.14748916222872652,0.26870904190898026,2025-09-30 10:56:59.503845
0.1810970007780591,0.4893570745280664,2025-09-30 10:56:59.503845
0.1930368827247537,0.4352104173505059,2025-09-30 10:56:59.503845
0.14524722618101127,0.35226658331370686,2025-09-30 10:56:59.503845
0.19920176750608642,0.32489530988532384,2025-09-30 10:56:59.503845
0.1817358541598638,0.23382662120880737,2025-09-30 10:56:59.503845
0.16700664426566864,0.3321627769170608,2025-09-30 10:56:59.503845
0.15031735560067291,0.3876390051178571,2025-09-30 10:56:59.503845
0.17802812038227836,0.23047166766294536,2025-09-30 10:56:59.503845
0.164539557046961,0.3731651265375695,2025-09-30 10:56:59.503845
0.17881433896916618,0.3941731794424778,2025-09-30 10:56:59.503845
0.19675532884732488,0.33792418613916353,2025-09-30 10:56:59.503845
0.186719163731454,0.3693907298799323,2025-09-30 10:56:59.503845
0.1770036571506979,0.3555909619621051,2025-09-30 10:56:59.503845
0.1880181279942874,0.32229006385532943,2025-09-30 10:56:59.503845
0.18710309578471673,0.34687448497432205,2025-09-30 10:56:59.503845
0.19253486941522505,0.41897236810637467,2025-09-30 10:56:59.503845
0.16831157504623545,0.31220924343750733,2025-09-30 10:56:59.503845
0.1818068547554594,0.316238159265921,2025-09-30 10:56:59.503845
0.17127852945840577,0.425062229698482,2025-09-30 10:56:59.503845
0.20425836927315438,0.3239607251256919,2025-09-30 10:56:59.503845
0.1931668466619265,0.38162540998590927,2025-09-30 10:56:59.503845
0.14521677052852916,0.24241774596291893,2025-09-30 10:56:59.503845
0.22090514615186368,0.31184458359464257,2025-09-30 10:56:59.503845
0.18565302595683686,0.3370687693043354,2025-09-30 10:56:59.503845
0.16995100299905574,0.35922820675429906,2025-09-30 10:56:59.503845
0.17233328449369634,0.22976937545190965,2025-09-30 10:56:59.503845
0.20934991130400607,0.5071359856911886,2025-09-30 10:56:59.503845
0.2005461840168418,0.20673976679041411,2025-09-30 10:56:59.503845
0.17256652331603817,0.24466113942641277,2025-09-30 10:56:59.503845
0.18044275644416527,0.3801114360788629,2025-09-30 10:56:59.503845
0.17520468152174512,0.32231267772104505,2025-09-30 10:56:59.503845
0.1810785154469639,0.21112409516299696,2025-09-30 10:56:59.503845
0.16411343532522712,0.16575617316604024,2025-09-30 10:56:59.503845
0.1481198980210531,0.2961609553356338,2025-09-30 10:56:59.503845
0.17787050803906118,0.46840389194888055,2025-09-30 10:56:59.503845
0.21579807626382416,0.2800592656935397,2025-09-30 10:56:59.503845
0.14457842653803868,0.3734851557015252,2025-09-30 10:56:59.503845
0.2012902525585642,0.2967052440404701,2025-09-30 10:56:59.503845
0.22316101082949621,0.49010048528930344,2025-09-30 10:56:59.503845
0.1740537607243082,0.28651035956110554,2025-09-30 10:56:59.503845
0.17979495324053857,0.3971280754304474,2025-09-30 10:56:59.503845
0.2031513412677586,0.3902995520519184,2025-09-30 10:56:59.503845
0.16398811108307162,0.3435053142615217,2025-09-30 10:56:59.503845
0.16912537194554203,0.31830655565239363,2025-09-30 10:56:59.503845
0.1686504706208575,0.28890499243749485,2025-09-30 10:56:59.503845
0.1709108150924395,0.4139075555861962,2025-09-30 10:56:59.503845
0.14969273479152725,0.4091210190632991,2025-09-30 10:56:59.503845
0.1653471838568823,0.32189477136682554,2025-09-30 10:56:59.503845
0.12906027817415078,0.329448316621261,2025-09-30 10:56:59.503845
0.16571610882165017,0.30261463247801274,2025-09-30 10:56:59.503845
0.16801047135914604,0.24334320134810306,2025-09-30 10:56:59.503845
0.17453235580809062,0.43516981803078697,2025-09-30 10:56:59.503845
0.1868377975275477,0.32198780786680375,2025-09-30 10:56:59.503845
0.1945604860891087,0.36716441445624354,2025-09-30 10:56:59.503845
0.17884346176814372,0.3441554788273908,2025-09-30 10:56:59.503845
0.16952980326955985,0.2569943260267502,2025-09-30 10:56:59.503845
0.18628245629212997,0.28941339439582753,2025-09-30 10:56:59.503845
0.19303501402442103,0.30313481755386046,2025-09-30 10:56:59.503845
0.18119707718954195,0.4176494956168124,2025-09-30 10:56:59.503845
0.15858425564393558,0.38268751486191316,2025-09-30 10:56:59.503845
0.20311378876510675,0.46248510143746535,2025-09-30 10:56:59.503845
0.21868886245665314,0.313756537354392,2025-09-30 10:56:59.503845
0.16869159250121213,0.26491933934456935,2025-09-30 10:56:59.503845
0.18373315851700198,0.4976286021139574,2025-09-30 10:56:59.503845
0.150755622067138,0.32777592408300826,2025-09-30 10:56:59.503845
0.1495271470673222,0.39377002771243513,2025-09-30 10:56:59.503845
0.18363131156137308,0.3130915672009213,2025-09-30 10:56:59.503845
0.19924510677884513,0.265111089347563,2025-09-30 10:56:59.503845
0.15667830101200442,0.3210244947038605,2025-09-30 10:56:59.503845
0.15949974024285551,0.23645179546311518,2025-09-30 10:56:59.503845
0.1459273929347108,0.3377941379691654,2025-09-30 10:56:59.503845
0.2106428896491109,0.23242294285394247,2025-09-30 10:56:59.503845
0.17244158232021947,0.5262472649166141,2025-09-30 10:56:59.503845
0.17841673220340876,0.27350947843957035,2025-09-30 10:56:59.503845
0.1744613399892596,0.38370167489669016,2025-09-30 10:56:59.503845
0.17368424802058072,0.2684246214441577,2025-09-30 10:56:59.503845
0.1637306984099517,0.31474517716793354,2025-09-30 10:56:59.503845
0.19313733795250687,0.30599239790007493,2025-09-30 10:56:59.503845
0.1725490486474081,0.32252681256909355,2025-09-30 10:56:59.503845
0.1882853771961833,0.3631527307888391,2025-09-30 10:56:59.503845
0.16152310308597242,0.3878519826668969,2025-09-30 10:56:59.503845
0.17909080530153332,0.36784121818278026,2025-09-30 10:56:59.503845
0.1752443292232791,0.3727701642345817,2025-09-30 10:56:59.503845
0.17767509119083721,0.346543865161944,2025-09-30 10:56:59.503845
0.19088482925131245,0.42850296403143273,2025-09-30 10:56:59.503845
0.17133334543674883,0.4004987884532527,2025-09-30 10:56:59.503845
0.17344753091483794,0.3305512596953912,2025-09-30 10:56:59.503845
0.1661566877708662,0.3094767267846851,2025-09-30 10:56:59.503845
0.18717192870304172,0.3080795034680168,2025-09-30 10:56:59.503845
0.18150740548145672,0.41326832230170735,2025-09-30 10:56:59.503845
0.17901857240432736,0.41713179118607435,2025-09-30 10:56:59.503845
0.18730848531261787,0.3070549154560728,2025-09-30 10:56:59.503845
0.17443036516107954,0.3589914217560797,2025-09-30 10:56:59.503845
0.17428802209563346,0.3735762949495999,2025-09-30 10:56:59.503845
0.21349903843666213,0.3508182293503087,2025-09-30 10:56:59.503845
0.18998440832211613,0.37982372942117576,2025-09-30 10:56:59.503845
0.19870699265424308,0.3128633840693699,2025-09-30 10:56:59.503845
0.18181904339437177,0.2726309780460256,2025-09-30 10:56:59.503845
0.1910947759753036,0.34545455684377946,2025-09-30 10:56:59.503845
0.15276441102248645,0.3108458980101662,2025-09-30 10:56:59.503845
0.1611395140343062,0.32439901262160603,2025-09-30 10:56:59.503845
0.16202122626249968,0.35502839365000255,2025-09-30 10:56:59.503845
0.19499340307104285,0.32714443606927396,2025-09-30 10:56:59.503845
0.18435474281321917,0.36740364685601107,2025-09-30 10:56:59.503845
0.18307765795738717,0.34819687115909537,2025-09-30 10:56:59.503845
0.1877559085258068,0.35904879224870445,2025-09-30 10:56:59.503845
0.16481604574565548,0.3557289752154745,2025-09-30 10:56:59.503845
0.12630178226358374,0.3538788141245491,2025-09-30 10:56:59.503845
0.1663232471683985,0.38066892109262895,2025-09-30 10:56:59.503845
0.19291215234772102,0.3511621792625341,2025-09-30 10:56:59.503845
0.1830754508048482,0.37067670015357035,2025-09-30 10:56:59.503845
0.1777886324472706,0.2633451540701737,2025-09-30 10:56:59.503845
0.20605582047733872,0.24335315130482324,2025-09-30 10:56:59.503845
0.16953007847664148,0.45646030650605196,2025-09-30 10:56:59.503845
0.17815361888619935,0.387683606097916,2025-09-30 10:56:59.503845
0.14408426763555315,0.24474421362626225,2025-09-30 10:56:59.503845
0.14538982075148355,0.22695917248751507,2025-09-30 10:56:59.503845
0.21940915910823608,0.215086974436976,2025-09-30 10:56:59.503845
0.18816566326117717,0.38699094620643537,2025-09-30 10:56:59.503845
0.16514173412706126,0.22589709962010307,2025-09-30 10:56:59.503845
0.15870591542188872,0.17728132630696322,2025-09-30 10:56:59.503845
0.15383324558937667,0.3641983304463002,2025-09-30 10:56:59.503845
0.19032565301582216,0.4595471919827224,2025-09-30 10:56:59.503845
0.16035245770706597,0.2048499673990958,2025-09-30 10:56:59.503845
0.20420692339747934,0.32360116745559125,2025-09-30 10:56:59.503845
0.18420747308316474,0.3229471767355183,2025-09-30 10:56:59.503845
0.18506812675491044,0.24034304364401096,2025-09-30 10:56:59.503845
0.18991508468492668,0.2822201498934892,2025-09-30 10:56:59.503845
0.1815660114834213,0.254721191706219,2025-09-30 10:56:59.503845
0.1937663399149677,0.24926416091833942,2025-09-30 10:56:59.503845
0.18854983381086304,0.348141360019763,2025-09-30 10:56:59.503845
0.19390455258005593,0.33914751768644685,2025-09-30 10:56:59.503845
0.19349433268360902,0.29608407054514746,2025-09-30 10:56:59.503845
0.21108270552300204,0.37282163844036587,2025-09-30 10:56:59.503845
0.1725285868363216,0.5221633728167572,2025-09-30 10:56:59.503845
0.16804837640187884,0.34843683122353303,2025-09-30 10:56:59.503845
0.18873655722102003,0.22941052434660308,2025-09-30 10:56:59.503845
0.20612836237191157,0.45618242961374755,2025-09-30 10:56:59.503845
0.22811958442918642,0.22272791375472062,2025-09-30 10:56:59.503845
0.18283106013551068,0.3407225365894712,2025-09-30 10:56:59.503845
0.19581918235404408,0.34321661931397335,2025-09-30 10:56:59.503845
0.17430518851126964,0.35352064238683467,2025-09-30 10:56:59.503845
0.17503129333655668,0.28046888961616584,2025-09-30 10:56:59.503845
0.16421274347725553,0.3596835637714087,2025-09-30 10:56:59.503845
0.1772930077108038,0.38823873262918396,2025-09-30 10:56:59.503845
0.15485469538423705,0.30324163611059757,2025-09-30 10:56:59.503845
0.1940097674751634,0.29740695994605154,2025-09-30 10:56:59.503845
0.1697705904282715,0.36920344617535245,2025-09-30 10:56:59.503845
0.17055638485087996,0.28425835624460377,2025-09-30 10:56:59.503845
0.17831786900871305,0.4795529913914074,2025-09-30 10:56:59.503845
0.1915459045109715,0.3923461418446291,2025-09-30 10:56:59.503845
0.15690656852186305,0.20936455266123571,2025-09-30 10:56:59.503845
0.17633279446464717,0.23624767501774507,2025-09-30 10:56:59.503845
0.170046688332042,0.3494893440433344,2025-09-30 10:56:59.503845
0.19781849288442216,0.22402325544081697,2025-09-30 10:56:59.503845
0.1725723678984403,0.1761515591335543,2025-09-30 10:56:59.503845
0.16269588332107032,0.31218798903504535,2025-09-30 10:56:59.503845
0.19147024688593312,0.2515203337884239,2025-09-30 10:56:59.503845
0.17706506614523354,0.38485129459077483,2025-09-30 10:56:59.503845
0.16585615034667028,0.3731346582793411,2025-09-30 10:56:59.503845
0.17681513680649114,0.31985989781727564,2025-09-30 10:56:59.503845
0.16736308857859505,0.354972593168901,2025-09-30 10:56:59.503845
0.16365479610436282,0.2845316218092736,2025-09-30 10:56:59.503845
0.16312704937292088,0.29764106574892785,2025-09-30 10:56:59.503845
0.16782741700881162,0.4009770360062431,2025-09-30 10:56:59.503845
0.18018166444049394,0.22552319078966887,2025-09-30 10:56:59.503845
0.15425721780701904,0.40266228410080135,2025-09-30 10:56:59.503845
0.16840847833043512,0.27564426528778857,2025-09-30 10:56:59.503845
0.18629473868772725,0.4078466693903391,2025-09-30 10:56:59.503845
0.17350725390271557,0.2833549823891193,2025-09-30 10:56:59.503845
0.20246272006701932,0.3807045187886135,2025-09-30 10:56:59.503845
0.16233482278046463,0.29682783232773086,2025-09-30 10:56:59.503845
0.16594479615017102,0.21882046198282407,2025-09-30 10:56:59.503845
0.19148725423286284,0.5447594990358307,2025-09-30 10:56:59.503845
0.17997887200784118,0.47032244147574354,2025-09-30 10:56:59.503845
0.20288621511735064,0.3925090567200528,2025-09-30 10:56:59.503845
0.1837160590651545,0.2780589994357656,2025-09-30 10:56:59.503845
0.14360304091910017,0.36245044296308415,2025-09-30 10:56:59.503845
0.15018770874904055,0.3688671228429485,2025-09-30 10:56:59.503845
0.19312847653270526,0.3949038087211093,2025-09-30 10:56:59.503845
0.15778191628664093,0.34731835805996264,2025-09-30 10:56:59.503845
0.17477685876224575,0.30868503074143294,2025-09-30 10:56:59.503845
0.18749674616144352,0.29177174677397966,2025-09-30 10:56:59.503845
0.14857915569018101,0.4124951092340232,2025-09-30 10:56:59.503845
0.18987429758767443,0.32463731457961814,2025-09-30 10:56:59.503845
0.1995740801125917,0.2361972477778509,2025-09-30 10:56:59.503845
0.1600713388889721,0.32753900223848254,2025-09-30 10:56:59.503845
0.18643033034907816,0.30187669387049254,2025-09-30 10:56:59.503845
0.15929464165091084,0.28438858088839714,2025-09-30 10:56:59.503845
0.2059045101420108,0.3679467774285275,2025-09-30 10:56:59.503845
0.18301118639122171,0.29278550347220533,2025-09-30 10:56:59.503845
0.16873881718150868,0.22862696645002079,2025-09-30 10:56:59.503845
0.21354103885457137,0.3962120453605219,2025-09-30 10:56:59.503845
0.18422222732791296,0.24455307071666726,2025-09-30 10:56:59.503845
0.1782781489269386,0.44170485441181656,2025-09-30 10:56:59.503845
0.19169372853026348,0.3396253300055523,2025-09-30 10:56:59.503845
0.19507392212226743,0.27512019740802945,2025-09-30 10:56:59.503845
0.17583638053652673,0.4028673237484001,2025-09-30 10:56:59.503845
0.18656659225269467,0.4564277055407135,2025-09-30 10:56:59.503845
0.19728167043537004,0.24400238119440415,2025-09-30 10:56:59.503845
0.18112785541604595,0.3346466416998795,2025-09-30 10:56:59.503845
0.18562827284321595,0.2646844937601414,2025-09-30 10:56:59.503845
0.18741257369074293,0.3960785497729867,2025-09-30 10:56:59.503845
0.1747682288998538,0.3868215960372972,2025-09-30 10:56:59.503845
0.13855376718517612,0.22350193605415558,2025-09-30 10:56:59.503845
0.16355326240758378,0.39924505520052056,2025-09-30 10:56:59.503845
0.19549152622002286,0.32295364396424603,2025-09-30 10:56:59.503845
0.17231523936464158,0.18026684459910225,2025-09-30 10:56:59.503845
0.1842697811876373,0.43247549750988734,2025-09-30 10:56:59.503845
0.16635532205092687,0.38965355264391716,2025-09-30 10:56:59.503845
0.1702009308550936,0.1332177170268491,2025-09-30 10:56:59.503845
0.17177857512134445,0.34104254738055834,2025-09-30 10:56:59.503845
0.17253902091343598,0.23605713406930134,2025-09-30 10:56:59.503845
0.1679768244018846,0.28066315368564426,2025-09-30 10:56:59.503845
0.2283940889325543,0.20227032268117706,2025-09-30 10:56:59.503845
0.18092162087273175,0.2661006729766079,2025-09-30 10:56:59.503845
0.1734355095756478,0.17780090109787472,2025-09-30 10:56:59.503845
0.18242549825473936,0.3236456153051846,2025-09-30 10:56:59.503845
0.18585492862585093,0.3515339959551997,2025-09-30 10:56:59.503845
0.19048288342346226,0.44527038851809775,2025-09-30 10:56:59.503845
0.1628778154040958,0.3436191079949658,2025-09-30 10:56:59.503845
0.1842786288813888,0.42622988024595204,2025-09-30 10:56:59.503845
0.16231000747267044,0.4077823260964203,2025-09-30 10:56:59.503845
0.17612413586728487,0.32930503943906664,2025-09-30 10:56:59.503845
0.16456586552848584,0.4924764432565567,2025-09-30 10:56:59.503845
0.19170528491614194,0.34431259080433124,2025-09-30 10:56:59.503845
0.1706773833569631,0.3548553873418873,2025-09-30 10:56:59.503845
0.17431256106782467,0.45413066799276786,2025-09-30 10:56:59.503845
0.19366030622999958,0.32654782683747124,2025-09-30 10:56:59.503845
0.18768904620663154,0.19487757690510243,2025-09-30 10:56:59.503845
0.17977301526404918,0.34902256589513153,2025-09-30 10:56:59.503845
0.1300407580740987,0.30109093147640625,2025-09-30 10:56:59.503845
0.16921829998404928,0.3845364586518421,2025-09-30 10:56:59.503845
0.1907702764629669,0.32302909705046545,2025-09-30 10:56:59.503845
0.19181658595140072,0.35414128278348866,2025-09-30 10:56:59.503845
0.15810255666607315,0.35699526324965436,2025-09-30 10:56:59.503845
0.16785082337690896,0.22985698768372864,2025-09-30 10:56:59.503845
0.14158061719628817,0.18056708911476932,2025-09-30 10:56:59.503845
0.19862664770612878,0.4245981602799589,2025-09-30 10:56:59.503845
0.18380307940500942,0.2760573921503569,2025-09-30 10:56:59.503845
0.1793233985902251,0.39168626166240017,2025-09-30 10:56:59.503845
0.16580295720852414,0.3816617723715036,2025-09-30 10:56:59.503845
0.1722005331546989,0.3186979468404857,2025-09-30 10:56:59.503845
0.2095597345814962,0.38023710393318144,2025-09-30 10:56:59.503845
0.1774388575547975,0.1963946068149259,2025-09-30 10:56:59.503845
0.19476579719865128,0.3628822499586132,2025-09-30 10:56:59.503845
0.19747828099148268,0.22413641449803035,2025-09-30 10:56:59.503845
0.17426443721622703,0.27089468601246436,2025-09-30 10:56:59.503845
0.17778086711035324,0.329510301115543,2025-09-30 10:56:59.503845
0.17018463060409145,0.34366208852455454,2025-09-30 10:56:59.503845
0.16961983565801733,0.3976099278114088,2025-09-30 10:56:59.503845
0.16010285888674447,0.40775343123353786,2025-09-30 10:56:59.503845
0.17280009507342795,0.35821795039101895,2025-09-30 10:56:59.503845
0.22136490587423052,0.27064326241213427,2025-09-30 10:56:59.503845
0.17744616553140355,0.2962486667922387,2025-09-30 10:56:59.503845
0.1834359942472585,0.16881481444479052,2025-09-30 10:56:59.503845
0.19312374075810046,0.3677446295417016,2025-09-30 10:56:59.503845
0.1804494661243522,0.46308122121467993,2025-09-30 10:56:59.503845
0.15012488172280433,0.20616149777611353,2025-09-30 10:56:59.503845
0.16679700911739673,0.25288405958976523,2025-09-30 10:56:59.503845
0.18417969573396806,0.2775967334648956,2025-09-30 10:56:59.503845
0.1839822802567639,0.21874485842349978,2025-09-30 10:56:59.503845
0.18605374295100466,0.40051951517371576,2025-09-30 10:56:59.503845
0.1878447666546917,0.3275947738062897,2025-09-30 10:56:59.503845
0.16108349461276283,0.3322243322387256,2025-09-30 10:56:59.503845
0.1779529474320526,0.3283477353706395,2025-09-30 10:56:59.503845
0.16838017699527816,0.31396565853047176,2025-09-30 10:56:59.503845
0.15975112331696165,0.46682442683382697,2025-09-30 10:56:59.503845
0.16963421325963898,0.3470537129701213,2025-09-30 10:56:59.503845
0.17028103915538842,0.2843961088635362,2025-09-30 10:56:59.503845
0.1933166008288114,0.3890503139317165,2025-09-30 10:56:59.503845
0.17163928191995864,0.3019048446051406,2025-09-30 10:56:59.503845
0.18901409062082702,0.30314245442823773,2025-09-30 10:56:59.503845
0.16376856897142703,0.2961463072191956,2025-09-30 10:56:59.503845
0.18103090433170949,0.24870629043022235,2025-09-30 10:56:59.503845
0.18862515631624627,0.3653448705595143,2025-09-30 10:56:59.503845
0.1772369847137524,0.29630971627244146,2025-09-30 10:56:59.503845
0.1743081924319341,0.2272778000473879,2025-09-30 10:56:59.503845
0.1755070422955988,0.2987379983127579,2025-09-30 10:56:59.503845
0.1981325723881578,0.25294792628872764,2025-09-30 10:56:59.503845
0.17258484654524336,0.31298484890259026,2025-09-30 10:56:59.503845
0.20233939478587354,0.3096635531541741,2025-09-30 10:56:59.503845
0.1802050026707134,0.2591176899451584,2025-09-30 10:56:59.503845
0.1911909266040473,0.25845312427202516,2025-09-30 10:56:59.503845
0.17370202684430636,0.21465996332542653,2025-09-30 10:56:59.503845
0.17131868536739925,0.3806529884813883,2025-09-30 10:56:59.503845
0.18019431566388477,0.2579854641828371,2025-09-30 10:56:59.503845
0.17716227250110947,0.25735629993027054,2025-09-30 10:56:59.503845
0.18054299786463748,0.3877061345156867,2025-09-30 10:56:59.503845
0.18975837529601278,0.30514832150183024,2025-09-30 10:56:59.503845
0.20429198245555208,0.3560884278081219,2025-09-30 10:56:59.503845
0.1642020333250413,0.4934719742135226,2025-09-30 10:56:59.503845
0.15447519260544804,0.3784244662108406,2025-09-30 10:56:59.503845
0.1946225620256505,0.38917889100929387,2025-09-30 10:56:59.503845
0.1514331980482954,0.2769699134747134,2025-09-30 10:56:59.503845
0.15476894464398325,0.3403420902541627,2025-09-30 10:56:59.503845
0.16796582528685217,0.30750056807954707,2025-09-30 10:56:59.503845
0.18930817071145237,0.3002735531826595,2025-09-30 10:56:59.503845
0.18772581006939862,0.3363785383477007,2025-09-30 10:56:59.503845
0.1647029069809591,0.29182647069830187,2025-09-30 10:56:59.503845
0.1906860344382487,0.20407899683054265,2025-09-30 10:56:59.503845
0.20310100451803892,0.2762687463327255,2025-09-30 10:56:59.503845
0.19978420865393356,0.2674394797371332,2025-09-30 10:56:59.503845
0.17733945894894595,0.2952016714710726,2025-09-30 10:56:59.503845
0.20812557161262535,0.34069707178557407,2025-09-30 10:56:59.503845
0.18259522327269206,0.3392650369720185,2025-09-30 10:56:59.503845
0.18583796676482867,0.3239726584957592,2025-09-30 10:56:59.503845
0.17095029279192653,0.2542693204660801,2025-09-30 10:56:59.503845
0.17060638577413967,0.3872941091006514,2025-09-30 10:56:59.503845
0.20322393840563535,0.2868219075579774,2025-09-30 10:56:59.503845
0.17585384215712066,0.3273881892192132,2025-09-30 10:56:59.503845
0.1845294906669298,0.34273146436736707,2025-09-30 10:56:59.503845
0.20414858279204665,0.30591192682457774,2025-09-30 10:56:59.503845
0.19267917678318625,0.29479061734421363,2025-09-30 10:56:59.503845
0.15991819977158714,0.360133742612348,2025-09-30 10:56:59.503845
0.19684195585410266,0.48067482538377615,2025-09-30 10:56:59.503845
0.19250585130673983,0.211145397823031,2025-09-30 10:56:59.503845
0.20120956473333496,0.2335595977240843,2025-09-30 10:56:59.503845
0.189840654792297,0.4224637700033328,2025-09-30 10:56:59.503845
0.1886086963161984,0.35446211840586567,2025-09-30 10:56:59.503845
0.1922409614427611,0.38790858138820733,2025-09-30 10:56:59.503845
0.20758114804026806,0.3736276973856547,2025-09-30 10:56:59.503845
0.19095122000596626,0.33892925403114743,2025-09-30 10:56:59.503845
0.19689115965539208,0.32387235529251707,2025-09-30 10:56:59.503845
0.15695701460538475,0.26994251308597705,2025-09-30 10:56:59.503845
0.17524606966630948,0.40481379915478904,2025-09-30 10:56:59.503845
0.20391259804523157,0.2548004591616637,2025-09-30 10:56:59.503845
0.16898650471578405,0.26287324247484267,2025-09-30 10:56:59.503845
0.15625671974353478,0.303922216081314,2025-09-30 10:56:59.503845
0.16580343007199047,0.43291315449474893,2025-09-30 10:56:59.503845
0.20453896090311235,0.3981282446378782,2025-09-30 10:56:59.503845
0.16477731148183306,0.35627927707698376,2025-09-30 10:56:59.503845
0.18082732668610949,0.48009402083623,2025-09-30 10:56:59.503845
0.1737922540293721,0.4202142661611679,2025-09-30 10:56:59.503845
0.19885271448375272,0.32411867698449953,2025-09-30 10:56:59.503845
0.1914891415533646,0.38665533482872094,2025-09-30 10:56:59.503845
0.1635598126811325,0.3561185006023213,2025-09-30 10:56:59.503845
0.1708967323430596,0.40096538566555817,2025-09-30 10:56:59.503845
0.17796287097210384,0.39767867619997116,2025-09-30 10:56:59.503845
0.17269804765001465,0.2614610874011946,2025-09-30 10:56:59.503845
0.18117501421791532,0.329896204886352,2025-09-30 10:56:59.503845
0.17120447920109277,0.44598875037865493,2025-09-30 10:56:59.503845
0.18495686511599094,0.16858969527174744,2025-09-30 10:56:59.503845
0.17245742361715624,0.2752073034013744,2025-09-30 10:56:59.503845
0.1847946077081609,0.3487364747341885,2025-09-30 10:56:59.503845
0.17509637720678445,0.4641781233436155,2025-09-30 10:56:59.503845
0.1862909872867654,0.33137903381654016,2025-09-30 10:56:59.503845
0.1652810229168513,0.356243355551399,2025-09-30 10:56:59.503845
0.19986608485050572,0.2933169261063725,2025-09-30 10:56:59.503845
0.15279631299491447,0.3492779116472596,2025-09-30 10:56:59.503845
0.18819316682643966,0.4131024719799304,2025-09-30 10:56:59.503845
0.17430326281413686,0.2747819868468739,2025-09-30 10:56:59.503845
0.18298599094194537,0.2588728036025294,2025-09-30 10:56:59.503845
0.19301055338543438,0.2579884221877886,2025-09-30 10:56:59.503845
0.16549182122534395,0.2985042693743597,2025-09-30 10:56:59.503845
0.17646317614470186,0.3834055561215286,2025-09-30 10:56:59.503845
0.15599977569808626,0.38626608468211143,2025-09-30 10:56:59.503845
0.2036763024514682,0.4035340452777012,2025-09-30 10:56:59.503845
0.15171335771466102,0.3324769120336437,2025-09-30 10:56:59.503845
0.1760651067966788,0.45391802861023256,2025-09-30 10:56:59.503845
0.186362534634472,0.28988836068904816,2025-09-30 10:56:59.503845
0.16543197305308352,0.33463548232596246,2025-09-30 10:56:59.503845
0.17392526245997578,0.25701683514597295,2025-09-30 10:56:59.503845
0.19242695083223985,0.22398825816216156,2025-09-30 10:56:59.503845
0.20882024994330112,0.4080084548818848,2025-09-30 10:56:59.503845
0.16419275826043248,0.4711483577305688,2025-09-30 10:56:59.503845
0.17356125891608576,0.2762494490652927,2025-09-30 10:56:59.503845
0.1703717192165108,0.2797248722926745,2025-09-30 10:56:59.503845
0.21019819434387763,0.22839064933844824,2025-09-30 10:56:59.503845
0.16724656404504137,0.4342972772541518,2025-09-30 10:56:59.503845
0.20899586188641772,0.33933572943694246,2025-09-30 10:56:59.503845
0.17703093547803095,0.35007975592321805,2025-09-30 10:56:59.503845
0.18067318637118648,0.37709656412898873,2025-09-30 10:56:59.503845
0.16715510622413013,0.464488611734058,2025-09-30 10:56:59.503845
0.18941749364071495,0.37081342414287993,2025-09-30 10:56:59.503845
0.1854148173002811,0.17174840328751784,2025-09-30 10:56:59.503845
0.17174810485644557,0.3301745274726001,2025-09-30 10:56:59.503845
0.2043529039659404,0.2821217814728168,2025-09-30 10:56:59.503845
0.18291747224943317,0.35241511931353847,2025-09-30 10:56:59.503845
0.1647822408200334,0.276237215654654,2025-09-30 10:56:59.503845
0.1870251889673869,0.29596324335247726,2025-09-30 10:56:59.503845
0.1662802103063296,0.3939232835414492,2025-09-30 10:56:59.503845
0.16067665427053954,0.39490157012611593,2025-09-30 10:56:59.503845
0.19205606767709535,0.35419026779630486,2025-09-30 10:56:59.503845
0.17439890319243084,0.22569832250756516,2025-09-30 10:56:59.503845
0.1623780415964421,0.3461877420771814,2025-09-30 10:56:59.503845
0.19060128891381792,0.18411723914261366,2025-09-30 10:56:59.503845
0.180894514615335,0.380598629165859,2025-09-30 10:56:59.503845
0.1711112961069049,0.40121488823309986,2025-09-30 10:56:59.503845
0.20759171298481893,0.3060802220329749,2025-09-30 10:56:59.503845
0.18560991169050703,0.25045978763424126,2025-09-30 10:56:59.503845
0.1651207179585882,0.32319062342036203,2025-09-30 10:56:59.503845
0.16156529495470856,0.40932695964581856,2025-09-30 10:56:59.503845
0.1917676898006204,0.18473923359217906,2025-09-30 10:56:59.503845
0.17071642684779648,0.33199722639290113,2025-09-30 10:56:59.503845
0.21399435878164563,0.42102453973757237,2025-09-30 10:56:59.503845
0.18426590019400033,0.44978964532095567,2025-09-30 10:56:59.503845
0.20168975756582297,0.3459989636877814,2025-09-30 10:56:59.503845
0.1840343422385747,0.4040451959510113,2025-09-30 10:56:59.503845
0.19709414583004906,0.2300824101247821,2025-09-30 10:56:59.503845
0.16843580445055817,0.34934874666293175,2025-09-30 10:56:59.503845
0.17508750013688645,0.34199724748237653,2025-09-30 10:56:59.503845
0.15503733773881836,0.21829374016114877,2025-09-30 10:56:59.503845
0.21977500728647373,0.3606769138917808,2025-09-30 10:56:59.503845
0.17969458841480604,0.40512008233637536,2025-09-30 10:56:59.503845
0.15861314990636674,0.43059389648993335,2025-09-30 10:56:59.503845
0.1655445577630785,0.4532751827238607,2025-09-30 10:56:59.503845
0.1867923568188922,0.2594099529219566,2025-09-30 10:56:59.503845
0.1543481134455656,0.2557887577148086,2025-09-30 10:56:59.503845
0.16941313054358206,0.4566048398594083,2025-09-30 10:56:59.503845
0.1575680188702424,0.37473380648498145,2025-09-30 10:56:59.503845
0.16908627462749068,0.20603447892758456,2025-09-30 10:56:59.503845
0.18059409632533707,0.3873125009893462,2025-09-30 10:56:59.503845
0.19211728349702395,0.3703576746675433,2025-09-30 10:56:59.503845
0.1873667096129349,0.32054262479109885,2025-09-30 10:56:59.503845
0.18525109364553372,0.41874702776943407,2025-09-30 10:56:59.503845
0.15718414214727278,0.30413091059073755,2025-09-30 10:56:59.503845
0.18567859957845376,0.2161217465428552,2025-09-30 10:56:59.503845
0.18506260519004264,0.31913832851002727,2025-09-30 10:56:59.503845
0.18560207655355943,0.2522626041666058,2025-09-30 10:56:59.503845
0.21003516467797034,0.2973870212523938,2025-09-30 10:56:59.503845
0.20821830194689517,0.29095065098236766,2025-09-30 10:56:59.503845
0.20030885415113137,0.36831586774355635,2025-09-30 10:56:59.503845
0.1735032631438078,0.3460392214719415,2025-09-30 10:56:59.503845
0.15296337585791897,0.252887950647982,2025-09-30 10:56:59.503845
0.19988976216886575,0.13518306056480864,2025-09-30 10:56:59.503845
0.17589882197133813,0.32421743567599315,2025-09-30 10:56:59.503845
0.16006567846936348,0.44770989200113387,2025-09-30 10:56:59.503845
0.18181315695106906,0.2237277817999206,2025-09-30 10:56:59.503845
0.17304842762991166,0.26570511708935796,2025-09-30 10:56:59.503845
0.18259361844854505,0.30093921289043457,2025-09-30 10:56:59.503845
0.189581623391375,0.34428842341166466,2025-09-30 10:56:59.503845
0.18061157799205238,0.29306759764678686,2025-09-30 10:56:59.503845
0.1875318974524282,0.44430507213552284,2025-09-30 10:56:59.503845
0.14232404719059327,0.4031075965164496,2025-09-30 10:56:59.503845
0.19671944247266276,0.31467628149984567,2025-09-30 10:56:59.503845
0.18487856033363295,0.2454321474789325,2025-09-30 10:56:59.503845
0.17901399168596957,0.39625834966489804,2025-09-30 10:56:59.503845
0.17691042301848509,0.26679566043708536,2025-09-30 10:56:59.503845
0.14174814580417486,0.3964688738384812,2025-09-30 10:56:59.503845
0.20147401398900816,0.3875042743195889,2025-09-30 10:56:59.503845
0.1960691445985502,0.2684226342176322,2025-09-30 10:56:59.503845
0.19684546461222568,0.35261491689223157,2025-09-30 10:56:59.503845
0.2142795526848325,0.3661767970512196,2025-09-30 10:56:59.503845
0.17574947450641829,0.34735759722738346,2025-09-30 10:56:59.503845
0.17413766015694354,0.26701537630139294,2025-09-30 10:56:59.503845
0.18898702478913806,0.27430105030946866,2025-09-30 10:56:59.503845
0.1718081241293039,0.34122079691311724,2025-09-30 10:56:59.503845
0.19431859408379543,0.2915630700204702,2025-09-30 10:56:59.503845
0.16661211359656944,0.33913696244333336,2025-09-30 10:56:59.503845
0.16622017404901485,0.31992334440467823,2025-09-30 10:56:59.503845
0.13679416222799443,0.32608260135558975,2025-09-30 10:56:59.503845
0.18137833408963291,0.4497413473380967,2025-09-30 10:56:59.503845
0.1758905222078294,0.4806826171143571,2025-09-30 10:56:59.503845
0.19053719145725426,0.30643362227490156,2025-09-30 10:56:59.503845
0.18007239106126247,0.4014226712412411,2025-09-30 10:56:59.503845
0.19742380181390456,0.2931685559447493,2025-09-30 10:56:59.503845
0.21622385308235953,0.3004899378644183,2025-09-30 10:56:59.503845
0.16500889111195682,0.3516690156905474,2025-09-30 10:56:59.503845
0.18529481739131146,0.31431346698468327,2025-09-30 10:56:59.503845
0.20066680571109097,0.44966743271796217,2025-09-30 10:56:59.503845
0.1912646051859843,0.31728729753729584,2025-09-30 10:56:59.503845
0.16337797984112779,0.2716523529436076,2025-09-30 10:56:59.503845
0.1720207397194021,0.2714285657176674,2025-09-30 10:56:59.503845
0.17967954060657515,0.2942360020005408,2025-09-30 10:56:59.503845
0.18379306055864048,0.3924903660297191,2025-09-30 10:56:59.503845
0.16475737164606877,0.31155135000886036,2025-09-30 10:56:59.503845
0.17889863083682717,0.3827579357186823,2025-09-30 10:56:59.503845
0.18563764037631103,0.36333084529532017,2025-09-30 10:56:59.503845
0.17424060953451856,0.3573558113781504,2025-09-30 10:56:59.503845
0.163717607087905,0.23339343739354973,2025-09-30 10:56:59.503845
0.1784496060593615,0.3955155318602964,2025-09-30 10:56:59.503845
0.17137961750205563,0.4355060958005158,2025-09-30 10:56:59.503845
0.17013484617637054,0.2366609968338777,2025-09-30 10:56:59.503845
0.194088541488619,0.30672671384183986,2025-09-30 10:56:59.503845
0.20229832251051358,0.3737158503003621,2025-09-30 10:56:59.503845
0.20339709481537355,0.32288324030208837,2025-09-30 10:56:59.503845
0.18238170590905298,0.4795494265275849,2025-09-30 10:56:59.503845
0.16628006863022513,0.3910513707909757,2025-09-30 10:56:59.503845
0.16087556421900867,0.2144633274460795,2025-09-30 10:56:59.503845
0.1838085818967127,0.3183247675203476,2025-09-30 10:56:59.503845
0.1678809641035579,0.41622759588611324,2025-09-30 10:56:59.503845
0.14754220281393915,0.36230900413790945,2025-09-30 10:56:59.503845
0.14629326485887928,0.315749719038666,2025-09-30 10:56:59.503845
0.17273834385392162,0.284309198331997,2025-09-30 10:56:59.503845
0.15386504165710493,0.34991325304357945,2025-09-30 10:56:59.503845
0.1620912884736801,0.41098475142325347,2025-09-30 10:56:59.503845
0.17588437297569,0.3660608342602533,2025-09-30 10:56:59.503845
0.16670038329053685,0.3816051737337559,2025-09-30 10:56:59.503845
0.19197695306597462,0.359839885090012,2025-09-30 10:56:59.503845
0.17669122175314947,0.3950516960700084,2025-09-30 10:56:59.503845
0.1676197016617652,0.3848877544278601,2025-09-30 10:56:59.503845
0.17951165755219997,0.3251825545064154,2025-09-30 10:56:59.503845
0.18322808278253366,0.3648421036980153,2025-09-30 10:56:59.503845
0.18641681377226724,0.21579619177288378,2025-09-30 10:56:59.503845
0.19386472138857483,0.3693551452195048,2025-09-30 10:56:59.503845
0.1952479028075172,0.3194455200237986,2025-09-30 10:56:59.503845
0.17247136751269096,0.4164506462445799,2025-09-30 10:56:59.503845
0.22138982410110758,0.37701600273588826,2025-09-30 10:56:59.503845
0.17842697180625003,0.38067970901401355,2025-09-30 10:56:59.503845
0.20991433781085966,0.40416351365722464,2025-09-30 10:56:59.503845
0.19667845997703262,0.31050976901611255,2025-09-30 10:56:59.503845
0.1814995902113093,0.2537478042285278,2025-09-30 10:56:59.503845
0.18343205036050164,0.4240129064409093,2025-09-30 10:56:59.503845
0.1887925607127839,0.2630101239957362,2025-09-30 10:56:59.503845
0.18359450258814178,0.3730991780776597,2025-09-30 10:56:59.503845
0.18034244501790636,0.2941159722005939,2025-09-30 10:56:59.503845
0.19132375583940753,0.2631722649988794,2025-09-30 10:56:59.503845
0.16764869325123072,0.3177063464685094,2025-09-30 10:56:59.503845
0.18817985850313296,0.29410148481516946,2025-09-30 10:56:59.503845
0.17874417938828463,0.28628476418357285,2025-09-30 10:56:59.503845
0.16871827936644196,0.24503010812249776,2025-09-30 10:56:59.503845
0.14879878447590184,0.27187879656426905,2025-09-30 10:56:59.503845
0.16966707390659086,0.4236509451322055,2025-09-30 10:56:59.503845
0.20342443254848458,0.4701162425343589,2025-09-30 10:56:59.503845
0.15859340287316662,0.33096525191394,2025-09-30 10:56:59.503845
0.19338024088442018,0.29030613799366933,2025-09-30 10:56:59.503845
0.19709744963282272,0.35234819709561643,2025-09-30 10:56:59.503845
0.1817596591900207,0.2906028053541315,2025-09-30 10:56:59.503845
0.1592080887164896,0.4375417061645083,2025-09-30 10:56:59.503845
0.20303700320058354,0.40286652425619807,2025-09-30 10:56:59.503845
0.1645473709494335,0.4037897970841465,2025-09-30 10:56:59.503845
0.18405273841444228,0.2734233665375647,2025-09-30 10:56:59.503845
0.17197201114467542,0.333146990823628,2025-09-30 10:56:59.503845
0.17693166161695278,0.3114161699219318,2025-09-30 10:56:59.503845
0.18454777419303084,0.3420061199855874,2025-09-30 10:56:59.503845
0.21339397061081117,0.39191923597472356,2025-09-30 10:56:59.503845
0.2034958843683803,0.40110498455001803,2025-09-30 10:56:59.503845
0.1771749871706596,0.3797686038365757,2025-09-30 10:56:59.503845
0.16445419078090073,0.36901281320685225,2025-09-30 10:56:59.503845
0.1872400791353836,0.3680609550211109,2025-09-30 10:56:59.503845
0.18566270996252238,0.32290170789917483,2025-09-30 10:56:59.503845
0.18376816156124917,0.3866083591700052,2025-09-30 10:56:59.503845
0.18290794719177167,0.3000278450771109,2025-09-30 10:56:59.503845
0.18982771041307228,0.31226887277244375,2025-09-30 10:56:59.503845
0.1936625284454783,0.4105034656092646,2025-09-30 10:56:59.503845
0.19952626873691093,0.27309070809750513,2025-09-30 10:56:59.503845
0.19022535181093178,0.18519037163216867,2025-09-30 10:56:59.503845
0.1948595856643931,0.3914107515169356,2025-09-30 10:56:59.503845
0.17878319480950336,0.3012187618425965,2025-09-30 10:56:59.503845
0.16307681670917681,0.33356205786090654,2025-09-30 10:56:59.503845
0.1833912891272576,0.3880775259360527,2025-09-30 10:56:59.503845
0.2122574103992816,0.42223061701921216,2025-09-30 10:56:59.503845
0.18646562713685344,0.3316475615243612,2025-09-30 10:56:59.503845
0.21353086356001913,0.2774291912048063,2025-09-30 10:56:59.503845
0.18099498603053432,0.2890379839585411,2025-09-30 10:56:59.503845
0.1671754609305094,0.30635182465730654,2025-09-30 10:56:59.503845
0.18895637606048885,0.16714562845249983,2025-09-30 10:56:59.503845
0.19594568254289124,0.24435344659784736,2025-09-30 10:56:59.503845
0.1923178083551806,0.4139989727372072,2025-09-30 10:56:59.503845
0.18933738817813278,0.3503329037890752,2025-09-30 10:56:59.503845
0.19618141471816405,0.27502366313996196,2025-09-30 10:56:59.503845
0.1852568472906191,0.4125218125406133,2025-09-30 10:56:59.503845
0.16908415332079774,0.4503391349776171,2025-09-30 10:56:59.503845
0.17886071514738255,0.35499598208970334,2025-09-30 10:56:59.503845
0.1830580069337285,0.3595615023933422,2025-09-30 10:56:59.503845
0.16678572188917803,0.42442960464076657,2025-09-30 10:56:59.503845
0.18094420615755374,0.35227821621691113,2025-09-30 10:56:59.503845
0.18157065401842928,0.3501309695993747,2025-09-30 10:56:59.503845
0.20174483344001298,0.46156450819467165,2025-09-30 10:56:59.503845
0.19193251994618826,0.36757387631622174,2025-09-30 10:56:59.503845
0.17294483461301766,0.3191463131276322,2025-09-30 10:56:59.503845
0.1962516151822741,0.42996974644781316,2025-09-30 10:56:59.503845
0.18400803830126675,0.261522565604037,2025-09-30 10:56:59.503845
0.19265049384205943,0.33035510082305686,2025-09-30 10:56:59.503845
0.18374234806881712,0.4930793599883417,2025-09-30 10:56:59.503845
0.17112833869688843,0.2818014088406381,2025-09-30 10:56:59.503845
0.1840871681542322,0.17019813537217113,2025-09-30 10:56:59.503845
0.21858971828343643,0.27154360937394784,2025-09-30 10:56:59.503845
0.16839041014841244,0.3719403045658727,2025-09-30 10:56:59.503845
0.19641215498351106,0.3254219699245064,2025-09-30 10:56:59.503845
0.20604483258443576,0.31332507903636553,2025-09-30 10:56:59.503845
0.16313822512514142,0.1327843975841517,2025-09-30 10:56:59.503845
0.17390303796804016,0.4960170551725396,2025-09-30 10:56:59.503845
0.2105267758571679,0.3189081945423781,2025-09-30 10:56:59.503845
0.1784042777583973,0.4189576640601028,2025-09-30 10:56:59.503845
0.17319469595990444,0.16666815228851886,2025-09-30 10:56:59.503845
0.20163017098541608,0.3307938095621208,2025-09-30 10:56:59.503845
0.16800418203695552,0.21774488486054722,2025-09-30 10:56:59.503845
0.18254832990930356,0.40635730517460233,2025-09-30 10:56:59.503845
0.19351572522835556,0.29179573255030034,2025-09-30 10:56:59.503845
0.17658223127358313,0.3775521860112445,2025-09-30 10:56:59.503845
0.16698403464167078,0.3273232770943655,2025-09-30 10:56:59.503845
0.17261127022513373,0.4244909241658939,2025-09-30 10:56:59.503845
0.1664866006571716,0.1771761496050565,2025-09-30 10:56:59.503845
0.1860015507966172,0.27268978774544594,2025-09-30 10:56:59.503845
0.16223968108232786,0.32609946816193247,2025-09-30 10:56:59.503845
0.19021595996849644,0.3682633952579995,2025-09-30 10:56:59.503845
0.1793242381890545,0.3690836934287035,2025-09-30 10:56:59.503845
0.17195673786428842,0.47514573728731896,2025-09-30 10:56:59.503845
0.2058795159069481,0.37249034750824794,2025-09-30 10:56:59.503845
0.18243442256346637,0.39724660287381364,2025-09-30 10:56:59.503845
0.18498713207919443,0.35662889007763016,2025-09-30 10:56:59.503845
0.18339013537010945,0.31248898460973346,2025-09-30 10:56:59.503845
0.18540615829543564,0.227194191207168,2025-09-30 10:56:59.503845
0.13821682006425354,0.38482405363534955,2025-09-30 10:56:59.503845
0.16008677057550214,0.27808161205576853,2025-09-30 10:56:59.503845
0.16396867058025488,0.31844060882669095,2025-09-30 10:56:59.503845
0.1723298978668979,0.3248359242782317,2025-09-30 10:56:59.503845
0.17319274238855997,0.37580800538285475,2025-09-30 10:56:59.503845
0.18588731096646705,0.3236114589945486,2025-09-30 10:56:59.503845
0.1660479625416592,0.30195274427119784,2025-09-30 10:56:59.503845
0.20471945282527168,0.48750055322760905,2025-09-30 10:56:59.503845
0.16423680195188686,0.28025621732622463,2025-09-30 10:56:59.503845
0.19078979898103549,0.2988916298802769,2025-09-30 10:56:59.503845
0.1701707412629542,0.32785951156413384,2025-09-30 10:56:59.503845
0.18222625765231126,0.19988459703050332,2025-09-30 10:56:59.503845
0.19501041529546578,0.27139320389854643,2025-09-30 10:56:59.503845
0.19759403901728567,0.4079995558812817,2025-09-30 10:56:59.503845
0.23192434541672724,0.30695877331440213,2025-09-30 10:56:59.503845
0.19101145507543238,0.3813045560522192,2025-09-30 10:56:59.503845
0.16914996443674227,0.3148244602907203,2025-09-30 10:56:59.503845
0.2090467166889366,0.3103554308962921,2025-09-30 10:56:59.503845
0.180358245506093,0.38779610670266823,2025-09-30 10:56:59.503845
0.15352837245844178,0.30369839148916883,2025-09-30 10:56:59.503845
0.19254365718033675,0.2789379736666807,2025-09-30 10:56:59.503845
0.1652977932796381,0.28522944048367677,2025-09-30 10:56:59.503845
0.22355889714424193,0.38243292695447945,2025-09-30 10:56:59.503845
0.1960444371452123,0.3025406630491038,2025-09-30 10:56:59.503845
0.17647855113296557,0.3822416759381804,2025-09-30 10:56:59.503845
0.19785153081480747,0.22286836795391218,2025-09-30 10:56:59.503845
0.1730133033823148,0.284481481770968,2025-09-30 10:56:59.503845
0.19700178379904182,0.30928967686953984,2025-09-30 10:56:59.503845
0.15285599907104147,0.36707728629059777,2025-09-30 10:56:59.503845
0.20689942422864532,0.23437077726087457,2025-09-30 10:56:59.503845
0.19173731535555155,0.2849760743142775,2025-09-30 10:56:59.503845
0.1778103954263571,0.4405917049978045,2025-09-30 10:56:59.503845
0.1743417071707997,0.3490535376323301,2025-09-30 10:56:59.503845
0.1727814883511503,0.3148601942480396,2025-09-30 10:56:59.503845
0.16244243968831054,0.46549043093793036,2025-09-30 10:56:59.503845
0.17545485907232805,0.43420765835105896,2025-09-30 10:56:59.503845
0.16225472555524376,0.42680271343454146,2025-09-30 10:56:59.503845
0.1995663038083066,0.4030741599366916,2025-09-30 10:56:59.503845
0.19233003003324178,0.21803764265396444,2025-09-30 10:56:59.503845
0.1723488154943093,0.3322026176398694,2025-09-30 10:56:59.503845
0.18697869295471917,0.4109167643987764,2025-09-30 10:56:59.503845
0.17669909948334928,0.3261767777573624,2025-09-30 10:56:59.503845
0.17989321483171897,0.41984739862031495,2025-09-30 10:56:59.503845
0.17403668324397006,0.45327362979199964,2025-09-30 10:56:59.503845
0.16879950013078693,0.3395386308766799,2025-09-30 10:56:59.503845
0.19188647527384983,0.40961430118710346,2025-09-30 10:56:59.503845
0.16169036775072054,0.37682139056818276,2025-09-30 10:56:59.503845
0.16653525257408416,0.3333228949425712,2025-09-30 10:56:59.503845
0.1815548120145097,0.3444048294077927,2025-09-30 10:56:59.503845
0.16617923697951908,0.26419142741509866,2025-09-30 10:56:59.503845
0.19089728776622583,0.3014688376063836,2025-09-30 10:56:59.503845
0.16108297033734814,0.5007700093915028,2025-09-30 10:56:59.503845
0.16397045534640195,0.2433490998380345,2025-09-30 10:56:59.503845
0.19131698876011716,0.4042772793346475,2025-09-30 10:56:59.503845
0.18099994043397782,0.3007478585091141,2025-09-30 10:56:59.503845
0.17053566945762158,0.37162015858598146,2025-09-30 10:56:59.503845
0.20222368281055428,0.29356704729871097,2025-09-30 10:56:59.503845
0.16669532425621097,0.28769105708544485,2025-09-30 10:56:59.503845
0.18557017548981322,0.2724853447008197,2025-09-30 10:56:59.503845
0.15164301138864641,0.33380813792396063,2025-09-30 10:56:59.503845
0.18232806314860087,0.24535569816652492,2025-09-30 10:56:59.503845
0.19180761452400116,0.44321465562020596,2025-09-30 10:56:59.503845
0.1750691490311661,0.38862578651044083,2025-09-30 10:56:59.503845
0.15815961774748316,0.42234436633945754,2025-09-30 10:56:59.503845
0.17199491653066495,0.3082688795689986,2025-09-30 10:56:59.503845
0.18721420171984418,0.49376548728316927,2025-09-30 10:56:59.503845
0.20356209752938886,0.43580436324008526,2025-09-30 10:56:59.503845
0.177661274526706,0.5212116563102682,2025-09-30 10:56:59.503845
0.18774688159151007,0.38958548628074763,2025-09-30 10:56:59.503845
0.1982043762051043,0.42439284161321383,2025-09-30 10:56:59.503845
0.21634951426868973,0.25479336508891376,2025-09-30 10:56:59.503845
0.19815553450862117,0.34557648880338354,2025-09-30 10:56:59.503845
0.20179795485835042,0.3796630189604003,2025-09-30 10:56:59.503845
0.18019442232222976,0.37556126554648495,2025-09-30 10:56:59.503845
0.1571659895329258,0.47385342508787437,2025-09-30 10:56:59.503845
0.1829763036238844,0.3414290505723296,2025-09-30 10:56:59.503845
0.17167234239829468,0.3459818740035253,2025-09-30 10:56:59.503845
0.17929343562575883,0.2590107334293458,2025-09-30 10:56:59.503845
0.178775509916916,0.16230468277184726,2025-09-30 10:56:59.503845
0.16826552197637842,0.47497376504368605,2025-09-30 10:56:59.503845
0.15454313460756477,0.4074428576942786,2025-09-30 10:56:59.503845
0.18074759997854598,0.3339085723483234,2025-09-30 10:56:59.503845
0.18753524478653805,0.25275797966867486,2025-09-30 10:56:59.503845
0.18074139656340232,0.24612264535268563,2025-09-30 10:56:59.503845
0.1864042571153322,0.21004578995681505,2025-09-30 10:56:59.503845
0.1816280034748608,0.29778911274289177,2025-09-30 10:56:59.503845
0.16534687598423226,0.35931326824468224,2025-09-30 10:56:59.503845
0.15718225021006393,0.339200369124583,2025-09-30 10:56:59.503845
0.16607384633363914,0.32298834770342144,2025-09-30 10:56:59.503845
0.16905429377496312,0.33409873048613126,2025-09-30 10:56:59.503845
0.19916244886532752,0.30540529771185726,2025-09-30 10:56:59.503845
0.18613208015049837,0.3521699625816467,2025-09-30 10:56:59.503845
0.20370106351293568,0.3783485279648389,2025-09-30 10:56:59.503845
0.17595277253420272,0.4291865265251529,2025-09-30 10:56:59.503845
0.17999454581644628,0.3637078529959381,2025-09-30 10:56:59.503845
0.20483684028652152,0.28008076185031017,2025-09-30 10:56:59.503845
0.17636323957547015,0.3750914274131184,2025-09-30 10:56:59.503845
0.19804771720225176,0.24705360090685652,2025-09-30 10:56:59.503845
0.16864172604929628,0.21175313522990954,2025-09-30 10:56:59.503845
0.19905389013116612,0.43956354866127184,2025-09-30 10:56:59.503845
0.16905484163036547,0.3610018602576909,2025-09-30 10:56:59.503845
0.19104898095011347,0.27165253289756514,2025-09-30 10:56:59.503845
0.2018659858009917,0.48053980995039236,2025-09-30 10:56:59.503845
0.17494839822493066,0.3040746388179261,2025-09-30 10:56:59.503845
0.17145930025993492,0.3254399993543759,2025-09-30 10:56:59.503845
0.1810089237071677,0.32546254775600403,2025-09-30 10:56:59.503845
0.1818062434121275,0.40334424919191003,2025-09-30 10:56:59.503845
0.1781021321512562,0.4981009747596514,2025-09-30 10:56:59.503845
0.19249545292323483,0.2462560299465787,2025-09-30 10:56:59.503845
0.14188816850252098,0.4086317449022552,2025-09-30 10:56:59.503845
0.18089554181340667,0.3168733492062803,2025-09-30 10:56:59.503845
0.177990835943285,0.3379147268629941,2025-09-30 10:56:59.503845
0.19284388536799887,0.3425338665306335,2025-09-30 10:56:59.503845
0.18488378990404006,0.2943108396614383,2025-09-30 10:56:59.503845
0.16432620074128965,0.3078332036884093,2025-09-30 10:56:59.503845
0.1696774162919093,0.3437541709926373,2025-09-30 10:56:59.503845
0.1971640590114167,0.28866277203280216,2025-09-30 10:56:59.503845
0.197431618767873,0.3623393115506945,2025-09-30 10:56:59.503845
0.18076292819329082,0.3743856496496001,2025-09-30 10:56:59.503845
0.20779812079836776,0.3451292195041941,2025-09-30 10:56:59.503845
0.19076674269597807,0.3608050637209055,2025-09-30 10:56:59.503845
0.18593128251578458,0.4129890467212308,2025-09-30 10:56:59.503845
0.17487405244131998,0.3043405490068111,2025-09-30 10:56:59.503845
0.15666098755890068,0.22220045092575935,2025-09-30 10:56:59.503845
0.16291509868348344,0.2859033174812171,2025-09-30 10:56:59.503845
0.16763246826601638,0.41122489132829587,2025-09-30 10:56:59.503845
0.1613554383738058,0.3776589903107225,2025-09-30 10:56:59.503845
0.15590233180872765,0.3370591527392986,2025-09-30 10:56:59.503845
0.18851294583656436,0.3651556372157697,2025-09-30 10:56:59.503845
0.18102967773695142,0.26860812152871477,2025-09-30 10:56:59.503845
0.22127992836974902,0.3863718699873032,2025-09-30 10:56:59.503845
0.16794572856386897,0.3406441978855495,2025-09-30 10:56:59.503845
0.14776703158340923,0.44775366444895837,2025-09-30 10:56:59.503845
0.1761418922363341,0.2905722011752391,2025-09-30 10:56:59.503845
0.18217715673237458,0.3302436008803253,2025-09-30 10:56:59.503845
0.2037617831371784,0.35051615701058925,2025-09-30 10:56:59.503845
0.1849614446233096,0.2419631480806676,2025-09-30 10:56:59.503845
0.17483439553249186,0.43186344878676214,2025-09-30 10:56:59.503845
0.15504574465542473,0.2881439342380685,2025-09-30 10:56:59.503845
0.1643280297513494,0.447348210266443,2025-09-30 10:56:59.503845
0.1621818773725181,0.30371592489893995,2025-09-30 10:56:59.503845
0.18541853623651897,0.40089625559209435,2025-09-30 10:56:59.503845
0.14532793186120702,0.4132859762861264,2025-09-30 10:56:59.503845
0.17818946616986678,0.23214463067768157,2025-09-30 10:56:59.503845
0.19052573541311116,0.3317962471259795,2025-09-30 10:56:59.503845
0.181171674062415,0.35903986035788993,2025-09-30 10:56:59.503845
0.19550782599228914,0.3928018006965465,2025-09-30 10:56:59.503845
0.19291369932253896,0.35881886183161144,2025-09-30 10:56:59.503845
0.16704850098534763,0.3957506620687611,2025-09-30 10:56:59.503845
0.18297738295041802,0.36845049763912574,2025-09-30 10:56:59.503845
0.17058028632488118,0.25698867300442657,2025-09-30 10:56:59.503845
0.2046316320672631,0.2650815868420062,2025-09-30 10:56:59.503845
0.17970879544603896,0.29235131076330906,2025-09-30 10:56:59.503845
0.17815237634308545,0.38395287381415877,2025-09-30 10:56:59.503845
0.19488231152890426,0.30872163585444734,2025-09-30 10:56:59.503845
0.18085928111014588,0.36783765655694667,2025-09-30 10:56:59.503845
0.1665663791205442,0.5225595241479822,2025-09-30 10:56:59.503845
0.14852359651002675,0.39156475663712065,2025-09-30 10:56:59.503845
0.1784946202200406,0.4413855539309507,2025-09-30 10:56:59.503845
0.18513777665835945,0.3549530422413959,2025-09-30 10:56:59.503845
0.20183602837450995,0.3518199161078834,2025-09-30 10:56:59.503845
0.19119172074608115,0.2630202469314099,2025-09-30 10:56:59.503845
0.17838239074544218,0.32281402597091285,2025-09-30 10:56:59.503845
0.18802364251275214,0.32775706594815407,2025-09-30 10:56:59.503845
0.18802174683010545,0.2950228176017534,2025-09-30 10:56:59.503845
0.15769548163227617,0.3260491302142325,2025-09-30 10:56:59.503845
0.14879538303316808,0.33179142234379316,2025-09-30 10:56:59.503845
0.16539092632305943,0.29954337930063724,2025-09-30 10:56:59.503845
0.1726016239132479,0.4381912761305915,2025-09-30 10:56:59.503845
0.17636377685373586,0.41924862570924426,2025-09-30 10:56:59.503845
0.15160520146059692,0.4010488772915475,2025-09-30 10:56:59.503845
0.1978080778724583,0.22973651732435157,2025-09-30 10:56:59.503845
0.17401294930618696,0.2950521818851064,2025-09-30 10:56:59.503845
0.21375057080324314,0.10182325809762838,2025-09-30 10:56:59.503845
0.18753481125817437,0.42078441646166515,2025-09-30 10:56:59.503845
0.17571792350974405,0.34315184778022084,2025-09-30 10:56:59.503845
0.18886728404343975,0.3032853067859208,2025-09-30 10:56:59.503845
0.20217044434517642,0.13505519490900145,2025-09-30 10:56:59.503845
0.16833799617525033,0.337587691682037,2025-09-30 10:56:59.503845
0.1866393130611408,0.34807647143694354,2025-09-30 10:56:59.503845
0.19319197673620378,0.34083608245612146,2025-09-30 10:56:59.503845
0.1815518369206214,0.4310187566682285,2025-09-30 10:56:59.503845
0.18398036919833619,0.32548598470895396,2025-09-30 10:56:59.503845
0.16672623845339207,0.3818773981035711,2025-09-30 10:56:59.503845
0.179152426826466,0.40504941322736177,2025-09-30 10:56:59.503845
0.20791333128364425,0.4069458884115279,2025-09-30 10:56:59.503845
0.17555657250923276,0.24862983278766382,2025-09-30 10:56:59.503845
0.17496473764213993,0.26776102274625424,2025-09-30 10:56:59.503845
0.14173180178498587,0.37518551490925667,2025-09-30 10:56:59.503845
0.18787119141355926,0.4287784351285937,2025-09-30 10:56:59.503845
0.17306482175978197,0.4496006199053684,2025-09-30 10:56:59.503845
0.1595398316725944,0.4203600132257311,2025-09-30 10:56:59.503845
0.220948126401517,0.28217901037646165,2025-09-30 10:56:59.503845
0.17131958527045077,0.34191177114602406,2025-09-30 10:56:59.503845
0.15983387724391962,0.2637155468080664,2025-09-30 10:56:59.503845
0.14326738483435728,0.5019724005248393,2025-09-30 10:56:59.503845
0.18105297950199215,0.28519349409404837,2025-09-30 10:56:59.503845
0.17639063916174536,0.38131866651363144,2025-09-30 10:56:59.503845
0.17021615417068214,0.3557840520950546,2025-09-30 10:56:59.503845
0.1929253967476981,0.3405325091541511,2025-09-30 10:56:59.503845
0.17156398254786498,0.4016163976390121,2025-09-30 10:56:59.503845
0.1897450007396181,0.4611163559815231,2025-09-30 10:56:59.503845
0.1981892341609621,0.39127816391153275,2025-09-30 10:56:59.503845
0.17769722240542948,0.30062268351886395,2025-09-30 10:56:59.503845
0.1796466026684576,0.38470929373315765,2025-09-30 10:56:59.503845
0.20658675657419828,0.3269636442718055,2025-09-30 10:56:59.503845
0.17933386173675153,0.38767584425635415,2025-09-30 10:56:59.503845
0.19896145805292828,0.37555893288583553,2025-09-30 10:56:59.503845
0.19480244106833577,0.24525945326288634,2025-09-30 10:56:59.503845
0.17226275996788123,0.3412520587038575,2025-09-30 10:56:59.503845
0.18331313718220407,0.29408513902837163,2025-09-30 10:56:59.503845
0.16019971445542056,0.36857163919819064,2025-09-30 10:56:59.503845
0.18033858897937335,0.27277535466261166,2025-09-30 10:56:59.503845
0.15658067630887762,0.33355565038865254,2025-09-30 10:56:59.503845
0.18702864203936886,0.2721734971374391,2025-09-30 10:56:59.503845
0.20209311678235295,0.19835938019660687,2025-09-30 10:56:59.503845
0.1865691948590591,0.4729196229793672,2025-09-30 10:56:59.503845
0.18839269711492948,0.337409915466529,2025-09-30 10:56:59.503845
0.18271361798878485,0.2461247052385912,2025-09-30 10:56:59.503845
0.1687287049425166,0.3801288249325699,2025-09-30 10:56:59.503845
0.167943609319799,0.34701170414284316,2025-09-30 10:56:59.503845
0.19686986614535829,0.26210821212382285,2025-09-30 10:56:59.503845
0.2216529613742403,0.48610932663938244,2025-09-30 10:56:59.503845
0.18817364443436366,0.07459798942663232,2025-09-30 10:56:59.503845
0.22334705890191298,0.32827218241771955,2025-09-30 10:56:59.503845
0.17216671413747947,0.30861894970999476,2025-09-30 10:56:59.503845
0.1621119791261528,0.37264559093474775,2025-09-30 10:56:59.503845
0.16025938172052712,0.19139165576063472,2025-09-30 10:56:59.503845
0.2001954754273136,0.3382203677626764,2025-09-30 10:56:59.503845
0.15905516355548335,0.3287310509839222,2025-09-30 10:56:59.503845
0.1825856611118242,0.3548130679274659,2025-09-30 10:56:59.503845
0.1602679283287825,0.2943717737323876,2025-09-30 10:56:59.503845
0.1727045228448147,0.25153565592033367,2025-09-30 10:56:59.503845
0.19143297456736222,0.3159768243791562,2025-09-30 10:56:59.503845
0.14063105622411343,0.2755012666837351,2025-09-30 10:56:59.503845
0.17173904629536504,0.3514190514976038,2025-09-30 10:56:59.503845
0.1688379436449302,0.3226786497911033,2025-09-30 10:56:59.503845
0.1845690424541755,0.4252087722734367,2025-09-30 10:56:59.503845
0.1696443040605371,0.33347922396695734,2025-09-30 10:56:59.503845
0.18052432760197373,0.2653496713044775,2025-09-30 10:56:59.503845
0.16030262724794225,0.30155948120389625,2025-09-30 10:56:59.503845
0.175566450441008,0.3785478182187697,2025-09-30 10:56:59.503845
0.18113291016375963,0.40798636644393593,2025-09-30 10:56:59.503845
0.16847389998569345,0.25875768362967866,2025-09-30 10:56:59.503845
0.1645837280509136,0.19563360698333612,2025-09-30 10:56:59.503845
0.16822880874863733,0.27793677381863435,2025-09-30 10:56:59.503845
0.17302707908323822,0.34035367720101517,2025-09-30 10:56:59.503845
0.18912373446935196,0.4252892670303565,2025-09-30 10:56:59.503845
0.168926308573222,0.43387275019330285,2025-09-30 10:56:59.503845
0.20811570921564104,0.34367165087959933,2025-09-30 10:56:59.503845
0.16311354085544438,0.3052466784081309,2025-09-30 10:56:59.503845
0.17370252314405754,0.36454772614748576,2025-09-30 10:56:59.503845
0.1684866845353107,0.39170312704538024,2025-09-30 10:56:59.503845
0.1760971203160601,0.3740516054135455,2025-09-30 10:56:59.503845
0.15471931100243502,0.3124187405491623,2025-09-30 10:56:59.503845
