potencia_data,spindle_entrada_data,timestamp
0.08874404230126647,14.582786381165981,2025-09-30 10:56:59.503845
-0.33450859527978294,14.113732787088416,2025-09-30 10:56:59.503845
-0.2963817406395357,14.463872826478365,2025-09-30 10:56:59.503845
-0.3960691837830041,14.754387444802287,2025-09-30 10:56:59.503845
0.5967412825135853,13.670846789262129,2025-09-30 10:56:59.503845
0.951119095037889,14.724970189654307,2025-09-30 10:56:59.503845
-0.2751392497991961,14.843567443517355,2025-09-30 10:56:59.503845
-0.48246148221781826,14.978286978207217,2025-09-30 10:56:59.503845
-1.3892664680593805,14.63551446768618,2025-09-30 10:56:59.503845
0.7422335896558997,14.94066862120354,2025-09-30 10:56:59.503845
-0.26628370578441335,14.253945911511343,2025-09-30 10:56:59.503845
-0.11997736404423068,14.369897655701555,2025-09-30 10:56:59.503845
-0.5942505269958975,14.231445503566835,2025-09-30 10:56:59.503845
-0.6749641890018202,14.139286573530299,2025-09-30 10:56:59.503845
-0.47503817056125636,14.815113109039979,2025-09-30 10:56:59.503845
-1.0727687533561168,14.966454511629124,2025-09-30 10:56:59.503845
-0.43324596983525265,14.457543416846613,2025-09-30 10:56:59.503845
0.6382634557966842,14.32319546244344,2025-09-30 10:56:59.503845
-1.0094630713394177,14.007079939396204,2025-09-30 10:56:59.503845
1.0080629257136957,14.553670401783902,2025-09-30 10:56:59.503845
-2.467137321202324,13.94331872030355,2025-09-30 10:56:59.503845
0.510758016065532,14.79247257697442,2025-09-30 10:56:59.503845
1.4143315855389347,14.84044031595283,2025-09-30 10:56:59.503845
-1.8396358399405766,13.861059263662012,2025-09-30 10:56:59.503845
-1.8913624828744724,13.918239934047003,2025-09-30 10:56:59.503845
1.7720475915942175,13.652155953176766,2025-09-30 10:56:59.503845
-0.4587740985245814,14.544276464787941,2025-09-30 10:56:59.503845
-0.5069126738472955,14.2494486183461,2025-09-30 10:56:59.503845
0.6414780184544748,14.35819672065618,2025-09-30 10:56:59.503845
-0.7405046158147094,15.229119775192405,2025-09-30 10:56:59.503845
-0.8165725787911462,14.349794087616997,2025-09-30 10:56:59.503845
0.08376740840515556,15.051109207743167,2025-09-30 10:56:59.503845
-0.3251167533241686,15.242428161226108,2025-09-30 10:56:59.503845
0.8033938664809565,14.562820794560587,2025-09-30 10:56:59.503845
-0.14679494211748717,14.480495455798087,2025-09-30 10:56:59.503845
0.18995904566501104,14.801002130394819,2025-09-30 10:56:59.503845
0.484738040014209,14.376346383708036,2025-09-30 10:56:59.503845
-0.10510988322114888,15.097196515277087,2025-09-30 10:56:59.503845
0.5705791748138874,15.323089985711933,2025-09-30 10:56:59.503845
0.7094660120753306,14.621120181775888,2025-09-30 10:56:59.503845
-0.6722531485715922,14.808201361695613,2025-09-30 10:56:59.503845
-0.6070534282195525,14.635947220553724,2025-09-30 10:56:59.503845
-0.18717054752652276,13.905633712258163,2025-09-30 10:56:59.503845
-0.9929492479976115,15.078659098782293,2025-09-30 10:56:59.503845
0.5299877559809941,14.96311197420684,2025-09-30 10:56:59.503845
-1.5228011263858672,15.08900100160672,2025-09-30 10:56:59.503845
-0.9151451564901663,14.465282955746634,2025-09-30 10:56:59.503845
-0.4736529192006995,14.631472697912066,2025-09-30 10:56:59.503845
-0.200253128582428,14.697629477914624,2025-09-30 10:56:59.503845
-0.053522367194960174,14.142929185190754,2025-09-30 10:56:59.503845
0.31051429439141914,14.669814271098403,2025-09-30 10:56:59.503845
0.8666742338421113,15.220756611705243,2025-09-30 10:56:59.503845
0.13832963262676032,15.09591605186812,2025-09-30 10:56:59.503845
0.4137369891713404,15.008094276555491,2025-09-30 10:56:59.503845
-0.13381201931514097,14.259931307240912,2025-09-30 10:56:59.503845
-1.4334024552711786,14.78213075709702,2025-09-30 10:56:59.503845
0.7073932570490777,14.496309744154479,2025-09-30 10:56:59.503845
-0.06215660326145582,14.695260772579442,2025-09-30 10:56:59.503845
0.5787071451239613,14.533601678718291,2025-09-30 10:56:59.503845
-0.1599445646481407,15.006178318343105,2025-09-30 10:56:59.503845
-0.6126575716971615,14.833236798597992,2025-09-30 10:56:59.503845
0.03756990962354349,14.396662430810439,2025-09-30 10:56:59.503845
-0.2528890387052473,13.889270036653082,2025-09-30 10:56:59.503845
0.3611115247061282,15.983213099768976,2025-09-30 10:56:59.503845
-0.8821423575397851,14.075042083526446,2025-09-30 10:56:59.503845
-1.2991034548426112,14.450317004167854,2025-09-30 10:56:59.503845
-0.1734829570435137,15.442691959010368,2025-09-30 10:56:59.503845
-1.396416284762905,15.30365289279734,2025-09-30 10:56:59.503845
1.0157793460586353,14.343024810396411,2025-09-30 10:56:59.503845
-1.4700398368028993,15.355454630438954,2025-09-30 10:56:59.503845
1.4606205927665203,14.901687217851556,2025-09-30 10:56:59.503845
-0.03303324192634756,14.480153064264684,2025-09-30 10:56:59.503845
-0.22610816585937846,14.625661721588589,2025-09-30 10:56:59.503845
-0.027373511553372382,15.03921982024577,2025-09-30 10:56:59.503845
0.184330815896667,14.163025461806225,2025-09-30 10:56:59.503845
0.6423689316771114,14.938249907116326,2025-09-30 10:56:59.503845
-0.1320206880192441,15.266715666565815,2025-09-30 10:56:59.503845
0.2023428792580793,15.083558649270294,2025-09-30 10:56:59.503845
-1.6015727888384763,14.99844956717381,2025-09-30 10:56:59.503845
-0.8774491953065259,14.314977526500515,2025-09-30 10:56:59.503845
-0.6224326141473221,14.571740482306517,2025-09-30 10:56:59.503845
-1.1749521218507337,14.426457385151767,2025-09-30 10:56:59.503845
-0.5132576644933905,14.779186371759158,2025-09-30 10:56:59.503845
2.3860922786451164,14.521511637177973,2025-09-30 10:56:59.503845
2.2131355440193525,13.82607219057597,2025-09-30 10:56:59.503845
-1.4650403696129797,14.809600324904848,2025-09-30 10:56:59.503845
0.6403961373832416,14.745323773874583,2025-09-30 10:56:59.503845
-0.8620154764090104,14.72826501525383,2025-09-30 10:56:59.503845
-1.5675079838165684,14.849825889285952,2025-09-30 10:56:59.503845
-0.2373297442975373,14.616028914766087,2025-09-30 10:56:59.503845
0.7427417265418796,14.710232888294486,2025-09-30 10:56:59.503845
-1.3138417862034713,14.714724903613806,2025-09-30 10:56:59.503845
-1.4388946775163107,14.438934780489845,2025-09-30 10:56:59.503845
1.5603740563882618,15.30648557410727,2025-09-30 10:56:59.503845
-0.31881849925919725,15.005554457327642,2025-09-30 10:56:59.503845
2.9560351631191253,14.538213721055113,2025-09-30 10:56:59.503845
-0.4374091780452557,14.928075580625322,2025-09-30 10:56:59.503845
-0.32666140559427004,14.739940146677235,2025-09-30 10:56:59.503845
-0.7586972541947713,13.75459087426675,2025-09-30 10:56:59.503845
-1.1315069997233913,15.019727952192852,2025-09-30 10:56:59.503845
-0.939486411314582,15.362895321470717,2025-09-30 10:56:59.503845
0.08359838810204694,15.502546233225166,2025-09-30 10:56:59.503845
0.20464432078274916,14.969885158225418,2025-09-30 10:56:59.503845
-0.26104692285077874,15.264528441516244,2025-09-30 10:56:59.503845
0.44375580508845897,14.307347227100141,2025-09-30 10:56:59.503845
0.6111431826584037,14.862349061720494,2025-09-30 10:56:59.503845
-0.08141734664338382,14.49448648041884,2025-09-30 10:56:59.503845
-1.0767637148684337,15.369180311350148,2025-09-30 10:56:59.503845
0.22101313885914362,14.357683483875531,2025-09-30 10:56:59.503845
-0.056269326990938,15.103799058307573,2025-09-30 10:56:59.503845
-1.48250745638204,14.983810066191992,2025-09-30 10:56:59.503845
1.9762822898349868,14.788688553578673,2025-09-30 10:56:59.503845
0.008855661174188787,15.188635125725506,2025-09-30 10:56:59.503845
-0.3871734086404269,15.332246361695603,2025-09-30 10:56:59.503845
1.0425809787988651,14.523479485491936,2025-09-30 10:56:59.503845
0.6727787658945078,15.493864115670348,2025-09-30 10:56:59.503845
-0.011984990521199897,15.116927620757401,2025-09-30 10:56:59.503845
-1.7960293251608594,14.868825708183309,2025-09-30 10:56:59.503845
0.8492240566507088,15.325458859199315,2025-09-30 10:56:59.503845
2.3122472283580917,14.647484277578341,2025-09-30 10:56:59.503845
2.635963302758426,14.477353766143672,2025-09-30 10:56:59.503845
-0.645224744827747,15.216792009041098,2025-09-30 10:56:59.503845
1.6804471529679073,14.662830955706054,2025-09-30 10:56:59.503845
0.0979416554887011,14.12050796972936,2025-09-30 10:56:59.503845
0.48004664932378155,14.07098999175536,2025-09-30 10:56:59.503845
-1.4537123556675733,14.60500311654182,2025-09-30 10:56:59.503845
1.1480625524472834,14.226069075778112,2025-09-30 10:56:59.503845
-0.3203557670615061,15.404715262882545,2025-09-30 10:56:59.503845
0.5277501222329529,14.705897289086195,2025-09-30 10:56:59.503845
-0.222574595209156,14.6843939460193,2025-09-30 10:56:59.503845
0.49138891907193827,14.56508892105309,2025-09-30 10:56:59.503845
-1.0351629133512932,15.261583602396176,2025-09-30 10:56:59.503845
1.6740595789919737,14.500511518821785,2025-09-30 10:56:59.503845
-1.3512461817347658,14.026633553720238,2025-09-30 10:56:59.503845
1.7455673239580236,15.33084085429608,2025-09-30 10:56:59.503845
0.6778907906803104,13.416381089400844,2025-09-30 10:56:59.503845
0.5261300956369296,15.01858614604156,2025-09-30 10:56:59.503845
-0.02781265611329649,14.773039556875489,2025-09-30 10:56:59.503845
-0.835934736842554,14.154988724480978,2025-09-30 10:56:59.503845
-0.5645526968464714,15.086148421385452,2025-09-30 10:56:59.503845
0.7896556876474043,14.942793661114443,2025-09-30 10:56:59.503845
-0.19950488173162279,15.147743386209504,2025-09-30 10:56:59.503845
-0.8649448260306789,15.531312127109805,2025-09-30 10:56:59.503845
1.580558090984361,14.293757226452271,2025-09-30 10:56:59.503845
0.04386638859755306,14.331112001295192,2025-09-30 10:56:59.503845
0.6567219135839506,15.164364455443176,2025-09-30 10:56:59.503845
-1.3888341614776882,15.287589156931954,2025-09-30 10:56:59.503845
1.3133477219117315,14.167531650546838,2025-09-30 10:56:59.503845
-0.8844121961642437,14.52871163058859,2025-09-30 10:56:59.503845
-1.360898956438061,15.015702052608878,2025-09-30 10:56:59.503845
-0.09993528003255862,14.45784020762934,2025-09-30 10:56:59.503845
-0.45184375212319305,14.620428049104971,2025-09-30 10:56:59.503845
-0.39574769402692206,15.096845880703768,2025-09-30 10:56:59.503845
-0.669085624388881,14.209666626959969,2025-09-30 10:56:59.503845
0.8584357362459865,15.32252190374782,2025-09-30 10:56:59.503845
1.7754492011055916,14.174001495505726,2025-09-30 10:56:59.503845
0.34050817618579726,14.796090218515374,2025-09-30 10:56:59.503845
0.6726618515264741,14.795793019485895,2025-09-30 10:56:59.503845
-0.8261721132204505,14.403957058576646,2025-09-30 10:56:59.503845
0.7151237258676981,14.623396578501824,2025-09-30 10:56:59.503845
1.5540581956976238,15.53962715860727,2025-09-30 10:56:59.503845
1.534956035191397,15.02151032912615,2025-09-30 10:56:59.503845
1.005424278158544,14.000015324046752,2025-09-30 10:56:59.503845
0.03522429849951647,14.910559017258603,2025-09-30 10:56:59.503845
-0.4315392976448792,14.62053419242329,2025-09-30 10:56:59.503845
0.7003382008837448,15.207055277497249,2025-09-30 10:56:59.503845
-1.5689900957460812,14.61257289757086,2025-09-30 10:56:59.503845
-0.752807108052188,14.821501989405526,2025-09-30 10:56:59.503845
0.6885915241551289,14.656090088988547,2025-09-30 10:56:59.503845
0.06707892134570805,14.471371834703628,2025-09-30 10:56:59.503845
0.7790003137264306,15.380676059795215,2025-09-30 10:56:59.503845
-1.9308842526508,15.581761494118293,2025-09-30 10:56:59.503845
-1.72744808009013,14.63214072267345,2025-09-30 10:56:59.503845
-0.3521323305086546,13.763461600780182,2025-09-30 10:56:59.503845
0.48997322060485143,15.259393922875235,2025-09-30 10:56:59.503845
0.28877450300533714,14.999227450118992,2025-09-30 10:56:59.503845
1.222603615404799,14.480475227047629,2025-09-30 10:56:59.503845
-1.4112472401949836,14.402292893907475,2025-09-30 10:56:59.503845
1.5356170288187725,14.858796500386779,2025-09-30 10:56:59.503845
-0.8808234279747371,14.818733408528484,2025-09-30 10:56:59.503845
2.255908548569042,14.912188118638307,2025-09-30 10:56:59.503845
-0.017412303317504367,14.912728686790574,2025-09-30 10:56:59.503845
0.9196975952951563,14.558635947769488,2025-09-30 10:56:59.503845
0.42412150450356656,14.502689377137143,2025-09-30 10:56:59.503845
-1.5200543687690256,14.393267033225477,2025-09-30 10:56:59.503845
-0.6476054640251148,14.17428479707511,2025-09-30 10:56:59.503845
0.2684290037582583,14.965031509430824,2025-09-30 10:56:59.503845
1.4431156507582816,14.245763210894719,2025-09-30 10:56:59.503845
3.3322251761764137,14.790455598585877,2025-09-30 10:56:59.503845
0.3023566527929883,15.329273049186018,2025-09-30 10:56:59.503845
-0.4211079744274946,14.80652614752642,2025-09-30 10:56:59.503845
-1.2819263827802225,14.814947274998918,2025-09-30 10:56:59.503845
-0.2545124331225521,14.46241817033629,2025-09-30 10:56:59.503845
-0.6821256794995374,14.996946327048107,2025-09-30 10:56:59.503845
-0.5100020740239054,15.461163779018378,2025-09-30 10:56:59.503845
1.054466766599686,14.58227230234962,2025-09-30 10:56:59.503845
-0.27992957094594006,15.256052159873509,2025-09-30 10:56:59.503845
0.5501905175308037,14.144147203482271,2025-09-30 10:56:59.503845
-0.5025731164153596,15.135357888667324,2025-09-30 10:56:59.503845
-1.3953647493855532,15.510326919194764,2025-09-30 10:56:59.503845
0.46037486565065067,15.175125521937199,2025-09-30 10:56:59.503845
-1.1491378648731216,13.810084503283283,2025-09-30 10:56:59.503845
0.1173156676808974,15.188128796105767,2025-09-30 10:56:59.503845
-0.08268290039456493,15.018688913549616,2025-09-30 10:56:59.503845
0.7560677542489761,14.756408016132028,2025-09-30 10:56:59.503845
-0.05493448429568499,14.967069302014236,2025-09-30 10:56:59.503845
1.8237346337258198,14.553626060736411,2025-09-30 10:56:59.503845
0.30099994569799243,14.432111005709203,2025-09-30 10:56:59.503845
0.7531963472919398,14.156195240652048,2025-09-30 10:56:59.503845
-0.26088447345301924,14.280130388130646,2025-09-30 10:56:59.503845
-0.3930372946635319,14.912667273812993,2025-09-30 10:56:59.503845
0.02023916467849904,13.744517398076693,2025-09-30 10:56:59.503845
0.9911114888793235,14.901812830937466,2025-09-30 10:56:59.503845
-0.26413160636965705,14.02010043508362,2025-09-30 10:56:59.503845
0.8353749518140339,14.655443336575347,2025-09-30 10:56:59.503845
-0.07173349284783453,14.95833233881607,2025-09-30 10:56:59.503845
-1.1771134019739555,14.986340528348668,2025-09-30 10:56:59.503845
-1.008060745872619,14.171826275523738,2025-09-30 10:56:59.503845
0.7996325097701115,14.215808256098338,2025-09-30 10:56:59.503845
0.2644302913950871,15.485549447860892,2025-09-30 10:56:59.503845
0.2510025604551458,14.979497711514401,2025-09-30 10:56:59.503845
0.26111023752802764,15.373650294737697,2025-09-30 10:56:59.503845
-0.086209049623633,14.390353635053284,2025-09-30 10:56:59.503845
0.3290116911554446,15.059937389772882,2025-09-30 10:56:59.503845
-0.27079008902796825,14.873103434204474,2025-09-30 10:56:59.503845
-0.3691549537228486,14.819277253463564,2025-09-30 10:56:59.503845
0.531247660203792,14.604017048188235,2025-09-30 10:56:59.503845
-0.7334491738918871,14.511841036768645,2025-09-30 10:56:59.503845
0.14176090611410497,14.793756468114085,2025-09-30 10:56:59.503845
-0.051384723125419016,15.149827775083601,2025-09-30 10:56:59.503845
0.042334355841232914,15.093036165008622,2025-09-30 10:56:59.503845
-0.5433980078936002,14.75679359822795,2025-09-30 10:56:59.503845
-1.0776194443410223,15.1810350900827,2025-09-30 10:56:59.503845
0.44778839240958374,14.512475300704315,2025-09-30 10:56:59.503845
-2.53927343254539,15.131623855701623,2025-09-30 10:56:59.503845
1.0699000366544025,14.797650339118146,2025-09-30 10:56:59.503845
0.2573502303062306,14.494679444423731,2025-09-30 10:56:59.503845
-0.7485140200217868,14.948534516837956,2025-09-30 10:56:59.503845
1.5382706088255462,14.704303042442408,2025-09-30 10:56:59.503845
-2.0780128877373483,14.289388740802831,2025-09-30 10:56:59.503845
0.6190093802669006,14.710455025810413,2025-09-30 10:56:59.503845
0.20588758453999495,15.019230908625499,2025-09-30 10:56:59.503845
-0.6467782635180376,13.990643272937229,2025-09-30 10:56:59.503845
-1.8569168592901906,15.076951469212732,2025-09-30 10:56:59.503845
-0.5935504623504649,15.008208222951106,2025-09-30 10:56:59.503845
-0.7674588735184207,14.672793798480894,2025-09-30 10:56:59.503845
-1.2730073692003865,14.762768271717675,2025-09-30 10:56:59.503845
-0.3313627546434901,14.931116516785737,2025-09-30 10:56:59.503845
-1.25464367873328,15.344790083730631,2025-09-30 10:56:59.503845
0.19991104995505507,14.739145622802303,2025-09-30 10:56:59.503845
-0.3457528578760776,14.32730872596161,2025-09-30 10:56:59.503845
-2.1989497348627554,14.242470840273407,2025-09-30 10:56:59.503845
0.21273611850112195,14.898024906658376,2025-09-30 10:56:59.503845
0.7151312480253899,14.189335965790358,2025-09-30 10:56:59.503845
-0.3616940547081393,15.511579364305108,2025-09-30 10:56:59.503845
-0.16034876470837928,14.22343049384952,2025-09-30 10:56:59.503845
-0.9448289577516961,14.65464526959309,2025-09-30 10:56:59.503845
0.7508166227365823,13.77267061069703,2025-09-30 10:56:59.503845
-0.25897042160909645,15.428211106422,2025-09-30 10:56:59.503845
0.8888043261325513,14.622158526277499,2025-09-30 10:56:59.503845
-1.1311624106702218,14.65953102245762,2025-09-30 10:56:59.503845
1.2066887215296302,15.119533992274107,2025-09-30 10:56:59.503845
-0.9994079512851076,14.90079033445151,2025-09-30 10:56:59.503845
0.18363912074045005,14.781974330029009,2025-09-30 10:56:59.503845
1.0435248004775743,14.51064460922678,2025-09-30 10:56:59.503845
-2.2245753286933705,14.446131042371599,2025-09-30 10:56:59.503845
0.0407668260554661,13.967739077688341,2025-09-30 10:56:59.503845
-0.9903291187552882,13.506950158057323,2025-09-30 10:56:59.503845
0.39244080989433633,15.359721831123874,2025-09-30 10:56:59.503845
0.9264840931021291,14.470266896875714,2025-09-30 10:56:59.503845
-0.7194890431646339,15.371309346229422,2025-09-30 10:56:59.503845
0.6972353512929824,14.644688594931399,2025-09-30 10:56:59.503845
0.21960715868075179,13.651649106668359,2025-09-30 10:56:59.503845
0.20967325032932274,14.642441609158514,2025-09-30 10:56:59.503845
-0.9902271400160697,14.325172141181408,2025-09-30 10:56:59.503845
0.9052360435884821,14.984566137919083,2025-09-30 10:56:59.503845
0.7353170247770069,14.115296666923681,2025-09-30 10:56:59.503845
0.555796394140969,14.774145233431108,2025-09-30 10:56:59.503845
0.7088758615890323,15.929443368820287,2025-09-30 10:56:59.503845
0.33141411147576627,15.007814112424983,2025-09-30 10:56:59.503845
0.8430086280091735,15.128857242018452,2025-09-30 10:56:59.503845
-0.866196890284668,15.258799396228854,2025-09-30 10:56:59.503845
0.10015771886437479,14.340130974258873,2025-09-30 10:56:59.503845
-0.4870921733234285,14.921175108126972,2025-09-30 10:56:59.503845
0.3531999055171107,15.020927942758162,2025-09-30 10:56:59.503845
0.17770264635090982,15.104575503882693,2025-09-30 10:56:59.503845
-0.26140793813675284,14.956149582716876,2025-09-30 10:56:59.503845
-1.068430265447424,15.243609825773003,2025-09-30 10:56:59.503845
1.248051477769445,14.883382250392133,2025-09-30 10:56:59.503845
0.9018535164701973,15.19759301019307,2025-09-30 10:56:59.503845
-1.1075731665723336,14.102524841887325,2025-09-30 10:56:59.503845
-0.3867522318089815,15.38518243679797,2025-09-30 10:56:59.503845
0.7521741560935944,14.862575781264534,2025-09-30 10:56:59.503845
0.3101941689346097,14.955080154431922,2025-09-30 10:56:59.503845
1.0185083888300577,14.692242324335155,2025-09-30 10:56:59.503845
-0.5043969290875622,14.021174926934226,2025-09-30 10:56:59.503845
2.1790027311075333,14.574033538382452,2025-09-30 10:56:59.503845
-1.744434184735718,14.343318391764866,2025-09-30 10:56:59.503845
-2.3651410045433514,14.897828628871043,2025-09-30 10:56:59.503845
-0.4123784477944786,15.069118206279303,2025-09-30 10:56:59.503845
0.15867053200223277,14.329064084600942,2025-09-30 10:56:59.503845
1.2226371346762865,14.456394281722794,2025-09-30 10:56:59.503845
-1.5967996690575006,15.090478890145553,2025-09-30 10:56:59.503845
0.9129137949802507,15.158005629335161,2025-09-30 10:56:59.503845
0.9882538054325387,15.251111097822617,2025-09-30 10:56:59.503845
1.633386290004811,14.314717062898163,2025-09-30 10:56:59.503845
-1.9158747056813454,14.350709786816633,2025-09-30 10:56:59.503845
-0.48655735922298265,14.962803846229631,2025-09-30 10:56:59.503845
-1.259751109870672,14.550023834801555,2025-09-30 10:56:59.503845
-0.2089499021670874,14.63539391987971,2025-09-30 10:56:59.503845
0.5289990137001719,14.314245065536609,2025-09-30 10:56:59.503845
-1.2970343133657865,14.451909345124195,2025-09-30 10:56:59.503845
0.8093258053111497,14.486900223722289,2025-09-30 10:56:59.503845
0.15874002135738785,14.924957073632163,2025-09-30 10:56:59.503845
0.15459217517116708,15.130953272330396,2025-09-30 10:56:59.503845
0.33601654146387927,14.30295330443544,2025-09-30 10:56:59.503845
1.0496174380785135,15.345816402654325,2025-09-30 10:56:59.503845
-0.33350368384201406,14.1898877491624,2025-09-30 10:56:59.503845
-1.70515347765539,14.5241305467502,2025-09-30 10:56:59.503845
-1.5570541381696712,14.42633567173255,2025-09-30 10:56:59.503845
-1.9551951085557848,14.594950380254502,2025-09-30 10:56:59.503845
0.4549904253980559,13.935051716138041,2025-09-30 10:56:59.503845
0.27753805429524514,15.097437747714569,2025-09-30 10:56:59.503845
-0.3668626555724983,15.13088124755358,2025-09-30 10:56:59.503845
-0.8943242454307382,14.751949816005792,2025-09-30 10:56:59.503845
0.7962883774219629,14.612834822423425,2025-09-30 10:56:59.503845
-1.404726916306226,13.996738710375343,2025-09-30 10:56:59.503845
0.47768957527025313,14.75568665427749,2025-09-30 10:56:59.503845
0.1684312160260762,14.955040861998148,2025-09-30 10:56:59.503845
-0.4246168461486649,15.148388767817474,2025-09-30 10:56:59.503845
-1.2733006482929263,14.393109961147632,2025-09-30 10:56:59.503845
-1.5448214407917271,14.623319129537753,2025-09-30 10:56:59.503845
1.883529782030936,14.951557046471965,2025-09-30 10:56:59.503845
1.8428249283601734,15.203157740387676,2025-09-30 10:56:59.503845
-0.2049206503237962,15.735560920959431,2025-09-30 10:56:59.503845
0.4767094151017795,14.584655684753887,2025-09-30 10:56:59.503845
0.16255774774388532,15.768382006632901,2025-09-30 10:56:59.503845
-0.5096859169033668,14.09880926258325,2025-09-30 10:56:59.503845
1.734464683869589,14.467648482256855,2025-09-30 10:56:59.503845
-0.6352617085456767,14.844085375731424,2025-09-30 10:56:59.503845
0.09824162370844745,14.58503093146367,2025-09-30 10:56:59.503845
1.47973222747493,14.880933664259683,2025-09-30 10:56:59.503845
1.5330414679010134,14.686417746430923,2025-09-30 10:56:59.503845
-0.7405837682504394,14.579621025777627,2025-09-30 10:56:59.503845
1.0568060920580333,14.44963118919187,2025-09-30 10:56:59.503845
-0.047717735085748225,15.068218632471172,2025-09-30 10:56:59.503845
0.6164476139174484,14.252209128971451,2025-09-30 10:56:59.503845
-1.9857161942633894,14.713767637567907,2025-09-30 10:56:59.503845
-0.015033367453014443,15.432558230998616,2025-09-30 10:56:59.503845
-0.6105697083010466,14.941055028335688,2025-09-30 10:56:59.503845
-0.5372525064207962,14.844633430044277,2025-09-30 10:56:59.503845
0.5948221903720541,15.180728056896605,2025-09-30 10:56:59.503845
0.1296005295107754,14.451056588079734,2025-09-30 10:56:59.503845
0.27664640998068335,15.402853421462488,2025-09-30 10:56:59.503845
-1.247825987326302,14.117938656161416,2025-09-30 10:56:59.503845
-0.9222463757212892,14.437580842873485,2025-09-30 10:56:59.503845
-1.8055701854702613,15.441943845924762,2025-09-30 10:56:59.503845
2.4142832157567313,14.88503883745058,2025-09-30 10:56:59.503845
-1.174492855936216,14.738367784932697,2025-09-30 10:56:59.503845
0.9471732444684446,14.592092533602402,2025-09-30 10:56:59.503845
-0.5338895682690576,15.020586445738667,2025-09-30 10:56:59.503845
1.6156158593678738,14.783629491628128,2025-09-30 10:56:59.503845
0.02442372008100742,14.450734911586286,2025-09-30 10:56:59.503845
0.029390120062437203,14.12169039441237,2025-09-30 10:56:59.503845
-0.5071758562683221,14.915374883754787,2025-09-30 10:56:59.503845
0.5683300381623781,14.388986390767244,2025-09-30 10:56:59.503845
1.0246468430224718,15.470587881982746,2025-09-30 10:56:59.503845
1.4184008505032109,15.241419033287567,2025-09-30 10:56:59.503845
-1.2832960124761277,13.480862799981868,2025-09-30 10:56:59.503845
-1.0490955911796869,14.529883295990832,2025-09-30 10:56:59.503845
0.8957072810378196,14.39692343026642,2025-09-30 10:56:59.503845
0.022053120904298354,14.600495479322015,2025-09-30 10:56:59.503845
-1.5045886926723595,15.759964788662018,2025-09-30 10:56:59.503845
-0.8180393448189606,14.647553574368514,2025-09-30 10:56:59.503845
0.48007110944781667,15.143098349641022,2025-09-30 10:56:59.503845
-0.4365099946072567,14.461595920413718,2025-09-30 10:56:59.503845
-0.11645358012087774,14.654258244381625,2025-09-30 10:56:59.503845
1.6337996594892568,15.212079230163605,2025-09-30 10:56:59.503845
0.18805534690536943,14.703306424669993,2025-09-30 10:56:59.503845
-2.695406171932955,15.057503813274538,2025-09-30 10:56:59.503845
-1.7280296906923054,14.870590615444028,2025-09-30 10:56:59.503845
-0.6157700742291516,15.356377355613994,2025-09-30 10:56:59.503845
-0.7987272113945657,14.616873523523001,2025-09-30 10:56:59.503845
-0.8756176781764982,15.706577105152665,2025-09-30 10:56:59.503845
-1.674426681428556,14.448995770545507,2025-09-30 10:56:59.503845
-0.42770003962322345,13.965999167104428,2025-09-30 10:56:59.503845
-0.1773321678294986,14.988845242618256,2025-09-30 10:56:59.503845
-2.1485134092527423,14.860718601071902,2025-09-30 10:56:59.503845
-0.1468122397898501,14.99987387756283,2025-09-30 10:56:59.503845
2.123989633362,14.562639377419702,2025-09-30 10:56:59.503845
-0.9615841970664734,14.350482921666648,2025-09-30 10:56:59.503845
-0.9330672785206072,14.514027121765213,2025-09-30 10:56:59.503845
1.3705571334802666,14.446368958125653,2025-09-30 10:56:59.503845
-0.9277468300071725,14.980545215863877,2025-09-30 10:56:59.503845
0.5685225598511867,14.50278226904228,2025-09-30 10:56:59.503845
0.6077634668635947,15.171394550444587,2025-09-30 10:56:59.503845
-0.5668782588467938,15.53276397350164,2025-09-30 10:56:59.503845
0.8547662254926189,14.370581534618468,2025-09-30 10:56:59.503845
0.8892735923057665,14.800613036855928,2025-09-30 10:56:59.503845
1.3956948712752348,14.326943726077687,2025-09-30 10:56:59.503845
-1.082514958527918,15.53412435193695,2025-09-30 10:56:59.503845
0.24477211992471445,14.633693334796808,2025-09-30 10:56:59.503845
-0.3203361962822464,14.661690335414338,2025-09-30 10:56:59.503845
-0.11060975905192089,14.233916349919026,2025-09-30 10:56:59.503845
-0.11571797277249483,14.368653118036393,2025-09-30 10:56:59.503845
0.6318296680131515,13.636821326130395,2025-09-30 10:56:59.503845
0.21506283408398225,14.912186562443663,2025-09-30 10:56:59.503845
-0.12297655653536677,14.04831131286883,2025-09-30 10:56:59.503845
-0.22732120331296965,15.084576774747166,2025-09-30 10:56:59.503845
-0.019142141999563586,14.331623115394903,2025-09-30 10:56:59.503845
0.12962724147386348,14.31454319912561,2025-09-30 10:56:59.503845
0.2873573006731572,15.676641483012666,2025-09-30 10:56:59.503845
-0.2590520488591646,13.806189355289515,2025-09-30 10:56:59.503845
-2.2485969027716,14.18150215311648,2025-09-30 10:56:59.503845
-0.452080445082678,14.827554409105836,2025-09-30 10:56:59.503845
0.031676236101700984,15.816201922719937,2025-09-30 10:56:59.503845
0.8819327506061816,14.53984712408095,2025-09-30 10:56:59.503845
-0.2506008075284401,14.8627123042454,2025-09-30 10:56:59.503845
1.964995030684945,14.782255605875754,2025-09-30 10:56:59.503845
0.1241683802588377,15.07169323706291,2025-09-30 10:56:59.503845
0.6969871081969852,14.216028687591697,2025-09-30 10:56:59.503845
-0.24735949805405358,14.170464046061042,2025-09-30 10:56:59.503845
1.3859701406365774,14.223752402875244,2025-09-30 10:56:59.503845
-0.7084590587343438,14.567404405973601,2025-09-30 10:56:59.503845
0.2367812312571922,15.034460437024878,2025-09-30 10:56:59.503845
0.13403797143459548,14.775146086872915,2025-09-30 10:56:59.503845
-1.1467524738271384,14.388589158384805,2025-09-30 10:56:59.503845
0.9791307589948738,14.498516630159104,2025-09-30 10:56:59.503845
-0.1293397976283028,14.82298310561182,2025-09-30 10:56:59.503845
-1.9717511760185717,14.555881533705012,2025-09-30 10:56:59.503845
0.32721502139370584,14.58408417934429,2025-09-30 10:56:59.503845
-0.6553039147778482,14.445328301572845,2025-09-30 10:56:59.503845
0.3472835668289054,15.06978552320961,2025-09-30 10:56:59.503845
-0.47927779458577874,15.86607989706857,2025-09-30 10:56:59.503845
0.5683790644258528,14.789965134221882,2025-09-30 10:56:59.503845
-0.23282823742397948,14.964126023745647,2025-09-30 10:56:59.503845
-1.6928502183922969,13.957035528908067,2025-09-30 10:56:59.503845
1.9306546431857274,14.537318465520825,2025-09-30 10:56:59.503845
-0.6486357068718367,14.724371078149037,2025-09-30 10:56:59.503845
1.2306810396704926,14.596530223463159,2025-09-30 10:56:59.503845
-0.8578248397813477,15.400189427445024,2025-09-30 10:56:59.503845
-0.26344903940621955,14.365511530898178,2025-09-30 10:56:59.503845
-0.5885805458059143,15.131948469051261,2025-09-30 10:56:59.503845
1.2076239836741507,14.51443850890873,2025-09-30 10:56:59.503845
1.9379288017102252,14.942236201780846,2025-09-30 10:56:59.503845
-0.4810380186593563,14.700252174701042,2025-09-30 10:56:59.503845
-0.2323997432174863,14.329304419091493,2025-09-30 10:56:59.503845
0.2886724432812726,14.552454304158362,2025-09-30 10:56:59.503845
-0.4258724382336676,14.091699288286808,2025-09-30 10:56:59.503845
-1.436995059861376,15.83896783145129,2025-09-30 10:56:59.503845
-1.7555944849639447,14.486465063372844,2025-09-30 10:56:59.503845
-0.7615788198243998,14.663693677389611,2025-09-30 10:56:59.503845
-1.7809737753894614,15.142571472035005,2025-09-30 10:56:59.503845
0.9598448275254884,15.167457997651352,2025-09-30 10:56:59.503845
-0.3803922894741227,15.0236077174804,2025-09-30 10:56:59.503845
-0.4218474395250619,14.426010754216321,2025-09-30 10:56:59.503845
-2.001303084489681,14.216557561033406,2025-09-30 10:56:59.503845
-0.30462522413832643,14.044191036176647,2025-09-30 10:56:59.503845
0.6155025810107994,13.998072786173703,2025-09-30 10:56:59.503845
0.3572486965624306,14.37369884519195,2025-09-30 10:56:59.503845
-0.04777736953041956,15.221961761923165,2025-09-30 10:56:59.503845
-0.48334966104466,14.385916790516577,2025-09-30 10:56:59.503845
1.5957136620318293,14.338131217257695,2025-09-30 10:56:59.503845
0.27957210390336473,15.317632439176608,2025-09-30 10:56:59.503845
0.9157349654717829,15.633666259161144,2025-09-30 10:56:59.503845
0.4756631704308514,15.613535855252367,2025-09-30 10:56:59.503845
1.9577832290718902,14.524260716931053,2025-09-30 10:56:59.503845
-1.4783680647707673,15.137569848689811,2025-09-30 10:56:59.503845
0.12499254806051362,14.80354353816347,2025-09-30 10:56:59.503845
-0.1669329714127816,14.248422255468345,2025-09-30 10:56:59.503845
0.41252314730153616,14.553541000981626,2025-09-30 10:56:59.503845
1.1859779262358359,14.583970862388883,2025-09-30 10:56:59.503845
-0.24414685189886187,14.738997073964683,2025-09-30 10:56:59.503845
0.5180641968552542,15.23223269441437,2025-09-30 10:56:59.503845
0.6734256763916643,15.050709772479564,2025-09-30 10:56:59.503845
0.5922690501940155,15.533180289860564,2025-09-30 10:56:59.503845
1.0695552938105801,15.534407350003303,2025-09-30 10:56:59.503845
-1.2474657919323777,14.045237410959125,2025-09-30 10:56:59.503845
-0.1542017162699975,14.649976268114289,2025-09-30 10:56:59.503845
0.7791937104803367,15.15980890512298,2025-09-30 10:56:59.503845
-0.8993937436611057,14.664724858327565,2025-09-30 10:56:59.503845
-0.5913173409206731,13.924028590934045,2025-09-30 10:56:59.503845
-0.7526834394828458,15.338072586162536,2025-09-30 10:56:59.503845
-0.7163788319203013,15.275242488771621,2025-09-30 10:56:59.503845
0.34655109459108263,13.897761614503418,2025-09-30 10:56:59.503845
-0.7640515557175951,14.402955729425026,2025-09-30 10:56:59.503845
-0.4091678429625873,14.995443737599278,2025-09-30 10:56:59.503845
-0.5563474325402041,14.868678389425732,2025-09-30 10:56:59.503845
0.4220278129782609,14.276694845715,2025-09-30 10:56:59.503845
-2.632604109814545,14.246379418127166,2025-09-30 10:56:59.503845
-0.23871095844488502,15.270297300993745,2025-09-30 10:56:59.503845
-0.6181908126863583,15.158701588480593,2025-09-30 10:56:59.503845
-0.3789032314693919,14.988717870190397,2025-09-30 10:56:59.503845
0.3819059288152581,15.630291569751648,2025-09-30 10:56:59.503845
0.9625989103318879,14.874490641962892,2025-09-30 10:56:59.503845
0.9271492150058054,14.600173486932547,2025-09-30 10:56:59.503845
-0.032244339260719165,14.61450978145187,2025-09-30 10:56:59.503845
1.9381887175924803,15.615844676141853,2025-09-30 10:56:59.503845
-1.140694464254334,14.746930559596517,2025-09-30 10:56:59.503845
0.5661096514261365,14.557996259337644,2025-09-30 10:56:59.503845
0.3286599093910725,14.727802381236547,2025-09-30 10:56:59.503845
0.6611143584178459,14.909606665873522,2025-09-30 10:56:59.503845
0.7187577103620273,15.123189714839798,2025-09-30 10:56:59.503845
0.9676908745994657,14.773077531944686,2025-09-30 10:56:59.503845
1.7200375720528576,14.754259009280068,2025-09-30 10:56:59.503845
-0.7623885383596374,14.909301758025975,2025-09-30 10:56:59.503845
-0.6737973813606795,14.223518662794316,2025-09-30 10:56:59.503845
-1.3160300560374996,14.792921534022328,2025-09-30 10:56:59.503845
-0.28967873063503247,14.580271191297188,2025-09-30 10:56:59.503845
-1.1851541135652772,15.057873255456405,2025-09-30 10:56:59.503845
0.11167407728273278,15.223291155081219,2025-09-30 10:56:59.503845
0.8828465378952935,14.376373256708103,2025-09-30 10:56:59.503845
-1.8029847122756362,15.255468666369447,2025-09-30 10:56:59.503845
0.7407913995571758,14.409065953939002,2025-09-30 10:56:59.503845
3.3874995803460632,14.079877709635065,2025-09-30 10:56:59.503845
-0.7138924051482837,14.793426484169974,2025-09-30 10:56:59.503845
-0.331370907169744,14.454705380550932,2025-09-30 10:56:59.503845
-1.769694472400654,14.542009974577795,2025-09-30 10:56:59.503845
-1.1545290465192486,14.657387673050573,2025-09-30 10:56:59.503845
0.5469274782293462,14.923852021125114,2025-09-30 10:56:59.503845
-0.12551614274397188,14.123568765072005,2025-09-30 10:56:59.503845
-0.3901423490886548,15.251081219825048,2025-09-30 10:56:59.503845
0.047916319433096335,14.194629133935152,2025-09-30 10:56:59.503845
-0.9091592261593365,14.922717761408997,2025-09-30 10:56:59.503845
0.9656715948135798,14.937515279026103,2025-09-30 10:56:59.503845
-1.6486923584099078,14.15235463833581,2025-09-30 10:56:59.503845
1.0025624404666094,15.287706992100361,2025-09-30 10:56:59.503845
0.15588065803680884,14.821691907112319,2025-09-30 10:56:59.503845
-1.4509786963064988,15.076568161439745,2025-09-30 10:56:59.503845
1.7327573068278088,14.796978282489643,2025-09-30 10:56:59.503845
0.6326102520777961,14.98877840896945,2025-09-30 10:56:59.503845
-0.36823866897776925,14.76257541640284,2025-09-30 10:56:59.503845
-0.19299349888971534,15.021077444521138,2025-09-30 10:56:59.503845
0.31861551611818634,13.527786691354091,2025-09-30 10:56:59.503845
-0.8553982913062156,14.530789443862735,2025-09-30 10:56:59.503845
0.6499325091181554,15.10922232824942,2025-09-30 10:56:59.503845
-0.4101794955805276,15.166779020969306,2025-09-30 10:56:59.503845
0.32001349812996893,15.085571085811432,2025-09-30 10:56:59.503845
-1.730033167240327,14.227150275839742,2025-09-30 10:56:59.503845
1.2422480120635402,14.869011863331183,2025-09-30 10:56:59.503845
1.0808626074235772,14.147314637944785,2025-09-30 10:56:59.503845
-0.530008331039251,14.90771383041299,2025-09-30 10:56:59.503845
0.020012090337147934,15.266659988357333,2025-09-30 10:56:59.503845
-0.8688889959816017,14.063083823927352,2025-09-30 10:56:59.503845
-0.14507045455026932,14.933348087379068,2025-09-30 10:56:59.503845
2.018195297876985,14.939631620734461,2025-09-30 10:56:59.503845
1.1241426799756815,15.617016636870346,2025-09-30 10:56:59.503845
-2.115620626316611,14.620774320839377,2025-09-30 10:56:59.503845
-0.488989460510845,15.068171938269389,2025-09-30 10:56:59.503845
0.6656560172244573,15.093884695686743,2025-09-30 10:56:59.503845
-0.04102699731408273,14.913809852233413,2025-09-30 10:56:59.503845
0.17852844242053006,14.229061278727182,2025-09-30 10:56:59.503845
-1.2277607324552142,15.656355550292792,2025-09-30 10:56:59.503845
0.6914670091021784,14.42714022739769,2025-09-30 10:56:59.503845
0.06318014475150743,13.966211152886226,2025-09-30 10:56:59.503845
0.6430907412281403,14.123324353877587,2025-09-30 10:56:59.503845
0.44445228585399327,14.400263816549357,2025-09-30 10:56:59.503845
-0.006455907851361198,14.40341862330634,2025-09-30 10:56:59.503845
-0.01551279422081809,15.346492938471133,2025-09-30 10:56:59.503845
0.9230808499572174,14.918954856959358,2025-09-30 10:56:59.503845
1.9724839122672477,14.450442577765378,2025-09-30 10:56:59.503845
0.6294861053327258,14.353965071448465,2025-09-30 10:56:59.503845
0.7039367090988534,14.597720905322522,2025-09-30 10:56:59.503845
1.4466814144197655,15.026451752233456,2025-09-30 10:56:59.503845
0.5743141366623685,15.479692735219345,2025-09-30 10:56:59.503845
0.6152690484617028,14.48000932928834,2025-09-30 10:56:59.503845
0.6047675245701172,14.657040697346542,2025-09-30 10:56:59.503845
1.847298188258332,14.616812477519991,2025-09-30 10:56:59.503845
-0.6209773819795911,14.866102963308167,2025-09-30 10:56:59.503845
0.29320041152948007,14.035458471454639,2025-09-30 10:56:59.503845
0.28973559889380646,14.239631003136077,2025-09-30 10:56:59.503845
0.4471271631855404,13.701548506339828,2025-09-30 10:56:59.503845
-0.584367466597372,14.573143097419136,2025-09-30 10:56:59.503845
0.2445437851305831,14.010382770134203,2025-09-30 10:56:59.503845
-1.6435640466974237,14.664569183762676,2025-09-30 10:56:59.503845
-1.229863420081667,14.718632047266079,2025-09-30 10:56:59.503845
0.9106871947708408,14.735585755154588,2025-09-30 10:56:59.503845
0.7835243412624888,14.745845310629802,2025-09-30 10:56:59.503845
-1.530045127534505,14.0804750668217,2025-09-30 10:56:59.503845
1.4915419535641166,15.164115544947196,2025-09-30 10:56:59.503845
1.0964942223910803,14.163865365205012,2025-09-30 10:56:59.503845
-0.15628092077675768,14.639210210899412,2025-09-30 10:56:59.503845
-0.5576719983812293,14.965326466247515,2025-09-30 10:56:59.503845
0.9715462248557534,14.855033694934097,2025-09-30 10:56:59.503845
1.2746068815306832,14.462209080211332,2025-09-30 10:56:59.503845
0.203929303991755,13.641331850223283,2025-09-30 10:56:59.503845
-1.0443576009785682,14.538705942324972,2025-09-30 10:56:59.503845
0.5784586621906853,14.81475876384792,2025-09-30 10:56:59.503845
0.49930517819544246,14.61228381646611,2025-09-30 10:56:59.503845
-1.238856589608616,15.901736858400191,2025-09-30 10:56:59.503845
1.38159563240964,14.96715857070741,2025-09-30 10:56:59.503845
1.5456365742678477,15.18067202510491,2025-09-30 10:56:59.503845
-0.043241061044061724,14.570826125043466,2025-09-30 10:56:59.503845
0.27756126597377134,15.034868053251545,2025-09-30 10:56:59.503845
-0.3862963041874273,14.525405872119991,2025-09-30 10:56:59.503845
0.5096352659514307,15.215648948743945,2025-09-30 10:56:59.503845
-0.45687023922793496,14.550425228094012,2025-09-30 10:56:59.503845
-1.6735682583638891,15.161580695620549,2025-09-30 10:56:59.503845
1.640129785028489,14.174108823743264,2025-09-30 10:56:59.503845
0.02103393171758764,14.769743117836342,2025-09-30 10:56:59.503845
0.3244014172378369,14.780738391786048,2025-09-30 10:56:59.503845
0.3802522277078858,14.81249658372142,2025-09-30 10:56:59.503845
-0.043941839175501464,15.077088840420414,2025-09-30 10:56:59.503845
-1.4566362802283979,14.506977232508744,2025-09-30 10:56:59.503845
1.1757233568750571,15.454763684866306,2025-09-30 10:56:59.503845
-1.2499070868734696,14.958469367425455,2025-09-30 10:56:59.503845
0.3579850685289583,14.4485124129239,2025-09-30 10:56:59.503845
-0.570274697339741,14.31003694551581,2025-09-30 10:56:59.503845
0.03303610870788991,13.884199125607156,2025-09-30 10:56:59.503845
1.12900679529554,14.283055641272652,2025-09-30 10:56:59.503845
1.3101285704248515,14.606435035816233,2025-09-30 10:56:59.503845
-2.516179757780331,14.476590738324326,2025-09-30 10:56:59.503845
0.07301248759269446,14.736392871465041,2025-09-30 10:56:59.503845
-1.404204246730554,13.89813091551413,2025-09-30 10:56:59.503845
-1.3373669141439875,14.651159464678674,2025-09-30 10:56:59.503845
0.39251828919694187,15.377823893627967,2025-09-30 10:56:59.503845
0.25932367314507593,15.333837171627733,2025-09-30 10:56:59.503845
1.2387786444400213,14.88801098413705,2025-09-30 10:56:59.503845
0.7232500104312801,15.402256525963827,2025-09-30 10:56:59.503845
-0.20764008569839634,14.196202948968118,2025-09-30 10:56:59.503845
1.02032574249271,14.705528913805999,2025-09-30 10:56:59.503845
-1.5011258669753422,14.435780451618685,2025-09-30 10:56:59.503845
-0.24666299216795318,14.629404935488445,2025-09-30 10:56:59.503845
-0.14525440966797712,14.409050487605409,2025-09-30 10:56:59.503845
1.0094472733737792,14.56865013115429,2025-09-30 10:56:59.503845
-0.8945641223434653,13.947402477026733,2025-09-30 10:56:59.503845
-0.10304184592709313,15.034987950763206,2025-09-30 10:56:59.503845
-0.4296965386648676,14.767901778844747,2025-09-30 10:56:59.503845
-0.6521690262193532,15.158716097838568,2025-09-30 10:56:59.503845
0.1310754979356111,14.853900203032453,2025-09-30 10:56:59.503845
0.4647800872909504,15.779419461962934,2025-09-30 10:56:59.503845
-1.3618077760346703,14.793925033662502,2025-09-30 10:56:59.503845
-0.70717645492807,14.929749966547028,2025-09-30 10:56:59.503845
1.2946021904502263,14.502804119271122,2025-09-30 10:56:59.503845
-0.6718375098885097,14.861901885259229,2025-09-30 10:56:59.503845
-0.02845574931177259,14.66580027628669,2025-09-30 10:56:59.503845
-1.6239023439178621,14.692957488939102,2025-09-30 10:56:59.503845
-0.12997977435903835,13.822217890766007,2025-09-30 10:56:59.503845
-1.1127029613153643,14.951166701041972,2025-09-30 10:56:59.503845
-1.90707819354757,14.968488668544685,2025-09-30 10:56:59.503845
0.545957783709295,14.480021983296622,2025-09-30 10:56:59.503845
0.6987088111884239,14.394174238044467,2025-09-30 10:56:59.503845
0.3453891814164362,14.330108646887165,2025-09-30 10:56:59.503845
-1.0300870977489271,14.823171011381316,2025-09-30 10:56:59.503845
0.17780664759169915,14.876404773576441,2025-09-30 10:56:59.503845
1.4113281813932492,14.27067336536626,2025-09-30 10:56:59.503845
-0.5274413214391699,15.02700258322552,2025-09-30 10:56:59.503845
0.19769384249903987,14.87064236217536,2025-09-30 10:56:59.503845
-0.044338798606286436,14.872182936572237,2025-09-30 10:56:59.503845
1.1524648993937392,14.70228673269403,2025-09-30 10:56:59.503845
0.20650606185096826,15.007157040726753,2025-09-30 10:56:59.503845
0.04704199575503361,14.418000020498688,2025-09-30 10:56:59.503845
0.27985951001180276,14.258704214195237,2025-09-30 10:56:59.503845
1.0256028088942808,14.992695332659938,2025-09-30 10:56:59.503845
-1.0065633335832078,14.37599137537882,2025-09-30 10:56:59.503845
1.560433119790889,15.496176719158905,2025-09-30 10:56:59.503845
-0.6445546946190002,14.948027011897867,2025-09-30 10:56:59.503845
0.5727440701460272,14.3512317573637,2025-09-30 10:56:59.503845
0.47118671905658555,15.401297847812392,2025-09-30 10:56:59.503845
-1.6680027023915478,14.857639842616775,2025-09-30 10:56:59.503845
2.1833663627449837,15.144300918263829,2025-09-30 10:56:59.503845
0.28722434594204654,14.847626710914488,2025-09-30 10:56:59.503845
-1.0089719928325211,15.397381397572282,2025-09-30 10:56:59.503845
0.5139114202493988,14.849388282716296,2025-09-30 10:56:59.503845
-1.1753709958100156,14.667103696979686,2025-09-30 10:56:59.503845
-0.8573273726618528,14.696888130710713,2025-09-30 10:56:59.503845
-2.7142790262258187,15.161156513993362,2025-09-30 10:56:59.503845
0.2637799515957103,14.139946880684958,2025-09-30 10:56:59.503845
-1.0352645859210996,13.760455552563203,2025-09-30 10:56:59.503845
0.9826049902000132,14.63117772046683,2025-09-30 10:56:59.503845
0.8100613934985291,14.238337263127754,2025-09-30 10:56:59.503845
0.6566504920119894,14.380958162631222,2025-09-30 10:56:59.503845
0.6695044799964028,14.722953857324983,2025-09-30 10:56:59.503845
0.1608373591823722,14.688619138678211,2025-09-30 10:56:59.503845
-2.1144630375570492,14.051978102891765,2025-09-30 10:56:59.503845
0.35788472099653534,14.844969531441865,2025-09-30 10:56:59.503845
0.21063982200570333,13.914027704106203,2025-09-30 10:56:59.503845
-1.7002324551597532,14.647872300596102,2025-09-30 10:56:59.503845
-0.42101660425733756,14.80177814970217,2025-09-30 10:56:59.503845
0.34801985407442537,14.102995411071953,2025-09-30 10:56:59.503845
0.3093902019355967,15.868082375661748,2025-09-30 10:56:59.503845
0.5306801652875013,14.433008942179226,2025-09-30 10:56:59.503845
1.0600380972042012,15.211695408762322,2025-09-30 10:56:59.503845
0.5307514018890129,14.914752527496011,2025-09-30 10:56:59.503845
1.0672450357685785,15.165886937323048,2025-09-30 10:56:59.503845
0.5035409404316732,14.84196663137247,2025-09-30 10:56:59.503845
-1.286568600195233,15.548974763593543,2025-09-30 10:56:59.503845
0.5496997095158934,14.169263155075091,2025-09-30 10:56:59.503845
-0.014142715917302793,14.248408783454789,2025-09-30 10:56:59.503845
-1.0135979033824694,14.907150410060355,2025-09-30 10:56:59.503845
-2.220443430125336,14.124063954589776,2025-09-30 10:56:59.503845
0.13632159874417787,14.070990834822073,2025-09-30 10:56:59.503845
0.6494719024246781,14.417964244309934,2025-09-30 10:56:59.503845
1.326661967065657,14.705458037450596,2025-09-30 10:56:59.503845
0.0538431363520963,14.927433622855588,2025-09-30 10:56:59.503845
-0.6393139588733538,15.579695608014484,2025-09-30 10:56:59.503845
-0.33141589438971725,14.586312224074119,2025-09-30 10:56:59.503845
-1.4617224891189082,15.30170520193489,2025-09-30 10:56:59.503845
0.14728653035888956,14.572440100334767,2025-09-30 10:56:59.503845
-0.11479629133073703,15.195322281752018,2025-09-30 10:56:59.503845
0.042310698523627684,15.197963930983807,2025-09-30 10:56:59.503845
-0.1913306394516353,15.070072307313252,2025-09-30 10:56:59.503845
-0.3026853679557117,15.211280865975763,2025-09-30 10:56:59.503845
1.3194408520216163,15.100797137285454,2025-09-30 10:56:59.503845
0.7104463554010357,14.94379112397408,2025-09-30 10:56:59.503845
-1.4379408453736342,14.825924334990066,2025-09-30 10:56:59.503845
-0.5566289663885017,14.38402933863444,2025-09-30 10:56:59.503845
-1.2355360728993283,14.320828077794664,2025-09-30 10:56:59.503845
-1.225581528394388,15.667435052827523,2025-09-30 10:56:59.503845
0.465887481220741,15.048788521188737,2025-09-30 10:56:59.503845
1.476061709688895,14.68934242293535,2025-09-30 10:56:59.503845
-0.15804093311289116,15.222408870482505,2025-09-30 10:56:59.503845
-0.11214545879274775,14.41924460337649,2025-09-30 10:56:59.503845
-1.487802096739765,14.243507452683238,2025-09-30 10:56:59.503845
-0.6447765773026811,15.415367534588796,2025-09-30 10:56:59.503845
-1.1804074661972375,15.206558093502942,2025-09-30 10:56:59.503845
2.582246420604118,14.724726244998408,2025-09-30 10:56:59.503845
0.6253838583266239,13.963486303778534,2025-09-30 10:56:59.503845
-0.5638350335726368,13.995126172241937,2025-09-30 10:56:59.503845
-0.9694406518406545,14.99070514631945,2025-09-30 10:56:59.503845
0.5988181145001167,14.797799826900746,2025-09-30 10:56:59.503845
0.5240474821589836,14.80359082926178,2025-09-30 10:56:59.503845
1.9611188823172265,14.737284076597916,2025-09-30 10:56:59.503845
0.23464847490856308,15.371246853351044,2025-09-30 10:56:59.503845
2.0393136177827853,14.818231904367142,2025-09-30 10:56:59.503845
0.04614565795206801,14.85104511552912,2025-09-30 10:56:59.503845
-1.6003738913146712,14.670628385409554,2025-09-30 10:56:59.503845
-0.08154731596587504,14.581072119805677,2025-09-30 10:56:59.503845
-0.7288879669178394,15.742185287545272,2025-09-30 10:56:59.503845
-1.4983894023605238,14.251812063889625,2025-09-30 10:56:59.503845
-0.2981558046726582,14.34077765040796,2025-09-30 10:56:59.503845
-0.7567471134769042,15.418953608196835,2025-09-30 10:56:59.503845
0.29835004759538847,14.669659409110055,2025-09-30 10:56:59.503845
-0.5580514091660097,14.291851972835527,2025-09-30 10:56:59.503845
-1.6722738810339346,14.829535054985492,2025-09-30 10:56:59.503845
1.9545544874324168,14.923871699890181,2025-09-30 10:56:59.503845
0.3953488468377348,14.59954555957317,2025-09-30 10:56:59.503845
0.739774502615332,14.363131211079155,2025-09-30 10:56:59.503845
1.4440888523942075,14.303108377936805,2025-09-30 10:56:59.503845
0.5570579487915449,14.737867786505007,2025-09-30 10:56:59.503845
-2.335119041317047,14.267004263752137,2025-09-30 10:56:59.503845
-0.29299243238248973,14.930116766010922,2025-09-30 10:56:59.503845
0.6233089202424228,13.871730492046265,2025-09-30 10:56:59.503845
-1.7925380077867363,14.614661302795179,2025-09-30 10:56:59.503845
1.3572669733960456,15.063037270663942,2025-09-30 10:56:59.503845
1.029449296583327,14.797915162433652,2025-09-30 10:56:59.503845
0.7733776994834854,15.265035844598277,2025-09-30 10:56:59.503845
0.11442708711527992,14.859041949911125,2025-09-30 10:56:59.503845
-1.4693770938266824,14.939110969080028,2025-09-30 10:56:59.503845
0.9984823483513797,14.908108747035348,2025-09-30 10:56:59.503845
0.32684376066992543,13.961928396230117,2025-09-30 10:56:59.503845
1.056114469140152,14.688600149214393,2025-09-30 10:56:59.503845
-1.1302908149053188,14.644939022962056,2025-09-30 10:56:59.503845
0.7711405365232336,14.88181774540639,2025-09-30 10:56:59.503845
-1.240483733948961,14.216915712791925,2025-09-30 10:56:59.503845
-0.40017996815822365,14.194974782903154,2025-09-30 10:56:59.503845
0.879585330361088,14.687190877075526,2025-09-30 10:56:59.503845
-0.7047353147393756,14.186169104226257,2025-09-30 10:56:59.503845
0.18425739962805596,14.313657107180477,2025-09-30 10:56:59.503845
-0.1266673069075945,14.35624583492395,2025-09-30 10:56:59.503845
0.774939535925308,14.088876677409182,2025-09-30 10:56:59.503845
-2.493101702583019,14.247892435074625,2025-09-30 10:56:59.503845
-1.0557612656834652,14.619120633962899,2025-09-30 10:56:59.503845
0.02101102558133912,15.267349340987064,2025-09-30 10:56:59.503845
0.4615310476949694,15.12513726869101,2025-09-30 10:56:59.503845
-0.45300059346833715,14.84180587673456,2025-09-30 10:56:59.503845
0.6810872928121714,14.355423216850133,2025-09-30 10:56:59.503845
-1.2447219828051104,13.640516446269256,2025-09-30 10:56:59.503845
-0.16510012044961606,14.384140205224979,2025-09-30 10:56:59.503845
-0.25196288855031096,14.743458789270532,2025-09-30 10:56:59.503845
-1.7124626729373906,15.028002525735625,2025-09-30 10:56:59.503845
0.5138933803015913,14.934609378772933,2025-09-30 10:56:59.503845
0.7490564541907718,14.848086868637473,2025-09-30 10:56:59.503845
0.14531388096675726,15.50698702075905,2025-09-30 10:56:59.503845
0.4593510158579536,14.558643480276517,2025-09-30 10:56:59.503845
0.05554849362755312,14.524604346016764,2025-09-30 10:56:59.503845
-0.3308579772144714,14.990870045660515,2025-09-30 10:56:59.503845
0.25754786797811485,14.321951893233127,2025-09-30 10:56:59.503845
-0.7313152805150854,15.669031247663405,2025-09-30 10:56:59.503845
-0.5992986316093994,14.647598619328724,2025-09-30 10:56:59.503845
0.6612415406678922,14.520222481170903,2025-09-30 10:56:59.503845
0.28146826650341084,14.4573438822474,2025-09-30 10:56:59.503845
-0.3299915737369651,15.189774656259704,2025-09-30 10:56:59.503845
0.5443423568423835,14.774853307269549,2025-09-30 10:56:59.503845
-1.3145072937807982,14.386023187224737,2025-09-30 10:56:59.503845
-0.39639614987483957,14.607090521700123,2025-09-30 10:56:59.503845
1.1729974670004402,14.679567994437994,2025-09-30 10:56:59.503845
-0.1035036214295751,14.326881807295024,2025-09-30 10:56:59.503845
0.4317322249448574,14.784359799529147,2025-09-30 10:56:59.503845
-0.8182427068144262,15.275656178645058,2025-09-30 10:56:59.503845
-0.36039670348282044,14.996816937765509,2025-09-30 10:56:59.503845
-0.8345128654977179,14.78165886518827,2025-09-30 10:56:59.503845
-0.3842895176805473,15.554884895641107,2025-09-30 10:56:59.503845
-1.3496947422173056,15.469104191406938,2025-09-30 10:56:59.503845
0.5004949837464953,14.460910812834339,2025-09-30 10:56:59.503845
0.20441973008464484,14.487251799919244,2025-09-30 10:56:59.503845
-0.41339619461808175,15.484322571612841,2025-09-30 10:56:59.503845
-0.34043491488144395,15.357015476018862,2025-09-30 10:56:59.503845
1.3860605641877273,13.587355244139733,2025-09-30 10:56:59.503845
0.9451057636584453,14.6571630390918,2025-09-30 10:56:59.503845
-0.36561051747670503,14.96138701114615,2025-09-30 10:56:59.503845
-0.1493737358562703,14.493109721576936,2025-09-30 10:56:59.503845
-0.5978361118120632,14.15293546032298,2025-09-30 10:56:59.503845
0.4898951342555284,14.55014957879144,2025-09-30 10:56:59.503845
1.9235901575286711,14.984746138053229,2025-09-30 10:56:59.503845
-0.5220813783857163,14.034942873019219,2025-09-30 10:56:59.503845
-0.5539235700472221,15.132871943060847,2025-09-30 10:56:59.503845
0.9248153998968281,15.131724579231276,2025-09-30 10:56:59.503845
0.8709122541349429,15.616728568586062,2025-09-30 10:56:59.503845
-0.03129292868831836,15.272627188479346,2025-09-30 10:56:59.503845
0.9317558645267384,15.060981157130113,2025-09-30 10:56:59.503845
0.9216909491666349,14.85051405497085,2025-09-30 10:56:59.503845
-1.7801646473983712,14.515329768947367,2025-09-30 10:56:59.503845
0.15542373621978375,15.291672480441974,2025-09-30 10:56:59.503845
0.06315015113317629,14.524607449598355,2025-09-30 10:56:59.503845
-0.27456185863370447,14.706426242772164,2025-09-30 10:56:59.503845
-0.7031835920931577,15.287071215986991,2025-09-30 10:56:59.503845
0.5471569734052103,14.596848973552015,2025-09-30 10:56:59.503845
-1.0626797418412837,14.148262372507956,2025-09-30 10:56:59.503845
0.9497747862059737,15.049315807048627,2025-09-30 10:56:59.503845
-0.5650177827726997,14.1651769132903,2025-09-30 10:56:59.503845
-0.4624270323937275,15.168418322580433,2025-09-30 10:56:59.503845
1.5383613456660714,14.466493122153928,2025-09-30 10:56:59.503845
-0.2646904959625984,14.821227624532742,2025-09-30 10:56:59.503845
0.4429243703055465,14.692623539492413,2025-09-30 10:56:59.503845
0.03489757433819288,13.647386724809902,2025-09-30 10:56:59.503845
0.42151420734521067,14.82627282577441,2025-09-30 10:56:59.503845
-0.607837205601373,15.06516233169251,2025-09-30 10:56:59.503845
0.07721196635047836,14.445023694436593,2025-09-30 10:56:59.503845
0.038374813625324855,14.815632124101564,2025-09-30 10:56:59.503845
1.7033750738890754,14.393421394223136,2025-09-30 10:56:59.503845
-1.560733810371762,15.381149221198784,2025-09-30 10:56:59.503845
0.6047894683336879,14.533287622323034,2025-09-30 10:56:59.503845
2.588280694523426,14.768261769470598,2025-09-30 10:56:59.503845
0.04662354368594667,15.634570111787008,2025-09-30 10:56:59.503845
-1.5359481918006328,15.52213963407825,2025-09-30 10:56:59.503845
-1.2679603415363951,14.461005511316976,2025-09-30 10:56:59.503845
-2.1063528619459233,15.032617137610885,2025-09-30 10:56:59.503845
-1.6213253245734531,15.369149083576882,2025-09-30 10:56:59.503845
-0.3517159947325833,15.481381356478899,2025-09-30 10:56:59.503845
0.0654702924630308,14.229471197048055,2025-09-30 10:56:59.503845
0.8865347272750007,14.781199122844665,2025-09-30 10:56:59.503845
-1.2093293197410906,14.335728616768595,2025-09-30 10:56:59.503845
1.4961720065442365,14.384921967930563,2025-09-30 10:56:59.503845
-0.14414609107901208,14.91654169015276,2025-09-30 10:56:59.503845
1.1632888105856265,15.010253252843873,2025-09-30 10:56:59.503845
1.605493039060566,13.870900528644704,2025-09-30 10:56:59.503845
0.7938668499352283,14.8566493155394,2025-09-30 10:56:59.503845
0.7968264656365986,15.026299709462213,2025-09-30 10:56:59.503845
2.4779575911539777,14.691357195581062,2025-09-30 10:56:59.503845
-0.3666903829936993,15.170706598017476,2025-09-30 10:56:59.503845
-0.1570120545418507,14.949828449481103,2025-09-30 10:56:59.503845
-0.95690090475508,14.963216933488157,2025-09-30 10:56:59.503845
0.18065147641209064,13.63806899826928,2025-09-30 10:56:59.503845
0.2797555754043359,14.883163508463747,2025-09-30 10:56:59.503845
-0.047166927771867734,14.386493637073485,2025-09-30 10:56:59.503845
0.6182910374584646,14.45921155391947,2025-09-30 10:56:59.503845
0.4391055557236635,14.807129179848271,2025-09-30 10:56:59.503845
-1.2009927024054243,15.519480028347596,2025-09-30 10:56:59.503845
-0.5907480277136203,14.908749367284479,2025-09-30 10:56:59.503845
0.5691818822835588,14.992964047034883,2025-09-30 10:56:59.503845
0.39091559261723485,14.719101761593517,2025-09-30 10:56:59.503845
0.2913263376273764,14.351141955735502,2025-09-30 10:56:59.503845
-2.187523234180325,13.919938453574147,2025-09-30 10:56:59.503845
-1.189600592129996,13.91781625658,2025-09-30 10:56:59.503845
0.17036302563990446,14.74401723730776,2025-09-30 10:56:59.503845
1.1828392775618983,14.853084160386112,2025-09-30 10:56:59.503845
0.2798958986027693,14.44333692733514,2025-09-30 10:56:59.503845
-0.7255886905659337,15.116761504362008,2025-09-30 10:56:59.503845
-1.1469528731032952,14.881340882719691,2025-09-30 10:56:59.503845
0.9612964965057359,14.254920145034212,2025-09-30 10:56:59.503845
-0.48115315711564255,14.22877530623859,2025-09-30 10:56:59.503845
0.6774057968568354,14.429626370543986,2025-09-30 10:56:59.503845
-0.11409421249930017,15.534683747423072,2025-09-30 10:56:59.503845
-0.7314056425635619,14.813022307113172,2025-09-30 10:56:59.503845
-1.1495633631039266,15.610790283168543,2025-09-30 10:56:59.503845
-0.2155092053519509,15.18076335236137,2025-09-30 10:56:59.503845
0.3431666764702291,14.880830505197924,2025-09-30 10:56:59.503845
-1.032016376067984,14.612483202076584,2025-09-30 10:56:59.503845
-0.05620510677615976,14.633635974399972,2025-09-30 10:56:59.503845
-0.15366333006939553,14.75907739462238,2025-09-30 10:56:59.503845
-0.9164512704254361,14.634585924672137,2025-09-30 10:56:59.503845
-0.37331458211393903,14.494987582048077,2025-09-30 10:56:59.503845
-0.07598978671460387,14.82168378379598,2025-09-30 10:56:59.503845
0.10466136266581384,14.804717739902333,2025-09-30 10:56:59.503845
-0.0662937920120484,15.731179509671422,2025-09-30 10:56:59.503845
-0.9760118606312292,14.293953529370626,2025-09-30 10:56:59.503845
1.7762707747508304,15.297638590880151,2025-09-30 10:56:59.503845
-1.1013290625943282,15.004080124062336,2025-09-30 10:56:59.503845
-1.3116309609631347,14.556459128819093,2025-09-30 10:56:59.503845
-0.5109289732660371,14.293834069460518,2025-09-30 10:56:59.503845
-0.16838638063587566,14.299151648428944,2025-09-30 10:56:59.503845
-0.40698766265656006,15.010869990645515,2025-09-30 10:56:59.503845
-1.7134793005171514,15.079615398248741,2025-09-30 10:56:59.503845
-1.0448954304605291,14.52681736126578,2025-09-30 10:56:59.503845
0.014363752515604912,14.61016008145233,2025-09-30 10:56:59.503845
-0.18207474985180283,14.187907062593029,2025-09-30 10:56:59.503845
-0.25613114316567304,14.848722816782312,2025-09-30 10:56:59.503845
-0.45607425278101227,14.521851752003295,2025-09-30 10:56:59.503845
0.4041872357228101,15.353075342904182,2025-09-30 10:56:59.503845
1.0880626313476054,15.239014915805653,2025-09-30 10:56:59.503845
-1.556300742195815,14.783464729755178,2025-09-30 10:56:59.503845
1.0457519136290998,14.339693881081892,2025-09-30 10:56:59.503845
1.1988016991303836,15.500914425821293,2025-09-30 10:56:59.503845
-1.7225776876139969,14.455369635232653,2025-09-30 10:56:59.503845
-0.7256328350382788,14.969321368906307,2025-09-30 10:56:59.503845
-1.8364634357172898,14.043622368481303,2025-09-30 10:56:59.503845
1.289899059394281,13.79632893302023,2025-09-30 10:56:59.503845
-0.4370280097807741,14.31868313763307,2025-09-30 10:56:59.503845
2.002437868242771,14.57432170876584,2025-09-30 10:56:59.503845
-1.8765563585412364,15.358553616473065,2025-09-30 10:56:59.503845
0.4250130144549709,14.66784515688615,2025-09-30 10:56:59.503845
1.0910830895429044,15.257611904994242,2025-09-30 10:56:59.503845
0.9355284094310033,15.144961032603364,2025-09-30 10:56:59.503845
-1.505185505325938,14.781637182783511,2025-09-30 10:56:59.503845
0.2811082372190739,15.31947696410388,2025-09-30 10:56:59.503845
1.1979121023869748,14.54407644325932,2025-09-30 10:56:59.503845
0.16966220128550233,14.600015214326893,2025-09-30 10:56:59.503845
-0.5501119564233091,14.696878347102638,2025-09-30 10:56:59.503845
-0.3455545691395939,14.296104912994261,2025-09-30 10:56:59.503845
1.386330067581471,15.407415557796131,2025-09-30 10:56:59.503845
1.5649809882731212,14.861980416270674,2025-09-30 10:56:59.503845
0.5986016594167829,15.540259175048291,2025-09-30 10:56:59.503845
-0.5602553752643292,15.37778093442144,2025-09-30 10:56:59.503845
-0.5749310322431519,14.60597013337994,2025-09-30 10:56:59.503845
-1.1635534793097384,14.331608085849373,2025-09-30 10:56:59.503845
0.40606948080220523,15.361048044038425,2025-09-30 10:56:59.503845
0.7251164996233839,14.400129665482659,2025-09-30 10:56:59.503845
0.7598745218094716,14.731218356310759,2025-09-30 10:56:59.503845
-0.4137209323021393,14.605043640330505,2025-09-30 10:56:59.503845
-1.166170821925034,14.280804982389993,2025-09-30 10:56:59.503845
0.395705286511511,14.192305153177045,2025-09-30 10:56:59.503845
0.7159223954594733,14.759804395326114,2025-09-30 10:56:59.503845
2.161559456753306,14.417060933512351,2025-09-30 10:56:59.503845
-0.33655923111759145,15.113142697808184,2025-09-30 10:56:59.503845
-1.011230991233099,13.86979214083074,2025-09-30 10:56:59.503845
0.15015063617156743,14.929216958934937,2025-09-30 10:56:59.503845
0.40834252941882343,14.648660488276724,2025-09-30 10:56:59.503845
-0.49929924204596937,14.340810002130182,2025-09-30 10:56:59.503845
-0.004391697070737151,14.82686564815766,2025-09-30 10:56:59.503845
1.155856553685172,14.004814245271865,2025-09-30 10:56:59.503845
-0.6460204187719878,14.506156886326556,2025-09-30 10:56:59.503845
0.2257911042113407,14.996403451644902,2025-09-30 10:56:59.503845
1.4070032237761096,14.49370941284112,2025-09-30 10:56:59.503845
1.1595048684953113,15.097824077249996,2025-09-30 10:56:59.503845
1.358911012195712,14.025309734393796,2025-09-30 10:56:59.503845
-0.005591303279643488,14.143464588409504,2025-09-30 10:56:59.503845
-0.12082415488602888,15.585555805001704,2025-09-30 10:56:59.503845
0.5269892290972781,14.865007787393058,2025-09-30 10:56:59.503845
-0.12706273498569115,14.657716112918564,2025-09-30 10:56:59.503845
0.9428183634824056,15.242246777492447,2025-09-30 10:56:59.503845
0.5771269981038036,14.808251987854646,2025-09-30 10:56:59.503845
-1.2117949849073655,14.467590653669419,2025-09-30 10:56:59.503845
0.682357843137531,15.030552419288597,2025-09-30 10:56:59.503845
-0.5837961208424037,15.023920083727436,2025-09-30 10:56:59.503845
-0.3381926511801789,13.840579471352367,2025-09-30 10:56:59.503845
0.9238435094271481,14.401979504647898,2025-09-30 10:56:59.503845
-0.4818521417244847,14.509378083610722,2025-09-30 10:56:59.503845
0.574375187721291,14.232439898235627,2025-09-30 10:56:59.503845
0.723638252758994,14.56745117298341,2025-09-30 10:56:59.503845
-0.03715489125116818,14.91274867811675,2025-09-30 10:56:59.503845
-0.1015260261110722,15.073528226182304,2025-09-30 10:56:59.503845
0.6111084193479007,14.246441985903585,2025-09-30 10:56:59.503845
-0.2377159667642954,14.372084780466237,2025-09-30 10:56:59.503845
0.08279298782594659,15.114953661807416,2025-09-30 10:56:59.503845
1.9693416618581567,13.948847925311233,2025-09-30 10:56:59.503845
0.2675876294247035,14.712856247327917,2025-09-30 10:56:59.503845
-0.4210830508570812,14.977277065617063,2025-09-30 10:56:59.503845
-0.1648671081953161,15.053294756306755,2025-09-30 10:56:59.503845
1.782638244718672,15.34525922817154,2025-09-30 10:56:59.503845
3.8323681841175246,15.260674177935936,2025-09-30 10:56:59.503845
-0.5606295985860891,13.988040833699285,2025-09-30 10:56:59.503845
0.2072853588434126,14.383408202937515,2025-09-30 10:56:59.503845
-0.21041288463026,15.017424103111376,2025-09-30 10:56:59.503845
-0.503793348110628,14.782404484681898,2025-09-30 10:56:59.503845
-0.004814202031158023,14.502813649217396,2025-09-30 10:56:59.503845
-1.6444686923778102,15.221814857890243,2025-09-30 10:56:59.503845
0.5055592907947466,14.566939873290425,2025-09-30 10:56:59.503845
0.23115491799049062,15.439391656794363,2025-09-30 10:56:59.503845
0.6392518179768951,15.488818575015298,2025-09-30 10:56:59.503845
-0.5075872379825652,14.929358806758742,2025-09-30 10:56:59.503845
-0.2776727189439972,15.347170985413916,2025-09-30 10:56:59.503845
2.516805190654438,14.887613540561418,2025-09-30 10:56:59.503845
0.1369435433291951,15.517027162628462,2025-09-30 10:56:59.503845
2.390739230180638,14.490045914402305,2025-09-30 10:56:59.503845
-0.04041811412368206,14.067589871349554,2025-09-30 10:56:59.503845
0.7504810749974987,15.038986943703614,2025-09-30 10:56:59.503845
-0.716250665150803,14.702692107985323,2025-09-30 10:56:59.503845
-1.178654525252026,14.330977854803807,2025-09-30 10:56:59.503845
0.22136442284498342,15.049544321771878,2025-09-30 10:56:59.503845
0.11663433873470777,14.799716928493101,2025-09-30 10:56:59.503845
-0.7934558353030691,14.539694998895712,2025-09-30 10:56:59.503845
1.1595538455530396,14.110675232652092,2025-09-30 10:56:59.503845
-1.043887898961448,14.41337841336477,2025-09-30 10:56:59.503845
-0.14702269320508363,14.420714363131777,2025-09-30 10:56:59.503845
0.7219851712758998,15.237268890702087,2025-09-30 10:56:59.503845
-1.2311665840031947,15.202276471608629,2025-09-30 10:56:59.503845
0.11192295637485472,14.704742358148744,2025-09-30 10:56:59.503845
-0.4706493542698952,14.443959604053376,2025-09-30 10:56:59.503845
0.7364883460808127,13.998990797811706,2025-09-30 10:56:59.503845
-1.2833473999541127,14.768224881125942,2025-09-30 10:56:59.503845
1.1233205637664947,15.382070035050722,2025-09-30 10:56:59.503845
-1.290013913670356,15.441783945318866,2025-09-30 10:56:59.503845
0.15679103558188634,15.220817872407643,2025-09-30 10:56:59.503845
-0.001287016425256147,14.412115117231604,2025-09-30 10:56:59.503845
0.16832837608695822,14.550499818702818,2025-09-30 10:56:59.503845
0.15373714594187207,14.993345518254664,2025-09-30 10:56:59.503845
-1.2959252036880533,14.93409731836856,2025-09-30 10:56:59.503845
2.0763121302249545,14.58725937174423,2025-09-30 10:56:59.503845
-0.11239615848102932,15.164340932098147,2025-09-30 10:56:59.503845
-0.3092961032195063,14.994093018580363,2025-09-30 10:56:59.503845
-0.4791895220519796,15.069957845969107,2025-09-30 10:56:59.503845
-0.00807820131393906,16.283125528129727,2025-09-30 10:56:59.503845
-1.2488848617180108,15.151100594766064,2025-09-30 10:56:59.503845
0.5179429216369892,14.9224296651502,2025-09-30 10:56:59.503845
-0.3627970189528736,14.55288954634813,2025-09-30 10:56:59.503845
0.6840416511428856,14.065525663272986,2025-09-30 10:56:59.503845
-0.1821617028443055,14.379423424659986,2025-09-30 10:56:59.503845
1.1120057455842491,14.945489194813163,2025-09-30 10:56:59.503845
0.6147762352966543,15.077176075865228,2025-09-30 10:56:59.503845
-1.056157135022501,14.84900973470632,2025-09-30 10:56:59.503845
0.8409841855760979,14.59676547397566,2025-09-30 10:56:59.503845
0.06342152882179285,15.186124100478857,2025-09-30 10:56:59.503845
-2.519483037203777,15.23073266566868,2025-09-30 10:56:59.503845
0.19424932178967083,14.95021510719943,2025-09-30 10:56:59.503845
0.17532208454908138,14.818172913675872,2025-09-30 10:56:59.503845
1.365614316536061,14.092614555582664,2025-09-30 10:56:59.503845
0.45355927944474234,15.600771247917045,2025-09-30 10:56:59.503845
1.2275213222807613,14.568307311556547,2025-09-30 10:56:59.503845
0.18720615322153764,14.632649756713382,2025-09-30 10:56:59.503845
-0.8857104318293703,15.08981580657096,2025-09-30 10:56:59.503845
-0.5823341697233242,14.425436660843271,2025-09-30 10:56:59.503845
0.10317677273004446,14.788989643697837,2025-09-30 10:56:59.503845
0.4642332479618245,14.762163135194516,2025-09-30 10:56:59.503845
-0.7494630340008428,14.735812907781701,2025-09-30 10:56:59.503845
-1.1241961631031558,15.077528484874666,2025-09-30 10:56:59.503845
-1.3567073721548155,14.378175735342879,2025-09-30 10:56:59.503845
-0.8173621022107862,14.394685235386914,2025-09-30 10:56:59.503845
0.33229811802011383,14.623761097747586,2025-09-30 10:56:59.503845
2.06903399369738,15.2521268656395,2025-09-30 10:56:59.503845
-0.18914253904996353,15.232096932383616,2025-09-30 10:56:59.503845
-0.5526837109613927,14.064489254150697,2025-09-30 10:56:59.503845
-0.027931119075637664,14.776756008258634,2025-09-30 10:56:59.503845
-0.08549243055359056,14.594453620865513,2025-09-30 10:56:59.503845
2.299996751360744,14.810544840328516,2025-09-30 10:56:59.503845
2.1428898782701067,14.649114477858564,2025-09-30 10:56:59.503845
-0.4004501317559376,14.354592009565122,2025-09-30 10:56:59.503845
-2.070638177175724,14.113502349521067,2025-09-30 10:56:59.503845
1.1601260777433586,14.455389210360313,2025-09-30 10:56:59.503845
0.6196817426106072,15.00236715464448,2025-09-30 10:56:59.503845
-1.0550897507683308,15.086404794345965,2025-09-30 10:56:59.503845
-0.2076085522486523,14.722262037054639,2025-09-30 10:56:59.503845
-0.8167832040841316,15.103801908883081,2025-09-30 10:56:59.503845
-0.6036271077030959,15.024269949685351,2025-09-30 10:56:59.503845
-0.11889121921687103,13.392833746219559,2025-09-30 10:56:59.503845
-0.5478605036708861,14.811489854695758,2025-09-30 10:56:59.503845
0.4413119355308111,15.57895671293326,2025-09-30 10:56:59.503845
0.7769307219597914,14.208648209903174,2025-09-30 10:56:59.503845
-0.3665424897533948,14.625110283129722,2025-09-30 10:56:59.503845
-1.0393926786462517,14.219642630530922,2025-09-30 10:56:59.503845
0.37687598430084396,14.0878304994575,2025-09-30 10:56:59.503845
-0.8321129559891397,15.0132635695774,2025-09-30 10:56:59.503845
0.08007007135725944,15.448698092671302,2025-09-30 10:56:59.503845
-0.4057283096125366,15.219122832300704,2025-09-30 10:56:59.503845
-0.3874124626613964,14.699091248885047,2025-09-30 10:56:59.503845
1.2079137003491174,13.89481445991954,2025-09-30 10:56:59.503845
0.780518055662143,14.876530067783344,2025-09-30 10:56:59.503845
-0.2851819238412843,14.468460991528326,2025-09-30 10:56:59.503845
-0.2463325985560246,15.741251465966386,2025-09-30 10:56:59.503845
-0.5786635862212611,14.845077002332738,2025-09-30 10:56:59.503845
2.589837531079414,14.262728595686115,2025-09-30 10:56:59.503845
-0.9457238767636466,15.093788839268985,2025-09-30 10:56:59.503845
-0.20833274261811033,14.79232944223169,2025-09-30 10:56:59.503845
-1.5941250543560328,14.537786664040237,2025-09-30 10:56:59.503845
-1.1785882144203743,14.70030035037607,2025-09-30 10:56:59.503845
0.3154785588241125,14.582385228322563,2025-09-30 10:56:59.503845
0.19532083224243127,14.453773424421547,2025-09-30 10:56:59.503845
-0.2701709107761498,15.436408763259395,2025-09-30 10:56:59.503845
1.3616580461235572,15.076745129176025,2025-09-30 10:56:59.503845
-0.30489283153498886,14.815619589290675,2025-09-30 10:56:59.503845
0.6574257182489975,15.178985665152446,2025-09-30 10:56:59.503845
-0.8770121235047343,14.74719686830459,2025-09-30 10:56:59.503845
1.9511336970613236,15.106853119172136,2025-09-30 10:56:59.503845
-1.3288964443515774,14.774163456645491,2025-09-30 10:56:59.503845
0.6245560175070252,13.759856776297164,2025-09-30 10:56:59.503845
0.9806537228560742,13.989015642403157,2025-09-30 10:56:59.503845
0.18033109742378187,14.675520844351956,2025-09-30 10:56:59.503845
0.5070164469472075,15.574957384812702,2025-09-30 10:56:59.503845
-0.6374125659647388,14.81354489465921,2025-09-30 10:56:59.503845
-0.15909855154386987,14.34374402932726,2025-09-30 10:56:59.503845
0.877945069482571,15.327861067789897,2025-09-30 10:56:59.503845
-0.5754712563797265,15.64897016007974,2025-09-30 10:56:59.503845
-0.4374374050903769,14.27058606626664,2025-09-30 10:56:59.503845
0.7676657422408988,14.050848126068386,2025-09-30 10:56:59.503845
-0.10528440511542791,14.869656492439773,2025-09-30 10:56:59.503845
-1.608359666596335,15.977719444001771,2025-09-30 10:56:59.503845
-1.517146170534424,14.615331889193719,2025-09-30 10:56:59.503845
-0.4268286495364134,14.95519572064783,2025-09-30 10:56:59.503845
0.11890444697929818,14.248979291950704,2025-09-30 10:56:59.503845
-1.9322090240998182,14.844167312220215,2025-09-30 10:56:59.503845
0.6263306380216839,15.184362486067725,2025-09-30 10:56:59.503845
0.19839287292610627,15.217536003200147,2025-09-30 10:56:59.503845
-0.9488998545228726,14.478807561155502,2025-09-30 10:56:59.503845
1.170819282486814,15.83292875860546,2025-09-30 10:56:59.503845
0.392375720492232,14.848789402305902,2025-09-30 10:56:59.503845
0.11883067862316082,15.409748145706676,2025-09-30 10:56:59.503845
-0.8002036949377686,15.077806020745031,2025-09-30 10:56:59.503845
-0.20096988990178424,15.42301857984284,2025-09-30 10:56:59.503845
-0.6205443999550445,15.068190543585999,2025-09-30 10:56:59.503845
1.0961175555083615,14.457908184874853,2025-09-30 10:56:59.503845
-2.1428721294460362,14.720030777548226,2025-09-30 10:56:59.503845
0.21117016157272472,14.080042455841372,2025-09-30 10:56:59.503845
-0.3539673018497938,14.45829544810818,2025-09-30 10:56:59.503845
-1.904695287298298,14.92848922893242,2025-09-30 10:56:59.503845
-0.4058302865577827,14.456065821258093,2025-09-30 10:56:59.503845
-0.8166135136262375,14.392466885558795,2025-09-30 10:56:59.503845
0.49999478105906414,14.29950655465843,2025-09-30 10:56:59.503845
-2.5694733894193744,15.012361503796784,2025-09-30 10:56:59.503845
1.2392824859397729,14.333404333678397,2025-09-30 10:56:59.503845
-0.4605233633932115,15.546730190974706,2025-09-30 10:56:59.503845
0.969264505522642,14.806323197374159,2025-09-30 10:56:59.503845
-0.4026695714377393,14.396428474107424,2025-09-30 10:56:59.503845
-0.7177847989324349,14.65003212787132,2025-09-30 10:56:59.503845
-0.40943426075632544,13.98652747332743,2025-09-30 10:56:59.503845
-0.06180599275764488,14.645279851893491,2025-09-30 10:56:59.503845
1.3360088684183304,14.705432045953941,2025-09-30 10:56:59.503845
0.3058295413737437,14.844893295274629,2025-09-30 10:56:59.503845
-0.18021221899403103,14.622778354356019,2025-09-30 10:56:59.503845
-1.0385475234220625,15.713077168987267,2025-09-30 10:56:59.503845
-0.2969530592302465,15.087998121546988,2025-09-30 10:56:59.503845
0.07229920250153636,15.323935164807278,2025-09-30 10:56:59.503845
0.007656096045119846,14.820579648825838,2025-09-30 10:56:59.503845
-0.5547892585701043,14.1145113983996,2025-09-30 10:56:59.503845
-0.38277457373463436,14.300834093167937,2025-09-30 10:56:59.503845
0.47394196440577546,14.219457996020553,2025-09-30 10:56:59.503845
-0.905933576829466,15.085338271872539,2025-09-30 10:56:59.503845
0.2691555628281909,14.579963710344094,2025-09-30 10:56:59.503845
0.4343303555312892,14.712665973305622,2025-09-30 10:56:59.503845
-0.37735581544022306,14.524640078916123,2025-09-30 10:56:59.503845
0.3794458673674903,15.115367965989567,2025-09-30 10:56:59.503845
1.1072628237670197,13.804284510696222,2025-09-30 10:56:59.503845
-1.9049506965506273,13.89350113757936,2025-09-30 10:56:59.503845
-0.5603635459223696,15.565594858380075,2025-09-30 10:56:59.503845
-0.4738921398841137,14.455211052353341,2025-09-30 10:56:59.503845
0.5954779170467972,15.31379960864122,2025-09-30 10:56:59.503845
0.4234182686639335,15.108291678321764,2025-09-30 10:56:59.503845
2.5136950085744996,14.489514950386983,2025-09-30 10:56:59.503845
-1.6023157925690192,14.720674438917067,2025-09-30 10:56:59.503845
0.004087080063437423,14.252054320572384,2025-09-30 10:56:59.503845
-0.7343751020782171,15.195638816641457,2025-09-30 10:56:59.503845
1.4715625778564234,14.849553312108444,2025-09-30 10:56:59.503845
-2.468365614547945,14.0645714434836,2025-09-30 10:56:59.503845
0.0807822336663565,14.166351634768535,2025-09-30 10:56:59.503845
1.3601286796787324,14.664098816799527,2025-09-30 10:56:59.503845
-0.8511795707214794,14.741284104558476,2025-09-30 10:56:59.503845
0.7251401735741446,15.431979486939696,2025-09-30 10:56:59.503845
-1.6291130851671347,15.130210123336507,2025-09-30 10:56:59.503845
0.8613022709724042,14.225728789619042,2025-09-30 10:56:59.503845
0.13777687854155593,14.38803016165757,2025-09-30 10:56:59.503845
-0.2593925100611349,14.30017982975126,2025-09-30 10:56:59.503845
0.5843374130103353,14.963718509709391,2025-09-30 10:56:59.503845
-0.07824618943389408,15.474713583774923,2025-09-30 10:56:59.503845
0.37132136960273104,14.31092420748532,2025-09-30 10:56:59.503845
1.2909891943558363,14.75685304508336,2025-09-30 10:56:59.503845
0.40616559086389725,14.535511268411575,2025-09-30 10:56:59.503845
-0.7008450835258111,14.034737682253205,2025-09-30 10:56:59.503845
-0.3521260738521561,14.817364403390927,2025-09-30 10:56:59.503845
0.22104855657107875,14.708825746931117,2025-09-30 10:56:59.503845
-3.0554426149903042,14.963719940303735,2025-09-30 10:56:59.503845
1.1141697147297516,14.153355553569105,2025-09-30 10:56:59.503845
1.6534722614021873,15.460693335202047,2025-09-30 10:56:59.503845
0.28149205101670405,14.489407950484576,2025-09-30 10:56:59.503845
-2.134099629373165,15.420833007588035,2025-09-30 10:56:59.503845
1.1822205048699177,14.370558852058899,2025-09-30 10:56:59.503845
0.3740074006458639,14.356892163041671,2025-09-30 10:56:59.503845
0.6581440613848117,14.917947568172362,2025-09-30 10:56:59.503845
0.755873698097067,15.189036474498856,2025-09-30 10:56:59.503845
0.7724135764999013,14.614223581034842,2025-09-30 10:56:59.503845
-1.0327425870035365,14.973018127282945,2025-09-30 10:56:59.503845
0.6692637009868704,14.710683965834452,2025-09-30 10:56:59.503845
0.5639105903337288,14.39435517693293,2025-09-30 10:56:59.503845
0.729190663761054,13.656829024548129,2025-09-30 10:56:59.503845
-0.5154421183547097,14.250075665090018,2025-09-30 10:56:59.503845
-1.3275272601614685,14.953127168005954,2025-09-30 10:56:59.503845
0.04777658544610417,14.506801241571209,2025-09-30 10:56:59.503845
1.5073671443236274,14.813181705053523,2025-09-30 10:56:59.503845
0.029318221505776544,14.400490815258392,2025-09-30 10:56:59.503845
0.2075056309320958,14.42341783908401,2025-09-30 10:56:59.503845
0.9405055402442043,14.730889784300002,2025-09-30 10:56:59.503845
-1.435679586080061,14.149862007604723,2025-09-30 10:56:59.503845
2.3992227397656465,14.210727619276696,2025-09-30 10:56:59.503845
-0.04064725700936031,15.107589354420787,2025-09-30 10:56:59.503845
-0.5588320087986242,14.188565094833198,2025-09-30 10:56:59.503845
0.17963029494055302,15.207298928873893,2025-09-30 10:56:59.503845
0.20107235634335208,14.407215887184279,2025-09-30 10:56:59.503845
-0.40348584997372916,14.657337176764376,2025-09-30 10:56:59.503845
0.6088467068857215,15.13076103059941,2025-09-30 10:56:59.503845
-1.0602778743187284,14.34461239737973,2025-09-30 10:56:59.503845
0.1275469479938967,14.589106289230203,2025-09-30 10:56:59.503845
0.25839801417547,14.095128942101042,2025-09-30 10:56:59.503845
-2.2635158480828816,14.89520162475458,2025-09-30 10:56:59.503845
0.4528773047178066,14.193385433030494,2025-09-30 10:56:59.503845
0.5573826302474243,15.054752266120389,2025-09-30 10:56:59.503845
1.2933513764960152,14.173652001357503,2025-09-30 10:56:59.503845
0.5551700297278795,16.173914537845086,2025-09-30 10:56:59.503845
0.0914842405041549,14.792411933009824,2025-09-30 10:56:59.503845
-1.143706404249843,14.377559846314055,2025-09-30 10:56:59.503845
-2.4716772395762376,14.928569483400581,2025-09-30 10:56:59.503845
-0.35382738228902905,14.658499571889232,2025-09-30 10:56:59.503845
-0.7614240494561407,14.443659236559288,2025-09-30 10:56:59.503845
-1.7074904793410322,14.634545281560266,2025-09-30 10:56:59.503845
0.45212849884324735,14.850551143478631,2025-09-30 10:56:59.503845
0.3979445689196932,14.883276285496361,2025-09-30 10:56:59.503845
-0.7225591497803671,15.043572680103237,2025-09-30 10:56:59.503845
0.8759839637460143,15.287439319891563,2025-09-30 10:56:59.503845
-0.13132615985138188,14.988081245094879,2025-09-30 10:56:59.503845
1.3710797295990338,14.889278804321851,2025-09-30 10:56:59.503845
0.16967845696236947,14.57724018276685,2025-09-30 10:56:59.503845
1.1190971182109437,14.549441934646723,2025-09-30 10:56:59.503845
0.8257267323492493,15.354572753508787,2025-09-30 10:56:59.503845
0.9578884602695305,14.14961194071871,2025-09-30 10:56:59.503845
1.1727341395582804,14.233706080889366,2025-09-30 10:56:59.503845
0.23246860886311768,14.94232990600279,2025-09-30 10:56:59.503845
1.6903070029517762,15.525461637626544,2025-09-30 10:56:59.503845
1.7327207487216245,15.218605251540787,2025-09-30 10:56:59.503845
-1.1143419460981734,14.694473160689373,2025-09-30 10:56:59.503845
-0.8660798154406434,14.233130529557604,2025-09-30 10:56:59.503845
-2.0483069237983815,14.214066475823879,2025-09-30 10:56:59.503845
0.6782582543034363,15.091524579797666,2025-09-30 10:56:59.503845
-0.39164308519510926,14.898517421099898,2025-09-30 10:56:59.503845
-2.275145402402687,14.312351391074326,2025-09-30 10:56:59.503845
-0.8409071404374208,15.56182803691034,2025-09-30 10:56:59.503845
0.512255711297012,14.48944312237714,2025-09-30 10:56:59.503845
0.9204791443785062,15.015898930704292,2025-09-30 10:56:59.503845
-1.969285551320664,14.881814023713963,2025-09-30 10:56:59.503845
0.8415100762502943,15.228660267249472,2025-09-30 10:56:59.503845
0.4107984901758199,14.666519880690407,2025-09-30 10:56:59.503845
-0.03042454541135921,15.015802142652413,2025-09-30 10:56:59.503845
-1.2073921655985393,14.961873126252499,2025-09-30 10:56:59.503845
0.7961474705602288,15.10311641196825,2025-09-30 10:56:59.503845
0.8607808493562319,15.235762971843576,2025-09-30 10:56:59.503845
-0.30233705215097806,15.005052876386904,2025-09-30 10:56:59.503845
0.5179489885350793,14.391281148286524,2025-09-30 10:56:59.503845
-0.5184002712859124,15.580527483297411,2025-09-30 10:56:59.503845
-0.26824232299067585,15.67717358894453,2025-09-30 10:56:59.503845
1.176279570513334,13.433735645453133,2025-09-30 10:56:59.503845
-0.2999828748998419,14.782591033321332,2025-09-30 10:56:59.503845
0.9197313103913556,15.246922562905004,2025-09-30 10:56:59.503845
-0.5203187924092851,15.062993689537038,2025-09-30 10:56:59.503845
1.7644517923108076,14.365239670504339,2025-09-30 10:56:59.503845
0.6775070867155414,14.302999577266991,2025-09-30 10:56:59.503845
-2.2165523957172364,14.428723127364307,2025-09-30 10:56:59.503845
-0.7067080944387201,16.015310204343542,2025-09-30 10:56:59.503845
-1.9314811515770482,15.470434813086499,2025-09-30 10:56:59.503845
-0.7140590099076464,14.39923816616918,2025-09-30 10:56:59.503845
0.16343103316705523,14.574071006329913,2025-09-30 10:56:59.503845
0.23747257196714583,14.686737235454821,2025-09-30 10:56:59.503845
-1.0678804779986253,15.086450343840362,2025-09-30 10:56:59.503845
-1.2320480200471846,14.492305066833442,2025-09-30 10:56:59.503845
-0.23130181355405594,14.710101256205276,2025-09-30 10:56:59.503845
-1.3726373091267459,15.514226547760167,2025-09-30 10:56:59.503845
0.9944549284708692,14.38987711875476,2025-09-30 10:56:59.503845
0.037100696900118746,14.775283148951786,2025-09-30 10:56:59.503845
-0.5044506164545313,14.639572189168447,2025-09-30 10:56:59.503845
0.9412147903718058,14.96197446718256,2025-09-30 10:56:59.503845
0.5454130049786052,14.621141975979947,2025-09-30 10:56:59.503845
0.04229000793356717,15.201668363075253,2025-09-30 10:56:59.503845
-0.15759583345029993,14.873170894877395,2025-09-30 10:56:59.503845
-0.9046551489778051,14.382668015588917,2025-09-30 10:56:59.503845
0.8992091159497217,15.172950964032369,2025-09-30 10:56:59.503845
-1.583442343398399,15.015697895174526,2025-09-30 10:56:59.503845
-0.8733968673955653,14.755538016965632,2025-09-30 10:56:59.503845
0.20879044524477736,14.681528021829221,2025-09-30 10:56:59.503845
0.35439885181623976,14.428349066199612,2025-09-30 10:56:59.503845
1.180722011055686,14.480219244069389,2025-09-30 10:56:59.503845
-0.4257870647624308,14.374991243835154,2025-09-30 10:56:59.503845
0.33997257942052744,14.198501947578904,2025-09-30 10:56:59.503845
1.5629682805121097,14.400990034272745,2025-09-30 10:56:59.503845
1.7940056095032106,15.542968771737979,2025-09-30 10:56:59.503845
0.5626364134287322,15.30970956729239,2025-09-30 10:56:59.503845
-0.7562737387584809,15.04853701632175,2025-09-30 10:56:59.503845
0.15068834346417054,14.853949919409326,2025-09-30 10:56:59.503845
-0.44167037305209533,14.031465162295726,2025-09-30 10:56:59.503845
0.8736420532096908,14.83139957873,2025-09-30 10:56:59.503845
-0.10046736237502153,14.953065176546671,2025-09-30 10:56:59.503845
0.08800199095336277,15.137774950921266,2025-09-30 10:56:59.503845
1.6432018277988267,14.334476292119302,2025-09-30 10:56:59.503845
1.4214681320334295,14.61433316170067,2025-09-30 10:56:59.503845
-0.4712710313642687,15.54486320613927,2025-09-30 10:56:59.503845
2.0286710605332368,14.259382561994322,2025-09-30 10:56:59.503845
0.8901522658248658,14.809398188987313,2025-09-30 10:56:59.503845
-0.34565030053758883,14.322768480901395,2025-09-30 10:56:59.503845
-1.1705792302759674,14.991990607545537,2025-09-30 10:56:59.503845
-1.3602924867858799,14.527095492232224,2025-09-30 10:56:59.503845
0.5029937745740903,15.37353946629526,2025-09-30 10:56:59.503845
-1.0114071935211049,14.559761617655578,2025-09-30 10:56:59.503845
-0.29347278858528325,14.416684019376325,2025-09-30 10:56:59.503845
-1.7193094984378126,15.828004629039452,2025-09-30 10:56:59.503845
0.30131425238532783,14.586581800304819,2025-09-30 10:56:59.503845
-1.1006758480856529,15.75070958726916,2025-09-30 10:56:59.503845
-0.3515571099204305,14.599111774445293,2025-09-30 10:56:59.503845
-0.7623183785603075,14.119490776545032,2025-09-30 10:56:59.503845
-0.24812636192283408,14.64984561777459,2025-09-30 10:56:59.503845
1.6773851260474781,14.766357201217122,2025-09-30 10:56:59.503845
0.21228339396534962,15.101325318024822,2025-09-30 10:56:59.503845
-0.3971228198655178,15.52344527961843,2025-09-30 10:56:59.503845
-0.3621981655603208,15.18255928472903,2025-09-30 10:56:59.503845
0.07435834713467371,14.401183487569766,2025-09-30 10:56:59.503845
0.7342271575084534,13.950769058274403,2025-09-30 10:56:59.503845
-0.4145077359559173,13.679445279070986,2025-09-30 10:56:59.503845
1.0202461313028854,15.414757584173895,2025-09-30 10:56:59.503845
0.6919969781117815,14.72906751442213,2025-09-30 10:56:59.503845
1.1801275902091284,15.212584093989648,2025-09-30 10:56:59.503845
1.1022593079141922,14.080651241573195,2025-09-30 10:56:59.503845
-0.7028090300803675,14.381111963615172,2025-09-30 10:56:59.503845
-1.268766735582725,15.647215916956988,2025-09-30 10:56:59.503845
-0.5414022020120266,14.309846428221237,2025-09-30 10:56:59.503845
-0.7238568421486007,14.962926667027235,2025-09-30 10:56:59.503845
-0.4612390247844468,13.843945961813821,2025-09-30 10:56:59.503845
0.19708472135321653,14.391802994699553,2025-09-30 10:56:59.503845
-0.7157415051387429,15.295466534227327,2025-09-30 10:56:59.503845
-0.684070026153909,14.067576356316266,2025-09-30 10:56:59.503845
-0.034527638399964325,14.447982672581206,2025-09-30 10:56:59.503845
1.4791991430834988,14.451663518136263,2025-09-30 10:56:59.503845
1.512317087752923,14.666977401747706,2025-09-30 10:56:59.503845
1.685923743561392,14.1500826704678,2025-09-30 10:56:59.503845
1.391476350257523,14.77382531235234,2025-09-30 10:56:59.503845
1.4396431363582263,13.898094718567066,2025-09-30 10:56:59.503845
-0.11932997509743104,14.265976908612897,2025-09-30 10:56:59.503845
-0.2363078609004634,15.02319799025469,2025-09-30 10:56:59.503845
-0.7426304716782097,14.935676173581593,2025-09-30 10:56:59.503845
0.1775077676886487,14.383096592503023,2025-09-30 10:56:59.503845
-0.20269738059469034,14.553900447956282,2025-09-30 10:56:59.503845
-0.15481225255069633,13.99036928177508,2025-09-30 10:56:59.503845
-0.14101177214017113,14.899036571103053,2025-09-30 10:56:59.503845
-0.6565425049724438,14.466302800625034,2025-09-30 10:56:59.503845
-1.52269780739097,14.032471515954034,2025-09-30 10:56:59.503845
0.11865490286331641,15.294699478097963,2025-09-30 10:56:59.503845
-0.1846558933083501,14.67227624116785,2025-09-30 10:56:59.503845
1.5679392216638883,14.696991750422313,2025-09-30 10:56:59.503845
1.404523965757483,14.287970136627608,2025-09-30 10:56:59.503845
1.6428266753196898,14.890763006555547,2025-09-30 10:56:59.503845
0.7090393041229849,15.173256133249065,2025-09-30 10:56:59.503845
-0.33035265304927247,15.284248848519045,2025-09-30 10:56:59.503845
0.9331854449492339,14.543978411850969,2025-09-30 10:56:59.503845
-1.3442401652458131,14.188617998111665,2025-09-30 10:56:59.503845
0.543055762324544,14.607798316510918,2025-09-30 10:56:59.503845
0.4481348776555791,14.04608538451679,2025-09-30 10:56:59.503845
-0.5997028455671835,15.263217396323896,2025-09-30 10:56:59.503845
0.18292568452735786,14.77749591659394,2025-09-30 10:56:59.503845
0.44062932562690144,14.164430842865503,2025-09-30 10:56:59.503845
-0.39398963652587393,15.154258172433714,2025-09-30 10:56:59.503845
0.6270971424084864,14.442760467578028,2025-09-30 10:56:59.503845
-0.06268819056354666,14.938039136645791,2025-09-30 10:56:59.503845
-0.2840610149735528,14.819778892833867,2025-09-30 10:56:59.503845
-0.3581890890886762,14.364412410974923,2025-09-30 10:56:59.503845
-0.5106572384693009,15.539636056382761,2025-09-30 10:56:59.503845
1.872154595895294,14.94402664980475,2025-09-30 10:56:59.503845
0.15454115264821128,14.358569242698383,2025-09-30 10:56:59.503845
1.0662442602983604,14.79133448905213,2025-09-30 10:56:59.503845
2.958369519410882,15.183159286033943,2025-09-30 10:56:59.503845
0.6146858872283282,15.291902104185398,2025-09-30 10:56:59.503845
0.7914193574107853,15.125739231612753,2025-09-30 10:56:59.503845
0.2402157080075969,15.200225057748307,2025-09-30 10:56:59.503845
-0.2398631919142599,15.443524527106591,2025-09-30 10:56:59.503845
3.073601149180756,13.935728143567527,2025-09-30 10:56:59.503845
0.20479716350637645,14.85717640067067,2025-09-30 10:56:59.503845
0.32492375335537843,14.145642506781972,2025-09-30 10:56:59.503845
0.45759071613179936,14.766176705660326,2025-09-30 10:56:59.503845
0.707116880233878,14.970682308309872,2025-09-30 10:56:59.503845
-0.9315086928324187,14.828029262284192,2025-09-30 10:56:59.503845
-0.9512758488325774,14.690494817990517,2025-09-30 10:56:59.503845
-0.019114134596073733,15.215435189056068,2025-09-30 10:56:59.503845
-0.22262452311122286,15.057245803981374,2025-09-30 10:56:59.503845
0.9663124931205516,14.834421227803826,2025-09-30 10:56:59.503845
-1.1375053815055398,14.993757854298583,2025-09-30 10:56:59.503845
-0.3898459284306038,15.203736925761323,2025-09-30 10:56:59.503845
1.2373966524976538,15.178463902778375,2025-09-30 10:56:59.503845
-0.6818999947038823,14.401114768864465,2025-09-30 10:56:59.503845
0.9677218281593172,14.689089883454773,2025-09-30 10:56:59.503845
-1.1057053324849149,14.439973393314954,2025-09-30 10:56:59.503845
0.05555342277940033,14.506744454629048,2025-09-30 10:56:59.503845
-1.2683080076323203,15.016380306039816,2025-09-30 10:56:59.503845
0.35294479626051384,15.071500737281315,2025-09-30 10:56:59.503845
0.2893606835883688,14.257824821136673,2025-09-30 10:56:59.503845
-1.2511125635425486,14.787003615625055,2025-09-30 10:56:59.503845
-0.8363003999024011,14.423367167312787,2025-09-30 10:56:59.503845
0.6651699494937766,14.421250591183876,2025-09-30 10:56:59.503845
-0.80738660302087,15.252462843357673,2025-09-30 10:56:59.503845
1.526512160818319,15.040969550686754,2025-09-30 10:56:59.503845
2.1592084493777683,14.95904351349745,2025-09-30 10:56:59.503845
1.4334353551250953,15.430635495211728,2025-09-30 10:56:59.503845
-0.42441436256178533,14.418405834038884,2025-09-30 10:56:59.503845
0.14628166596952275,14.62524148122891,2025-09-30 10:56:59.503845
0.6141740968515605,15.481432557384997,2025-09-30 10:56:59.503845
2.12047184230766,14.659655692198163,2025-09-30 10:56:59.503845
-0.7577496671250507,15.376250434779909,2025-09-30 10:56:59.503845
-0.47816753487958286,14.749960032329017,2025-09-30 10:56:59.503845
1.1620815729649496,14.516997927954279,2025-09-30 10:56:59.503845
-1.610406158149227,14.273077317058886,2025-09-30 10:56:59.503845
-1.7718165513279585,15.418531509647549,2025-09-30 10:56:59.503845
0.4172673870731205,14.65345969247333,2025-09-30 10:56:59.503845
1.5558395470852087,14.927214520059826,2025-09-30 10:56:59.503845
0.40622254699562715,15.487134751276127,2025-09-30 10:56:59.503845
-0.44755171744401967,14.410494087260385,2025-09-30 10:56:59.503845
1.1770960220360118,15.303859925486996,2025-09-30 10:56:59.503845
2.386163423989937,14.99737518099753,2025-09-30 10:56:59.503845
0.11866723350335291,14.740415317235415,2025-09-30 10:56:59.503845
-0.7397138819500395,15.155107502474673,2025-09-30 10:56:59.503845
0.592773838045357,15.057659486648493,2025-09-30 10:56:59.503845
-0.5995783040261043,14.916797612664945,2025-09-30 10:56:59.503845
0.4581754199789785,14.533042449060577,2025-09-30 10:56:59.503845
0.01944640580071406,14.431874380312214,2025-09-30 10:56:59.503845
0.057793919648986884,14.163347263715904,2025-09-30 10:56:59.503845
-1.3269245905880414,14.18294501829378,2025-09-30 10:56:59.503845
-1.388979792481108,14.549845318417265,2025-09-30 10:56:59.503845
-0.0998364281983231,14.74770832474217,2025-09-30 10:56:59.503845
0.30786713859862136,15.551740270604876,2025-09-30 10:56:59.503845
-0.16893461340277643,15.283410019676872,2025-09-30 10:56:59.503845
1.2956604008072792,14.842327046000856,2025-09-30 10:56:59.503845
0.7746434317978484,13.823673120399588,2025-09-30 10:56:59.503845
-0.5054529575020262,15.218031975705284,2025-09-30 10:56:59.503845
-0.19831679563259752,14.916876748517424,2025-09-30 10:56:59.503845
-0.06436323909437328,15.112018180676188,2025-09-30 10:56:59.503845
-1.5385462939875898,14.327658108478325,2025-09-30 10:56:59.503845
-0.36252202822408824,14.719613010476417,2025-09-30 10:56:59.503845
0.6540243813603311,15.684423542808505,2025-09-30 10:56:59.503845
0.37096908770065795,13.862950034838226,2025-09-30 10:56:59.503845
0.8772017953878082,14.55144747311671,2025-09-30 10:56:59.503845
-1.189993346348147,14.840755126157255,2025-09-30 10:56:59.503845
-0.07710831054177,14.41131233401942,2025-09-30 10:56:59.503845
-0.2382904272422716,14.678898847499019,2025-09-30 10:56:59.503845
-0.6297068178755294,14.708222392143842,2025-09-30 10:56:59.503845
-0.08880558042493142,15.236102122091458,2025-09-30 10:56:59.503845
-1.960462763081777,15.109669155996325,2025-09-30 10:56:59.503845
-0.9740866663799359,14.821592209549623,2025-09-30 10:56:59.503845
1.0988706035965883,15.044385034025227,2025-09-30 10:56:59.503845
-0.3511998488790543,14.998930377959518,2025-09-30 10:56:59.503845
0.3278800890031977,13.803501289347558,2025-09-30 10:56:59.503845
-0.8914561955935199,14.75806706484758,2025-09-30 10:56:59.503845
-0.32306412905647874,14.680432124487735,2025-09-30 10:56:59.503845
-0.4625585369034558,15.176092601683104,2025-09-30 10:56:59.503845
-1.1289479840828114,13.884951446822267,2025-09-30 10:56:59.503845
-1.3046693674293528,15.082393350337979,2025-09-30 10:56:59.503845
-1.5407577127402554,14.76849650345809,2025-09-30 10:56:59.503845
1.5232374001966116,14.87870804443442,2025-09-30 10:56:59.503845
0.007314200307060647,14.58748521240667,2025-09-30 10:56:59.503845
-0.3936966162704503,14.978149006282685,2025-09-30 10:56:59.503845
-0.5324280215082808,14.718386918182764,2025-09-30 10:56:59.503845
-0.021993427364732355,14.725660329069074,2025-09-30 10:56:59.503845
-0.3651284432636143,14.16426740681823,2025-09-30 10:56:59.503845
0.6383940365390692,14.047356667998475,2025-09-30 10:56:59.503845
1.707025705422123,15.506716631950912,2025-09-30 10:56:59.503845
0.3354503374542779,15.33901580838461,2025-09-30 10:56:59.503845
-0.9114267294584292,14.869343403078371,2025-09-30 10:56:59.503845
-0.27168758149935673,14.545887636403439,2025-09-30 10:56:59.503845
0.3875155972733029,15.489026249197302,2025-09-30 10:56:59.503845
1.624955045866666,15.279545219532242,2025-09-30 10:56:59.503845
0.08673561677850623,14.524471804536736,2025-09-30 10:56:59.503845
1.9837625980864546,14.37119060064082,2025-09-30 10:56:59.503845
-1.999070749486833,14.530841257094819,2025-09-30 10:56:59.503845
-0.14634743548664855,14.896090898169923,2025-09-30 10:56:59.503845
-1.0351347978044483,14.583090132992949,2025-09-30 10:56:59.503845
1.3875723178129973,14.952744970356711,2025-09-30 10:56:59.503845
-1.1209621554889702,14.759479547770871,2025-09-30 10:56:59.503845
-0.4751420990338861,15.035114560341936,2025-09-30 10:56:59.503845
0.9747477643302538,14.625962843332694,2025-09-30 10:56:59.503845
-1.037177279221312,14.599901452093228,2025-09-30 10:56:59.503845
-1.1433537721251397,14.877928790578958,2025-09-30 10:56:59.503845
0.45358354367603504,14.278550570780641,2025-09-30 10:56:59.503845
-0.7105372475950676,15.181730871470162,2025-09-30 10:56:59.503845
0.4068525564606082,15.091879097455452,2025-09-30 10:56:59.503845
1.0782813016012043,14.463453727894901,2025-09-30 10:56:59.503845
0.09877965263786452,15.213968322610809,2025-09-30 10:56:59.503845
1.3672613671601008,14.447523994821792,2025-09-30 10:56:59.503845
-0.9207893927528695,15.53439295104712,2025-09-30 10:56:59.503845
-0.5481315774951547,14.537055224312795,2025-09-30 10:56:59.503845
-0.6605521131989138,14.464801157635076,2025-09-30 10:56:59.503845
0.43503117227116433,15.240078505129816,2025-09-30 10:56:59.503845
0.3300308023164988,14.544548165342185,2025-09-30 10:56:59.503845
0.5058361021205611,14.34678882391,2025-09-30 10:56:59.503845
1.158435377884596,14.8412778506695,2025-09-30 10:56:59.503845
-0.252086287996804,14.22252786749577,2025-09-30 10:56:59.503845
0.878361009971417,15.064237040080974,2025-09-30 10:56:59.503845
0.9033694478455409,14.676744410434706,2025-09-30 10:56:59.503845
0.9331967229823354,14.984030030113642,2025-09-30 10:56:59.503845
0.1225006575054525,13.845291866296028,2025-09-30 10:56:59.503845
-0.5858577183894518,14.790996688586858,2025-09-30 10:56:59.503845
-0.6256486787269836,14.38660841142187,2025-09-30 10:56:59.503845
-0.3823338879315891,15.463833788802129,2025-09-30 10:56:59.503845
-0.2500790654909055,14.727710603518792,2025-09-30 10:56:59.503845
-0.7146390086367055,14.469406383217594,2025-09-30 10:56:59.503845
1.9704719268153845,15.090723346411513,2025-09-30 10:56:59.503845
0.4701441443340931,14.58966112941575,2025-09-30 10:56:59.503845
0.010773093297118369,14.743760967523432,2025-09-30 10:56:59.503845
-1.6503342007561284,15.13804595912094,2025-09-30 10:56:59.503845
0.45692821651415605,16.011151156742653,2025-09-30 10:56:59.503845
0.33180420583125425,14.616564663252785,2025-09-30 10:56:59.503845
-0.7136678078808304,14.736600895739945,2025-09-30 10:56:59.503845
-0.439483945290718,14.334770726989575,2025-09-30 10:56:59.503845
-0.9939053929668732,14.394447018480935,2025-09-30 10:56:59.503845
-0.16186409764057097,15.150320881240201,2025-09-30 10:56:59.503845
0.7605239043980573,15.292980518274938,2025-09-30 10:56:59.503845
0.9188841573932253,14.160333798216142,2025-09-30 10:56:59.503845
-0.12552346613694015,14.904831375860104,2025-09-30 10:56:59.503845
1.0385582649242648,14.33579943838095,2025-09-30 10:56:59.503845
0.5684144637245991,14.489288913889439,2025-09-30 10:56:59.503845
0.29421556652053305,14.832325168377846,2025-09-30 10:56:59.503845
0.3038155529949511,15.992403241336165,2025-09-30 10:56:59.503845
-0.5972355229516038,15.58237251197147,2025-09-30 10:56:59.503845
1.6953083202881034,14.75590384838992,2025-09-30 10:56:59.503845
-1.883569168434322,14.4667154848679,2025-09-30 10:56:59.503845
1.263465724008642,13.929254762923721,2025-09-30 10:56:59.503845
-1.2517038703241938,14.431529021435272,2025-09-30 10:56:59.503845
1.0513458696613538,14.893978040793836,2025-09-30 10:56:59.503845
-0.08527781446282642,14.844698621536056,2025-09-30 10:56:59.503845
2.656022184918766,14.532106484703958,2025-09-30 10:56:59.503845
-0.6914634497413134,15.533419069263285,2025-09-30 10:56:59.503845
0.08594767620655346,14.782968372023445,2025-09-30 10:56:59.503845
-2.890364029558941,14.797333093056345,2025-09-30 10:56:59.503845
-0.6279960459859089,15.004457727729392,2025-09-30 10:56:59.503845
0.5197578986127513,14.897702724133964,2025-09-30 10:56:59.503845
-0.031015618592708887,14.899772863272041,2025-09-30 10:56:59.503845
-0.8531034693650276,14.619317729291064,2025-09-30 10:56:59.503845
-0.030310128060647264,15.176181275394784,2025-09-30 10:56:59.503845
0.3524145290668956,15.3214052526083,2025-09-30 10:56:59.503845
-0.17114239976921727,14.620180589188607,2025-09-30 10:56:59.503845
1.1241561896090175,15.1171786841246,2025-09-30 10:56:59.503845
-0.8216071807776494,14.544957315723225,2025-09-30 10:56:59.503845
0.6320731255021926,14.361605530093819,2025-09-30 10:56:59.503845
-0.004088012200233965,14.560070513240877,2025-09-30 10:56:59.503845
-0.8515251566932724,14.245923381454212,2025-09-30 10:56:59.503845
-0.358835177556699,14.377737876810171,2025-09-30 10:56:59.503845
-0.23645682225832088,14.33037782709306,2025-09-30 10:56:59.503845
0.3543702363030724,14.647698782405561,2025-09-30 10:56:59.503845
0.45519125379258224,15.28734779876451,2025-09-30 10:56:59.503845
-0.6327248126976904,14.927372649413872,2025-09-30 10:56:59.503845
1.8943736395390327,14.123326172389524,2025-09-30 10:56:59.503845
1.76474931244451,15.152970257173545,2025-09-30 10:56:59.503845
-0.19533252581072397,14.216786453078534,2025-09-30 10:56:59.503845
0.057814607141675016,14.926026604691678,2025-09-30 10:56:59.503845
0.9663949370201742,14.840580652154564,2025-09-30 10:56:59.503845
-0.4217788551279861,15.605263638206928,2025-09-30 10:56:59.503845
0.17355871824296415,13.790189323246128,2025-09-30 10:56:59.503845
-0.2172825159593858,14.732034498675805,2025-09-30 10:56:59.503845
2.4550157593242967,14.65294655509083,2025-09-30 10:56:59.503845
-2.383652644657887,15.134461857828445,2025-09-30 10:56:59.503845
1.0399456631495603,14.794400952668157,2025-09-30 10:56:59.503845
0.40409256110718833,14.546440920119872,2025-09-30 10:56:59.503845
0.1589960685033827,14.476031738191152,2025-09-30 10:56:59.503845
0.19369362314521,14.432454380209858,2025-09-30 10:56:59.503845
-0.04063779017642889,14.862839340109147,2025-09-30 10:56:59.503845
-0.7095568994939797,14.270572601572598,2025-09-30 10:56:59.503845
0.4474711810132314,15.416115146825799,2025-09-30 10:56:59.503845
-0.9184590319241078,14.609530147616406,2025-09-30 10:56:59.503845
0.6217225862898281,14.613604165790665,2025-09-30 10:56:59.503845
-1.1266502751960141,14.530938376541753,2025-09-30 10:56:59.503845
0.47305882028608676,14.816864556617187,2025-09-30 10:56:59.503845
-1.121827616691815,14.58955524378485,2025-09-30 10:56:59.503845
-0.8181906456504611,15.14862472814125,2025-09-30 10:56:59.503845
-0.32934683361446215,15.147435573533336,2025-09-30 10:56:59.503845
-2.3589608696211095,14.900049389377012,2025-09-30 10:56:59.503845
-0.3497695429903237,14.64461931696467,2025-09-30 10:56:59.503845
-0.3212671715998361,14.90296043252278,2025-09-30 10:56:59.503845
0.3186115601044297,14.712208877790935,2025-09-30 10:56:59.503845
-1.210247273310334,15.324412688944086,2025-09-30 10:56:59.503845
-2.8262022496026042,14.49515315471762,2025-09-30 10:56:59.503845
0.9776412048535917,13.945464478553252,2025-09-30 10:56:59.503845
1.409947695602972,14.56280252070913,2025-09-30 10:56:59.503845
-0.9338536066409405,14.789440995955275,2025-09-30 10:56:59.503845
-0.11329268370617401,14.757688974571094,2025-09-30 10:56:59.503845
-0.2686484911411644,14.77693504168508,2025-09-30 10:56:59.503845
-1.3418805363937258,14.794745144338851,2025-09-30 10:56:59.503845
0.6234076696944952,14.738286225730125,2025-09-30 10:56:59.503845
1.1045701664007508,14.344960665320343,2025-09-30 10:56:59.503845
-2.195902786427662,14.415398494198916,2025-09-30 10:56:59.503845
-0.7574607991824935,14.700145521883412,2025-09-30 10:56:59.503845
0.5431807038260269,15.228458613333647,2025-09-30 10:56:59.503845
0.5562437246270355,14.93249906827072,2025-09-30 10:56:59.503845
2.163318019495329,14.412421374750755,2025-09-30 10:56:59.503845
-0.5912740396130945,14.086617104011818,2025-09-30 10:56:59.503845
-1.2393768803333374,14.784566975080253,2025-09-30 10:56:59.503845
0.10946030353532338,14.829225273417208,2025-09-30 10:56:59.503845
0.23912925879748229,14.571224698495884,2025-09-30 10:56:59.503845
0.7286453038170205,14.999664657394984,2025-09-30 10:56:59.503845
-0.5686461844900987,14.645742798750662,2025-09-30 10:56:59.503845
1.198237677378357,14.41267671590382,2025-09-30 10:56:59.503845
-0.28474022569217206,14.425549972871503,2025-09-30 10:56:59.503845
0.3175012466094721,15.061976817336895,2025-09-30 10:56:59.503845
-1.0581735591089072,14.5450490789105,2025-09-30 10:56:59.503845
2.283049816006639,15.382231368498926,2025-09-30 10:56:59.503845
1.1424078068837575,15.483684194872355,2025-09-30 10:56:59.503845
-1.6505616830051677,14.073758270041637,2025-09-30 10:56:59.503845
1.423190677558097,14.22602043092592,2025-09-30 10:56:59.503845
-0.5772120343038253,14.588289980469602,2025-09-30 10:56:59.503845
0.4946321496404658,13.748203404644396,2025-09-30 10:56:59.503845
-0.4776247994279757,14.711254776903568,2025-09-30 10:56:59.503845
0.7158805682255566,13.953335022485913,2025-09-30 10:56:59.503845
0.5971984000607887,14.621312117402223,2025-09-30 10:56:59.503845
-0.33151728494773625,13.630248999357942,2025-09-30 10:56:59.503845
-0.32172148459655836,14.17937022079986,2025-09-30 10:56:59.503845
-0.7774086064204632,14.25079443386076,2025-09-30 10:56:59.503845
-0.06371719678471585,13.744006787249049,2025-09-30 10:56:59.503845
1.383140055531384,14.601165313518429,2025-09-30 10:56:59.503845
0.020225799330160013,14.174314325927268,2025-09-30 10:56:59.503845
0.49908412760330556,14.459320608654998,2025-09-30 10:56:59.503845
1.2943265766097964,13.840538748332404,2025-09-30 10:56:59.503845
0.2377526345207308,14.55775360949843,2025-09-30 10:56:59.503845
-1.5499496042614602,14.924360920986523,2025-09-30 10:56:59.503845
0.0661457379176226,14.47402340015933,2025-09-30 10:56:59.503845
0.12821748041944153,15.338290026640541,2025-09-30 10:56:59.503845
-0.22688075094782104,14.634401990695903,2025-09-30 10:56:59.503845
-1.7953010148592028,14.65689470578479,2025-09-30 10:56:59.503845
0.7360086326558866,15.112145078042062,2025-09-30 10:56:59.503845
0.17204553968122469,14.538589360807622,2025-09-30 10:56:59.503845
-1.163884944865325,15.30345738223928,2025-09-30 10:56:59.503845
0.5818806398401204,15.166852316122815,2025-09-30 10:56:59.503845
-0.11813111635278487,15.520132080378175,2025-09-30 10:56:59.503845
0.25847722738472395,15.526833844177462,2025-09-30 10:56:59.503845
-0.12585788338607068,14.128632191591738,2025-09-30 10:56:59.503845
0.7049583451566233,14.804640836783946,2025-09-30 10:56:59.503845
-0.1626645377345146,14.224705074083934,2025-09-30 10:56:59.503845
-0.554721474476365,14.231917813954807,2025-09-30 10:56:59.503845
-1.0099346424942843,14.49669209308371,2025-09-30 10:56:59.503845
-0.4843403613345014,14.342811968003126,2025-09-30 10:56:59.503845
-1.2651319263135539,14.663534973161681,2025-09-30 10:56:59.503845
0.7693774093824938,14.385385726040344,2025-09-30 10:56:59.503845
-0.11624730527114129,14.698277009530882,2025-09-30 10:56:59.503845
1.8515512189582328,13.745436681787226,2025-09-30 10:56:59.503845
0.35975389156647014,14.329107069181703,2025-09-30 10:56:59.503845
0.9649810655012284,14.16108495112418,2025-09-30 10:56:59.503845
0.5549940517197829,14.623108950919299,2025-09-30 10:56:59.503845
0.6564355177142033,14.765743847770105,2025-09-30 10:56:59.503845
-2.777668300029157,13.893709133787494,2025-09-30 10:56:59.503845
-0.13876094434911584,14.39440284736264,2025-09-30 10:56:59.503845
-0.5092566781569924,15.856661082272616,2025-09-30 10:56:59.503845
0.5658524389893763,14.023915235203841,2025-09-30 10:56:59.503845
-2.153760566186617,14.274748230185056,2025-09-30 10:56:59.503845
-0.16799912209445825,14.719660305818302,2025-09-30 10:56:59.503845
-0.4751485337283718,13.683422097468185,2025-09-30 10:56:59.503845
0.32594457232850327,14.473779805956605,2025-09-30 10:56:59.503845
-1.649281888703857,15.15744181979161,2025-09-30 10:56:59.503845
-0.004854011669559737,14.900285203864637,2025-09-30 10:56:59.503845
-1.3113366909527335,15.168103301054833,2025-09-30 10:56:59.503845
-0.6690179412607828,14.64846886653385,2025-09-30 10:56:59.503845
-0.48874564221297134,15.079221038451628,2025-09-30 10:56:59.503845
0.08997437728755209,14.364808881436055,2025-09-30 10:56:59.503845
2.3978248915402425,14.782057355913235,2025-09-30 10:56:59.503845
-1.0675247724527583,14.388336985144973,2025-09-30 10:56:59.503845
1.5100548046080275,15.46559007843086,2025-09-30 10:56:59.503845
-0.4902581871103124,14.509194245037301,2025-09-30 10:56:59.503845
1.261291815198928,14.611725852131983,2025-09-30 10:56:59.503845
-0.11611256074101023,14.973603648770407,2025-09-30 10:56:59.503845
-0.5608078026056545,14.968947291597718,2025-09-30 10:56:59.503845
-1.2382695966614756,15.007314284888603,2025-09-30 10:56:59.503845
-0.3320479927208133,15.25004184154441,2025-09-30 10:56:59.503845
1.503860170793208,14.499831309522857,2025-09-30 10:56:59.503845
0.2833079288268695,14.117006267160372,2025-09-30 10:56:59.503845
0.6764085967943809,14.651541053786827,2025-09-30 10:56:59.503845
0.5202221197556534,14.412934910103564,2025-09-30 10:56:59.503845
0.16444691693550914,14.546727904995006,2025-09-30 10:56:59.503845
0.8525644969677165,14.80951909540877,2025-09-30 10:56:59.503845
0.7558129847019599,13.945381613230765,2025-09-30 10:56:59.503845
-0.572483168774292,13.922740493451817,2025-09-30 10:56:59.503845
0.32247487170097716,14.930546330078686,2025-09-30 10:56:59.503845
-1.4158780196982568,14.464299431509751,2025-09-30 10:56:59.503845
0.28634901576701494,14.845844027121595,2025-09-30 10:56:59.503845
-2.051853049397652,14.381205583905125,2025-09-30 10:56:59.503845
0.4640219685774675,14.856528690856374,2025-09-30 10:56:59.503845
-1.351327805443198,14.763164766510325,2025-09-30 10:56:59.503845
0.40464319789367764,14.731304420952062,2025-09-30 10:56:59.503845
-0.07096303046104133,14.3860438212619,2025-09-30 10:56:59.503845
-1.6436250346667238,14.620966772236198,2025-09-30 10:56:59.503845
-1.0955046739801018,15.37485884785223,2025-09-30 10:56:59.503845
0.6670812591345803,13.869102869322928,2025-09-30 10:56:59.503845
0.49751355265759134,15.146841971701123,2025-09-30 10:56:59.503845
2.7577179830679146,14.831748079036196,2025-09-30 10:56:59.503845
0.29372229056385174,15.02821744491106,2025-09-30 10:56:59.503845
-1.5641793868682319,14.684763371989776,2025-09-30 10:56:59.503845
1.3479055444991364,14.37205003192435,2025-09-30 10:56:59.503845
-0.7734594873222174,14.481551071180464,2025-09-30 10:56:59.503845
0.28230454775699254,14.76029727053138,2025-09-30 10:56:59.503845
-0.7380000581224216,14.478685237818778,2025-09-30 10:56:59.503845
0.014922573894041438,14.834817188763623,2025-09-30 10:56:59.503845
0.5483780268935337,14.46146784457387,2025-09-30 10:56:59.503845
0.2001140128093553,14.496464084263925,2025-09-30 10:56:59.503845
-0.5086879680899516,14.14582460145417,2025-09-30 10:56:59.503845
0.15245049311593878,14.582278366850675,2025-09-30 10:56:59.503845
-0.06473243073129924,14.765965119387909,2025-09-30 10:56:59.503845
1.1301502741078824,14.117716858370176,2025-09-30 10:56:59.503845
1.2539441127638729,14.790726643544659,2025-09-30 10:56:59.503845
-3.0287820239010057,13.649728688477392,2025-09-30 10:56:59.503845
-0.3820294417373872,14.217218293604128,2025-09-30 10:56:59.503845
-0.10217100774078622,14.303547213153152,2025-09-30 10:56:59.503845
-0.5147183102081936,14.623646503362625,2025-09-30 10:56:59.503845
0.07256509399248129,14.73632198252709,2025-09-30 10:56:59.503845
-1.5320224212564544,15.376969104260995,2025-09-30 10:56:59.503845
0.9884470918930727,14.37984791737097,2025-09-30 10:56:59.503845
0.9013919769571356,15.01590282579918,2025-09-30 10:56:59.503845
0.5441405309049123,15.298596252351158,2025-09-30 10:56:59.503845
0.611452477579586,14.315940239249096,2025-09-30 10:56:59.503845
-0.15865245818882806,14.63445616460387,2025-09-30 10:56:59.503845
-0.06026818599404323,13.984030707444067,2025-09-30 10:56:59.503845
0.2436107683934069,13.90696468436816,2025-09-30 10:56:59.503845
-0.3778801277241159,14.598411324913322,2025-09-30 10:56:59.503845
-1.4112074585796863,14.956632499496479,2025-09-30 10:56:59.503845
0.3588708370380828,13.847427189830086,2025-09-30 10:56:59.503845
0.4524004783444503,14.443418612010356,2025-09-30 10:56:59.503845
1.0348424652867942,15.363514489292122,2025-09-30 10:56:59.503845
0.9374847863009705,14.487476361107538,2025-09-30 10:56:59.503845
1.172835223991355,14.543775451192015,2025-09-30 10:56:59.503845
0.7334762043441786,14.746273549620918,2025-09-30 10:56:59.503845
1.6032400065900116,13.977870032394751,2025-09-30 10:56:59.503845
-1.71415352312993,14.705072812838122,2025-09-30 10:56:59.503845
0.4137704244487817,15.087561778512269,2025-09-30 10:56:59.503845
-1.867092722214029,14.118741836153298,2025-09-30 10:56:59.503845
0.16005569627860558,15.345485643990823,2025-09-30 10:56:59.503845
0.13532231464958294,14.305239533667827,2025-09-30 10:56:59.503845
-0.8293611184620148,14.341116697194002,2025-09-30 10:56:59.503845
-0.06338186804133719,15.0056715500421,2025-09-30 10:56:59.503845
-0.47217977128277616,14.961491151517842,2025-09-30 10:56:59.503845
0.5965875502331122,14.714080256511478,2025-09-30 10:56:59.503845
-0.42824917442148824,14.26915964428766,2025-09-30 10:56:59.503845
1.2398830873716444,14.872982314210518,2025-09-30 10:56:59.503845
-2.897146817110797,14.070439195523369,2025-09-30 10:56:59.503845
0.9150904393071243,14.662838630631954,2025-09-30 10:56:59.503845
-0.7822803535020829,15.383967544603914,2025-09-30 10:56:59.503845
0.1290927804603485,15.488721633170936,2025-09-30 10:56:59.503845
2.8595007762930513,15.023049934543128,2025-09-30 10:56:59.503845
-0.358893249361063,14.894933431381906,2025-09-30 10:56:59.503845
-1.565057745946678,15.4710921024005,2025-09-30 10:56:59.503845
0.12368747994018861,14.800605491998208,2025-09-30 10:56:59.503845
1.0061630079896975,14.057864727263896,2025-09-30 10:56:59.503845
-0.14768107112900014,14.094044720093686,2025-09-30 10:56:59.503845
0.5315086596049244,14.598580613794454,2025-09-30 10:56:59.503845
-0.2875199138285624,13.977998013203987,2025-09-30 10:56:59.503845
-1.3002056458814188,15.237229744288959,2025-09-30 10:56:59.503845
0.7515701323963733,14.745034703230695,2025-09-30 10:56:59.503845
0.2934067369543694,14.744464519500363,2025-09-30 10:56:59.503845
-0.6119246326012826,14.434582440513669,2025-09-30 10:56:59.503845
0.5648076054187877,14.858726373820001,2025-09-30 10:56:59.503845
1.409528611182292,14.905672043537734,2025-09-30 10:56:59.503845
-1.1683140395934257,14.355469141978016,2025-09-30 10:56:59.503845
0.7572227782527551,13.59598024080222,2025-09-30 10:56:59.503845
-0.6309681157214101,15.252720853583854,2025-09-30 10:56:59.503845
-0.3520876875314813,14.540143078821107,2025-09-30 10:56:59.503845
-0.8602239263789366,14.423308590594425,2025-09-30 10:56:59.503845
-1.6766417278614987,15.479492102195625,2025-09-30 10:56:59.503845
0.20922327029163515,15.458186781863578,2025-09-30 10:56:59.503845
-0.4611856902506936,14.973519134717057,2025-09-30 10:56:59.503845
-0.09827187630483616,14.459346322043373,2025-09-30 10:56:59.503845
-0.5630751501266539,15.085494226132036,2025-09-30 10:56:59.503845
0.015461732497892414,14.889284185552407,2025-09-30 10:56:59.503845
0.03713317511473329,14.694442228690296,2025-09-30 10:56:59.503845
0.17785468397975415,14.85918820675171,2025-09-30 10:56:59.503845
-0.17652264219137653,14.763658567107205,2025-09-30 10:56:59.503845
0.43571930841038387,14.005363143308745,2025-09-30 10:56:59.503845
-1.6352739635525415,15.307218478515765,2025-09-30 10:56:59.503845
1.2011391593185665,15.411969154200012,2025-09-30 10:56:59.503845
-0.6885294851469155,14.882396373743589,2025-09-30 10:56:59.503845
1.1368115075805176,14.921066535762497,2025-09-30 10:56:59.503845
0.5368518130925163,14.351564143827463,2025-09-30 10:56:59.503845
0.6302596847410308,14.638352399429692,2025-09-30 10:56:59.503845
0.35211772318584983,14.402042513238356,2025-09-30 10:56:59.503845
0.8093061413076134,15.033328299140914,2025-09-30 10:56:59.503845
1.4872393747542045,14.060608039019577,2025-09-30 10:56:59.503845
2.299831140041232,14.533402355870122,2025-09-30 10:56:59.503845
1.9251281259776596,14.904939902309032,2025-09-30 10:56:59.503845
1.083770791723209,14.48224060827434,2025-09-30 10:56:59.503845
1.601488525374111,15.111695488105296,2025-09-30 10:56:59.503845
0.3126541081763682,14.633621630964148,2025-09-30 10:56:59.503845
-0.7886096736633345,14.188850951378694,2025-09-30 10:56:59.503845
0.40007365013065993,14.706753522430024,2025-09-30 10:56:59.503845
1.181022917637264,15.11767353203615,2025-09-30 10:56:59.503845
-1.0753678381490144,15.387291613547035,2025-09-30 10:56:59.503845
-0.9033061311802991,15.34496415140196,2025-09-30 10:56:59.503845
1.6223067658790307,14.485188347635475,2025-09-30 10:56:59.503845
1.4367451304456194,14.48281945867394,2025-09-30 10:56:59.503845
-1.689256663501391,13.873194723308519,2025-09-30 10:56:59.503845
-2.0426218918200982,13.778493115026615,2025-09-30 10:56:59.503845
1.3853845801251365,14.431475613939709,2025-09-30 10:56:59.503845
-0.8268214264166668,14.405114442374632,2025-09-30 10:56:59.503845
-0.09440150627333176,15.306765111425737,2025-09-30 10:56:59.503845
0.24390752726066942,15.124533163736357,2025-09-30 10:56:59.503845
-0.7862162703841025,14.498604115723937,2025-09-30 10:56:59.503845
-0.7071107154722532,14.271895647864156,2025-09-30 10:56:59.503845
1.1832550708175964,15.147371807982442,2025-09-30 10:56:59.503845
2.3602165348651485,14.36644241968162,2025-09-30 10:56:59.503845
-2.5266763361499582,14.93045638368096,2025-09-30 10:56:59.503845
2.0077310644334765,15.172514788991133,2025-09-30 10:56:59.503845
-1.33272743534111,15.262433658494869,2025-09-30 10:56:59.503845
-0.4118128938904255,14.248275022102419,2025-09-30 10:56:59.503845
0.26652936605695576,14.311422625100743,2025-09-30 10:56:59.503845
-1.9174795423356414,14.636136682853152,2025-09-30 10:56:59.503845
0.5748273440540437,15.030091344497396,2025-09-30 10:56:59.503845
-0.4544262102405562,15.147450043440607,2025-09-30 10:56:59.503845
-1.2382480067626218,14.779625698036067,2025-09-30 10:56:59.503845
-2.23160244011141,14.77731234156524,2025-09-30 10:56:59.503845
-0.32557606648869053,15.121047320049668,2025-09-30 10:56:59.503845
-0.8538157891700345,14.82362022394641,2025-09-30 10:56:59.503845
-0.5512182623093791,14.156021438315129,2025-09-30 10:56:59.503845
-0.7908028384147443,15.025846315144904,2025-09-30 10:56:59.503845
-0.10428546500270373,15.062856700138536,2025-09-30 10:56:59.503845
-0.3233409167714385,15.066750485517652,2025-09-30 10:56:59.503845
0.602982735475393,14.541252489872372,2025-09-30 10:56:59.503845
0.13589502834517325,15.541502598431709,2025-09-30 10:56:59.503845
-0.8104464129755463,14.876301024013488,2025-09-30 10:56:59.503845
-0.4735805332108598,15.224278182271402,2025-09-30 10:56:59.503845
0.28191678851688695,15.061932756415347,2025-09-30 10:56:59.503845
0.5456804703345518,14.614160644074666,2025-09-30 10:56:59.503845
-0.4792433975295559,14.645659932871483,2025-09-30 10:56:59.503845
1.8050447692515406,14.209161802028726,2025-09-30 10:56:59.503845
-0.15003159326205012,14.694404039896401,2025-09-30 10:56:59.503845
0.17595449754020864,14.502110087452225,2025-09-30 10:56:59.503845
0.016667204458227877,14.254775538143678,2025-09-30 10:56:59.503845
1.3576586217745172,14.79092616250853,2025-09-30 10:56:59.503845
-2.41721907284176,13.911457934888126,2025-09-30 10:56:59.503845
-0.17854827103280616,15.433266739297515,2025-09-30 10:56:59.503845
0.8331509908626006,14.774318468135608,2025-09-30 10:56:59.503845
0.0606569059007057,14.945146934772573,2025-09-30 10:56:59.503845
1.2572616536274122,15.905105023386248,2025-09-30 10:56:59.503845
-0.30979298453400306,14.963399924467591,2025-09-30 10:56:59.503845
-0.18535505577382466,14.037249353268058,2025-09-30 10:56:59.503845
0.20395964611912715,14.52896201591531,2025-09-30 10:56:59.503845
1.8852535930622796,14.703944088527315,2025-09-30 10:56:59.503845
-0.3201590780629914,14.89407841555317,2025-09-30 10:56:59.503845
1.2248727865899545,14.57083434751853,2025-09-30 10:56:59.503845
-0.7845230294323354,15.201446650021264,2025-09-30 10:56:59.503845
0.6953020444211927,14.349539648802702,2025-09-30 10:56:59.503845
0.3195290025139975,14.351597966082558,2025-09-30 10:56:59.503845
-0.028305895821110993,14.957737027908006,2025-09-30 10:56:59.503845
-0.0715494200921901,15.206269448801953,2025-09-30 10:56:59.503845
-0.7177683787644475,14.431994517447215,2025-09-30 10:56:59.503845
-0.4775411494514658,14.515049502661352,2025-09-30 10:56:59.503845
-0.18906367473576183,15.530426080974449,2025-09-30 10:56:59.503845
-1.653963854404863,15.234197842146795,2025-09-30 10:56:59.503845
-0.187621890511163,14.951433082759577,2025-09-30 10:56:59.503845
0.27399272043665146,14.772647795446602,2025-09-30 10:56:59.503845
0.32581472649179544,15.119347363594175,2025-09-30 10:56:59.503845
0.21335820992669777,14.819610878585591,2025-09-30 10:56:59.503845
-0.26805139934790934,14.700206079152979,2025-09-30 10:56:59.503845
-0.21753430249253855,14.65455138491186,2025-09-30 10:56:59.503845
-1.3903039914205886,14.97617117879915,2025-09-30 10:56:59.503845
0.5104348257825008,14.698131746344691,2025-09-30 10:56:59.503845
1.4511778459113929,14.231968035658983,2025-09-30 10:56:59.503845
-0.4852138150630927,14.828367980911707,2025-09-30 10:56:59.503845
-0.663909543043343,14.20762535399568,2025-09-30 10:56:59.503845
-0.532790911291924,15.438999469906536,2025-09-30 10:56:59.503845
-0.3965238136367874,14.240559623019982,2025-09-30 10:56:59.503845
0.792818447131225,15.080154961538721,2025-09-30 10:56:59.503845
0.08657108121156859,15.101581989131537,2025-09-30 10:56:59.503845
-1.1765696069043248,14.887301898940274,2025-09-30 10:56:59.503845
-0.12377902018662765,13.769370681668475,2025-09-30 10:56:59.503845
-0.37282237998069917,14.337849029636967,2025-09-30 10:56:59.503845
0.3184041908547748,15.106160362707755,2025-09-30 10:56:59.503845
0.02680040806140156,14.876098201187384,2025-09-30 10:56:59.503845
-0.5599463895029669,14.63746917482741,2025-09-30 10:56:59.503845
-0.601052552665273,15.505369676251314,2025-09-30 10:56:59.503845
-0.2575397389209683,15.55566202354896,2025-09-30 10:56:59.503845
-1.0689419598093537,15.425100037981275,2025-09-30 10:56:59.503845
-0.05943815313696465,14.58449813722646,2025-09-30 10:56:59.503845
-1.2667170100965812,15.024315100163095,2025-09-30 10:56:59.503845
-0.31843017282013786,15.098274425302797,2025-09-30 10:56:59.503845
-1.7423552600252155,14.989826267363288,2025-09-30 10:56:59.503845
0.31532007533257694,14.898010489882768,2025-09-30 10:56:59.503845
-0.5258254026736674,14.151164692603528,2025-09-30 10:56:59.503845
0.8213481381831124,14.748840912673186,2025-09-30 10:56:59.503845
-1.0829129625632647,14.31448889895313,2025-09-30 10:56:59.503845
0.985112898424538,14.894875717291107,2025-09-30 10:56:59.503845
-0.2443372885928191,15.209670578396574,2025-09-30 10:56:59.503845
-0.12836505349388774,14.80677528918704,2025-09-30 10:56:59.503845
1.1011560492168564,14.919228879958679,2025-09-30 10:56:59.503845
-1.4191403753658283,14.896905320178911,2025-09-30 10:56:59.503845
-0.18234125052574163,15.063025317373532,2025-09-30 10:56:59.503845
0.8563665013184136,14.578207818973013,2025-09-30 10:56:59.503845
-0.022200656053087076,14.28071240325428,2025-09-30 10:56:59.503845
1.4872639553693838,14.296016755680851,2025-09-30 10:56:59.503845
1.4063677924316371,14.461350019683042,2025-09-30 10:56:59.503845
-1.3676282835064908,14.566837011431463,2025-09-30 10:56:59.503845
-1.4321454598707795,14.79703435216571,2025-09-30 10:56:59.503845
-0.3909819014118696,14.781693368056084,2025-09-30 10:56:59.503845
1.7048835307054924,15.03979287440734,2025-09-30 10:56:59.503845
-1.4874396691405571,15.060098032772904,2025-09-30 10:56:59.503845
0.026600766071919718,15.106062077922727,2025-09-30 10:56:59.503845
2.79888869427899,15.329572633764146,2025-09-30 10:56:59.503845
-1.1387217038769535,15.115726360339275,2025-09-30 10:56:59.503845
-0.5948398133611259,14.476411194943811,2025-09-30 10:56:59.503845
1.7033771060417728,14.332773619619552,2025-09-30 10:56:59.503845
0.5796883352790552,14.337016871177036,2025-09-30 10:56:59.503845
-0.23760282312609426,14.108813412561751,2025-09-30 10:56:59.503845
-0.5559511843496049,15.572874759689697,2025-09-30 10:56:59.503845
0.9057622276831891,14.714523620607212,2025-09-30 10:56:59.503845
0.523999681389088,15.677256868293313,2025-09-30 10:56:59.503845
0.5075536305009319,15.605059559136969,2025-09-30 10:56:59.503845
-0.06263465980456129,14.952281704004351,2025-09-30 10:56:59.503845
-0.4359376684165274,15.072275139700704,2025-09-30 10:56:59.503845
-0.5229477661016373,14.596583197905826,2025-09-30 10:56:59.503845
-1.6270767278046243,14.656371982976296,2025-09-30 10:56:59.503845
-0.3718038748511746,14.97329518519806,2025-09-30 10:56:59.503845
-1.1512227870606475,15.225195547002857,2025-09-30 10:56:59.503845
-0.9420346278066957,14.777316995584851,2025-09-30 10:56:59.503845
0.568448068995245,15.014359511043805,2025-09-30 10:56:59.503845
-0.35933622818752736,15.137639167380508,2025-09-30 10:56:59.503845
0.6878404006949792,15.62941582568787,2025-09-30 10:56:59.503845
0.39154297377238334,14.528409889086305,2025-09-30 10:56:59.503845
-0.1877851253668414,14.617919410738963,2025-09-30 10:56:59.503845
-2.002149901760816,14.70479478877004,2025-09-30 10:56:59.503845
0.4617909940815352,14.764066716214039,2025-09-30 10:56:59.503845
0.4746367233932961,14.232468356033865,2025-09-30 10:56:59.503845
0.19694168869329007,14.880108645807463,2025-09-30 10:56:59.503845
1.8400072966690966,14.127068596771263,2025-09-30 10:56:59.503845
-0.18818333531367115,14.814240967043729,2025-09-30 10:56:59.503845
1.4750608411425925,14.225299048088484,2025-09-30 10:56:59.503845
-0.9965150566108696,14.268932263142712,2025-09-30 10:56:59.503845
-0.8183517397733451,14.987933295290997,2025-09-30 10:56:59.503845
1.2102269029635284,15.376994904678664,2025-09-30 10:56:59.503845
1.6432728545360673,14.830501718489927,2025-09-30 10:56:59.503845
-0.3529538232500469,14.534357545674645,2025-09-30 10:56:59.503845
-0.3360762603380194,15.035730135326798,2025-09-30 10:56:59.503845
-1.459241383276173,14.841882903142226,2025-09-30 10:56:59.503845
-0.059245500269355794,14.082449157985549,2025-09-30 10:56:59.503845
-1.1170087185788582,14.543017823321193,2025-09-30 10:56:59.503845
-1.0896770121869055,15.397146618868785,2025-09-30 10:56:59.503845
0.5184244344619371,15.47461832548496,2025-09-30 10:56:59.503845
1.802190286162917,15.218344690824829,2025-09-30 10:56:59.503845
0.8134866924581357,14.317104861036157,2025-09-30 10:56:59.503845
-0.7933542630476474,14.804713060131103,2025-09-30 10:56:59.503845
1.959683441588918,14.60198806281348,2025-09-30 10:56:59.503845
1.309040268006605,14.718092669406918,2025-09-30 10:56:59.503845
1.9962564631808304,13.83091096675396,2025-09-30 10:56:59.503845
-3.3002275549304643,14.921873167277617,2025-09-30 10:56:59.503845
-0.17256165090584075,15.216624366825487,2025-09-30 10:56:59.503845
-0.1615362290246223,14.623248577010722,2025-09-30 10:56:59.503845
1.1032044463103061,15.21439362086494,2025-09-30 10:56:59.503845
-0.1571121881143602,14.734144049710688,2025-09-30 10:56:59.503845
0.5874454041362189,14.785564516525397,2025-09-30 10:56:59.503845
1.3428024382232455,14.642199993864224,2025-09-30 10:56:59.503845
-0.7676356923199419,14.113972183518937,2025-09-30 10:56:59.503845
-0.40653803110585435,14.023484588881574,2025-09-30 10:56:59.503845
1.427223664667163,14.896254521170365,2025-09-30 10:56:59.503845
-0.1807685561144729,14.279081904357891,2025-09-30 10:56:59.503845
-1.1681703882688181,15.097592533222583,2025-09-30 10:56:59.503845
-0.9040348458773609,14.908889862238219,2025-09-30 10:56:59.503845
1.065594884334759,15.577498427483713,2025-09-30 10:56:59.503845
-0.13773098198724423,15.477615783427222,2025-09-30 10:56:59.503845
0.4481625955319552,14.321511454321318,2025-09-30 10:56:59.503845
-2.2762388916700145,14.707841147197518,2025-09-30 10:56:59.503845
0.4872365651446168,14.47719764067919,2025-09-30 10:56:59.503845
0.6533575762201359,14.753059556226173,2025-09-30 10:56:59.503845
0.776574195803114,14.731880402193626,2025-09-30 10:56:59.503845
-0.22544050915335845,14.904761222002728,2025-09-30 10:56:59.503845
0.5795879429390386,15.156806582057172,2025-09-30 10:56:59.503845
-0.946898474816963,14.88229839696,2025-09-30 10:56:59.503845
-1.8595816100232176,15.203053981369944,2025-09-30 10:56:59.503845
0.5532822605279093,15.383233390131235,2025-09-30 10:56:59.503845
1.0975711926408787,14.045242376859928,2025-09-30 10:56:59.503845
1.4248478808956135,14.509076975500932,2025-09-30 10:56:59.503845
0.8255869320814583,14.733834046149736,2025-09-30 10:56:59.503845
1.0004879113364016,14.957205412653119,2025-09-30 10:56:59.503845
-2.053368219368083,14.912801699871448,2025-09-30 10:56:59.503845
-2.775079367300161,14.594675443147738,2025-09-30 10:56:59.503845
1.0582005668827714,14.20252946291648,2025-09-30 10:56:59.503845
-0.5329996888033257,14.29674134408874,2025-09-30 10:56:59.503845
-0.42949684495468277,15.188766578073206,2025-09-30 10:56:59.503845
-0.11229810661333658,15.12399963613239,2025-09-30 10:56:59.503845
-0.03591107799041081,14.785370259470755,2025-09-30 10:56:59.503845
0.1628842175297966,15.124725041147563,2025-09-30 10:56:59.503845
0.28737387963674127,14.793244683937868,2025-09-30 10:56:59.503845
1.6467500968934,14.547049325451848,2025-09-30 10:56:59.503845
0.17757022850037174,14.39178352553097,2025-09-30 10:56:59.503845
0.22775953731507784,14.67592073304846,2025-09-30 10:56:59.503845
0.6471527652869266,14.616730182425377,2025-09-30 10:56:59.503845
0.5695715985216064,14.949612310515425,2025-09-30 10:56:59.503845
0.6935718964796035,13.99804928905656,2025-09-30 10:56:59.503845
0.20793881719574311,15.265444087192673,2025-09-30 10:56:59.503845
-0.07732227614227817,16.154197780888914,2025-09-30 10:56:59.503845
-0.9035441911689452,14.691099619574276,2025-09-30 10:56:59.503845
-1.2970698263203693,15.187875456838007,2025-09-30 10:56:59.503845
0.59906242835147,15.207788387254519,2025-09-30 10:56:59.503845
-0.8025387728967592,14.82744245402693,2025-09-30 10:56:59.503845
0.9838370064025564,14.823508253877542,2025-09-30 10:56:59.503845
0.00469041879856325,14.427050294067554,2025-09-30 10:56:59.503845
0.18663687608510118,15.46570751957645,2025-09-30 10:56:59.503845
-0.6441386405941605,15.462637092298664,2025-09-30 10:56:59.503845
0.30283438232247384,14.91858142756985,2025-09-30 10:56:59.503845
-0.26104416428912514,14.752117539576387,2025-09-30 10:56:59.503845
-0.4222532684113344,15.619392352325479,2025-09-30 10:56:59.503845
0.4703797402954316,13.731754272631886,2025-09-30 10:56:59.503845
-0.4922353401887803,14.754008506639702,2025-09-30 10:56:59.503845
1.515679849029076,14.328977542240406,2025-09-30 10:56:59.503845
0.23629278158027395,14.921607242344377,2025-09-30 10:56:59.503845
0.43355113045395144,14.413511322673939,2025-09-30 10:56:59.503845
0.6893294884851253,14.701353025794495,2025-09-30 10:56:59.503845
1.1113589812827223,14.64366483967744,2025-09-30 10:56:59.503845
-0.7292896686102714,15.362496656439353,2025-09-30 10:56:59.503845
0.6853009020642229,14.636718249662813,2025-09-30 10:56:59.503845
0.7944090035303657,14.848335048752746,2025-09-30 10:56:59.503845
0.4941077599422016,14.340519837844592,2025-09-30 10:56:59.503845
-0.02144101221096849,14.967661848971414,2025-09-30 10:56:59.503845
0.7373042369411628,14.895359478321248,2025-09-30 10:56:59.503845
0.2810314064572867,15.116520142977924,2025-09-30 10:56:59.503845
2.018883747793038,14.781824710001,2025-09-30 10:56:59.503845
0.5915799364933767,14.370709872180115,2025-09-30 10:56:59.503845
0.7120983215246317,14.950807285239119,2025-09-30 10:56:59.503845
-0.22138323802920487,15.268765068473988,2025-09-30 10:56:59.503845
-0.029959388151812743,14.27687272174025,2025-09-30 10:56:59.503845
0.49484031639696546,15.529957376672847,2025-09-30 10:56:59.503845
0.5159808507030672,15.40251636914936,2025-09-30 10:56:59.503845
-0.22053240055142373,14.483883941792644,2025-09-30 10:56:59.503845
0.06634878546056006,14.538949081198872,2025-09-30 10:56:59.503845
0.7157683751178306,14.938191022255733,2025-09-30 10:56:59.503845
0.3803696897218041,14.481043186803657,2025-09-30 10:56:59.503845
0.3402455649660775,14.837366218307073,2025-09-30 10:56:59.503845
0.5724241424644306,14.717390885832614,2025-09-30 10:56:59.503845
-0.1267850802683636,14.008227397634334,2025-09-30 10:56:59.503845
1.1297853344909796,14.616545219263624,2025-09-30 10:56:59.503845
-0.2276094045667014,13.827582931712241,2025-09-30 10:56:59.503845
-0.35112852082412493,15.045194135552633,2025-09-30 10:56:59.503845
0.4096089929333574,14.059760658525363,2025-09-30 10:56:59.503845
0.09704207255622267,15.150980864295333,2025-09-30 10:56:59.503845
1.3608091505527382,14.96278615775102,2025-09-30 10:56:59.503845
-0.532238571827689,16.123881018671177,2025-09-30 10:56:59.503845
-0.6025789203236587,14.49573976386961,2025-09-30 10:56:59.503845
-0.4095325480905523,14.853005912095028,2025-09-30 10:56:59.503845
0.31766707827199614,14.52785322390712,2025-09-30 10:56:59.503845
-0.5910591846058749,14.914427852008894,2025-09-30 10:56:59.503845
-0.06527934139253819,14.400999483548322,2025-09-30 10:56:59.503845
-0.6884144187515655,15.238633747967883,2025-09-30 10:56:59.503845
-0.8100105860499446,15.154038245421019,2025-09-30 10:56:59.503845
-0.4903525988372822,14.582901181693964,2025-09-30 10:56:59.503845
0.4482968571768291,14.727676630623627,2025-09-30 10:56:59.503845
0.303432649000523,14.522041434587852,2025-09-30 10:56:59.503845
0.4665913650784101,13.910763475961327,2025-09-30 10:56:59.503845
1.2431159502605007,14.219669880717985,2025-09-30 10:56:59.503845
-0.7568179354261031,14.618409050113684,2025-09-30 10:56:59.503845
-1.6131544444182988,15.191523563256919,2025-09-30 10:56:59.503845
-1.9416952728057997,15.794991342277084,2025-09-30 10:56:59.503845
0.12944556957442102,14.625116299001153,2025-09-30 10:56:59.503845
0.22413057594796404,14.57891348588271,2025-09-30 10:56:59.503845
2.053427662357655,14.91858419575621,2025-09-30 10:56:59.503845
-0.4230429444201672,15.307928227386968,2025-09-30 10:56:59.503845
0.09996229373092477,14.828162689237875,2025-09-30 10:56:59.503845
-0.1620483517765171,14.660174472512749,2025-09-30 10:56:59.503845
1.5380996879375186,14.924746274803262,2025-09-30 10:56:59.503845
-1.7964387582838608,15.154073079534646,2025-09-30 10:56:59.503845
1.1778064837784403,14.89972993718673,2025-09-30 10:56:59.503845
0.9895550650908924,14.58747707358363,2025-09-30 10:56:59.503845
0.5083804266376629,14.629510666298293,2025-09-30 10:56:59.503845
-0.927745593176639,14.788613775403489,2025-09-30 10:56:59.503845
-0.8394252542454406,15.515839769676756,2025-09-30 10:56:59.503845
0.13872031163534546,15.028006795591343,2025-09-30 10:56:59.503845
1.4332690763896196,15.331952928301115,2025-09-30 10:56:59.503845
-0.8816426956864467,14.313632402463549,2025-09-30 10:56:59.503845
-0.3761398573187291,14.500135721402096,2025-09-30 10:56:59.503845
-0.681950637676718,14.570278367930142,2025-09-30 10:56:59.503845
-0.6525495185818936,14.866665161220784,2025-09-30 10:56:59.503845
1.1756416141269943,14.428448914791622,2025-09-30 10:56:59.503845
-0.02472687454551966,15.633378950590803,2025-09-30 10:56:59.503845
-0.9313662620154648,14.009933341420613,2025-09-30 10:56:59.503845
0.027330566174944546,15.093226111348354,2025-09-30 10:56:59.503845
1.2418280460754805,14.05014762549715,2025-09-30 10:56:59.503845
-0.8051145986836422,14.792587539010755,2025-09-30 10:56:59.503845
-1.3128140341511993,15.193451843410417,2025-09-30 10:56:59.503845
-0.7067458782425435,14.937923809997464,2025-09-30 10:56:59.503845
-0.016329572223486064,14.979167157492263,2025-09-30 10:56:59.503845
0.7196207738310305,14.640007352729477,2025-09-30 10:56:59.503845
-0.1477321289593778,15.02722240594331,2025-09-30 10:56:59.503845
1.7372907401085893,14.830767885851682,2025-09-30 10:56:59.503845
-0.2029691358525797,13.910595928126606,2025-09-30 10:56:59.503845
-0.9170627020511871,14.921476403763316,2025-09-30 10:56:59.503845
-0.020422342593963815,15.01990873143004,2025-09-30 10:56:59.503845
0.13645068496002363,14.839815480057283,2025-09-30 10:56:59.503845
0.491158358189821,14.368326656884573,2025-09-30 10:56:59.503845
0.26274366875821636,14.886071937029591,2025-09-30 10:56:59.503845
1.5893560596750373,14.779418152374689,2025-09-30 10:56:59.503845
-1.8215581437561452,14.132687820494596,2025-09-30 10:56:59.503845
0.3508864743625129,14.792358575931035,2025-09-30 10:56:59.503845
0.40981247245444463,14.940798721299487,2025-09-30 10:56:59.503845
-0.5693439045926197,15.067061194290169,2025-09-30 10:56:59.503845
1.1058830812366038,14.827246472775371,2025-09-30 10:56:59.503845
0.41056806845952387,13.23167615527302,2025-09-30 10:56:59.503845
0.636938385194583,14.419666726934201,2025-09-30 10:56:59.503845
-1.3424020144596327,14.338159101082017,2025-09-30 10:56:59.503845
0.3989503156947053,14.327167481267361,2025-09-30 10:56:59.503845
0.9840490140963258,15.112785396890526,2025-09-30 10:56:59.503845
-1.1845720794731327,14.458561351255025,2025-09-30 10:56:59.503845
-1.2782269256459389,15.0357336163894,2025-09-30 10:56:59.503845
0.11770105793526188,15.033811832298554,2025-09-30 10:56:59.503845
1.8089956394609936,14.352891740663658,2025-09-30 10:56:59.503845
0.39811795678189577,14.686641739794885,2025-09-30 10:56:59.503845
-0.4814948809976318,13.990602495554043,2025-09-30 10:56:59.503845
-1.3038444494541659,14.55573057925763,2025-09-30 10:56:59.503845
-0.389053096613791,14.826720240481157,2025-09-30 10:56:59.503845
0.32514314186786913,15.23816145754231,2025-09-30 10:56:59.503845
-0.280280035687001,13.957951033939871,2025-09-30 10:56:59.503845
-0.8576284705395362,14.965068573924881,2025-09-30 10:56:59.503845
-0.4998213111550238,15.844019305982204,2025-09-30 10:56:59.503845
0.10383071125477648,14.779774169380515,2025-09-30 10:56:59.503845
0.6406840874998293,15.39172192779093,2025-09-30 10:56:59.503845
2.339552251368231,15.662413622282275,2025-09-30 10:56:59.503845
-1.2469461201074208,14.842995441095582,2025-09-30 10:56:59.503845
0.057996188422354454,14.460128622355281,2025-09-30 10:56:59.503845
-0.5397323239095648,14.767646962822646,2025-09-30 10:56:59.503845
0.297546255737122,14.17070354502857,2025-09-30 10:56:59.503845
-0.981106964479529,14.296383878803397,2025-09-30 10:56:59.503845
-1.2351747082234747,14.5905865934949,2025-09-30 10:56:59.503845
-0.5364259780155484,15.371995582518858,2025-09-30 10:56:59.503845
-0.1365467432743163,14.855595987230398,2025-09-30 10:56:59.503845
0.19719990863151665,14.645604809876273,2025-09-30 10:56:59.503845
-0.15814457782809294,14.920662055989215,2025-09-30 10:56:59.503845
1.0792695208485452,14.246861876630623,2025-09-30 10:56:59.503845
0.3172202557837205,14.204911175867537,2025-09-30 10:56:59.503845
-0.49597231864531627,14.412779365358617,2025-09-30 10:56:59.503845
0.48541196372572143,14.17536786585539,2025-09-30 10:56:59.503845
-1.0273411819301645,15.765599173321434,2025-09-30 10:56:59.503845
0.0003109009014396967,15.29256139872825,2025-09-30 10:56:59.503845
-0.18409247232793868,14.533602774444095,2025-09-30 10:56:59.503845
-0.7478606517492506,15.227710855207803,2025-09-30 10:56:59.503845
0.31763727890535925,15.441078953612088,2025-09-30 10:56:59.503845
-3.045683705484916,15.263275269293963,2025-09-30 10:56:59.503845
-1.3455892897538568,14.562693189109579,2025-09-30 10:56:59.503845
-0.5747246025625817,14.463281549646902,2025-09-30 10:56:59.503845
0.67152248928913,14.767797858090901,2025-09-30 10:56:59.503845
0.34455969404469056,15.256423520945049,2025-09-30 10:56:59.503845
-1.204184176985758,14.798986603937937,2025-09-30 10:56:59.503845
-0.48453446994703736,15.224150586042613,2025-09-30 10:56:59.503845
-0.2907066318956746,14.886442472465173,2025-09-30 10:56:59.503845
0.43347900277669904,15.06501296421203,2025-09-30 10:56:59.503845
0.8256983751438641,14.378964276209995,2025-09-30 10:56:59.503845
1.4885546222369275,15.353145791576907,2025-09-30 10:56:59.503845
1.1716076619318017,14.160384899086845,2025-09-30 10:56:59.503845
-0.06043632953962642,15.465913177012826,2025-09-30 10:56:59.503845
1.1608189249418448,13.93903232592354,2025-09-30 10:56:59.503845
1.6468130037708992,14.290174549273626,2025-09-30 10:56:59.503845
-0.3095786359517095,14.66448460540944,2025-09-30 10:56:59.503845
0.13483330775498195,14.341114741266882,2025-09-30 10:56:59.503845
0.7880219771083233,14.718032861738692,2025-09-30 10:56:59.503845
0.5075726970457259,14.616153064868483,2025-09-30 10:56:59.503845
0.8317584489709697,14.536576701143577,2025-09-30 10:56:59.503845
-0.4176860937590704,14.518713320191601,2025-09-30 10:56:59.503845
0.5669692952629266,14.285937960860677,2025-09-30 10:56:59.503845
0.7197431353076311,15.020715859137786,2025-09-30 10:56:59.503845
-0.4284624636549775,14.198736270412265,2025-09-30 10:56:59.503845
-0.9039455342893739,14.732798934370615,2025-09-30 10:56:59.503845
-0.6650687414045844,14.301686137938784,2025-09-30 10:56:59.503845
1.1439102932515297,14.920842438649624,2025-09-30 10:56:59.503845
-0.5381965797919829,14.37208187534632,2025-09-30 10:56:59.503845
-0.8493533438846036,14.78458680615379,2025-09-30 10:56:59.503845
0.2151449055034655,14.578522290608174,2025-09-30 10:56:59.503845
-0.5248973219463113,14.851685095364846,2025-09-30 10:56:59.503845
0.13556937230728827,14.068256387417547,2025-09-30 10:56:59.503845
0.6222561399468317,14.440333255544981,2025-09-30 10:56:59.503845
1.4916704409483201,14.407465034552814,2025-09-30 10:56:59.503845
-0.8857531604686694,14.934645096406193,2025-09-30 10:56:59.503845
-0.6622749021977364,14.541830675521837,2025-09-30 10:56:59.503845
-0.7206068004939075,15.285193163682889,2025-09-30 10:56:59.503845
-1.8421243547864523,14.539242860029901,2025-09-30 10:56:59.503845
-0.972416323295809,14.942537836390853,2025-09-30 10:56:59.503845
0.27669199137211464,14.945143966118435,2025-09-30 10:56:59.503845
0.5689898690443586,14.540490615849073,2025-09-30 10:56:59.503845
-0.5516773645604206,14.131322898758153,2025-09-30 10:56:59.503845
0.07585563278251568,14.918084607219276,2025-09-30 10:56:59.503845
0.09128659171479139,14.392179168948935,2025-09-30 10:56:59.503845
0.46620180016684726,15.018268405840264,2025-09-30 10:56:59.503845
-0.982475291265539,14.806630323092168,2025-09-30 10:56:59.503845
-0.10308563739637538,13.8714426646618,2025-09-30 10:56:59.503845
0.04667387826808147,14.080128334910677,2025-09-30 10:56:59.503845
2.3510767633230842,13.704373121878813,2025-09-30 10:56:59.503845
0.03251276024369231,15.196774321725867,2025-09-30 10:56:59.503845
0.19448129423248697,15.148454831021885,2025-09-30 10:56:59.503845
0.2904425102695206,14.970384290839569,2025-09-30 10:56:59.503845
-0.3034691118927748,14.740220063722022,2025-09-30 10:56:59.503845
0.7782786075545944,15.375262877866048,2025-09-30 10:56:59.503845
-0.19599322654941656,15.3237273983499,2025-09-30 10:56:59.503845
-0.6898807010712074,14.633164885248089,2025-09-30 10:56:59.503845
0.9367721968072823,14.956035534168276,2025-09-30 10:56:59.503845
-0.4171158880135581,14.576416001874755,2025-09-30 10:56:59.503845
1.4791564035228597,15.200633953455716,2025-09-30 10:56:59.503845
1.6382028309044177,14.242086036656731,2025-09-30 10:56:59.503845
0.30035359608122264,15.14649096849362,2025-09-30 10:56:59.503845
2.10087678935179,15.310682588874512,2025-09-30 10:56:59.503845
0.7861181419154031,14.575566650935802,2025-09-30 10:56:59.503845
1.0176398028665499,15.771392509318938,2025-09-30 10:56:59.503845
1.433293134488667,14.725383731517821,2025-09-30 10:56:59.503845
0.14186933177515215,14.686756216399175,2025-09-30 10:56:59.503845
0.4162885423169015,14.005921811165921,2025-09-30 10:56:59.503845
-0.12719668126317102,15.072655199202254,2025-09-30 10:56:59.503845
-2.069996538905718,15.399486209965609,2025-09-30 10:56:59.503845
0.30134171900737516,15.01658294222015,2025-09-30 10:56:59.503845
-1.8651697355567365,14.870979652759749,2025-09-30 10:56:59.503845
1.4081229863780316,14.032912380576818,2025-09-30 10:56:59.503845
-0.0716455418651997,15.106043521183548,2025-09-30 10:56:59.503845
0.2807753789872799,14.83119323761211,2025-09-30 10:56:59.503845
-0.6157575615699343,14.892455793481886,2025-09-30 10:56:59.503845
-0.016272871952991732,14.45950562184638,2025-09-30 10:56:59.503845
-2.678970433828245,13.965351964779611,2025-09-30 10:56:59.503845
1.3192620593916906,13.879071735095309,2025-09-30 10:56:59.503845
0.8269189507089673,15.070719236224866,2025-09-30 10:56:59.503845
2.4746718765810045,14.608863669998922,2025-09-30 10:56:59.503845
0.38734885299899374,14.906255851551377,2025-09-30 10:56:59.503845
-1.1243721787745269,14.622086505284308,2025-09-30 10:56:59.503845
0.3501458453400756,14.524788276817826,2025-09-30 10:56:59.503845
-0.08920091415257081,14.55358851193506,2025-09-30 10:56:59.503845
0.5319075249584762,14.17529136392867,2025-09-30 10:56:59.503845
-0.15603667726732282,14.389645568141086,2025-09-30 10:56:59.503845
0.28165868985754783,15.112305440464668,2025-09-30 10:56:59.503845
-0.5153479176231555,13.990250706215273,2025-09-30 10:56:59.503845
-0.2432888619618324,14.471235647781572,2025-09-30 10:56:59.503845
-0.9260886421757291,14.848375107646804,2025-09-30 10:56:59.503845
0.3273702942218159,14.54599989819852,2025-09-30 10:56:59.503845
0.6091037125160005,15.18088717985875,2025-09-30 10:56:59.503845
-1.1160454339378942,13.99269303774975,2025-09-30 10:56:59.503845
-0.26157156962044964,14.8593383430815,2025-09-30 10:56:59.503845
1.0954131529021427,14.199849788987523,2025-09-30 10:56:59.503845
-1.825848108018392,15.005675079794884,2025-09-30 10:56:59.503845
-0.627333325101493,13.870380557538494,2025-09-30 10:56:59.503845
0.424459148999947,15.11985511601251,2025-09-30 10:56:59.503845
0.22660529456536382,15.048291608455667,2025-09-30 10:56:59.503845
0.44396812831798116,15.603518628563759,2025-09-30 10:56:59.503845
0.4292455022639515,15.199063299124257,2025-09-30 10:56:59.503845
-0.24386200977497471,14.447091399590894,2025-09-30 10:56:59.503845
0.6805200967038159,14.542607837241743,2025-09-30 10:56:59.503845
0.29732042714381884,14.79805643859073,2025-09-30 10:56:59.503845
1.0970619966738868,15.313765702559959,2025-09-30 10:56:59.503845
0.04382761220301963,14.787883823564304,2025-09-30 10:56:59.503845
-0.5797014237817063,15.288574363798588,2025-09-30 10:56:59.503845
-0.680467241160371,14.858023959935554,2025-09-30 10:56:59.503845
0.834070935034902,14.054290111616693,2025-09-30 10:56:59.503845
-1.5664931910202415,13.691334675357961,2025-09-30 10:56:59.503845
0.009408402173069064,14.557231330415394,2025-09-30 10:56:59.503845
0.11714417146814257,14.870655129772903,2025-09-30 10:56:59.503845
0.370062020686275,14.954032849836173,2025-09-30 10:56:59.503845
-0.922112627187069,14.614208254692025,2025-09-30 10:56:59.503845
-0.6261487868535645,14.633558128547762,2025-09-30 10:56:59.503845
0.16203326500629323,14.398712425601566,2025-09-30 10:56:59.503845
-0.6440855328680269,14.7812084440696,2025-09-30 10:56:59.503845
-0.5363459285346175,15.35341176770276,2025-09-30 10:56:59.503845
-0.31584370487479824,14.624118344398658,2025-09-30 10:56:59.503845
0.08873043352708695,14.042983130432871,2025-09-30 10:56:59.503845
0.4319525986159831,15.603453609131877,2025-09-30 10:56:59.503845
1.3485800936103411,14.601746725708175,2025-09-30 10:56:59.503845
-0.4750254669925795,15.069001084648963,2025-09-30 10:56:59.503845
0.43178836516009544,14.812871902471235,2025-09-30 10:56:59.503845
1.2346659368016815,14.353515427034292,2025-09-30 10:56:59.503845
-0.4890038753804675,14.455354834915802,2025-09-30 10:56:59.503845
-1.289093404962811,15.26420648409681,2025-09-30 10:56:59.503845
-0.9307425896531749,14.200435505660105,2025-09-30 10:56:59.503845
0.9506194987257524,15.172396942587032,2025-09-30 10:56:59.503845
0.45533366008851694,14.691143719453057,2025-09-30 10:56:59.503845
-1.0106914812220473,14.6340868749115,2025-09-30 10:56:59.503845
1.2975881916148186,14.864044374430856,2025-09-30 10:56:59.503845
0.4824906550651502,15.343450728154169,2025-09-30 10:56:59.503845
0.897784615371809,15.05271169653338,2025-09-30 10:56:59.503845
0.09328198318732768,14.433407283752453,2025-09-30 10:56:59.503845
0.253829964782257,14.709498487842977,2025-09-30 10:56:59.503845
0.3138314060791038,14.498906455039169,2025-09-30 10:56:59.503845
-0.21244490150123974,14.86622308591338,2025-09-30 10:56:59.503845
-1.5398778710464087,16.001854582936556,2025-09-30 10:56:59.503845
1.7286189229965059,14.816322055045923,2025-09-30 10:56:59.503845
-1.7948658081441453,14.732371142225263,2025-09-30 10:56:59.503845
0.03910005465283051,14.883795453921365,2025-09-30 10:56:59.503845
-0.916765727947605,14.512734343878616,2025-09-30 10:56:59.503845
1.0039055954548397,14.268478650027742,2025-09-30 10:56:59.503845
-1.1948648834510796,14.101349652104444,2025-09-30 10:56:59.503845
-1.4342131115429964,15.111976262862175,2025-09-30 10:56:59.503845
0.05485538618616394,15.451047638551119,2025-09-30 10:56:59.503845
1.9066691796809945,14.349660616308112,2025-09-30 10:56:59.503845
1.1652830202958795,15.14643786163074,2025-09-30 10:56:59.503845
0.8672929482071537,13.90494478654737,2025-09-30 10:56:59.503845
0.6998957632817356,14.98307455351967,2025-09-30 10:56:59.503845
-2.543922380034018,14.667640894509518,2025-09-30 10:56:59.503845
-1.7900146941539579,13.972351242771051,2025-09-30 10:56:59.503845
0.31227056661708136,14.78273885402374,2025-09-30 10:56:59.503845
0.1489792026985688,15.462265025603639,2025-09-30 10:56:59.503845
-1.537213964043696,14.596058846069276,2025-09-30 10:56:59.503845
-0.6040621196193416,14.41495490698278,2025-09-30 10:56:59.503845
-0.5151595283778686,14.891848141812009,2025-09-30 10:56:59.503845
1.6210671285919938,14.824454903395393,2025-09-30 10:56:59.503845
-0.2967808614397822,14.84501768189845,2025-09-30 10:56:59.503845
0.006486344082939522,15.049068038978243,2025-09-30 10:56:59.503845
0.14501084924800398,14.853363594994349,2025-09-30 10:56:59.503845
0.11298606295252046,14.576381546352293,2025-09-30 10:56:59.503845
0.8979027065360481,14.935170175505123,2025-09-30 10:56:59.503845
0.2514767459357432,14.336556574281992,2025-09-30 10:56:59.503845
0.5879802798821524,14.629882690030463,2025-09-30 10:56:59.503845
2.2920097393093837,14.35814972537579,2025-09-30 10:56:59.503845
0.3176204908877127,15.272520430585216,2025-09-30 10:56:59.503845
-1.3850900541691693,16.260690124743324,2025-09-30 10:56:59.503845
1.0527144793571774,14.983395478425656,2025-09-30 10:56:59.503845
-0.13997912310332047,14.584814029931724,2025-09-30 10:56:59.503845
-0.43613213486172664,14.271779925900033,2025-09-30 10:56:59.503845
-0.4866894973140978,15.042656525667974,2025-09-30 10:56:59.503845
-0.2516903819191762,15.178497929252185,2025-09-30 10:56:59.503845
-0.4661108392796991,14.559469289699045,2025-09-30 10:56:59.503845
0.507979494000718,14.473465641124536,2025-09-30 10:56:59.503845
-0.45542375963049797,15.24783260014284,2025-09-30 10:56:59.503845
0.5987850552672679,14.68139651511052,2025-09-30 10:56:59.503845
-0.2670002069880852,14.861528664021623,2025-09-30 10:56:59.503845
-0.8133381366026976,14.624239483349829,2025-09-30 10:56:59.503845
0.27626377011106595,14.06632077523911,2025-09-30 10:56:59.503845
-0.2922168852616462,13.993255499800307,2025-09-30 10:56:59.503845
0.8426431995965203,14.592090524198836,2025-09-30 10:56:59.503845
-0.6129021368112187,14.66125612721885,2025-09-30 10:56:59.503845
-0.45800654472343677,14.732113016615191,2025-09-30 10:56:59.503845
-0.01942687097427524,14.957670171386805,2025-09-30 10:56:59.503845
0.3909810742337768,14.273613714982142,2025-09-30 10:56:59.503845
0.5576124730424765,14.904637649596728,2025-09-30 10:56:59.503845
0.03563248621171283,14.749941761025836,2025-09-30 10:56:59.503845
0.07479161599694009,14.407391613952813,2025-09-30 10:56:59.503845
1.1365449405089911,14.86273167424683,2025-09-30 10:56:59.503845
-1.0293706126110092,14.408453757748532,2025-09-30 10:56:59.503845
0.20945090464930052,14.399932579770809,2025-09-30 10:56:59.503845
0.3564256241237586,14.64575832279353,2025-09-30 10:56:59.503845
-0.6304445179644216,15.130144278006386,2025-09-30 10:56:59.503845
2.3221892195995055,14.565713996564481,2025-09-30 10:56:59.503845
-1.307195819140857,15.145564796317794,2025-09-30 10:56:59.503845
0.7233909933045355,15.094418215516873,2025-09-30 10:56:59.503845
2.2032547679739443,14.111826131918413,2025-09-30 10:56:59.503845
0.12005847878923477,13.797936220243242,2025-09-30 10:56:59.503845
0.3326238120609157,14.233688287007215,2025-09-30 10:56:59.503845
0.4355527510171504,14.414424260594894,2025-09-30 10:56:59.503845
-2.1157600689949683,14.024227204133885,2025-09-30 10:56:59.503845
-1.482874956267255,14.594672282435212,2025-09-30 10:56:59.503845
0.1168468656101206,14.947016999690812,2025-09-30 10:56:59.503845
0.30295988831585696,15.011990099729154,2025-09-30 10:56:59.503845
0.3393242009041436,14.482183844484508,2025-09-30 10:56:59.503845
0.8409993849210996,14.075324513286072,2025-09-30 10:56:59.503845
1.6411106464507879,14.810742527835275,2025-09-30 10:56:59.503845
1.1041283851246286,14.855384189025024,2025-09-30 10:56:59.503845
-1.0352001133577717,15.174941467507185,2025-09-30 10:56:59.503845
1.077814498356247,15.472367736884022,2025-09-30 10:56:59.503845
-1.3103208221976084,15.385644464228834,2025-09-30 10:56:59.503845
1.481497279358087,14.688038760204316,2025-09-30 10:56:59.503845
-1.0323506874866308,15.08276906645491,2025-09-30 10:56:59.503845
-2.03118224484078,14.486812747719718,2025-09-30 10:56:59.503845
0.5903879165325974,14.93968820054034,2025-09-30 10:56:59.503845
-0.274825809980745,14.721992064699783,2025-09-30 10:56:59.503845
-0.3767600444726993,14.809513596437426,2025-09-30 10:56:59.503845
-1.2821089461328627,15.119551325337728,2025-09-30 10:56:59.503845
-0.9713769453463054,14.420456393354097,2025-09-30 10:56:59.503845
-0.35296767296563536,14.926763748095578,2025-09-30 10:56:59.503845
-0.7236595250854482,15.509733405711204,2025-09-30 10:56:59.503845
-1.5691488324298732,14.586580821213799,2025-09-30 10:56:59.503845
-0.20001671513124655,14.76228879235249,2025-09-30 10:56:59.503845
-1.0249944440086967,14.915831442225471,2025-09-30 10:56:59.503845
0.47149972610450275,14.662180496631624,2025-09-30 10:56:59.503845
0.3997489600439632,14.730921106855497,2025-09-30 10:56:59.503845
-0.7703628600621268,14.364717533698206,2025-09-30 10:56:59.503845
-0.9253374989762054,14.987344278373559,2025-09-30 10:56:59.503845
0.167541079145473,15.813550012745235,2025-09-30 10:56:59.503845
0.1765308030550641,14.91393924907756,2025-09-30 10:56:59.503845
0.5308327771123791,14.552853838407982,2025-09-30 10:56:59.503845
1.481756428222972,14.70291286478062,2025-09-30 10:56:59.503845
-0.1768741791112418,15.064193377995437,2025-09-30 10:56:59.503845
0.4783741053697175,14.335361015425795,2025-09-30 10:56:59.503845
0.42596362601481347,14.517558813730421,2025-09-30 10:56:59.503845
0.30112850110617273,14.583372667358756,2025-09-30 10:56:59.503845
0.2749254400512278,15.02086048296065,2025-09-30 10:56:59.503845
1.393494252564217,14.225745946473689,2025-09-30 10:56:59.503845
-0.3318368735236982,14.381422967428607,2025-09-30 10:56:59.503845
0.2806219765601621,14.6085904385717,2025-09-30 10:56:59.503845
-0.49572623456132825,14.889903148204569,2025-09-30 10:56:59.503845
-1.4255109279885343,14.836696701812476,2025-09-30 10:56:59.503845
1.41700938156979,14.857359344633727,2025-09-30 10:56:59.503845
1.001780292102853,14.767285461989198,2025-09-30 10:56:59.503845
-1.4833640696814097,15.076180990772766,2025-09-30 10:56:59.503845
-1.346972687297708,15.176908122139187,2025-09-30 10:56:59.503845
1.094149365756588,14.699507785244878,2025-09-30 10:56:59.503845
-0.4921054314638086,15.289296201136588,2025-09-30 10:56:59.503845
1.1240741719543195,14.180656354572356,2025-09-30 10:56:59.503845
-1.007604191128268,14.935702274933703,2025-09-30 10:56:59.503845
-2.5216623112360237,14.844449096368812,2025-09-30 10:56:59.503845
0.7110042326083953,14.66738593895875,2025-09-30 10:56:59.503845
0.6131767845597706,14.425021409613974,2025-09-30 10:56:59.503845
0.4263772983747633,14.516892440391224,2025-09-30 10:56:59.503845
-1.0983923026677012,13.757876451966272,2025-09-30 10:56:59.503845
-0.6176630486197799,15.128786896366575,2025-09-30 10:56:59.503845
-0.2447424097203311,14.747428221353468,2025-09-30 10:56:59.503845
-0.23040311612481634,14.475643753678883,2025-09-30 10:56:59.503845
-1.1494524421491337,14.533671651119974,2025-09-30 10:56:59.503845
-1.6578184119804693,15.585770016694429,2025-09-30 10:56:59.503845
-2.2307527707077845,15.335108747381156,2025-09-30 10:56:59.503845
-0.4178936142088917,14.345585119095032,2025-09-30 10:56:59.503845
-1.1480390893307277,15.065510749024181,2025-09-30 10:56:59.503845
-0.941673117470069,14.426381636053428,2025-09-30 10:56:59.503845
-0.5050461347717731,14.864399810168297,2025-09-30 10:56:59.503845
2.036474900250532,15.388111732759636,2025-09-30 10:56:59.503845
-0.20216884802303633,13.88574589226735,2025-09-30 10:56:59.503845
1.1229600066005532,15.309302254805177,2025-09-30 10:56:59.503845
0.1678298841469813,14.990920803008514,2025-09-30 10:56:59.503845
0.5825522919755871,14.933597493491026,2025-09-30 10:56:59.503845
-1.603063976784385,14.905988315571168,2025-09-30 10:56:59.503845
0.3617249793720486,14.81157223376672,2025-09-30 10:56:59.503845
-0.5307534668574286,14.281552225302285,2025-09-30 10:56:59.503845
-1.2844084946255376,15.573045367001539,2025-09-30 10:56:59.503845
-1.4712739344386472,15.368438386943057,2025-09-30 10:56:59.503845
1.1308530851360121,14.849180071241076,2025-09-30 10:56:59.503845
-0.07942130472398283,14.310648586126218,2025-09-30 10:56:59.503845
-0.32521473251589184,14.60188130970193,2025-09-30 10:56:59.503845
0.9079374890996159,14.923234664241706,2025-09-30 10:56:59.503845
0.221678027970671,15.531994166343457,2025-09-30 10:56:59.503845
0.1773574612305151,14.212052168281838,2025-09-30 10:56:59.503845
-1.987253473870823,14.462421443655156,2025-09-30 10:56:59.503845
0.10987846587179913,14.717377844000538,2025-09-30 10:56:59.503845
0.5144328800504321,14.546196695453625,2025-09-30 10:56:59.503845
-0.677229922592369,15.081776896989892,2025-09-30 10:56:59.503845
-1.3190399521614329,14.77632544272141,2025-09-30 10:56:59.503845
0.519047533490814,14.803085378397013,2025-09-30 10:56:59.503845
-0.9146980898754568,14.507210667437144,2025-09-30 10:56:59.503845
-0.5502496324729648,14.34538893210302,2025-09-30 10:56:59.503845
-1.9515100452472525,14.989749793280923,2025-09-30 10:56:59.503845
-1.9864174689155714,14.223114940255485,2025-09-30 10:56:59.503845
-0.4156587460546117,15.34433680535026,2025-09-30 10:56:59.503845
1.5536247658705196,14.111031978944984,2025-09-30 10:56:59.503845
0.5321160173319415,14.3954737840534,2025-09-30 10:56:59.503845
0.6096874188631193,14.937882106850662,2025-09-30 10:56:59.503845
0.9837585296970799,14.185593931353555,2025-09-30 10:56:59.503845
-0.6839287431286684,15.129651543417632,2025-09-30 10:56:59.503845
-2.1650828813895475,14.743696535612964,2025-09-30 10:56:59.503845
-2.075154505202374,14.355290320479364,2025-09-30 10:56:59.503845
-1.8891900440791376,14.391255763594481,2025-09-30 10:56:59.503845
1.3458869685722266,14.998734861198091,2025-09-30 10:56:59.503845
-0.3246804460289706,16.029911765315717,2025-09-30 10:56:59.503845
-0.3073783206818138,14.712229433993304,2025-09-30 10:56:59.503845
0.45977213569872977,14.67973299687554,2025-09-30 10:56:59.503845
-0.6343523471407607,15.257798926967022,2025-09-30 10:56:59.503845
-1.2507615445875675,14.219782987619293,2025-09-30 10:56:59.503845
-0.12488551726921496,14.993545611790326,2025-09-30 10:56:59.503845
0.04909780818747264,13.583965878011133,2025-09-30 10:56:59.503845
0.0048235991860212215,15.584746361461535,2025-09-30 10:56:59.503845
-1.036648389390455,15.241614917189732,2025-09-30 10:56:59.503845
0.3753454798355861,14.484608069434659,2025-09-30 10:56:59.503845
1.6427714305731977,14.456097901492805,2025-09-30 10:56:59.503845
-0.7719531528399814,14.796657484482376,2025-09-30 10:56:59.503845
-0.18939889212472558,14.836022952449412,2025-09-30 10:56:59.503845
0.5029687553213023,13.84327452581568,2025-09-30 10:56:59.503845
-1.120230641551947,13.927777548114316,2025-09-30 10:56:59.503845
0.6144056748948273,14.803982066940268,2025-09-30 10:56:59.503845
1.1760583038250527,14.536139409013638,2025-09-30 10:56:59.503845
0.14080824751675347,15.094564341429685,2025-09-30 10:56:59.503845
0.9588389469514745,14.857921166992622,2025-09-30 10:56:59.503845
-0.11516988564078386,15.24616074416998,2025-09-30 10:56:59.503845
0.5648003344875071,14.484374321884458,2025-09-30 10:56:59.503845
1.688097518039155,14.303348308044388,2025-09-30 10:56:59.503845
0.04701076293650154,14.775356987584727,2025-09-30 10:56:59.503845
0.36232257936521234,15.100885322924878,2025-09-30 10:56:59.503845
0.1447756053244108,15.284642848249067,2025-09-30 10:56:59.503845
0.9638300766611952,14.567919887795899,2025-09-30 10:56:59.503845
-0.9876046386268971,14.316945866132416,2025-09-30 10:56:59.503845
-1.3328007066290555,14.88315858589755,2025-09-30 10:56:59.503845
-0.4122784731583736,15.007221080108264,2025-09-30 10:56:59.503845
1.3868927785259841,14.07846678709939,2025-09-30 10:56:59.503845
-1.1988432996111067,14.236095370875617,2025-09-30 10:56:59.503845
-0.7869569664735607,14.974686090907067,2025-09-30 10:56:59.503845
-0.6950852790607042,14.934110616192417,2025-09-30 10:56:59.503845
-0.3017804025002994,14.257483008326574,2025-09-30 10:56:59.503845
0.03758186863328141,14.183511705228398,2025-09-30 10:56:59.503845
0.4734483125924786,14.450792225643754,2025-09-30 10:56:59.503845
0.39260190629599756,14.688731358485562,2025-09-30 10:56:59.503845
0.14423242612140177,14.804618751106315,2025-09-30 10:56:59.503845
0.6478723467982312,14.401580314528777,2025-09-30 10:56:59.503845
-0.5713618520932241,14.577364965131007,2025-09-30 10:56:59.503845
0.6851891525765398,14.151378806395277,2025-09-30 10:56:59.503845
-0.7362073499233187,14.870226704361668,2025-09-30 10:56:59.503845
-1.0309994670702614,14.681050165571978,2025-09-30 10:56:59.503845
-1.2806365466610228,15.030288778287794,2025-09-30 10:56:59.503845
0.8298988952810736,14.367479199007677,2025-09-30 10:56:59.503845
-1.143635882806821,15.18897742518782,2025-09-30 10:56:59.503845
0.8607752246829601,14.676469905442676,2025-09-30 10:56:59.503845
0.265092329572459,14.225194252534587,2025-09-30 10:56:59.503845
-1.3871554017755532,14.771064620397034,2025-09-30 10:56:59.503845
-1.481898477308358,14.780148622412064,2025-09-30 10:56:59.503845
-0.7157076671427504,15.17320157211988,2025-09-30 10:56:59.503845
0.7599023826232143,14.72078204583702,2025-09-30 10:56:59.503845
-1.531726961638325,14.461638904963372,2025-09-30 10:56:59.503845
-0.28690946676705603,14.501276900795038,2025-09-30 10:56:59.503845
-1.6477675838177819,15.366838066881344,2025-09-30 10:56:59.503845
1.1760665020381356,14.67951888371265,2025-09-30 10:56:59.503845
-0.6715209129315445,14.782800945496186,2025-09-30 10:56:59.503845
-1.5424492393487887,14.725650201781605,2025-09-30 10:56:59.503845
0.6666874594746143,14.429304803535802,2025-09-30 10:56:59.503845
0.15537807186076177,13.93944233213034,2025-09-30 10:56:59.503845
-0.5070926672507586,14.330965605736822,2025-09-30 10:56:59.503845
-1.0846527957311594,13.775282353614582,2025-09-30 10:56:59.503845
-1.5837953435096253,14.538819082153545,2025-09-30 10:56:59.503845
0.7858847171887502,15.365685003791594,2025-09-30 10:56:59.503845
-0.7634331979006383,14.85065637792928,2025-09-30 10:56:59.503845
2.0484935834482725,13.864370115849608,2025-09-30 10:56:59.503845
-1.0455847816158692,15.123565276529606,2025-09-30 10:56:59.503845
-0.42604303577816083,14.248839243692077,2025-09-30 10:56:59.503845
-0.21948576369383707,14.66483271708888,2025-09-30 10:56:59.503845
-0.5767414821204401,14.639668125084256,2025-09-30 10:56:59.503845
-1.5512288938709067,14.935825187698383,2025-09-30 10:56:59.503845
0.6239716381389331,14.456440564054814,2025-09-30 10:56:59.503845
0.25200385854091734,14.733053483503205,2025-09-30 10:56:59.503845
1.7907038961811783,14.969383552295634,2025-09-30 10:56:59.503845
0.28730151313158747,15.005207177930357,2025-09-30 10:56:59.503845
-1.3628882422840345,15.083510470579583,2025-09-30 10:56:59.503845
0.11152385765312996,14.959480465991795,2025-09-30 10:56:59.503845
1.0059200440607852,14.350014308594046,2025-09-30 10:56:59.503845
1.17647520708505,15.587114344265286,2025-09-30 10:56:59.503845
0.5804185426198782,15.447018265382447,2025-09-30 10:56:59.503845
-1.1440720116840548,14.89526264051224,2025-09-30 10:56:59.503845
0.6605247908280625,15.380256617766822,2025-09-30 10:56:59.503845
0.7398406007945139,14.326224590944145,2025-09-30 10:56:59.503845
0.16516145271248767,14.641673316931403,2025-09-30 10:56:59.503845
-0.6079125137101948,14.691100886896724,2025-09-30 10:56:59.503845
-2.382623595256562,14.596201571287322,2025-09-30 10:56:59.503845
-2.108544392856862,14.635024065403009,2025-09-30 10:56:59.503845
-0.04349828578167481,14.618551476329788,2025-09-30 10:56:59.503845
-1.1028676117443994,13.865665132611747,2025-09-30 10:56:59.503845
2.082422440973847,14.597665071908134,2025-09-30 10:56:59.503845
-1.4385743826539934,14.916294787211637,2025-09-30 10:56:59.503845
0.569421011252469,15.295031504545449,2025-09-30 10:56:59.503845
-0.4209759741819243,14.570519662500638,2025-09-30 10:56:59.503845
-0.8391800236333673,15.07084950564766,2025-09-30 10:56:59.503845
0.017268603034282386,14.896910498704434,2025-09-30 10:56:59.503845
0.45230859202398893,14.939805743815375,2025-09-30 10:56:59.503845
-0.6371193324165992,15.184912846291278,2025-09-30 10:56:59.503845
-0.037914617300368395,14.738792512701185,2025-09-30 10:56:59.503845
-0.6882629415015508,14.676994024574082,2025-09-30 10:56:59.503845
0.5441250440760532,15.29044871261218,2025-09-30 10:56:59.503845
1.2259765495758428,15.18074601441166,2025-09-30 10:56:59.503845
-0.4902265712182985,14.43340479049396,2025-09-30 10:56:59.503845
1.9816407720862428,14.743101200392694,2025-09-30 10:56:59.503845
0.07666324356783297,15.190538177219615,2025-09-30 10:56:59.503845
-1.2402017515119281,15.32314281179495,2025-09-30 10:56:59.503845
0.38552282883703326,14.624068444637256,2025-09-30 10:56:59.503845
1.1037211405411809,14.492827866997734,2025-09-30 10:56:59.503845
0.003516758968604023,14.166703301651076,2025-09-30 10:56:59.503845
1.0645000747372109,14.72489671436345,2025-09-30 10:56:59.503845
-0.4946096003622033,15.145141224816493,2025-09-30 10:56:59.503845
-1.760685863215962,13.96029102771489,2025-09-30 10:56:59.503845
-0.5585760501386051,15.369429163148606,2025-09-30 10:56:59.503845
0.10138073027207962,14.73335719590554,2025-09-30 10:56:59.503845
0.526212924615128,15.030813762721909,2025-09-30 10:56:59.503845
-0.21637150316315754,15.607490556673273,2025-09-30 10:56:59.503845
-0.02963340469828617,14.364495813327528,2025-09-30 10:56:59.503845
0.1692460260128789,14.481332972447547,2025-09-30 10:56:59.503845
0.5472336298737299,14.692373675060379,2025-09-30 10:56:59.503845
0.5784148384946164,14.589839374403832,2025-09-30 10:56:59.503845
-0.6548946439505317,14.585259080966924,2025-09-30 10:56:59.503845
0.0661936206529515,14.595451012162833,2025-09-30 10:56:59.503845
0.27833664633751176,14.319200321644313,2025-09-30 10:56:59.503845
0.25264107585306056,14.6555375874332,2025-09-30 10:56:59.503845
0.35578145421938373,15.401138957863589,2025-09-30 10:56:59.503845
0.3416085170874673,15.058834225035543,2025-09-30 10:56:59.503845
-0.16700831756162224,15.309540842211007,2025-09-30 10:56:59.503845
0.3756079122365824,14.683608747135938,2025-09-30 10:56:59.503845
-0.35727441771435886,14.810607696743583,2025-09-30 10:56:59.503845
1.2358686158342667,15.39464178371994,2025-09-30 10:56:59.503845
-1.8199105702273075,14.938358817678136,2025-09-30 10:56:59.503845
0.29470853111206036,14.487341200854292,2025-09-30 10:56:59.503845
-0.2542755754648741,14.409707786440801,2025-09-30 10:56:59.503845
1.9443940034103782,14.465540121815911,2025-09-30 10:56:59.503845
0.7576105336552865,15.145665800693875,2025-09-30 10:56:59.503845
-1.8403904228435408,14.445908375955927,2025-09-30 10:56:59.503845
-0.3092662624865876,15.336332224362895,2025-09-30 10:56:59.503845
-0.17373637301642156,14.706328340739159,2025-09-30 10:56:59.503845
-0.42080435851855647,14.57490285147945,2025-09-30 10:56:59.503845
-1.947864228381365,15.054231342585794,2025-09-30 10:56:59.503845
-0.27824522137005014,14.481542900585843,2025-09-30 10:56:59.503845
0.011326207637859053,14.919926635117593,2025-09-30 10:56:59.503845
-0.8595117414055605,14.99518262525724,2025-09-30 10:56:59.503845
-1.7260752583799672,14.757471733437427,2025-09-30 10:56:59.503845
0.3847395103525642,14.304493128807264,2025-09-30 10:56:59.503845
-0.7051842628562315,14.94849177979202,2025-09-30 10:56:59.503845
0.7430440218196709,14.740833447557863,2025-09-30 10:56:59.503845
1.1334043211741665,14.981959053865515,2025-09-30 10:56:59.503845
-0.6124252637121328,14.243000826070286,2025-09-30 10:56:59.503845
-0.058106851251578856,14.164486105890264,2025-09-30 10:56:59.503845
-0.6093712450689703,14.097921108442815,2025-09-30 10:56:59.503845
0.49588463617944734,14.274068540054149,2025-09-30 10:56:59.503845
-0.43610675790464626,14.591473828826912,2025-09-30 10:56:59.503845
-0.1907004219588724,14.483986500591444,2025-09-30 10:56:59.503845
1.3187739503254012,14.324421237839825,2025-09-30 10:56:59.503845
1.903514394199182,14.642492351380158,2025-09-30 10:56:59.503845
-0.048549509941877046,14.576563243966337,2025-09-30 10:56:59.503845
1.3651357795788954,14.239751806179909,2025-09-30 10:56:59.503845
0.706270636840547,14.480489000667106,2025-09-30 10:56:59.503845
0.5573697634339643,15.192616636008673,2025-09-30 10:56:59.503845
-1.7431581112508547,14.358838020475156,2025-09-30 10:56:59.503845
-2.4013772345272657,14.574241160742188,2025-09-30 10:56:59.503845
-0.10905124591328778,14.807913386132654,2025-09-30 10:56:59.503845
-0.9920924059502029,15.319995424205082,2025-09-30 10:56:59.503845
-2.003463813743247,14.48516601823333,2025-09-30 10:56:59.503845
-0.056128098944658825,15.119528790484384,2025-09-30 10:56:59.503845
-2.585839491920851,14.005859543140357,2025-09-30 10:56:59.503845
-1.0826221965108767,14.878483502964322,2025-09-30 10:56:59.503845
-0.4148884306527246,15.381418374666842,2025-09-30 10:56:59.503845
1.16403527042758,14.670089568471594,2025-09-30 10:56:59.503845
1.821414184475938,14.584825513361196,2025-09-30 10:56:59.503845
-0.42400694088297297,15.298515529065796,2025-09-30 10:56:59.503845
0.6010447954328539,14.469093098507189,2025-09-30 10:56:59.503845
-1.759894234187308,13.758528810156777,2025-09-30 10:56:59.503845
0.8763311940185744,15.287627770321341,2025-09-30 10:56:59.503845
0.08242452362070632,14.486353212989412,2025-09-30 10:56:59.503845
0.11981722232842265,14.417480600545629,2025-09-30 10:56:59.503845
0.054305627690132904,14.6226072867575,2025-09-30 10:56:59.503845
-0.5361429982608947,15.33578665770409,2025-09-30 10:56:59.503845
2.435478610948837,14.671200987259022,2025-09-30 10:56:59.503845
-0.5817597252949074,14.807332006109544,2025-09-30 10:56:59.503845
0.43034529131974036,14.898274893394941,2025-09-30 10:56:59.503845
2.5831285946991183,15.235564883504676,2025-09-30 10:56:59.503845
-0.5716807471390976,14.651944094916013,2025-09-30 10:56:59.503845
-0.009253092193100602,15.401717822341453,2025-09-30 10:56:59.503845
0.47044133401004967,14.908844912411668,2025-09-30 10:56:59.503845
-1.004404433598744,15.260021191815683,2025-09-30 10:56:59.503845
-0.9517990728887623,14.406078553074082,2025-09-30 10:56:59.503845
-1.1065052779869087,15.001653800650251,2025-09-30 10:56:59.503845
-0.17922305157192367,15.041521230814086,2025-09-30 10:56:59.503845
-1.6813664246147786,14.212411176711713,2025-09-30 10:56:59.503845
-1.1380990108030542,14.845384831358555,2025-09-30 10:56:59.503845
1.7492840498041053,14.305139977398664,2025-09-30 10:56:59.503845
0.8651066315101766,15.158403164970071,2025-09-30 10:56:59.503845
-0.6478230804758032,15.10627199782248,2025-09-30 10:56:59.503845
-1.8446108852563,15.518962821740208,2025-09-30 10:56:59.503845
-1.6067057948062367,15.284981508767292,2025-09-30 10:56:59.503845
0.934546741555546,14.225638503845872,2025-09-30 10:56:59.503845
0.7141117196949959,14.754993956010793,2025-09-30 10:56:59.503845
0.4246772921302755,14.035506623671356,2025-09-30 10:56:59.503845
0.4580532372263458,15.131353752706842,2025-09-30 10:56:59.503845
0.4939448374719192,13.837966305693326,2025-09-30 10:56:59.503845
-0.6718647055508431,14.883609038973011,2025-09-30 10:56:59.503845
-0.8261441317678709,14.672031422355147,2025-09-30 10:56:59.503845
1.9261692020614927,14.127161964351378,2025-09-30 10:56:59.503845
1.1298251381965587,15.010897114968222,2025-09-30 10:56:59.503845
-0.13440069841275254,13.779901442795996,2025-09-30 10:56:59.503845
0.9713637724593528,14.001282502776087,2025-09-30 10:56:59.503845
-1.344188539749737,14.79337877971542,2025-09-30 10:56:59.503845
-0.2476978542749016,14.964736884471554,2025-09-30 10:56:59.503845
-0.9888948453286722,14.372774194162032,2025-09-30 10:56:59.503845
-0.3105973186233856,14.643306200751754,2025-09-30 10:56:59.503845
0.5591999643865604,15.505626639170023,2025-09-30 10:56:59.503845
0.8247693005403798,14.334153043722939,2025-09-30 10:56:59.503845
0.6803684733758977,14.482538674389879,2025-09-30 10:56:59.503845
-0.5985159260813606,14.872927527252202,2025-09-30 10:56:59.503845
-0.5238817327167477,15.181800006390823,2025-09-30 10:56:59.503845
0.05400097011628758,14.691981466555495,2025-09-30 10:56:59.503845
1.1287540079457665,15.068418464008644,2025-09-30 10:56:59.503845
-0.04548092662617555,15.134817051460143,2025-09-30 10:56:59.503845
0.9830293436689959,14.268066103287461,2025-09-30 10:56:59.503845
0.5095375913706901,15.03126509433741,2025-09-30 10:56:59.503845
0.4329381092403748,14.662976115497814,2025-09-30 10:56:59.503845
-0.7686124281204224,14.594416867061694,2025-09-30 10:56:59.503845
-1.5424405701653885,14.799215218537208,2025-09-30 10:56:59.503845
-0.14887921849432434,14.51105917577395,2025-09-30 10:56:59.503845
-0.2047674272573843,14.745915489571049,2025-09-30 10:56:59.503845
-0.07978125299785482,14.591201971395472,2025-09-30 10:56:59.503845
1.02468896307993,14.732091048571302,2025-09-30 10:56:59.503845
0.8070661938882727,15.50741238082715,2025-09-30 10:56:59.503845
-0.887502316042651,15.129542241964762,2025-09-30 10:56:59.503845
-0.9382469116243277,16.3212085075115,2025-09-30 10:56:59.503845
0.10041933319438207,14.833417064131433,2025-09-30 10:56:59.503845
0.205065392320738,14.908888033247097,2025-09-30 10:56:59.503845
-0.03964534810428112,15.170657004368293,2025-09-30 10:56:59.503845
-0.22541703561756973,14.922056963799317,2025-09-30 10:56:59.503845
0.3051470269577602,15.106358161166986,2025-09-30 10:56:59.503845
0.8904404778940876,14.792114641979245,2025-09-30 10:56:59.503845
1.7865343121594972,14.311463358675875,2025-09-30 10:56:59.503845
0.5647215666247702,14.27748996602775,2025-09-30 10:56:59.503845
0.4564136954302455,15.763482692415547,2025-09-30 10:56:59.503845
-0.016456802159743645,14.506090731456672,2025-09-30 10:56:59.503845
0.7333998120934544,15.102840017131431,2025-09-30 10:56:59.503845
-0.23479647225939013,14.526991489110998,2025-09-30 10:56:59.503845
0.7198876823814594,14.801166468206118,2025-09-30 10:56:59.503845
-0.9248737065175822,14.981473969723556,2025-09-30 10:56:59.503845
0.7901263478298864,14.284118126865874,2025-09-30 10:56:59.503845
0.42447936191110747,15.583926544622022,2025-09-30 10:56:59.503845
-0.7236740359228169,15.01264048381355,2025-09-30 10:56:59.503845
1.0231948299597529,15.296767645415926,2025-09-30 10:56:59.503845
-0.3458249976132343,14.954592383293036,2025-09-30 10:56:59.503845
-0.27076422345062223,14.015312011534528,2025-09-30 10:56:59.503845
1.0782367854972856,14.82948867214896,2025-09-30 10:56:59.503845
0.31333937801052053,14.69334770046518,2025-09-30 10:56:59.503845
1.011058554492481,14.533213272110311,2025-09-30 10:56:59.503845
-0.3917107706416412,14.53332593748924,2025-09-30 10:56:59.503845
0.20146663198069714,15.12637013463241,2025-09-30 10:56:59.503845
0.2326430430407209,14.63702516764878,2025-09-30 10:56:59.503845
1.2506352370932599,14.699771587965957,2025-09-30 10:56:59.503845
0.4504072089194053,13.911074782662993,2025-09-30 10:56:59.503845
0.005981797776549827,14.129205283279429,2025-09-30 10:56:59.503845
1.3850562567318851,15.141276852779383,2025-09-30 10:56:59.503845
-0.6711812392667229,14.742844870913409,2025-09-30 10:56:59.503845
-2.2135683756452726,15.207169136492528,2025-09-30 10:56:59.503845
0.8077463605653729,15.310173133591933,2025-09-30 10:56:59.503845
2.835616967422311,14.526913945742354,2025-09-30 10:56:59.503845
0.4459192923945341,14.728954007819416,2025-09-30 10:56:59.503845
0.04683884080408759,15.061724930290039,2025-09-30 10:56:59.503845
-0.86902289534482,15.129896525783444,2025-09-30 10:56:59.503845
0.1466722459689208,14.240102694526591,2025-09-30 10:56:59.503845
0.3640442885940618,14.692589803491495,2025-09-30 10:56:59.503845
0.30748069812036094,14.93088223535224,2025-09-30 10:56:59.503845
-0.9222401689113654,14.141258979489661,2025-09-30 10:56:59.503845
-1.769342289596836,14.838878766276867,2025-09-30 10:56:59.503845
-1.9233775327099694,14.796383189186972,2025-09-30 10:56:59.503845
0.3388384169430125,15.452505153200546,2025-09-30 10:56:59.503845
-0.8470676975864041,15.87109545241819,2025-09-30 10:56:59.503845
-0.2692150662741925,14.770984333485249,2025-09-30 10:56:59.503845
-0.7518667817168707,14.747896677968866,2025-09-30 10:56:59.503845
1.2456947730541095,14.817417947030156,2025-09-30 10:56:59.503845
0.4169276919030958,15.370852112378447,2025-09-30 10:56:59.503845
0.3570099371739646,14.206651459119762,2025-09-30 10:56:59.503845
0.5357782502706251,15.304985127579467,2025-09-30 10:56:59.503845
0.40920070726031343,15.183812069029232,2025-09-30 10:56:59.503845
-0.3546017590937599,14.673816421254653,2025-09-30 10:56:59.503845
-0.4682019967112925,14.873196216169095,2025-09-30 10:56:59.503845
-0.140916555201457,14.08115849150938,2025-09-30 10:56:59.503845
-0.10569396754612645,15.01767814726718,2025-09-30 10:56:59.503845
0.27406295160004146,15.207259297986235,2025-09-30 10:56:59.503845
0.2824363221404403,15.292418568629625,2025-09-30 10:56:59.503845
-0.745512748277216,14.617175642223991,2025-09-30 10:56:59.503845
-0.4524427950643799,15.650470495067422,2025-09-30 10:56:59.503845
-0.14661204925246862,14.960301389114477,2025-09-30 10:56:59.503845
0.2301994909486851,15.497802307187252,2025-09-30 10:56:59.503845
-0.8487422756181209,14.561197861820968,2025-09-30 10:56:59.503845
1.5991685274312348,13.733677484123557,2025-09-30 10:56:59.503845
0.352272200112276,15.055233621523566,2025-09-30 10:56:59.503845
0.4698736563629633,14.947888404125715,2025-09-30 10:56:59.503845
0.000767851602585781,14.774117798313329,2025-09-30 10:56:59.503845
-0.1711251527611026,15.121604629622334,2025-09-30 10:56:59.503845
0.7744423544326384,14.710360652621105,2025-09-30 10:56:59.503845
0.2697008590391282,14.388157375772654,2025-09-30 10:56:59.503845
-0.4401732478147862,15.050472749592844,2025-09-30 10:56:59.503845
0.654651155333278,15.10617811596942,2025-09-30 10:56:59.503845
0.41472574749828156,15.374922954787861,2025-09-30 10:56:59.503845
0.09567739965332789,14.696190284277575,2025-09-30 10:56:59.503845
0.20927371319424173,14.421526021616025,2025-09-30 10:56:59.503845
-1.0530559769982726,14.658590177978702,2025-09-30 10:56:59.503845
1.0046776056656965,14.818408575831862,2025-09-30 10:56:59.503845
1.093120431640812,14.20271489263012,2025-09-30 10:56:59.503845
0.8313247853887863,14.139022010103783,2025-09-30 10:56:59.503845
-0.22222515597795006,14.560918331722231,2025-09-30 10:56:59.503845
1.9877318638213057,14.288495968160245,2025-09-30 10:56:59.503845
0.4900667628720193,15.047619191133995,2025-09-30 10:56:59.503845
0.4324619520458801,13.966600269354238,2025-09-30 10:56:59.503845
-0.5432928468073026,14.629652873640438,2025-09-30 10:56:59.503845
-0.13833436819285544,14.805399611272017,2025-09-30 10:56:59.503845
0.7468107797364778,14.823973405157634,2025-09-30 10:56:59.503845
0.23157100376373557,14.837677965728874,2025-09-30 10:56:59.503845
-0.17303710526013774,14.36247322758146,2025-09-30 10:56:59.503845
1.021802345877746,14.588779464488514,2025-09-30 10:56:59.503845
-0.36579247746380905,15.23138115568738,2025-09-30 10:56:59.503845
0.6286677094737848,14.629185817172925,2025-09-30 10:56:59.503845
-0.023614124084352515,15.337259749556326,2025-09-30 10:56:59.503845
-0.3079551892329171,14.50734239771732,2025-09-30 10:56:59.503845
1.0292905040460034,14.258683046964014,2025-09-30 10:56:59.503845
-0.8542095199382349,14.550234034635034,2025-09-30 10:56:59.503845
-0.5863863397922765,14.255351720265292,2025-09-30 10:56:59.503845
-1.0927105944625137,14.307975212144754,2025-09-30 10:56:59.503845
-0.49725166908900253,14.775811146229968,2025-09-30 10:56:59.503845
0.4720644528793691,14.225798409812048,2025-09-30 10:56:59.503845
-2.163480329488568,14.99756575892208,2025-09-30 10:56:59.503845
-0.5435199086413764,13.52109901751623,2025-09-30 10:56:59.503845
-0.639061738027105,14.85465626931135,2025-09-30 10:56:59.503845
-0.5308033863282813,14.463185253309371,2025-09-30 10:56:59.503845
-1.7662753943318026,16.14428959165094,2025-09-30 10:56:59.503845
0.726287800928164,14.22968630247359,2025-09-30 10:56:59.503845
-0.42218674195767675,14.46637593485408,2025-09-30 10:56:59.503845
1.26215909670035,13.951881844930556,2025-09-30 10:56:59.503845
2.078268948222702,14.405338844127067,2025-09-30 10:56:59.503845
0.5966877933292014,14.321639275824714,2025-09-30 10:56:59.503845
-0.4746544489296643,15.50195387747886,2025-09-30 10:56:59.503845
-0.5548608306455409,14.634483277589373,2025-09-30 10:56:59.503845
1.579340823934151,14.587874082090936,2025-09-30 10:56:59.503845
-0.8372756462863316,14.736401659717206,2025-09-30 10:56:59.503845
1.0361859003315943,14.357742966391035,2025-09-30 10:56:59.503845
0.9789198305654887,14.681276149055888,2025-09-30 10:56:59.503845
-0.48984293570192605,14.551278456144225,2025-09-30 10:56:59.503845
0.26952727667913484,14.338044399020658,2025-09-30 10:56:59.503845
1.2540419013937973,15.376631398841049,2025-09-30 10:56:59.503845
1.3228735064034265,14.686012928569872,2025-09-30 10:56:59.503845
1.0572827979125197,14.824874379582601,2025-09-30 10:56:59.503845
0.040729869860927845,14.80213149563455,2025-09-30 10:56:59.503845
4.065942119088378,14.726941490970797,2025-09-30 10:56:59.503845
0.9674097090115235,14.774513200607142,2025-09-30 10:56:59.503845
-0.205653326036791,15.753473752217735,2025-09-30 10:56:59.503845
1.8788093998799853,14.03274184223488,2025-09-30 10:56:59.503845
-0.8380375172120587,14.529340454998229,2025-09-30 10:56:59.503845
0.12884010255308667,13.932721260157722,2025-09-30 10:56:59.503845
-2.0359969920231524,15.084568990184358,2025-09-30 10:56:59.503845
0.8971866798789417,15.148762641690793,2025-09-30 10:56:59.503845
2.112816412050908,14.62902147215869,2025-09-30 10:56:59.503845
-0.17092588470686523,14.803707971442693,2025-09-30 10:56:59.503845
0.7659210156801873,14.259635969811482,2025-09-30 10:56:59.503845
-1.3399757026219181,15.309092815457571,2025-09-30 10:56:59.503845
-0.5506511293554528,14.591002923122446,2025-09-30 10:56:59.503845
-0.10575506793160053,15.453186921837975,2025-09-30 10:56:59.503845
3.0416040648570135,14.627308551287003,2025-09-30 10:56:59.503845
1.6704586456716797,15.100239886779544,2025-09-30 10:56:59.503845
1.784525638724332,15.511415732637865,2025-09-30 10:56:59.503845
0.6508152079448188,15.019603022873945,2025-09-30 10:56:59.503845
-0.45279506764625677,15.166885927903085,2025-09-30 10:56:59.503845
-2.2259870977426113,14.942791707420325,2025-09-30 10:56:59.503845
0.05181901925270035,14.038754470828861,2025-09-30 10:56:59.503845
-1.8179477115727434,14.54519928706885,2025-09-30 10:56:59.503845
-1.353771313613622,14.807640704967545,2025-09-30 10:56:59.503845
-0.6225804684107024,14.647253890999338,2025-09-30 10:56:59.503845
0.46926168119714035,15.068240672239774,2025-09-30 10:56:59.503845
-2.036715304148853,14.663856960677977,2025-09-30 10:56:59.503845
1.2065878110866948,14.31635195007732,2025-09-30 10:56:59.503845
1.4868894411946176,14.262179981001385,2025-09-30 10:56:59.503845
-1.2048441751486574,14.623810014437629,2025-09-30 10:56:59.503845
-0.16157480665998006,14.820756706708057,2025-09-30 10:56:59.503845
0.7999500077255082,14.873142170227213,2025-09-30 10:56:59.503845
1.0695795686386251,14.002437481844563,2025-09-30 10:56:59.503845
-1.147071209381472,14.656323469619227,2025-09-30 10:56:59.503845
1.8662609476402316,14.82363739686977,2025-09-30 10:56:59.503845
-0.16089070241039208,14.52035244145255,2025-09-30 10:56:59.503845
0.0723456935474695,14.874967540268427,2025-09-30 10:56:59.503845
-1.3091296823889604,14.762846349034085,2025-09-30 10:56:59.503845
-0.8819076285870694,15.084740511286357,2025-09-30 10:56:59.503845
0.2826654380609974,14.818727719794131,2025-09-30 10:56:59.503845
-0.9294807104992203,14.487338147266305,2025-09-30 10:56:59.503845
-1.0769767750913373,14.729905124439592,2025-09-30 10:56:59.503845
-0.23784763043469231,14.630284003360622,2025-09-30 10:56:59.503845
0.4228126078892163,14.90963783876515,2025-09-30 10:56:59.503845
-1.264348530376578,14.80807963711401,2025-09-30 10:56:59.503845
0.5067247029249021,14.21078489804572,2025-09-30 10:56:59.503845
-0.07854662925459796,14.45749860474345,2025-09-30 10:56:59.503845
0.4020854017819628,14.955208058372717,2025-09-30 10:56:59.503845
0.39582371273678285,13.536793448545419,2025-09-30 10:56:59.503845
-0.056397592012621865,14.312070004254638,2025-09-30 10:56:59.503845
1.10164615765268,14.725404901757502,2025-09-30 10:56:59.503845
-0.01588644325150335,14.642990746478532,2025-09-30 10:56:59.503845
1.046643763188392,14.625827706280507,2025-09-30 10:56:59.503845
-0.06471876444794407,14.892408158005457,2025-09-30 10:56:59.503845
0.2611792019507326,14.607387486563063,2025-09-30 10:56:59.503845
0.3344614582753597,14.276682760190079,2025-09-30 10:56:59.503845
-0.07514150311644575,14.85435577691638,2025-09-30 10:56:59.503845
0.7160128034133814,14.69705907370952,2025-09-30 10:56:59.503845
1.1243182613019638,14.949161029627174,2025-09-30 10:56:59.503845
-0.6474091974495735,15.167543073668455,2025-09-30 10:56:59.503845
0.8214121717892918,15.198715847854402,2025-09-30 10:56:59.503845
0.13089761452133983,14.674140986081285,2025-09-30 10:56:59.503845
-1.6007877402481694,14.617207887085584,2025-09-30 10:56:59.503845
-0.5492663332264042,15.007667374819135,2025-09-30 10:56:59.503845
0.6448601781775061,15.509090968434512,2025-09-30 10:56:59.503845
0.06160507334812438,15.17904809702911,2025-09-30 10:56:59.503845
-1.76059929282281,15.906620610584524,2025-09-30 10:56:59.503845
-0.5496632617810301,14.673991151237379,2025-09-30 10:56:59.503845
-1.955453423703334,14.872075648127584,2025-09-30 10:56:59.503845
0.2686986369282377,15.0685170559716,2025-09-30 10:56:59.503845
-1.202086241596705,15.327503877783693,2025-09-30 10:56:59.503845
-0.13414522876908608,14.334962517164481,2025-09-30 10:56:59.503845
1.0147184012071317,14.886692161455981,2025-09-30 10:56:59.503845
-0.9953874651144322,14.920839950406311,2025-09-30 10:56:59.503845
0.059967020825021373,13.796501024179623,2025-09-30 10:56:59.503845
-1.1991941797377452,14.991118115699251,2025-09-30 10:56:59.503845
-0.5735763499324397,14.227241239468336,2025-09-30 10:56:59.503845
-1.9561596842585378,14.701276338440152,2025-09-30 10:56:59.503845
-0.0508146695910364,15.234513240565004,2025-09-30 10:56:59.503845
-1.7527413956215132,14.901045510115644,2025-09-30 10:56:59.503845
-0.27289470320784837,14.64092509978757,2025-09-30 10:56:59.503845
-0.534502751923156,14.385546185470107,2025-09-30 10:56:59.503845
-2.5496989984633616,15.582559983450368,2025-09-30 10:56:59.503845
0.8191696265985507,13.640926278269479,2025-09-30 10:56:59.503845
-1.7784308277109846,15.050474500529516,2025-09-30 10:56:59.503845
-0.008673427507578314,15.321834425554611,2025-09-30 10:56:59.503845
-0.2803071155806925,14.485015341450826,2025-09-30 10:56:59.503845
0.4594030829626956,14.395846495462559,2025-09-30 10:56:59.503845
1.5024792169591263,14.29241963218014,2025-09-30 10:56:59.503845
1.7650913659639065,15.415257348045003,2025-09-30 10:56:59.503845
-0.07043963409772981,14.579281450940554,2025-09-30 10:56:59.503845
-0.57008755703542,14.860422665377573,2025-09-30 10:56:59.503845
-0.09466678213308231,15.967300841493419,2025-09-30 10:56:59.503845
0.8826898496873553,15.13658865454205,2025-09-30 10:56:59.503845
-0.1707293750297636,14.986885429459383,2025-09-30 10:56:59.503845
-1.7482444355032773,14.672873671285942,2025-09-30 10:56:59.503845
0.24682997160592046,14.978470605485633,2025-09-30 10:56:59.503845
-0.36382067370253074,14.406225916857968,2025-09-30 10:56:59.503845
-0.28874276318089304,14.866167110904657,2025-09-30 10:56:59.503845
0.49653394990424277,14.384275804467714,2025-09-30 10:56:59.503845
-0.11984890321839531,14.864530198244166,2025-09-30 10:56:59.503845
-0.4389746309076407,14.036094533253024,2025-09-30 10:56:59.503845
0.19199039425735276,15.112291325735969,2025-09-30 10:56:59.503845
-0.3282241300971122,14.550710813370412,2025-09-30 10:56:59.503845
-0.7733992533638508,14.256077556891746,2025-09-30 10:56:59.503845
1.3059522127147072,14.317900699298404,2025-09-30 10:56:59.503845
-0.6965675738718811,15.372608055683205,2025-09-30 10:56:59.503845
-0.7402232198809843,14.517445232483013,2025-09-30 10:56:59.503845
-1.6630372608516912,14.792224195542614,2025-09-30 10:56:59.503845
0.7346572107803055,14.703400270185298,2025-09-30 10:56:59.503845
0.16825407115662333,15.503590308487443,2025-09-30 10:56:59.503845
1.491945997293179,15.754556191459248,2025-09-30 10:56:59.503845
0.7682584444014773,15.143602937077812,2025-09-30 10:56:59.503845
0.4181153406703073,14.59752315044043,2025-09-30 10:56:59.503845
-1.242677209144488,14.010274606365115,2025-09-30 10:56:59.503845
-1.2269725525816837,14.861316106028218,2025-09-30 10:56:59.503845
1.621540611981301,15.154226948087015,2025-09-30 10:56:59.503845
1.5055991725782967,14.876104856836555,2025-09-30 10:56:59.503845
0.08492649433261802,15.349428699207953,2025-09-30 10:56:59.503845
-0.5914289037039892,14.561595497211346,2025-09-30 10:56:59.503845
-0.7737075723733496,15.22258175410418,2025-09-30 10:56:59.503845
-0.7758134339019735,15.30984132564097,2025-09-30 10:56:59.503845
0.7600572681658849,14.76954676407581,2025-09-30 10:56:59.503845
-0.13841219170058766,15.003347687754161,2025-09-30 10:56:59.503845
-0.10358577670053025,14.896201318411455,2025-09-30 10:56:59.503845
0.24937216493158398,14.921247656803466,2025-09-30 10:56:59.503845
-1.111562885063376,14.510247253882813,2025-09-30 10:56:59.503845
0.12109403128934061,14.086503657081238,2025-09-30 10:56:59.503845
-1.2204727055588855,14.374783058808617,2025-09-30 10:56:59.503845
0.7531603547093784,14.983321189921838,2025-09-30 10:56:59.503845
-0.18540923340843662,14.756121603610653,2025-09-30 10:56:59.503845
0.1059973483556608,14.95137336825178,2025-09-30 10:56:59.503845
-2.3329376457910134,14.572954203408369,2025-09-30 10:56:59.503845
0.30548611078184995,13.713316763789058,2025-09-30 10:56:59.503845
-1.5188025693088756,15.15104114103289,2025-09-30 10:56:59.503845
0.6322626371963931,14.699767363901866,2025-09-30 10:56:59.503845
0.24580505520282314,14.259448014286649,2025-09-30 10:56:59.503845
-0.1895799730281226,14.057218667661964,2025-09-30 10:56:59.503845
-0.05321888359396392,15.126930375266253,2025-09-30 10:56:59.503845
0.6148473125172068,14.197272414162894,2025-09-30 10:56:59.503845
0.179781858635232,14.473497955329028,2025-09-30 10:56:59.503845
1.5324997437591135,14.713369709457208,2025-09-30 10:56:59.503845
1.8974843568339765,14.441857969453482,2025-09-30 10:56:59.503845
0.2315065444979897,14.812900365369831,2025-09-30 10:56:59.503845
-1.2647740320027039,14.759310777383584,2025-09-30 10:56:59.503845
1.8888884354082685,14.83070330379386,2025-09-30 10:56:59.503845
0.7730219200434302,14.61468487678915,2025-09-30 10:56:59.503845
1.0236466248594125,14.252957986736428,2025-09-30 10:56:59.503845
0.002483784833629415,15.332415537891084,2025-09-30 10:56:59.503845
1.2622464800772029,14.689600541927668,2025-09-30 10:56:59.503845
1.285838684339203,14.62073251229573,2025-09-30 10:56:59.503845
1.714660302032616,14.917334203760827,2025-09-30 10:56:59.503845
-0.6938888272910432,15.210560878716281,2025-09-30 10:56:59.503845
-0.8278102091546321,14.59597416795211,2025-09-30 10:56:59.503845
0.3235273186075642,14.569389709160545,2025-09-30 10:56:59.503845
0.6397172251290291,14.024389038608286,2025-09-30 10:56:59.503845
0.684490737352993,14.142543036104962,2025-09-30 10:56:59.503845
-0.06504692474787593,14.776866993444537,2025-09-30 10:56:59.503845
-0.1386238880933798,14.858738048315049,2025-09-30 10:56:59.503845
1.7773338752963277,14.569695353155998,2025-09-30 10:56:59.503845
-1.0042377578824593,14.787318781318241,2025-09-30 10:56:59.503845
0.6620939149942113,14.24431426744131,2025-09-30 10:56:59.503845
0.4879995206781157,14.501730362225246,2025-09-30 10:56:59.503845
-1.0482139942821338,15.0482088973894,2025-09-30 10:56:59.503845
-0.3837356237723458,13.872259182717203,2025-09-30 10:56:59.503845
1.6627606261124594,14.638803394277957,2025-09-30 10:56:59.503845
-0.5938316944143799,15.326769246263177,2025-09-30 10:56:59.503845
-0.006381124744300549,14.18157179499316,2025-09-30 10:56:59.503845
0.3267754750086973,14.746354989445424,2025-09-30 10:56:59.503845
-0.47103456814901834,14.96215074384394,2025-09-30 10:56:59.503845
1.4348879131470003,13.976735032074039,2025-09-30 10:56:59.503845
-0.7174529930035661,14.00670788977155,2025-09-30 10:56:59.503845
-0.03988080363053519,15.102966322493693,2025-09-30 10:56:59.503845
-0.520224571930171,14.197537460385918,2025-09-30 10:56:59.503845
-1.5328932934858026,14.928963895850481,2025-09-30 10:56:59.503845
-0.012662978947188507,14.536673397198937,2025-09-30 10:56:59.503845
-0.9245308576499484,14.593638190051749,2025-09-30 10:56:59.503845
-1.258148767604927,14.686853997571827,2025-09-30 10:56:59.503845
-1.001958202207959,14.077871055916422,2025-09-30 10:56:59.503845
-0.2831797654818053,15.235876558376724,2025-09-30 10:56:59.503845
1.387591885805202,14.830501731238662,2025-09-30 10:56:59.503845
-0.06642498487282412,15.00490748313273,2025-09-30 10:56:59.503845
0.6083144992279989,15.494288291752584,2025-09-30 10:56:59.503845
1.2515929253702747,15.2161777801916,2025-09-30 10:56:59.503845
0.19750026394745449,14.929317647551253,2025-09-30 10:56:59.503845
0.3607039398031316,16.13818599735005,2025-09-30 10:56:59.503845
1.2937846971071918,14.44936444745602,2025-09-30 10:56:59.503845
-0.3500506915528304,14.76876849082193,2025-09-30 10:56:59.503845
0.47221821620034843,14.952054869062167,2025-09-30 10:56:59.503845
-0.4144837350851987,14.620809008084358,2025-09-30 10:56:59.503845
0.637974638694368,15.360532005812285,2025-09-30 10:56:59.503845
0.22205587653718906,14.97678333349962,2025-09-30 10:56:59.503845
-0.39179789791163144,14.446407815238231,2025-09-30 10:56:59.503845
-1.2406669236835652,15.252686155898012,2025-09-30 10:56:59.503845
-0.6633177340271368,14.100226452306739,2025-09-30 10:56:59.503845
-0.06104774834026581,14.87398700393786,2025-09-30 10:56:59.503845
-0.9594538137006656,15.282544054305607,2025-09-30 10:56:59.503845
0.5667716855574149,14.14626955853486,2025-09-30 10:56:59.503845
1.4415247937864977,14.562831991566204,2025-09-30 10:56:59.503845
-1.7024243597487008,14.331516442826915,2025-09-30 10:56:59.503845
0.05681643941815584,14.838718806369553,2025-09-30 10:56:59.503845
-0.9857194706841523,14.700879174060791,2025-09-30 10:56:59.503845
-2.495124380665721,14.79574395659581,2025-09-30 10:56:59.503845
-1.6409765798274336,14.503067042339962,2025-09-30 10:56:59.503845
0.11057143954314405,14.357713825145323,2025-09-30 10:56:59.503845
-0.09508438366703398,15.175564061247256,2025-09-30 10:56:59.503845
-0.9010598543000752,14.983262171002908,2025-09-30 10:56:59.503845
-1.2974527465670438,15.510268323439096,2025-09-30 10:56:59.503845
-0.3976481239829638,15.002314954737919,2025-09-30 10:56:59.503845
0.6255454680166737,14.780396344197797,2025-09-30 10:56:59.503845
-0.6776961845364688,15.085201748757894,2025-09-30 10:56:59.503845
-2.5768887662246045,14.689131903759709,2025-09-30 10:56:59.503845
0.5202453927351401,15.220758439086191,2025-09-30 10:56:59.503845
0.37493347106078007,14.518342042043408,2025-09-30 10:56:59.503845
-0.2060404714659917,14.731642628508906,2025-09-30 10:56:59.503845
0.468109674826561,15.008725142548084,2025-09-30 10:56:59.503845
0.8051716046118432,14.008225250659493,2025-09-30 10:56:59.503845
0.28964724115096074,15.23893120582003,2025-09-30 10:56:59.503845
0.9467376025625062,14.52162250087891,2025-09-30 10:56:59.503845
-1.3188066527205566,14.954927856432828,2025-09-30 10:56:59.503845
-0.012125717472437935,14.768027803873208,2025-09-30 10:56:59.503845
-0.40671552227693414,14.887607228754112,2025-09-30 10:56:59.503845
0.7133826849819207,15.957541775598324,2025-09-30 10:56:59.503845
0.008644987521510765,14.515898445055518,2025-09-30 10:56:59.503845
1.128275454910182,15.006596534552589,2025-09-30 10:56:59.503845
0.3592197415865248,14.668548356286808,2025-09-30 10:56:59.503845
-0.019453968363483787,14.528040650405057,2025-09-30 10:56:59.503845
-1.174348791708923,14.880235681990404,2025-09-30 10:56:59.503845
-0.17229728577666686,14.943226116966319,2025-09-30 10:56:59.503845
0.2989401318581753,15.37794712544095,2025-09-30 10:56:59.503845
-0.6903599353358384,14.997942946609657,2025-09-30 10:56:59.503845
2.1204284736147807,14.17885687065558,2025-09-30 10:56:59.503845
-1.303395171247119,14.698997471188514,2025-09-30 10:56:59.503845
-0.07234838513403338,14.591912307561259,2025-09-30 10:56:59.503845
-2.7514473152320855,14.241492286607311,2025-09-30 10:56:59.503845
-0.613671547715661,14.620567431670079,2025-09-30 10:56:59.503845
-0.547406118407939,14.803853193307441,2025-09-30 10:56:59.503845
0.804579002533274,15.843141242970118,2025-09-30 10:56:59.503845
-1.0109565712670678,14.400439360651541,2025-09-30 10:56:59.503845
2.628003787151704,14.04783730664233,2025-09-30 10:56:59.503845
-1.2241294858534024,14.457016241455594,2025-09-30 10:56:59.503845
0.28857818169928257,15.247178915047389,2025-09-30 10:56:59.503845
1.3873456636726107,14.086104678964196,2025-09-30 10:56:59.503845
2.5496109740292408,14.20795897168619,2025-09-30 10:56:59.503845
-0.2818167724160637,15.002384800735749,2025-09-30 10:56:59.503845
0.6417213867622321,14.14511625924938,2025-09-30 10:56:59.503845
-1.1025240579213262,14.418457540199801,2025-09-30 10:56:59.503845
1.0871534680003465,14.29920267359702,2025-09-30 10:56:59.503845
-0.30701963839333124,14.463155107725239,2025-09-30 10:56:59.503845
0.2854903574655378,14.534807641492945,2025-09-30 10:56:59.503845
-0.20788108818658751,14.536851223466998,2025-09-30 10:56:59.503845
0.8849480329863118,15.26479707200745,2025-09-30 10:56:59.503845
-0.6928967213255367,14.718084236424192,2025-09-30 10:56:59.503845
-0.7679954181736167,14.245181898893623,2025-09-30 10:56:59.503845
-0.6669768855244886,15.095913115560023,2025-09-30 10:56:59.503845
2.172814093038043,14.512407018856159,2025-09-30 10:56:59.503845
-0.8249232432408238,14.801519835492456,2025-09-30 10:56:59.503845
-2.3632979320995258,14.345552105324956,2025-09-30 10:56:59.503845
-1.2210946754463827,14.804615873241417,2025-09-30 10:56:59.503845
-0.9189867990688334,15.350256242674956,2025-09-30 10:56:59.503845
-1.4033515555084302,15.1673441479992,2025-09-30 10:56:59.503845
0.18038195106261204,15.147684701275125,2025-09-30 10:56:59.503845
0.12148272268724414,14.218060354298975,2025-09-30 10:56:59.503845
-0.4270787799336852,14.70604317660641,2025-09-30 10:56:59.503845
-0.9303983445364848,14.271232895218622,2025-09-30 10:56:59.503845
-1.2379636934687837,14.435000868372304,2025-09-30 10:56:59.503845
-1.5985270875029254,14.729182133449866,2025-09-30 10:56:59.503845
-0.3474197210689942,15.330292325326809,2025-09-30 10:56:59.503845
-0.9570622717071287,14.5030147587849,2025-09-30 10:56:59.503845
0.6598898472379429,14.54850280884752,2025-09-30 10:56:59.503845
0.44032696374463526,14.855220839218736,2025-09-30 10:56:59.503845
-0.45213626071566093,14.105612894375238,2025-09-30 10:56:59.503845
0.4395131273452554,14.038263024491252,2025-09-30 10:56:59.503845
0.7124993492040341,14.88963785229185,2025-09-30 10:56:59.503845
0.5807000080169766,14.513955720534316,2025-09-30 10:56:59.503845
0.8330173267150444,15.257454222904823,2025-09-30 10:56:59.503845
-0.18366779529810578,14.254515113636362,2025-09-30 10:56:59.503845
-1.0088632576207524,15.250566053734381,2025-09-30 10:56:59.503845
2.4854892235110673,15.226054199638776,2025-09-30 10:56:59.503845
0.2596760754648013,15.344958703566412,2025-09-30 10:56:59.503845
-2.031156114992289,15.057205606435064,2025-09-30 10:56:59.503845
0.8954678367815948,14.880647313675054,2025-09-30 10:56:59.503845
-2.253992519484871,14.848444906722657,2025-09-30 10:56:59.503845
-1.8964084214908683,14.58266856049476,2025-09-30 10:56:59.503845
0.6646227152042135,14.350885997787246,2025-09-30 10:56:59.503845
-1.5568001356154315,14.576911721025265,2025-09-30 10:56:59.503845
-0.500021043127185,15.071087481239212,2025-09-30 10:56:59.503845
0.5954722206444247,14.844247968276719,2025-09-30 10:56:59.503845
0.6130737429058571,14.304945463166918,2025-09-30 10:56:59.503845
1.4487477402557525,15.187696971071299,2025-09-30 10:56:59.503845
0.8040361596715465,16.109644600465003,2025-09-30 10:56:59.503845
1.6814781652763293,14.261359447807378,2025-09-30 10:56:59.503845
0.0021679011958197197,14.75409680207221,2025-09-30 10:56:59.503845
1.044867839696404,14.762063979448028,2025-09-30 10:56:59.503845
1.0091306444405561,14.402414373351872,2025-09-30 10:56:59.503845
-0.7371711190374662,14.807476544339325,2025-09-30 10:56:59.503845
0.4433471004000559,14.559932225199761,2025-09-30 10:56:59.503845
2.1950945273151,14.589099268090106,2025-09-30 10:56:59.503845
-0.7685803760238854,14.558384935066782,2025-09-30 10:56:59.503845
0.7050184459807177,15.600989304586498,2025-09-30 10:56:59.503845
-0.6780608174177467,14.79576167674392,2025-09-30 10:56:59.503845
-0.13260290912744155,15.069846967138693,2025-09-30 10:56:59.503845
0.08682476723684407,14.822963127591198,2025-09-30 10:56:59.503845
-0.7560255765280451,14.512952434017114,2025-09-30 10:56:59.503845
0.051495166952315576,14.722836333793326,2025-09-30 10:56:59.503845
-0.03795915286031745,14.143440422998479,2025-09-30 10:56:59.503845
0.812706912487259,14.081194609126564,2025-09-30 10:56:59.503845
0.3306294079846342,15.441866668808816,2025-09-30 10:56:59.503845
-1.737923654001701,14.744508652713867,2025-09-30 10:56:59.503845
0.1781328867895974,15.319229112327543,2025-09-30 10:56:59.503845
-1.2652989693682997,15.027739629473858,2025-09-30 10:56:59.503845
1.3155291824332405,15.615476776422367,2025-09-30 10:56:59.503845
-0.8983315729342038,14.579176290477939,2025-09-30 10:56:59.503845
-0.12336641656842952,15.177823545486142,2025-09-30 10:56:59.503845
-0.05452533959004631,15.083188394138542,2025-09-30 10:56:59.503845
-0.45283824171734205,14.975208862585179,2025-09-30 10:56:59.503845
1.2509208054382095,14.622390314460944,2025-09-30 10:56:59.503845
0.36076137637429584,14.880912347348486,2025-09-30 10:56:59.503845
-1.0438902695833698,14.892472548845435,2025-09-30 10:56:59.503845
-1.459979992219649,14.41710166326859,2025-09-30 10:56:59.503845
-0.3635780262617139,14.297377012561348,2025-09-30 10:56:59.503845
1.302880370632659,14.214077001089397,2025-09-30 10:56:59.503845
0.7139470211248143,14.72785779635822,2025-09-30 10:56:59.503845
0.6021547484831196,14.63150916982374,2025-09-30 10:56:59.503845
-0.40396236038391026,15.559860832897831,2025-09-30 10:56:59.503845
-0.8533148477228166,14.225206091614734,2025-09-30 10:56:59.503845
0.617867023814144,15.085749069502643,2025-09-30 10:56:59.503845
0.15824662921465446,15.110877308005632,2025-09-30 10:56:59.503845
-0.8794065678179721,14.589227524297003,2025-09-30 10:56:59.503845
-0.10730817460128746,14.159059300379052,2025-09-30 10:56:59.503845
-0.4598322372125851,14.58193300643218,2025-09-30 10:56:59.503845
1.051257906660958,14.842554948779114,2025-09-30 10:56:59.503845
1.2458896252547615,14.514298065747868,2025-09-30 10:56:59.503845
0.08265110415158389,14.061404241827683,2025-09-30 10:56:59.503845
0.7395316963950532,14.624962900415035,2025-09-30 10:56:59.503845
-0.7836077883014324,15.549416101611463,2025-09-30 10:56:59.503845
-1.3653843854812833,14.616772500534184,2025-09-30 10:56:59.503845
-0.6262547729559795,14.234735856676798,2025-09-30 10:56:59.503845
0.5846857490317576,15.696729377377538,2025-09-30 10:56:59.503845
-0.9942689921929944,14.23627201198681,2025-09-30 10:56:59.503845
0.20262964257167831,14.866160098089603,2025-09-30 10:56:59.503845
-0.6060304105425373,14.682340926618279,2025-09-30 10:56:59.503845
0.31131844528993197,14.962459959697632,2025-09-30 10:56:59.503845
2.171050329922359,15.12690053834142,2025-09-30 10:56:59.503845
0.19373031136638016,14.273362266701314,2025-09-30 10:56:59.503845
-1.657443124473222,14.05967392588471,2025-09-30 10:56:59.503845
-2.0076220289222007,14.90050337339948,2025-09-30 10:56:59.503845
0.7881215132601311,14.851226039744839,2025-09-30 10:56:59.503845
0.8945549595616658,14.652841312001353,2025-09-30 10:56:59.503845
-0.6815441135724104,14.35130620727157,2025-09-30 10:56:59.503845
0.8669345093234825,14.487399652509167,2025-09-30 10:56:59.503845
-0.7271876002921253,14.880015053077797,2025-09-30 10:56:59.503845
0.7920536699580945,15.478170499021962,2025-09-30 10:56:59.503845
1.7247324673664697,14.302487514628995,2025-09-30 10:56:59.503845
-0.9523147202955069,14.908034698314095,2025-09-30 10:56:59.503845
-2.877239341764994,14.548686043764112,2025-09-30 10:56:59.503845
1.7564328282015516,15.394423117178247,2025-09-30 10:56:59.503845
-0.8245460675639037,14.163108822754857,2025-09-30 10:56:59.503845
0.3127053907195875,15.38544932543622,2025-09-30 10:56:59.503845
-0.602667144523922,14.13554990467884,2025-09-30 10:56:59.503845
-0.27667217637321356,14.902318462143443,2025-09-30 10:56:59.503845
-0.25021001916317137,14.281559123759777,2025-09-30 10:56:59.503845
-0.6670242782995942,15.170695671992643,2025-09-30 10:56:59.503845
-1.034503886616443,15.52818356614795,2025-09-30 10:56:59.503845
1.3467121898610634,14.401230628949541,2025-09-30 10:56:59.503845
-1.0332847898444,13.760876214169116,2025-09-30 10:56:59.503845
2.100456195775351,14.153748996619244,2025-09-30 10:56:59.503845
1.1571271512392682,13.726745386590716,2025-09-30 10:56:59.503845
0.8881865635976578,14.522673284413036,2025-09-30 10:56:59.503845
-0.29371140187053413,14.609485553654803,2025-09-30 10:56:59.503845
-0.17658178096997149,14.170914650722892,2025-09-30 10:56:59.503845
1.9510470646296467,14.746778716344252,2025-09-30 10:56:59.503845
-0.1901230200018615,15.211220669416992,2025-09-30 10:56:59.503845
-1.2320730778209934,14.56899308041911,2025-09-30 10:56:59.503845
0.017713777221507014,14.690691417414385,2025-09-30 10:56:59.503845
1.9172002369433419,14.90484697402156,2025-09-30 10:56:59.503845
1.5493787839681306,14.577548974505792,2025-09-30 10:56:59.503845
-0.13821677667111676,13.941433935717361,2025-09-30 10:56:59.503845
-1.8542226459261648,13.878278243457622,2025-09-30 10:56:59.503845
1.408610153042832,14.474477705539224,2025-09-30 10:56:59.503845
1.8368152877456685,14.599512330002966,2025-09-30 10:56:59.503845
0.6970281283635592,14.222359027647926,2025-09-30 10:56:59.503845
1.1885395849845386,14.393179056555269,2025-09-30 10:56:59.503845
1.0558391522085062,14.316663255745752,2025-09-30 10:56:59.503845
-0.4850633968413078,14.61282143944923,2025-09-30 10:56:59.503845
0.358181625295107,15.230497118659706,2025-09-30 10:56:59.503845
0.9777463552305848,14.68182398298452,2025-09-30 10:56:59.503845
0.6484300932566583,14.702250336915746,2025-09-30 10:56:59.503845
-1.5399091400736322,15.074596214648013,2025-09-30 10:56:59.503845
-0.1512931838995487,15.083584422608123,2025-09-30 10:56:59.503845
0.24285053519532732,15.679805992704992,2025-09-30 10:56:59.503845
0.7776986186902305,14.603726605722319,2025-09-30 10:56:59.503845
0.24775280783124204,14.964988398130378,2025-09-30 10:56:59.503845
-1.51125125745385,14.926953671162495,2025-09-30 10:56:59.503845
1.3672768106230448,14.844062851705013,2025-09-30 10:56:59.503845
1.2896001041451381,14.57780979515019,2025-09-30 10:56:59.503845
-2.509366871782225,14.432261430799423,2025-09-30 10:56:59.503845
-0.3547362839751406,14.20295057323502,2025-09-30 10:56:59.503845
0.8601995968852272,14.615265072463808,2025-09-30 10:56:59.503845
-0.1108445596775211,14.647570048042198,2025-09-30 10:56:59.503845
-1.5006423757765843,15.507308576692372,2025-09-30 10:56:59.503845
0.16693765206317976,14.951525590080337,2025-09-30 10:56:59.503845
0.19409524886127594,14.42929187883525,2025-09-30 10:56:59.503845
0.5530781074399265,15.218147568969567,2025-09-30 10:56:59.503845
0.3602376139316315,15.516212141150707,2025-09-30 10:56:59.503845
0.3693293831601056,14.017571232774332,2025-09-30 10:56:59.503845
-0.4310100113288335,14.476532479736123,2025-09-30 10:56:59.503845
0.4901393680019931,14.092511181699086,2025-09-30 10:56:59.503845
-1.6808492936182096,14.75766974028513,2025-09-30 10:56:59.503845
-0.2439685559973685,14.722792898027073,2025-09-30 10:56:59.503845
-0.37667724494107657,15.6255020450786,2025-09-30 10:56:59.503845
0.1765709986133842,14.579855824233933,2025-09-30 10:56:59.503845
-0.1765519428947607,14.698947916678483,2025-09-30 10:56:59.503845
-0.9430874218285342,15.338973505387997,2025-09-30 10:56:59.503845
-1.2064805589021859,14.411379644878963,2025-09-30 10:56:59.503845
0.7852369744059203,14.257990459683677,2025-09-30 10:56:59.503845
0.10848653117291612,13.942694040820195,2025-09-30 10:56:59.503845
0.17990141264825382,15.30919990245616,2025-09-30 10:56:59.503845
1.1475541198921246,14.758351752833391,2025-09-30 10:56:59.503845
1.2315703836055878,15.320135120976003,2025-09-30 10:56:59.503845
-1.050669475713402,14.468969585468908,2025-09-30 10:56:59.503845
0.3770287429820303,14.28320349770017,2025-09-30 10:56:59.503845
-0.3970563528495429,15.328237049012124,2025-09-30 10:56:59.503845
-0.09756241011917924,14.230217845321413,2025-09-30 10:56:59.503845
1.3815453998905671,14.830735797449213,2025-09-30 10:56:59.503845
1.1658997048389728,14.79306438102501,2025-09-30 10:56:59.503845
-0.0960056775553507,14.35189804589015,2025-09-30 10:56:59.503845
0.6290580817774957,15.612533440507228,2025-09-30 10:56:59.503845
0.8494186603877096,14.639733210604831,2025-09-30 10:56:59.503845
-0.15327554306328067,14.374164774093352,2025-09-30 10:56:59.503845
-1.1570025396200179,14.776295838090237,2025-09-30 10:56:59.503845
-0.1338998163277718,14.741002482625852,2025-09-30 10:56:59.503845
0.8339140145794034,14.991524706525952,2025-09-30 10:56:59.503845
0.4202635056168666,14.137991670140321,2025-09-30 10:56:59.503845
0.11653985178287037,14.1284989867976,2025-09-30 10:56:59.503845
-1.327972814848027,15.56716890372633,2025-09-30 10:56:59.503845
-0.31430868314403615,14.54086526070626,2025-09-30 10:56:59.503845
0.2973556583835052,14.124255549294682,2025-09-30 10:56:59.503845
-0.8400455982950386,14.723602439551907,2025-09-30 10:56:59.503845
0.4397855757298027,15.146778588300117,2025-09-30 10:56:59.503845
0.024648722124677204,14.593002392156183,2025-09-30 10:56:59.503845
-1.5548460763367316,15.067240841052973,2025-09-30 10:56:59.503845
-0.12937733599908988,14.867485026967241,2025-09-30 10:56:59.503845
-0.41301796436940036,14.86818122833915,2025-09-30 10:56:59.503845
-0.8643819499216149,14.208509794177452,2025-09-30 10:56:59.503845
0.43310052572573177,16.014403982735192,2025-09-30 10:56:59.503845
0.4771518208591105,14.984026158822429,2025-09-30 10:56:59.503845
-0.6167344629472116,14.205293942903895,2025-09-30 10:56:59.503845
0.5295527231795218,15.296259654023054,2025-09-30 10:56:59.503845
1.0842652032344873,14.00980582764887,2025-09-30 10:56:59.503845
-1.960035511831915,14.815585454213434,2025-09-30 10:56:59.503845
-0.35436858162211693,15.07011768190042,2025-09-30 10:56:59.503845
0.87201517523737,13.959610093705178,2025-09-30 10:56:59.503845
0.0964949182141291,14.892850953791271,2025-09-30 10:56:59.503845
-0.18671667311692988,14.627926652512116,2025-09-30 10:56:59.503845
-1.6478482108665198,13.870513072765464,2025-09-30 10:56:59.503845
-0.34785612686917866,14.379902243109875,2025-09-30 10:56:59.503845
-1.0286429110605642,15.353899833669914,2025-09-30 10:56:59.503845
-0.6428467335544154,15.19341570505616,2025-09-30 10:56:59.503845
0.990897339065944,15.259930275354309,2025-09-30 10:56:59.503845
-0.5087326912669838,14.421749415863957,2025-09-30 10:56:59.503845
-1.102405371576771,14.191077534540312,2025-09-30 10:56:59.503845
0.6429163182697185,14.78101391861386,2025-09-30 10:56:59.503845
-0.8658403644389545,14.543626750613193,2025-09-30 10:56:59.503845
0.1569135318915392,14.902804178236137,2025-09-30 10:56:59.503845
0.7907792513521157,14.528241815777298,2025-09-30 10:56:59.503845
-0.7093597948047834,14.86912997885925,2025-09-30 10:56:59.503845
0.2692581018950144,14.501984718082811,2025-09-30 10:56:59.503845
-0.6918698364872274,15.467399411917395,2025-09-30 10:56:59.503845
0.5361512394968552,15.543240775563621,2025-09-30 10:56:59.503845
-0.4712207304004063,14.724041232361634,2025-09-30 10:56:59.503845
-0.7410364717652282,14.91832886362803,2025-09-30 10:56:59.503845
0.7222853737089175,14.459418026713154,2025-09-30 10:56:59.503845
0.2800259644132262,14.742361018978192,2025-09-30 10:56:59.503845
-0.239978560938086,15.023856800233103,2025-09-30 10:56:59.503845
0.7601896975686455,14.649774259167925,2025-09-30 10:56:59.503845
1.5810111674550722,13.699839456115818,2025-09-30 10:56:59.503845
0.08933640167322997,14.005796837575181,2025-09-30 10:56:59.503845
0.18710781674988922,14.75565363992461,2025-09-30 10:56:59.503845
-1.2847301692760447,14.887133212443363,2025-09-30 10:56:59.503845
-0.9653997137229572,14.045495550847214,2025-09-30 10:56:59.503845
-0.5260994907545533,15.0835677757017,2025-09-30 10:56:59.503845
0.07293252025633533,15.154193161729618,2025-09-30 10:56:59.503845
-0.01699250778303068,14.388622493751733,2025-09-30 10:56:59.503845
-0.332242136682507,14.58596424793914,2025-09-30 10:56:59.503845
-0.5250809668700799,15.041642373533353,2025-09-30 10:56:59.503845
0.9336797867128176,15.236659418574234,2025-09-30 10:56:59.503845
1.0832359815032147,14.24485545262365,2025-09-30 10:56:59.503845
0.5208861091036192,14.46296240478018,2025-09-30 10:56:59.503845
-2.312622182209058,14.850255471334451,2025-09-30 10:56:59.503845
-0.9858163844495474,15.51212943637442,2025-09-30 10:56:59.503845
-0.913768332027071,15.190148837935523,2025-09-30 10:56:59.503845
0.9631640940298889,14.484969447609894,2025-09-30 10:56:59.503845
-2.0992648377069996,15.242107321341013,2025-09-30 10:56:59.503845
-0.3566145724599369,15.25835140681738,2025-09-30 10:56:59.503845
0.25731319631140753,14.682301568691466,2025-09-30 10:56:59.503845
0.5509929304553534,14.39937328774088,2025-09-30 10:56:59.503845
-0.7406141597406262,14.785053564520602,2025-09-30 10:56:59.503845
-1.4010553869457378,15.113342904658783,2025-09-30 10:56:59.503845
0.6199823293746852,15.158124575999642,2025-09-30 10:56:59.503845
-0.06381919799460258,14.017323111693372,2025-09-30 10:56:59.503845
0.26073041853344237,14.915253919936008,2025-09-30 10:56:59.503845
-0.12021479246870845,14.418644362053673,2025-09-30 10:56:59.503845
1.640289976060218,15.930869318579584,2025-09-30 10:56:59.503845
-2.636435955076007,14.808208008981044,2025-09-30 10:56:59.503845
-2.1347662860102683,15.092618629808724,2025-09-30 10:56:59.503845
-1.6254997505527928,13.978506751074693,2025-09-30 10:56:59.503845
-0.1571757534849389,14.814194515178292,2025-09-30 10:56:59.503845
-0.4956967205107648,14.442826453815846,2025-09-30 10:56:59.503845
-0.10711958309710447,15.26529356715754,2025-09-30 10:56:59.503845
-1.1464539854581008,15.089527782363422,2025-09-30 10:56:59.503845
-0.796407617444449,14.559923425900928,2025-09-30 10:56:59.503845
0.5386242132367641,14.537876380849022,2025-09-30 10:56:59.503845
-0.4515264515673998,15.305068757403854,2025-09-30 10:56:59.503845
-0.6353515144413432,14.69536105042284,2025-09-30 10:56:59.503845
1.7055560936711223,14.897125938974979,2025-09-30 10:56:59.503845
0.3104985858098673,14.532675354340036,2025-09-30 10:56:59.503845
0.6007586175547946,14.72280898723713,2025-09-30 10:56:59.503845
0.900177982876561,15.187979680692225,2025-09-30 10:56:59.503845
-1.526791031797081,14.912032785805364,2025-09-30 10:56:59.503845
0.9224777171440102,14.453516015893733,2025-09-30 10:56:59.503845
1.0674999583630813,15.049130720155755,2025-09-30 10:56:59.503845
0.38208063174906143,14.588605517713988,2025-09-30 10:56:59.503845
0.12303793916607732,15.032050844411605,2025-09-30 10:56:59.503845
0.01760184359515694,15.639701414942268,2025-09-30 10:56:59.503845
-0.31038689036962364,13.993829894521646,2025-09-30 10:56:59.503845
-0.412258322931389,14.60628654518715,2025-09-30 10:56:59.503845
-0.5336793521860582,13.756805405024657,2025-09-30 10:56:59.503845
0.11789980249038573,14.390644395840274,2025-09-30 10:56:59.503845
1.2626504623199273,14.896685312202022,2025-09-30 10:56:59.503845
0.2023744000633283,14.02377877879731,2025-09-30 10:56:59.503845
0.19013408858318792,14.23409782459488,2025-09-30 10:56:59.503845
0.03015432500634605,14.373355495248065,2025-09-30 10:56:59.503845
0.7691550224867929,15.621112051360619,2025-09-30 10:56:59.503845
-0.4231091386205888,15.145599699905686,2025-09-30 10:56:59.503845
-1.302025901301584,14.12324513963565,2025-09-30 10:56:59.503845
-0.5700721387474968,14.886534859800221,2025-09-30 10:56:59.503845
-0.3457953140315976,15.051309351225742,2025-09-30 10:56:59.503845
-0.37036369686075166,14.652149390344677,2025-09-30 10:56:59.503845
-2.79149670353169,14.40741456110954,2025-09-30 10:56:59.503845
0.08991833287124167,14.419903499241967,2025-09-30 10:56:59.503845
0.2538474532676614,14.72275765990478,2025-09-30 10:56:59.503845
1.4054087170923641,15.443935207557221,2025-09-30 10:56:59.503845
-0.6306087689365251,14.145520685397067,2025-09-30 10:56:59.503845
1.7682436469087572,13.82716165983626,2025-09-30 10:56:59.503845
0.06600453634588724,14.467574828877021,2025-09-30 10:56:59.503845
-0.4364153874078131,14.299705163474076,2025-09-30 10:56:59.503845
0.11898781242741868,14.715078178974931,2025-09-30 10:56:59.503845
1.2663919656661178,15.110281446031104,2025-09-30 10:56:59.503845
-0.29893778967118784,14.823609568612985,2025-09-30 10:56:59.503845
2.1306261271235423,14.583110474598087,2025-09-30 10:56:59.503845
-1.1477727053275166,14.161802883675914,2025-09-30 10:56:59.503845
-0.493452219031641,14.820608404152905,2025-09-30 10:56:59.503845
0.10373607435415136,14.30421345337235,2025-09-30 10:56:59.503845
-0.299794474699036,13.7641997225209,2025-09-30 10:56:59.503845
-0.0330851564129856,14.409259322128896,2025-09-30 10:56:59.503845
-0.10735930724080586,15.006978851827217,2025-09-30 10:56:59.503845
-0.4327457032568398,14.84690304614283,2025-09-30 10:56:59.503845
-0.5803492532274648,14.548763621962605,2025-09-30 10:56:59.503845
0.1274754308915509,15.400115751389006,2025-09-30 10:56:59.503845
-0.8269088923598887,14.402973157115804,2025-09-30 10:56:59.503845
-0.728876671547992,14.89784103146724,2025-09-30 10:56:59.503845
-0.6443600485746714,14.200376090260399,2025-09-30 10:56:59.503845
0.4243060983777236,14.235944311364591,2025-09-30 10:56:59.503845
0.841297866976019,14.113321340747264,2025-09-30 10:56:59.503845
0.4931261950298924,14.97151777817288,2025-09-30 10:56:59.503845
0.6913665935421123,14.47092811032608,2025-09-30 10:56:59.503845
2.0784066793060494,13.666791041173262,2025-09-30 10:56:59.503845
-0.49124843947116753,15.150686257614083,2025-09-30 10:56:59.503845
0.06038295921387082,14.438157836332547,2025-09-30 10:56:59.503845
-0.6370765959804622,14.713436055444017,2025-09-30 10:56:59.503845
-2.27808825937022,15.083406421877038,2025-09-30 10:56:59.503845
0.2725218577333274,14.850064955139699,2025-09-30 10:56:59.503845
0.695754410597599,13.922961109525735,2025-09-30 10:56:59.503845
1.2224096202214194,14.504930262443812,2025-09-30 10:56:59.503845
0.811162441314867,14.328569370155689,2025-09-30 10:56:59.503845
0.5546696050754643,14.487618871367694,2025-09-30 10:56:59.503845
-1.2793242457513732,14.166696394627158,2025-09-30 10:56:59.503845
-1.7349534484869629,15.059632327381157,2025-09-30 10:56:59.503845
1.0275036658338828,15.111777220215583,2025-09-30 10:56:59.503845
0.521853198744612,14.136429591570456,2025-09-30 10:56:59.503845
-1.0471782159899765,15.019175073699476,2025-09-30 10:56:59.503845
-0.9116149740068075,14.826967363418733,2025-09-30 10:56:59.503845
-0.7984304593538865,14.298633272053202,2025-09-30 10:56:59.503845
2.4899887235491165,13.960627483081826,2025-09-30 10:56:59.503845
-0.46374234562490013,13.888306201190822,2025-09-30 10:56:59.503845
-0.5050776159663893,13.815682302683921,2025-09-30 10:56:59.503845
-0.7736924874015659,15.271065459945579,2025-09-30 10:56:59.503845
-0.5290015752435736,14.845010655056317,2025-09-30 10:56:59.503845
0.39711243201166907,14.40629773619598,2025-09-30 10:56:59.503845
-0.36095514864812656,15.390028080350707,2025-09-30 10:56:59.503845
0.105724989729926,14.38477733524547,2025-09-30 10:56:59.503845
0.7540192450081218,15.116821458119691,2025-09-30 10:56:59.503845
-0.5046534915317927,14.607462244432543,2025-09-30 10:56:59.503845
0.6826596928497007,14.886734773928717,2025-09-30 10:56:59.503845
0.7181116055943461,14.799745777754765,2025-09-30 10:56:59.503845
0.10638841317820232,14.92383644342,2025-09-30 10:56:59.503845
-0.5031491561234348,15.263164319520342,2025-09-30 10:56:59.503845
0.38887787428532183,14.551349085055381,2025-09-30 10:56:59.503845
-1.0268511476668851,14.437460024076877,2025-09-30 10:56:59.503845
-0.14733562329402,15.455035630552832,2025-09-30 10:56:59.503845
0.4915035296570606,15.26607115121315,2025-09-30 10:56:59.503845
-0.26655538748316626,15.206233913328674,2025-09-30 10:56:59.503845
-1.0456506081156995,14.406416912848227,2025-09-30 10:56:59.503845
0.6334974522537047,14.801036596304609,2025-09-30 10:56:59.503845
-0.6231997810026684,14.24705313743522,2025-09-30 10:56:59.503845
1.7553602168328806,14.73147500834757,2025-09-30 10:56:59.503845
0.5677980810048376,14.142549910377483,2025-09-30 10:56:59.503845
-1.2533038654923112,14.578267328706893,2025-09-30 10:56:59.503845
-1.1851621722825265,14.834825720810958,2025-09-30 10:56:59.503845
-0.835403325161422,14.290653421476067,2025-09-30 10:56:59.503845
-0.5945014303707451,14.750927881775505,2025-09-30 10:56:59.503845
0.5367418817916033,14.352005718334965,2025-09-30 10:56:59.503845
-0.7716752644528451,13.530453406959937,2025-09-30 10:56:59.503845
-2.043702946551488,14.624304130028264,2025-09-30 10:56:59.503845
0.901312485306866,15.520548715284319,2025-09-30 10:56:59.503845
-1.8777613626113954,15.172782622131011,2025-09-30 10:56:59.503845
-0.9351550604537817,14.00643848950841,2025-09-30 10:56:59.503845
0.6232574982558918,14.817220660109163,2025-09-30 10:56:59.503845
1.4741883336208947,15.251567793686066,2025-09-30 10:56:59.503845
0.33755375362114687,14.702831322385471,2025-09-30 10:56:59.503845
0.8931508601725364,14.798924780162563,2025-09-30 10:56:59.503845
-0.8592176384854379,14.668518989156107,2025-09-30 10:56:59.503845
-0.21224204211522138,14.903440426302879,2025-09-30 10:56:59.503845
0.1053929191028763,15.321787343350067,2025-09-30 10:56:59.503845
-0.5708958228323101,14.11860969844344,2025-09-30 10:56:59.503845
1.422778171911646,13.8776119398184,2025-09-30 10:56:59.503845
0.35925730394596544,14.261728399109971,2025-09-30 10:56:59.503845
0.8968385050877519,14.577347805151373,2025-09-30 10:56:59.503845
-0.24326978058538004,14.507226944045124,2025-09-30 10:56:59.503845
1.0674601973221336,14.5206109309739,2025-09-30 10:56:59.503845
0.5371163007630136,14.403682879459204,2025-09-30 10:56:59.503845
0.6122900523812429,14.970068041663591,2025-09-30 10:56:59.503845
-0.20609653495613245,14.520948039778357,2025-09-30 10:56:59.503845
0.7125025496720366,14.354801916280413,2025-09-30 10:56:59.503845
0.4156642184723688,14.874299391541117,2025-09-30 10:56:59.503845
0.47319496997068583,14.164546605419075,2025-09-30 10:56:59.503845
0.9589791965417919,14.442621953739616,2025-09-30 10:56:59.503845
-1.1596600733894398,14.688499606963994,2025-09-30 10:56:59.503845
-0.2786192646414303,14.924105848543585,2025-09-30 10:56:59.503845
-1.083264801165527,14.585842950742446,2025-09-30 10:56:59.503845
-0.2845214565910096,14.545280901345286,2025-09-30 10:56:59.503845
-0.389252576996946,15.376457322194524,2025-09-30 10:56:59.503845
1.5366451710227225,14.719883695765242,2025-09-30 10:56:59.503845
-1.0431247568933506,15.108972217192079,2025-09-30 10:56:59.503845
0.614342383143971,15.260677962833352,2025-09-30 10:56:59.503845
0.062087010341359467,15.359175930479177,2025-09-30 10:56:59.503845
-1.5790806371519182,14.403329894002358,2025-09-30 10:56:59.503845
-0.5333363905771104,14.943115638340206,2025-09-30 10:56:59.503845
0.5646913677756545,14.499277077123397,2025-09-30 10:56:59.503845
0.8324009996816998,15.078644150657816,2025-09-30 10:56:59.503845
-0.0034815521791504785,14.508620108641804,2025-09-30 10:56:59.503845
-1.6900876309379949,14.558144068778681,2025-09-30 10:56:59.503845
-0.6068615363557739,15.358286880933981,2025-09-30 10:56:59.503845
0.4624217562805177,14.093213591754724,2025-09-30 10:56:59.503845
-0.8612219010798748,14.69870765320173,2025-09-30 10:56:59.503845
1.5568940516674632,14.378479781566929,2025-09-30 10:56:59.503845
-1.4613416530120433,15.78783016542096,2025-09-30 10:56:59.503845
-0.08333550957849327,15.081226331358087,2025-09-30 10:56:59.503845
0.4990037356438553,15.07750526643313,2025-09-30 10:56:59.503845
-0.43462959412296204,15.104685777098407,2025-09-30 10:56:59.503845
0.2512168420410732,15.061468117208843,2025-09-30 10:56:59.503845
-0.3847555150047065,15.000667765759948,2025-09-30 10:56:59.503845
1.1067826930790667,14.98177593252539,2025-09-30 10:56:59.503845
0.8262538618803454,14.324905609406738,2025-09-30 10:56:59.503845
-1.2827949640640812,14.510694319100331,2025-09-30 10:56:59.503845
1.2629321259666926,14.251257290099119,2025-09-30 10:56:59.503845
0.5873193020986259,14.17896493820315,2025-09-30 10:56:59.503845
-0.9133615144101859,15.964885212485683,2025-09-30 10:56:59.503845
0.23207629684015005,14.548613462590481,2025-09-30 10:56:59.503845
-1.2433541216538813,15.022318662107244,2025-09-30 10:56:59.503845
0.1669148759538297,14.503916375247009,2025-09-30 10:56:59.503845
-0.9852423816000844,14.652614809891835,2025-09-30 10:56:59.503845
1.0876446087829978,14.578720599833458,2025-09-30 10:56:59.503845
1.9171723838158286,15.16056524350584,2025-09-30 10:56:59.503845
-1.1265814263588911,14.194797886348749,2025-09-30 10:56:59.503845
-0.1472815407947051,14.668813516187157,2025-09-30 10:56:59.503845
0.7732498202260449,13.561273359314367,2025-09-30 10:56:59.503845
0.5866191334111379,14.968914572262518,2025-09-30 10:56:59.503845
-0.5997894252763776,14.465164206899418,2025-09-30 10:56:59.503845
-1.1980942725178656,14.477667867072569,2025-09-30 10:56:59.503845
-1.1527567245899297,15.504463422394968,2025-09-30 10:56:59.503845
-0.2285578962406142,14.22140762001223,2025-09-30 10:56:59.503845
-0.7490417770682745,14.558795651727088,2025-09-30 10:56:59.503845
-0.7786198059869758,15.040850576218187,2025-09-30 10:56:59.503845
-0.17882335368202354,14.864672250196378,2025-09-30 10:56:59.503845
1.625902750341919,14.556488708588557,2025-09-30 10:56:59.503845
0.07364101049396239,14.216418518210741,2025-09-30 10:56:59.503845
0.7876168947049114,14.83179229320675,2025-09-30 10:56:59.503845
0.7047096330072499,14.845169780687549,2025-09-30 10:56:59.503845
0.22771453769555214,14.422048934689094,2025-09-30 10:56:59.503845
0.476268684060304,14.851313560661634,2025-09-30 10:56:59.503845
0.370168125003833,15.245009160865637,2025-09-30 10:56:59.503845
1.3210779916070357,15.070158921835036,2025-09-30 10:56:59.503845
-2.3696751804196086,14.797035422837753,2025-09-30 10:56:59.503845
0.43897790158107614,14.717483767113203,2025-09-30 10:56:59.503845
1.3709856874549717,15.014402523411631,2025-09-30 10:56:59.503845
-0.46569623180033404,14.263429678609176,2025-09-30 10:56:59.503845
-0.14853551228339565,14.419719010558403,2025-09-30 10:56:59.503845
0.7440533767655554,14.356171345600824,2025-09-30 10:56:59.503845
-1.4438717398226857,15.56358273330433,2025-09-30 10:56:59.503845
-0.7598431397745615,15.00492861193379,2025-09-30 10:56:59.503845
3.335126024540202,14.53307954440749,2025-09-30 10:56:59.503845
-0.26968876127080627,15.062526994867529,2025-09-30 10:56:59.503845
2.676866171974199,14.684342954823958,2025-09-30 10:56:59.503845
-2.3177140389408373,15.410649434951395,2025-09-30 10:56:59.503845
-0.3459079367366294,14.803945809258638,2025-09-30 10:56:59.503845
0.9352581940141994,15.578986532179751,2025-09-30 10:56:59.503845
-0.031199727686315386,15.030503466458958,2025-09-30 10:56:59.503845
-0.07029894159999805,14.575147976986916,2025-09-30 10:56:59.503845
-0.15267875062512368,14.309556316972945,2025-09-30 10:56:59.503845
1.0833239497698464,14.986055221055125,2025-09-30 10:56:59.503845
0.02404103418096558,14.778095931260605,2025-09-30 10:56:59.503845
1.0579623627934351,14.49882490004845,2025-09-30 10:56:59.503845
-0.9164769674625687,14.989535502585984,2025-09-30 10:56:59.503845
0.941842851418423,15.439483804542194,2025-09-30 10:56:59.503845
-0.48535018216005066,13.760063484949171,2025-09-30 10:56:59.503845
-0.17778848810592926,13.962964872084415,2025-09-30 10:56:59.503845
0.3985742210697397,15.023745761954164,2025-09-30 10:56:59.503845
0.05046156589975296,14.491407834890353,2025-09-30 10:56:59.503845
1.1213804904583355,14.339819010022806,2025-09-30 10:56:59.503845
-0.3216692319411226,14.626207455882147,2025-09-30 10:56:59.503845
-1.4585231244621903,14.896698220739655,2025-09-30 10:56:59.503845
0.1957710236976679,14.688024468474687,2025-09-30 10:56:59.503845
-1.7722672526891956,15.180737017740496,2025-09-30 10:56:59.503845
1.2215109729168758,14.110012045953523,2025-09-30 10:56:59.503845
0.3688189855859465,14.71627271101584,2025-09-30 10:56:59.503845
2.2236334159983837,14.975963639045641,2025-09-30 10:56:59.503845
-1.103097530823248,14.962283480941336,2025-09-30 10:56:59.503845
1.4438524433420015,14.27576803557656,2025-09-30 10:56:59.503845
0.779465301131754,15.05083248916125,2025-09-30 10:56:59.503845
1.1456825087190146,14.429164205721854,2025-09-30 10:56:59.503845
-0.08405251199139227,14.663690989431618,2025-09-30 10:56:59.503845
1.778382998172224,15.131919964722265,2025-09-30 10:56:59.503845
0.020361372851813334,15.637453859740674,2025-09-30 10:56:59.503845
0.058379027934286065,14.653203254130165,2025-09-30 10:56:59.503845
0.2880870985627381,14.61224732626601,2025-09-30 10:56:59.503845
0.3287801482419205,15.14663382371793,2025-09-30 10:56:59.503845
1.2208759401182423,13.947944209842023,2025-09-30 10:56:59.503845
0.13025874077660324,14.856300568983746,2025-09-30 10:56:59.503845
0.5193330935098666,15.281566330764395,2025-09-30 10:56:59.503845
0.8216732460213809,14.597009676006103,2025-09-30 10:56:59.503845
-0.042794869300947225,14.999738754942385,2025-09-30 10:56:59.503845
1.2827760876698746,14.543521465959461,2025-09-30 10:56:59.503845
-0.9275451643720367,14.814642021751421,2025-09-30 10:56:59.503845
0.5192238907101979,14.721222521746961,2025-09-30 10:56:59.503845
0.5263733815825111,14.733186915398829,2025-09-30 10:56:59.503845
2.202674103500398,16.03337977266067,2025-09-30 10:56:59.503845
0.3313897774968653,14.397056004524346,2025-09-30 10:56:59.503845
0.6185060769000328,14.11254178263001,2025-09-30 10:56:59.503845
0.17112411672923578,14.770173353447467,2025-09-30 10:56:59.503845
-0.17822242787654113,13.764914232571364,2025-09-30 10:56:59.503845
-1.2352147504350015,14.421210988227784,2025-09-30 10:56:59.503845
-0.5663143731325684,15.409917080312574,2025-09-30 10:56:59.503845
0.6535599685884532,14.704734383213573,2025-09-30 10:56:59.503845
-0.11993755889544748,15.120700935943583,2025-09-30 10:56:59.503845
0.23336916961807325,14.793443783278562,2025-09-30 10:56:59.503845
-0.546089748574866,14.372298711662669,2025-09-30 10:56:59.503845
1.9509463115775314,14.217755790497378,2025-09-30 10:56:59.503845
-0.7617608646603083,14.728132504902536,2025-09-30 10:56:59.503845
1.2325943534217432,14.617723156034213,2025-09-30 10:56:59.503845
-1.287148778880568,14.73865592169227,2025-09-30 10:56:59.503845
0.6524258417281138,14.758114637375469,2025-09-30 10:56:59.503845
-0.07068324308859607,15.407095992751394,2025-09-30 10:56:59.503845
-1.6148196502652827,15.28951356537878,2025-09-30 10:56:59.503845
-0.4847046695783885,14.833659898893893,2025-09-30 10:56:59.503845
0.23879636729146259,15.142871186138219,2025-09-30 10:56:59.503845
0.13632024526702327,15.326015541240851,2025-09-30 10:56:59.503845
-0.05619801284182734,14.017853589038264,2025-09-30 10:56:59.503845
0.05499231781702799,14.823555839303312,2025-09-30 10:56:59.503845
0.9443729216195834,15.521255806223337,2025-09-30 10:56:59.503845
0.2777132551826215,14.825750027497982,2025-09-30 10:56:59.503845
-1.2539298323154247,15.189600090246104,2025-09-30 10:56:59.503845
0.7071331656527587,14.396211416180666,2025-09-30 10:56:59.503845
0.35499881181352544,14.4711675223506,2025-09-30 10:56:59.503845
-0.4121319627004578,15.232945344771855,2025-09-30 10:56:59.503845
0.25798749854117686,14.222431282598558,2025-09-30 10:56:59.503845
0.07586106614053599,13.751518892969962,2025-09-30 10:56:59.503845
-0.0802805001398639,14.341326555203846,2025-09-30 10:56:59.503845
1.7929186373028303,14.862910796716148,2025-09-30 10:56:59.503845
-0.1889381391728338,15.149475334492157,2025-09-30 10:56:59.503845
1.1973377907518483,13.89249132618047,2025-09-30 10:56:59.503845
0.3525675725679209,14.41708367719826,2025-09-30 10:56:59.503845
-1.6258052114527757,15.557803443071311,2025-09-30 10:56:59.503845
-0.37215282867134425,15.270269957366155,2025-09-30 10:56:59.503845
0.31380335539763127,14.531218231734922,2025-09-30 10:56:59.503845
-0.6879805978144513,15.212249585538501,2025-09-30 10:56:59.503845
0.17477634791888172,14.083851731563255,2025-09-30 10:56:59.503845
-1.3653174306542382,15.122439285510707,2025-09-30 10:56:59.503845
-0.3294203065661676,15.128098523868118,2025-09-30 10:56:59.503845
-0.893017037852097,14.41992966577028,2025-09-30 10:56:59.503845
-0.8421096424201377,14.940430124895963,2025-09-30 10:56:59.503845
0.08679746345916332,14.566669224756085,2025-09-30 10:56:59.503845
0.9157965911754323,14.34107039927321,2025-09-30 10:56:59.503845
1.0115134602144773,13.838942218041687,2025-09-30 10:56:59.503845
-1.3637564305201422,15.14500435490004,2025-09-30 10:56:59.503845
-1.1491692502345636,14.192597284680227,2025-09-30 10:56:59.503845
1.1959378479562908,14.863657851066375,2025-09-30 10:56:59.503845
0.3558754820153307,15.044854946200791,2025-09-30 10:56:59.503845
0.9946447513062809,14.469654536415034,2025-09-30 10:56:59.503845
-0.709148335037555,14.858679249191178,2025-09-30 10:56:59.503845
1.2066351740733305,15.929600586336369,2025-09-30 10:56:59.503845
-0.16438368236458106,14.796204564378481,2025-09-30 10:56:59.503845
-0.0004131976452993694,14.50610909508566,2025-09-30 10:56:59.503845
1.277960495707793,14.932865043547949,2025-09-30 10:56:59.503845
0.29041708473307914,14.783307382257258,2025-09-30 10:56:59.503845
-0.3285226310685104,15.42104124708446,2025-09-30 10:56:59.503845
0.11657631308377515,14.53594590249712,2025-09-30 10:56:59.503845
0.9395037394543743,13.858526433801819,2025-09-30 10:56:59.503845
0.4963061697231032,15.155888094672457,2025-09-30 10:56:59.503845
0.5655726822010838,15.179863835284738,2025-09-30 10:56:59.503845
-0.7947370759336484,14.829218801503986,2025-09-30 10:56:59.503845
0.31255215088759464,14.714992607582992,2025-09-30 10:56:59.503845
0.3331663407704698,14.083224992896401,2025-09-30 10:56:59.503845
0.47918094186936255,14.675274180734707,2025-09-30 10:56:59.503845
0.5980092556257744,15.359961518046779,2025-09-30 10:56:59.503845
-1.174438883134036,14.638866866672586,2025-09-30 10:56:59.503845
-0.07405992763308016,14.509141633237656,2025-09-30 10:56:59.503845
-0.25028431796602624,14.641790021206285,2025-09-30 10:56:59.503845
0.3337588153863267,14.834855744505475,2025-09-30 10:56:59.503845
-0.7459846412424644,14.505980232316604,2025-09-30 10:56:59.503845
-0.3781888774527841,15.406027539432563,2025-09-30 10:56:59.503845
1.1299701381489926,15.161425807029127,2025-09-30 10:56:59.503845
-0.0942943999472328,14.920460059072289,2025-09-30 10:56:59.503845
1.0384060086901437,14.816850384957897,2025-09-30 10:56:59.503845
-1.7130719611231369,14.512857080452367,2025-09-30 10:56:59.503845
-0.9142364941239981,14.600339214359815,2025-09-30 10:56:59.503845
-0.7837462396801707,14.480275260303062,2025-09-30 10:56:59.503845
-0.8531391887668928,14.927785589943133,2025-09-30 10:56:59.503845
-0.758504105542903,14.859649167280754,2025-09-30 10:56:59.503845
0.8833685680668018,15.158581832558516,2025-09-30 10:56:59.503845
0.5850499249367902,14.70095946148064,2025-09-30 10:56:59.503845
0.01963127250773787,15.399383744922362,2025-09-30 10:56:59.503845
-0.26189627981552854,14.845561398003879,2025-09-30 10:56:59.503845
1.089351631502261,14.885032730994203,2025-09-30 10:56:59.503845
-1.1875503785488772,14.188710817533728,2025-09-30 10:56:59.503845
0.46521132476744703,15.187949586069985,2025-09-30 10:56:59.503845
1.1411956320712773,14.864735119655286,2025-09-30 10:56:59.503845
1.6542426088423536,13.757684281600913,2025-09-30 10:56:59.503845
-0.40250198962616773,14.437711324764422,2025-09-30 10:56:59.503845
0.7458484381598928,14.174243010442678,2025-09-30 10:56:59.503845
0.824023524479912,14.966229443391608,2025-09-30 10:56:59.503845
0.26929173492186514,15.174973395862112,2025-09-30 10:56:59.503845
0.5261109412650681,14.0447205944266,2025-09-30 10:56:59.503845
-0.34926726002303493,14.005693847480073,2025-09-30 10:56:59.503845
2.440148208737326,15.072153076333723,2025-09-30 10:56:59.503845
0.6186550379987258,14.404680189990616,2025-09-30 10:56:59.503845
-0.11798804644892773,14.712661208094868,2025-09-30 10:56:59.503845
0.20544156929558882,14.77745288263585,2025-09-30 10:56:59.503845
0.5545970357056073,13.852033267431327,2025-09-30 10:56:59.503845
1.747202291209082,14.21767087252761,2025-09-30 10:56:59.503845
0.3534131338990873,15.224851584527553,2025-09-30 10:56:59.503845
1.1520809786244777,15.006432987186454,2025-09-30 10:56:59.503845
-1.5290587599660255,14.979637608888343,2025-09-30 10:56:59.503845
-0.23516167681430336,14.080257530826703,2025-09-30 10:56:59.503845
0.6426270117086672,14.520124063124767,2025-09-30 10:56:59.503845
-0.6545262868410756,14.385516382708374,2025-09-30 10:56:59.503845
0.6814140780809036,14.656923700704217,2025-09-30 10:56:59.503845
-0.7377323587264988,14.400924149984856,2025-09-30 10:56:59.503845
-0.1966109290250576,15.23066914927693,2025-09-30 10:56:59.503845
0.0564361031120403,14.105602049547388,2025-09-30 10:56:59.503845
-1.2105821667837298,14.739677329168908,2025-09-30 10:56:59.503845
1.1383407846395928,14.642518973806538,2025-09-30 10:56:59.503845
0.1122465651926278,14.749246695545448,2025-09-30 10:56:59.503845
0.2002790242052504,14.946873783816102,2025-09-30 10:56:59.503845
-0.7239500651476062,14.499422707572474,2025-09-30 10:56:59.503845
-2.110729871397627,15.405988180328439,2025-09-30 10:56:59.503845
2.1950059514358538,14.670219183739112,2025-09-30 10:56:59.503845
0.4839951831896062,14.876521789156588,2025-09-30 10:56:59.503845
1.2554352232578674,14.897157673483473,2025-09-30 10:56:59.503845
-0.8447008855878481,14.590915488649843,2025-09-30 10:56:59.503845
-1.449574988361875,14.00930979522431,2025-09-30 10:56:59.503845
0.6284825611891613,14.639572668608466,2025-09-30 10:56:59.503845
-0.8992542810597559,14.418419955064525,2025-09-30 10:56:59.503845
-0.7849768003887823,14.618530799930417,2025-09-30 10:56:59.503845
1.0951950140872548,15.381435610454405,2025-09-30 10:56:59.503845
1.2801187414517354,14.474842025761847,2025-09-30 10:56:59.503845
0.17157145042131022,14.52176495400011,2025-09-30 10:56:59.503845
0.2830148881750729,14.780671316328327,2025-09-30 10:56:59.503845
0.8132386676167098,14.68399946059119,2025-09-30 10:56:59.503845
-1.0781404979317666,15.056943091752737,2025-09-30 10:56:59.503845
-0.5415693461138757,15.264886644973032,2025-09-30 10:56:59.503845
1.396747829197265,14.703953697286144,2025-09-30 10:56:59.503845
-1.6280152912327375,14.842502169369626,2025-09-30 10:56:59.503845
0.4634082700829103,13.932420106053401,2025-09-30 10:56:59.503845
1.0109415051924093,14.756353159608459,2025-09-30 10:56:59.503845
-0.5529100124784233,15.170656721584214,2025-09-30 10:56:59.503845
0.08624357668303725,15.349567237636911,2025-09-30 10:56:59.503845
0.17447154414555588,14.26428191517655,2025-09-30 10:56:59.503845
-0.5791977550421042,14.894380617490267,2025-09-30 10:56:59.503845
0.3080361445225023,15.17230846677351,2025-09-30 10:56:59.503845
-0.4398522282412473,14.148809236615877,2025-09-30 10:56:59.503845
0.011711154027705067,14.936899192286631,2025-09-30 10:56:59.503845
1.6107041536916806,15.375648524200603,2025-09-30 10:56:59.503845
0.7979123467628958,14.474996069321387,2025-09-30 10:56:59.503845
-0.9796711391559799,14.698323564495109,2025-09-30 10:56:59.503845
0.5927206812890823,14.762942022309144,2025-09-30 10:56:59.503845
0.448407284866509,14.45584217758612,2025-09-30 10:56:59.503845
-0.6840399938658389,13.913496195541468,2025-09-30 10:56:59.503845
0.15179629731472136,15.274613101895728,2025-09-30 10:56:59.503845
-1.2691475817303925,14.573384840619397,2025-09-30 10:56:59.503845
0.23006531633609217,14.450584993818945,2025-09-30 10:56:59.503845
-0.3558727545684554,14.614340520686115,2025-09-30 10:56:59.503845
0.8901594856278482,14.455272637464347,2025-09-30 10:56:59.503845
-0.06480256499564012,14.331691714733523,2025-09-30 10:56:59.503845
-0.6056007121114179,14.969977199332781,2025-09-30 10:56:59.503845
1.0085736058652197,15.23633302698701,2025-09-30 10:56:59.503845
-0.4232994881303055,14.791479821546462,2025-09-30 10:56:59.503845
-0.36555744678570623,15.91573460795414,2025-09-30 10:56:59.503845
-0.281875912246862,14.858338281607308,2025-09-30 10:56:59.503845
-0.9486058441492193,14.150624479060403,2025-09-30 10:56:59.503845
-1.186663046147608,14.72707303453915,2025-09-30 10:56:59.503845
-0.31156476961876656,14.919098233123197,2025-09-30 10:56:59.503845
0.6930742641851642,14.816482309062643,2025-09-30 10:56:59.503845
1.070122008788984,14.940983171061333,2025-09-30 10:56:59.503845
-0.35718299240593027,14.555722477155282,2025-09-30 10:56:59.503845
0.011752361929553442,15.429175187383391,2025-09-30 10:56:59.503845
-0.5169846284491144,14.766672304523885,2025-09-30 10:56:59.503845
-0.5630008388301357,14.739070239198272,2025-09-30 10:56:59.503845
-0.646134799220632,14.539406108352582,2025-09-30 10:56:59.503845
1.7285046677138056,14.449757964670276,2025-09-30 10:56:59.503845
1.4683020197134158,14.812560451882955,2025-09-30 10:56:59.503845
0.6636697963587862,15.162368092412994,2025-09-30 10:56:59.503845
0.33298544439646394,14.4461532753115,2025-09-30 10:56:59.503845
-0.4164212840831271,14.10282741557078,2025-09-30 10:56:59.503845
0.19190090457498105,14.89548887352369,2025-09-30 10:56:59.503845
-0.05737967766994769,14.555639138945045,2025-09-30 10:56:59.503845
-0.8751331898871942,14.653830936585848,2025-09-30 10:56:59.503845
0.6442162839170906,15.690276074852916,2025-09-30 10:56:59.503845
-1.6537128865841186,15.06217194879646,2025-09-30 10:56:59.503845
0.7365214669264936,14.977928004887362,2025-09-30 10:56:59.503845
1.2039848803033655,15.458255292439047,2025-09-30 10:56:59.503845
-0.08174828074704538,14.953721545857997,2025-09-30 10:56:59.503845
-0.394160274002078,14.133283812351968,2025-09-30 10:56:59.503845
-0.7247714717978347,14.447092775045707,2025-09-30 10:56:59.503845
1.0343039793020397,13.980677216217588,2025-09-30 10:56:59.503845
-2.402792370104895,14.099472625076144,2025-09-30 10:56:59.503845
-1.1902316298599451,15.020140308496384,2025-09-30 10:56:59.503845
-0.5268133357187335,15.49501881831895,2025-09-30 10:56:59.503845
-1.2900646247542245,14.381104285547616,2025-09-30 10:56:59.503845
0.8003873308625424,15.013874679696638,2025-09-30 10:56:59.503845
-1.7708784927904007,14.396793187303743,2025-09-30 10:56:59.503845
0.6252208273335478,14.355480191461574,2025-09-30 10:56:59.503845
-1.8269306013548126,14.692174185554524,2025-09-30 10:56:59.503845
1.2527984778413181,14.262219558839051,2025-09-30 10:56:59.503845
0.4721426593669031,14.554213355841096,2025-09-30 10:56:59.503845
0.5279915672875929,14.388487976452184,2025-09-30 10:56:59.503845
-2.203462484362906,15.271867292314228,2025-09-30 10:56:59.503845
-0.7808414754374362,15.705547004808311,2025-09-30 10:56:59.503845
-1.642052254715146,14.844359234926582,2025-09-30 10:56:59.503845
0.5045573029421446,15.013250442504274,2025-09-30 10:56:59.503845
-0.6312562780758695,15.136697041219945,2025-09-30 10:56:59.503845
-0.002086640407011806,16.231136391623867,2025-09-30 10:56:59.503845
1.0387075213192272,14.918567384607485,2025-09-30 10:56:59.503845
0.01879016969432351,14.70500179626583,2025-09-30 10:56:59.503845
0.47360039837109397,14.933794654656197,2025-09-30 10:56:59.503845
-1.3530812269204753,14.91683211778848,2025-09-30 10:56:59.503845
0.755694768105513,15.165450458751673,2025-09-30 10:56:59.503845
0.9759705614638385,14.47604410606368,2025-09-30 10:56:59.503845
1.098227208996812,14.513336077984135,2025-09-30 10:56:59.503845
-1.8249561711216655,14.572650202147706,2025-09-30 10:56:59.503845
-1.4928532500926284,15.68864631641217,2025-09-30 10:56:59.503845
-0.48489745573626153,14.806211969472505,2025-09-30 10:56:59.503845
0.5975384573108525,15.185720528843667,2025-09-30 10:56:59.503845
1.3232809860211638,14.379469462612994,2025-09-30 10:56:59.503845
-0.4791644406842359,14.563322901397397,2025-09-30 10:56:59.503845
0.20322565338744528,14.783795345401229,2025-09-30 10:56:59.503845
0.9232016881288163,13.954732692434654,2025-09-30 10:56:59.503845
-1.9207989729846833,14.33380772183253,2025-09-30 10:56:59.503845
0.886423605419496,14.491751717036394,2025-09-30 10:56:59.503845
1.1370738722264462,14.341904955974934,2025-09-30 10:56:59.503845
-0.8480135819516489,14.499422143979542,2025-09-30 10:56:59.503845
-1.7774850103184374,14.783999521859753,2025-09-30 10:56:59.503845
-0.4092729451531184,14.636099639032114,2025-09-30 10:56:59.503845
-0.20849170810897533,14.662881547712667,2025-09-30 10:56:59.503845
-1.49334165722306,15.240596717923001,2025-09-30 10:56:59.503845
-0.7711598678191796,14.877698305647375,2025-09-30 10:56:59.503845
0.821123709868141,14.324656847493626,2025-09-30 10:56:59.503845
0.16949979265738394,14.739352945428687,2025-09-30 10:56:59.503845
1.0728687928544367,14.153456317686416,2025-09-30 10:56:59.503845
0.9676995544195651,14.162346037228557,2025-09-30 10:56:59.503845
-0.20384587267757556,13.94554930774827,2025-09-30 10:56:59.503845
0.13351424144859245,14.840407291805205,2025-09-30 10:56:59.503845
0.7921593051747687,13.691721098774664,2025-09-30 10:56:59.503845
-1.876249194216979,14.567773763075303,2025-09-30 10:56:59.503845
2.623547875053996,15.476203734540737,2025-09-30 10:56:59.503845
1.1493159718293646,14.892810982678869,2025-09-30 10:56:59.503845
0.06127811371134634,14.660618940700964,2025-09-30 10:56:59.503845
-1.1242537693765617,14.72310075313263,2025-09-30 10:56:59.503845
-3.1899742058707496,15.081751289658303,2025-09-30 10:56:59.503845
-2.1436845146766115,14.186297566937412,2025-09-30 10:56:59.503845
1.138801052048711,14.209104335551501,2025-09-30 10:56:59.503845
0.3415460589247044,13.731528992356997,2025-09-30 10:56:59.503845
-1.5297356891601168,14.021387758284723,2025-09-30 10:56:59.503845
-2.647655102941483,14.551168059875922,2025-09-30 10:56:59.503845
1.8402489884109006,14.396427345365044,2025-09-30 10:56:59.503845
1.5286516366552452,14.758627621492286,2025-09-30 10:56:59.503845
0.11836290479563573,15.258208025049772,2025-09-30 10:56:59.503845
-0.18100605297444233,14.723509036315287,2025-09-30 10:56:59.503845
-0.3083654462749173,14.49363830461081,2025-09-30 10:56:59.503845
-1.0411985069575755,14.284805755181326,2025-09-30 10:56:59.503845
-0.6077487365473657,14.083453223895923,2025-09-30 10:56:59.503845
-0.652559042063987,15.509739382441344,2025-09-30 10:56:59.503845
0.12838941845918483,14.334879156962595,2025-09-30 10:56:59.503845
-0.574400702310678,14.136969755409375,2025-09-30 10:56:59.503845
-0.33762136221835626,15.81345227093636,2025-09-30 10:56:59.503845
-0.5265783495294719,14.356179224203728,2025-09-30 10:56:59.503845
1.600802708519924,14.999313985124981,2025-09-30 10:56:59.503845
0.1192150632812982,13.918101737975885,2025-09-30 10:56:59.503845
-1.8420153370857313,14.84093003758495,2025-09-30 10:56:59.503845
1.96205310158766,14.72780148180217,2025-09-30 10:56:59.503845
-0.259280477509858,14.88117822947773,2025-09-30 10:56:59.503845
0.7130284327716436,14.962037696995052,2025-09-30 10:56:59.503845
0.7355657792343128,15.438461028463104,2025-09-30 10:56:59.503845
-0.8389018363279352,14.869258855441382,2025-09-30 10:56:59.503845
1.5660845351118085,15.04328632543035,2025-09-30 10:56:59.503845
0.6744431451209648,14.36769531738687,2025-09-30 10:56:59.503845
1.8661513187522771,14.575477591047784,2025-09-30 10:56:59.503845
-1.0616201764640985,14.349287853699087,2025-09-30 10:56:59.503845
0.9350267778723165,14.76298146385523,2025-09-30 10:56:59.503845
-0.14832513213533982,14.204793080313651,2025-09-30 10:56:59.503845
-0.5469372899686532,15.376948971931547,2025-09-30 10:56:59.503845
-0.9314363518605562,14.699623844137232,2025-09-30 10:56:59.503845
-0.8531396986428398,14.443929878739034,2025-09-30 10:56:59.503845
1.9644022201011841,14.8002244026483,2025-09-30 10:56:59.503845
0.9119842843508109,14.206269140350246,2025-09-30 10:56:59.503845
-0.2633284136432456,14.331070075614646,2025-09-30 10:56:59.503845
0.45303370913989005,14.991149627468149,2025-09-30 10:56:59.503845
-0.11652448262980869,14.549917397883924,2025-09-30 10:56:59.503845
0.032437512316569765,14.764300058147121,2025-09-30 10:56:59.503845
-1.6596482381665063,14.821279319519888,2025-09-30 10:56:59.503845
0.42074961434468355,14.374726112233121,2025-09-30 10:56:59.503845
0.10558499590685211,14.37793488674326,2025-09-30 10:56:59.503845
0.15211509350362148,14.713172702370384,2025-09-30 10:56:59.503845
0.762478963074059,14.741939851236666,2025-09-30 10:56:59.503845
0.9239081517145588,15.138752684158165,2025-09-30 10:56:59.503845
1.4962142080051242,15.082909531315487,2025-09-30 10:56:59.503845
1.2787947396389596,14.394589086652251,2025-09-30 10:56:59.503845
-0.20315795080352914,14.942354960504776,2025-09-30 10:56:59.503845
0.5815032321852109,13.999879118716024,2025-09-30 10:56:59.503845
-1.1271640284390043,14.753809838596457,2025-09-30 10:56:59.503845
-0.23692779168112615,14.25497349980573,2025-09-30 10:56:59.503845
-0.8912640591706156,14.549079247520813,2025-09-30 10:56:59.503845
-0.7586798098161827,14.22490819932378,2025-09-30 10:56:59.503845
0.33019254899444733,14.397401276403244,2025-09-30 10:56:59.503845
0.6879362620056115,14.754025362007523,2025-09-30 10:56:59.503845
-0.5386597493912303,14.762091225272878,2025-09-30 10:56:59.503845
-0.29382101228966057,14.550108112994216,2025-09-30 10:56:59.503845
-1.2794188296661473,14.852108301857486,2025-09-30 10:56:59.503845
0.10784384254783555,14.788683710541036,2025-09-30 10:56:59.503845
-2.0731987166458645,14.978016865528303,2025-09-30 10:56:59.503845
-1.1707123712706176,14.618166813262103,2025-09-30 10:56:59.503845
-0.8655485721025667,14.554251956665492,2025-09-30 10:56:59.503845
-1.5311338431510035,14.803082151959032,2025-09-30 10:56:59.503845
-0.9166016395838793,14.806975036873236,2025-09-30 10:56:59.503845
1.7626003656953542,14.196629776741702,2025-09-30 10:56:59.503845
0.08752082660461658,15.30355839543595,2025-09-30 10:56:59.503845
-0.4670362825948538,15.399469546117016,2025-09-30 10:56:59.503845
-0.3798146712286526,14.238575565053884,2025-09-30 10:56:59.503845
-0.15444160610608923,14.55317369215452,2025-09-30 10:56:59.503845
-0.9815217408901752,14.767147055983989,2025-09-30 10:56:59.503845
-1.415044427797116,14.895518343634233,2025-09-30 10:56:59.503845
-0.35499350469604035,14.597325570363646,2025-09-30 10:56:59.503845
0.9918396142122965,14.52649347187312,2025-09-30 10:56:59.503845
1.5779352443916101,14.932769776082717,2025-09-30 10:56:59.503845
0.8946273659978784,15.102346601916917,2025-09-30 10:56:59.503845
-3.361259609293248,14.524011776284985,2025-09-30 10:56:59.503845
1.607233644668739,14.770219183200158,2025-09-30 10:56:59.503845
1.9276358656313641,14.999084847420717,2025-09-30 10:56:59.503845
0.33307039056609183,14.879896103429912,2025-09-30 10:56:59.503845
-1.0430335260153871,14.442074383248723,2025-09-30 10:56:59.503845
-0.07950522484440323,15.354488234961936,2025-09-30 10:56:59.503845
1.6070257278760187,14.349320158935997,2025-09-30 10:56:59.503845
-0.5755273849790137,15.843938661298976,2025-09-30 10:56:59.503845
1.946877172031291,14.542232356013253,2025-09-30 10:56:59.503845
-0.09182035102956464,14.555796511571229,2025-09-30 10:56:59.503845
-0.10846600316135542,14.259621703727891,2025-09-30 10:56:59.503845
-0.4092105474862366,15.386462180941411,2025-09-30 10:56:59.503845
-0.5517810380126696,14.64866335305007,2025-09-30 10:56:59.503845
0.9240724754031514,14.413896978144095,2025-09-30 10:56:59.503845
-2.0663657415540135,15.092105570687778,2025-09-30 10:56:59.503845
1.552603777503438,14.858643070806751,2025-09-30 10:56:59.503845
-1.0995753067718272,14.741628628010194,2025-09-30 10:56:59.503845
1.2527369016737517,14.933403061164574,2025-09-30 10:56:59.503845
-0.13906637328678353,15.060928738253862,2025-09-30 10:56:59.503845
-0.4339485799079908,15.832752739756673,2025-09-30 10:56:59.503845
-1.3297563623486497,14.444015118334013,2025-09-30 10:56:59.503845
0.9200717908755758,15.055925715484417,2025-09-30 10:56:59.503845
-0.02830993760468053,15.084861290289082,2025-09-30 10:56:59.503845
-0.39346436868849816,15.356885204317598,2025-09-30 10:56:59.503845
-1.7507932610237098,14.421306681389966,2025-09-30 10:56:59.503845
0.6297856703045293,13.946725879225955,2025-09-30 10:56:59.503845
-0.6801182697784434,14.149893720778318,2025-09-30 10:56:59.503845
-0.4602042688312101,14.407268539782372,2025-09-30 10:56:59.503845
1.0805634193701779,14.33067663707662,2025-09-30 10:56:59.503845
-0.9146699231396636,14.611329170235342,2025-09-30 10:56:59.503845
0.2974085263429526,14.492339072142688,2025-09-30 10:56:59.503845
0.14801386035052652,15.315188864626826,2025-09-30 10:56:59.503845
0.3643080176344983,14.052987342216381,2025-09-30 10:56:59.503845
0.9669393683729328,15.287155438866753,2025-09-30 10:56:59.503845
0.2957102531009758,15.036081627010931,2025-09-30 10:56:59.503845
-0.5967532045110954,15.641232636247572,2025-09-30 10:56:59.503845
0.7355842434418792,15.150717542204465,2025-09-30 10:56:59.503845
1.4180023160925748,15.075123904401584,2025-09-30 10:56:59.503845
0.5330017765117729,14.597544515503898,2025-09-30 10:56:59.503845
-0.18379956248787727,14.568369336592509,2025-09-30 10:56:59.503845
-1.9968755793888713,14.554557508962773,2025-09-30 10:56:59.503845
-0.7216243323687053,14.540907395725387,2025-09-30 10:56:59.503845
-0.5422116085754519,14.83852622426099,2025-09-30 10:56:59.503845
1.4312503783015462,15.254669950622246,2025-09-30 10:56:59.503845
0.7050728685720511,14.68242234862701,2025-09-30 10:56:59.503845
-0.6785867999830972,15.348363386847705,2025-09-30 10:56:59.503845
-0.5905265177259599,15.311651468335516,2025-09-30 10:56:59.503845
0.07642751894665663,14.121065719422816,2025-09-30 10:56:59.503845
-0.31850990071812885,15.06989857482666,2025-09-30 10:56:59.503845
0.8223853227941059,14.819341260749306,2025-09-30 10:56:59.503845
0.7129387646917942,14.093182085856098,2025-09-30 10:56:59.503845
-1.6251015671301197,15.149752174101572,2025-09-30 10:56:59.503845
-0.5952649694853293,14.645091099171422,2025-09-30 10:56:59.503845
1.0889857504745164,14.378745698681843,2025-09-30 10:56:59.503845
-2.198518782569322,14.87040451468813,2025-09-30 10:56:59.503845
-0.08370777897239817,14.735134772656938,2025-09-30 10:56:59.503845
0.5171770595352498,14.148349789460134,2025-09-30 10:56:59.503845
1.3067070626626862,14.17110672235359,2025-09-30 10:56:59.503845
0.37027620457138843,15.351550058693084,2025-09-30 10:56:59.503845
-0.3258357650392014,14.490276814779863,2025-09-30 10:56:59.503845
0.529319872861794,15.096879855435317,2025-09-30 10:56:59.503845
2.6017404222641605,14.290178838682555,2025-09-30 10:56:59.503845
-0.17165980086752466,15.419020498843778,2025-09-30 10:56:59.503845
0.6382418446161353,14.558514580015819,2025-09-30 10:56:59.503845
-2.478882929995882,14.223752803763233,2025-09-30 10:56:59.503845
-0.6298916373612873,14.146810873977481,2025-09-30 10:56:59.503845
0.8824856717192823,14.671500615352807,2025-09-30 10:56:59.503845
0.9241025779638885,14.574895664232722,2025-09-30 10:56:59.503845
-0.8131094029142021,14.634521282503487,2025-09-30 10:56:59.503845
-0.29399696363692834,14.577138672449722,2025-09-30 10:56:59.503845
-0.12034625291380523,14.581692610985595,2025-09-30 10:56:59.503845
0.7250950863108765,14.730120412027725,2025-09-30 10:56:59.503845
0.6994707802028032,15.046061755313415,2025-09-30 10:56:59.503845
-0.9831188116467299,14.734869330930586,2025-09-30 10:56:59.503845
0.6568169843138916,14.733035184226843,2025-09-30 10:56:59.503845
-0.4071835932297459,15.656434505822363,2025-09-30 10:56:59.503845
-1.0811378909050355,14.552034014987361,2025-09-30 10:56:59.503845
-1.8351454214656577,15.033078926705858,2025-09-30 10:56:59.503845
-0.5377366485951868,15.168529634613284,2025-09-30 10:56:59.503845
1.3044399273657754,14.090149213938135,2025-09-30 10:56:59.503845
0.4254882324937958,14.308579116256873,2025-09-30 10:56:59.503845
-0.2414812070954481,14.886626760041246,2025-09-30 10:56:59.503845
0.07092245920302431,14.481253222392851,2025-09-30 10:56:59.503845
-0.6534580059641002,15.47214131709524,2025-09-30 10:56:59.503845
0.7096783344090695,14.515942534385935,2025-09-30 10:56:59.503845
-0.20701453944286563,14.596803359080171,2025-09-30 10:56:59.503845
1.7560821121577015,15.105152472203802,2025-09-30 10:56:59.503845
0.4972472388806776,14.831127838043747,2025-09-30 10:56:59.503845
-0.9804239641240647,14.432205703490762,2025-09-30 10:56:59.503845
0.2756018483282984,15.268534179017852,2025-09-30 10:56:59.503845
-1.5370828922296167,14.937038401809616,2025-09-30 10:56:59.503845
-1.8211322839762292,15.157656514406186,2025-09-30 10:56:59.503845
1.1161169262843378,14.334659712371774,2025-09-30 10:56:59.503845
0.08972708049563946,15.230582481965516,2025-09-30 10:56:59.503845
-0.4673246675167836,13.95271017550441,2025-09-30 10:56:59.503845
-0.04481237997946127,15.359102598940387,2025-09-30 10:56:59.503845
-0.07423571663914022,14.81978862139254,2025-09-30 10:56:59.503845
-0.062182071356182346,14.706479130153614,2025-09-30 10:56:59.503845
0.04073015899567565,14.94516889851174,2025-09-30 10:56:59.503845
-0.8841529323930695,15.224503623669241,2025-09-30 10:56:59.503845
-1.4294698890475623,15.627243631072986,2025-09-30 10:56:59.503845
-0.29942972296045245,13.622788258220268,2025-09-30 10:56:59.503845
-0.0387049187588715,14.072675224818088,2025-09-30 10:56:59.503845
1.0042436910875145,14.396445972212664,2025-09-30 10:56:59.503845
0.7905823929463309,14.871637838667246,2025-09-30 10:56:59.503845
-0.2793884148473103,14.912820925556678,2025-09-30 10:56:59.503845
2.492391031137556,14.587969705345214,2025-09-30 10:56:59.503845
-0.6186834075993027,14.91861987945692,2025-09-30 10:56:59.503845
0.5637147724940357,14.595865058224911,2025-09-30 10:56:59.503845
0.09199160745082018,14.970221567627208,2025-09-30 10:56:59.503845
-0.1531184727485527,14.834901825815844,2025-09-30 10:56:59.503845
-0.8598479600894874,14.51869140540713,2025-09-30 10:56:59.503845
0.2869097776806906,14.311968737442973,2025-09-30 10:56:59.503845
0.12098809485778136,14.517345906256235,2025-09-30 10:56:59.503845
-0.18497496701292207,15.452109153242565,2025-09-30 10:56:59.503845
-0.7524601174331826,15.14081277816278,2025-09-30 10:56:59.503845
-0.7816654248107873,15.07717903468464,2025-09-30 10:56:59.503845
-0.20410088039279525,14.82705028198498,2025-09-30 10:56:59.503845
1.135088568791742,14.14371199080163,2025-09-30 10:56:59.503845
-0.9551109442924621,14.72981402803537,2025-09-30 10:56:59.503845
0.5200071234782339,14.897055207688393,2025-09-30 10:56:59.503845
-0.799965848468152,14.314995592798901,2025-09-30 10:56:59.503845
-1.4120574481414492,15.792236380687585,2025-09-30 10:56:59.503845
-0.32360379278688106,14.892677061134263,2025-09-30 10:56:59.503845
-0.44234777693176425,14.243506737840608,2025-09-30 10:56:59.503845
-0.46224416926817063,15.395570551707776,2025-09-30 10:56:59.503845
-1.1315855098180712,14.708521832442749,2025-09-30 10:56:59.503845
-0.691215342283288,14.901814188989881,2025-09-30 10:56:59.503845
-0.02412280214667645,15.151564772312508,2025-09-30 10:56:59.503845
0.11349811903091409,15.393009570856812,2025-09-30 10:56:59.503845
1.695190050560552,14.681216070513567,2025-09-30 10:56:59.503845
0.11154922980754342,14.357388003187681,2025-09-30 10:56:59.503845
-2.088242314246792,15.029477053884019,2025-09-30 10:56:59.503845
0.7872252947725978,14.856526592424698,2025-09-30 10:56:59.503845
-0.7635215456669474,14.92441854625436,2025-09-30 10:56:59.503845
-0.2653232162600604,14.732887675456118,2025-09-30 10:56:59.503845
0.8966379915835769,14.785375122609098,2025-09-30 10:56:59.503845
0.7980564671768189,13.945015642470667,2025-09-30 10:56:59.503845
-0.2302314913508484,15.508159244559238,2025-09-30 10:56:59.503845
0.2502319223919963,14.193627073761846,2025-09-30 10:56:59.503845
0.7461141249321777,14.382967966652322,2025-09-30 10:56:59.503845
0.09341096769400407,14.820664642740716,2025-09-30 10:56:59.503845
-1.1167939457952667,14.86096666126465,2025-09-30 10:56:59.503845
-0.4448841532488377,15.06448358878881,2025-09-30 10:56:59.503845
-1.2185853984576496,15.299925955866012,2025-09-30 10:56:59.503845
-1.768163300415641,15.445452955409671,2025-09-30 10:56:59.503845
0.471772510644012,14.763260624221887,2025-09-30 10:56:59.503845
-0.9425243945120697,15.353455519718821,2025-09-30 10:56:59.503845
0.6801620594366857,15.253627365818794,2025-09-30 10:56:59.503845
1.475520619928403,14.916236492915464,2025-09-30 10:56:59.503845
-0.8661392889285277,14.239658860052396,2025-09-30 10:56:59.503845
1.2949245395511109,14.069486262154596,2025-09-30 10:56:59.503845
-0.08816162401874408,15.126609268219015,2025-09-30 10:56:59.503845
-0.859601738403162,14.577160187329088,2025-09-30 10:56:59.503845
-0.554280268589163,15.556184064910308,2025-09-30 10:56:59.503845
1.1894052125382713,14.904507852525422,2025-09-30 10:56:59.503845
-0.910643706563668,14.712126308781762,2025-09-30 10:56:59.503845
-0.4870616139035542,14.424734948198557,2025-09-30 10:56:59.503845
-0.5827130463914556,14.271253591994125,2025-09-30 10:56:59.503845
-1.6080649579313075,14.566757338810449,2025-09-30 10:56:59.503845
0.08441407178772979,15.167857083904982,2025-09-30 10:56:59.503845
-1.155176927247905,15.531078866928706,2025-09-30 10:56:59.503845
-0.34450044673253644,15.338252703015305,2025-09-30 10:56:59.503845
-1.9386653632469137,15.103456650013793,2025-09-30 10:56:59.503845
0.152238498307628,14.827929144529914,2025-09-30 10:56:59.503845
-1.1511667969200265,13.988615741937044,2025-09-30 10:56:59.503845
-0.2899402927631874,14.234336769862262,2025-09-30 10:56:59.503845
-0.9341722418120094,15.195998958964752,2025-09-30 10:56:59.503845
-0.10732255290091475,15.325433498754482,2025-09-30 10:56:59.503845
1.2809711112931368,14.684656770361247,2025-09-30 10:56:59.503845
1.7550192842963996,14.667868759841065,2025-09-30 10:56:59.503845
-1.455586788384495,15.316113621317662,2025-09-30 10:56:59.503845
0.029054234858330974,14.19610029438854,2025-09-30 10:56:59.503845
-0.6984079779476566,14.481545222208723,2025-09-30 10:56:59.503845
1.2641849658594082,14.10893219077514,2025-09-30 10:56:59.503845
0.6808307349849465,15.386488363664162,2025-09-30 10:56:59.503845
0.1365514933266779,15.769568784012783,2025-09-30 10:56:59.503845
0.16555992544077386,14.438149212218612,2025-09-30 10:56:59.503845
0.4625710398020283,14.690065876193241,2025-09-30 10:56:59.503845
0.017606503561068514,14.259997284138699,2025-09-30 10:56:59.503845
0.28186721022673156,14.417624570980227,2025-09-30 10:56:59.503845
-1.500876509846159,14.967768068867432,2025-09-30 10:56:59.503845
-0.07828376688717192,15.568617961633555,2025-09-30 10:56:59.503845
1.1645630101123572,14.714925246586924,2025-09-30 10:56:59.503845
-1.1301152429321397,14.616150945824943,2025-09-30 10:56:59.503845
0.22321993890557978,15.665109219064759,2025-09-30 10:56:59.503845
0.8779780884160837,14.98514249116784,2025-09-30 10:56:59.503845
0.2899830791658046,15.0419342195523,2025-09-30 10:56:59.503845
-0.976279704428775,13.976055004012352,2025-09-30 10:56:59.503845
-0.9924890603769213,15.314759461608126,2025-09-30 10:56:59.503845
-0.5007901596271397,14.284060684188452,2025-09-30 10:56:59.503845
-0.26310419890005166,14.117238802775592,2025-09-30 10:56:59.503845
-0.320004060189149,14.306708773546452,2025-09-30 10:56:59.503845
0.817229036485698,15.087726934966133,2025-09-30 10:56:59.503845
-0.9324078001481853,14.699812245488243,2025-09-30 10:56:59.503845
2.364573838619828,15.037177560949361,2025-09-30 10:56:59.503845
-0.06397763512871436,14.859414697486555,2025-09-30 10:56:59.503845
-1.7751924270584944,14.907045893322724,2025-09-30 10:56:59.503845
0.9017739718892831,14.338646535027927,2025-09-30 10:56:59.503845
-0.3551187254265343,14.896752482168262,2025-09-30 10:56:59.503845
-0.2661199982092565,13.724436055000176,2025-09-30 10:56:59.503845
-1.3560092110980027,14.097724130973559,2025-09-30 10:56:59.503845
2.746492673600095,14.779141760027509,2025-09-30 10:56:59.503845
1.4009603020456876,14.25988205954515,2025-09-30 10:56:59.503845
-1.5210091463072146,14.64078961233162,2025-09-30 10:56:59.503845
1.626494334852528,15.442985520482043,2025-09-30 10:56:59.503845
-0.08165528640260077,15.176650519270334,2025-09-30 10:56:59.503845
0.17163425579515634,14.43218559765399,2025-09-30 10:56:59.503845
1.7229156133195969,15.475800537600321,2025-09-30 10:56:59.503845
2.147119891119401,14.439371618268316,2025-09-30 10:56:59.503845
-0.5814279166543731,14.617132334914418,2025-09-30 10:56:59.503845
-0.2914967223545885,14.704903121378385,2025-09-30 10:56:59.503845
0.479572757227024,15.613263066254259,2025-09-30 10:56:59.503845
0.0660833566846728,15.35843126736515,2025-09-30 10:56:59.503845
1.918329598025628,14.548940812016069,2025-09-30 10:56:59.503845
-0.4856377134203457,13.610315354685184,2025-09-30 10:56:59.503845
-0.7062777731757119,15.086705693040008,2025-09-30 10:56:59.503845
-0.0789861220561988,14.9900936774515,2025-09-30 10:56:59.503845
-0.9707694746029581,14.983449273437051,2025-09-30 10:56:59.503845
0.12849594568139788,14.97261907405978,2025-09-30 10:56:59.503845
0.8144189709024663,14.697889038031875,2025-09-30 10:56:59.503845
-1.3712093863068067,15.080092492364772,2025-09-30 10:56:59.503845
-2.46734171109998,13.745509839691433,2025-09-30 10:56:59.503845
-0.6493701558388383,14.50379193836875,2025-09-30 10:56:59.503845
-1.2362190243884934,14.330649044040351,2025-09-30 10:56:59.503845
0.09574478887300923,15.240937938468205,2025-09-30 10:56:59.503845
0.6518133619078582,15.19021612769537,2025-09-30 10:56:59.503845
1.7627724668699765,15.299462091293027,2025-09-30 10:56:59.503845
0.8820722926639073,14.753018316568841,2025-09-30 10:56:59.503845
-0.4061987443203754,14.65243556267945,2025-09-30 10:56:59.503845
-0.393199871412809,15.17020095307947,2025-09-30 10:56:59.503845
-0.7031380122115004,14.565393301292422,2025-09-30 10:56:59.503845
-1.3579768175006741,14.100832960565384,2025-09-30 10:56:59.503845
0.7835667049135224,14.874799331907354,2025-09-30 10:56:59.503845
-0.040949938122912276,14.728246577531614,2025-09-30 10:56:59.503845
-0.5723216591796753,15.056572691879728,2025-09-30 10:56:59.503845
-0.18070868560406106,15.260363485045954,2025-09-30 10:56:59.503845
0.8786970078187292,15.226506388085435,2025-09-30 10:56:59.503845
-0.10349771121302008,15.101654288821075,2025-09-30 10:56:59.503845
-0.4527076450213659,14.28412539547482,2025-09-30 10:56:59.503845
-0.8981461792162183,13.869108061602656,2025-09-30 10:56:59.503845
-2.117995939588936,14.622695152128012,2025-09-30 10:56:59.503845
-1.2516968684901422,14.13381756197275,2025-09-30 10:56:59.503845
0.34847622287058716,14.49301296516728,2025-09-30 10:56:59.503845
1.3405739738232298,14.632773941674103,2025-09-30 10:56:59.503845
-1.1009400656251376,14.113532512497668,2025-09-30 10:56:59.503845
-1.6215332046001507,14.342017370697702,2025-09-30 10:56:59.503845
-1.212836993520903,15.306371885763909,2025-09-30 10:56:59.503845
-1.9986461988213677,15.076093841297485,2025-09-30 10:56:59.503845
-0.738619422402873,15.416147706432094,2025-09-30 10:56:59.503845
-0.515411085760106,14.48171316703521,2025-09-30 10:56:59.503845
-0.40945757646286884,14.605098480407527,2025-09-30 10:56:59.503845
-0.2805291556527391,14.721506202380091,2025-09-30 10:56:59.503845
-0.792430435222547,14.254747648481187,2025-09-30 10:56:59.503845
2.135417746799985,15.356009333986318,2025-09-30 10:56:59.503845
0.9265954924253678,14.791611601534564,2025-09-30 10:56:59.503845
0.5263417492628459,14.784630597995156,2025-09-30 10:56:59.503845
-0.026928804830359712,14.676526746821846,2025-09-30 10:56:59.503845
-1.126537538029649,14.585300270744733,2025-09-30 10:56:59.503845
2.0840053340736664,14.386707292880523,2025-09-30 10:56:59.503845
0.3998869028555138,14.01345373231485,2025-09-30 10:56:59.503845
0.012590416990377813,14.996233710568792,2025-09-30 10:56:59.503845
0.5785783245626872,14.717313762535433,2025-09-30 10:56:59.503845
-0.3022093736654567,14.645540883467424,2025-09-30 10:56:59.503845
-0.2779277104030178,15.100774922380532,2025-09-30 10:56:59.503845
0.7974740337546739,14.386587118921819,2025-09-30 10:56:59.503845
2.4287671351195033,15.038419634066678,2025-09-30 10:56:59.503845
-0.022321672775490378,14.275180297099883,2025-09-30 10:56:59.503845
0.22601416911867692,15.364766406686885,2025-09-30 10:56:59.503845
0.5418784865432402,14.56599724294865,2025-09-30 10:56:59.503845
0.578846831643137,15.29591498937563,2025-09-30 10:56:59.503845
-0.3157273928205635,14.31764182429003,2025-09-30 10:56:59.503845
-0.0020083521989338643,14.689057587015334,2025-09-30 10:56:59.503845
-0.03830083747668477,15.053375167464246,2025-09-30 10:56:59.503845
0.19880587449273623,14.783917921586253,2025-09-30 10:56:59.503845
-0.4764673122729646,14.860881052461844,2025-09-30 10:56:59.503845
1.3536959316466206,14.37466660612418,2025-09-30 10:56:59.503845
-1.8253411522326275,14.792375361465021,2025-09-30 10:56:59.503845
-0.18686262669059042,14.409228529341084,2025-09-30 10:56:59.503845
0.2723156740598622,15.402502793482448,2025-09-30 10:56:59.503845
1.0904430604355175,14.372744545322433,2025-09-30 10:56:59.503845
-0.2893732157634453,15.090548292282866,2025-09-30 10:56:59.503845
-0.9082826235295695,14.444834179692098,2025-09-30 10:56:59.503845
-0.4347476321426824,14.790700538650665,2025-09-30 10:56:59.503845
-1.321171088861982,15.562295681165109,2025-09-30 10:56:59.503845
0.5003790055946928,14.158483636315442,2025-09-30 10:56:59.503845
-0.10662541488850032,15.184320327408253,2025-09-30 10:56:59.503845
-0.7968854372483288,14.44657955079517,2025-09-30 10:56:59.503845
-1.1002275393534091,14.775177403633148,2025-09-30 10:56:59.503845
1.4722030121488803,14.375436767336579,2025-09-30 10:56:59.503845
1.1192512038115208,14.456251450262535,2025-09-30 10:56:59.503845
1.3934022960017989,14.646782018718275,2025-09-30 10:56:59.503845
0.13031642666769647,15.348651552143641,2025-09-30 10:56:59.503845
-0.9615508052175826,14.572294084861875,2025-09-30 10:56:59.503845
-1.1238709615244564,14.50317819068434,2025-09-30 10:56:59.503845
-1.1856584950642182,14.177535158683641,2025-09-30 10:56:59.503845
-1.2091596888352887,15.30997007872233,2025-09-30 10:56:59.503845
-0.9442186417519507,15.246212482746994,2025-09-30 10:56:59.503845
0.09829278537333845,15.746967687096795,2025-09-30 10:56:59.503845
1.1009916950630017,14.346364754059586,2025-09-30 10:56:59.503845
0.1071389076630271,15.528264148541657,2025-09-30 10:56:59.503845
2.550516042116378,14.732045144781845,2025-09-30 10:56:59.503845
-0.6669976784113112,14.231203799399335,2025-09-30 10:56:59.503845
0.34738718018737,14.25346897409901,2025-09-30 10:56:59.503845
1.7128110500350269,15.237537067043815,2025-09-30 10:56:59.503845
-0.3959524252228784,14.212196733319159,2025-09-30 10:56:59.503845
0.45089724633037165,15.08038280937312,2025-09-30 10:56:59.503845
1.3607048172225296,14.812297319004436,2025-09-30 10:56:59.503845
-0.12884545199012926,14.29775759530909,2025-09-30 10:56:59.503845
0.13318892791327389,14.342483707554212,2025-09-30 10:56:59.503845
0.06415146047292553,13.549243712107074,2025-09-30 10:56:59.503845
0.1965849615967563,14.63202381049224,2025-09-30 10:56:59.503845
-0.31453640296959057,15.163612859920232,2025-09-30 10:56:59.503845
0.6144795026247298,14.72296009091984,2025-09-30 10:56:59.503845
1.1989812066538013,15.350942686743789,2025-09-30 10:56:59.503845
-0.5722714557191476,14.871941812170249,2025-09-30 10:56:59.503845
-0.49753083600568004,14.703719172701492,2025-09-30 10:56:59.503845
-0.5068764151335526,14.453779686516906,2025-09-30 10:56:59.503845
0.40162760062488645,15.117754117634309,2025-09-30 10:56:59.503845
0.48911022432671847,14.616154726330901,2025-09-30 10:56:59.503845
-0.35562327721159337,14.244767367591836,2025-09-30 10:56:59.503845
-1.1385431386305735,15.287464930166271,2025-09-30 10:56:59.503845
-0.3691890305582491,15.01648621588159,2025-09-30 10:56:59.503845
-0.015676843587493775,15.043391900861693,2025-09-30 10:56:59.503845
-0.2432936567580346,15.13881793133809,2025-09-30 10:56:59.503845
1.464228736598087,14.436528611588123,2025-09-30 10:56:59.503845
1.5514675848655095,15.191201694493827,2025-09-30 10:56:59.503845
-0.49588583939363473,14.67300526083074,2025-09-30 10:56:59.503845
1.7349703314586367,14.727044719933449,2025-09-30 10:56:59.503845
1.3114825157879393,15.427775793684502,2025-09-30 10:56:59.503845
1.3853476739263069,14.447012316679547,2025-09-30 10:56:59.503845
2.22872168426082,14.775055992049184,2025-09-30 10:56:59.503845
0.6962330842402248,15.321915093895743,2025-09-30 10:56:59.503845
-1.0423573120733618,14.313703040232342,2025-09-30 10:56:59.503845
-0.2972820349518185,14.966425621006657,2025-09-30 10:56:59.503845
-0.5634386953275825,14.029821458336526,2025-09-30 10:56:59.503845
1.2512667654627943,14.850037586150426,2025-09-30 10:56:59.503845
-0.030463505716940058,14.785821127409331,2025-09-30 10:56:59.503845
1.4987483873057514,15.241830481977253,2025-09-30 10:56:59.503845
-2.8073156502116015,15.231852066890111,2025-09-30 10:56:59.503845
-0.15963679692046873,15.109969519846631,2025-09-30 10:56:59.503845
0.6118032803388621,14.683435016066753,2025-09-30 10:56:59.503845
0.06819066464502281,14.276280058984307,2025-09-30 10:56:59.503845
-0.4405273328470817,14.562760292744452,2025-09-30 10:56:59.503845
-1.2542425231583365,14.266072519797754,2025-09-30 10:56:59.503845
1.4418947615424234,14.087731856713564,2025-09-30 10:56:59.503845
-0.7355673933005473,15.142208094274045,2025-09-30 10:56:59.503845
-0.1370751671491024,14.565875740365362,2025-09-30 10:56:59.503845
-0.3911232116366832,14.79142585040595,2025-09-30 10:56:59.503845
0.9716289748260082,14.564964952271398,2025-09-30 10:56:59.503845
0.4830738894052391,14.282240939446906,2025-09-30 10:56:59.503845
-1.5471756644644978,14.485960423330775,2025-09-30 10:56:59.503845
-0.7355201639955109,15.253493622687374,2025-09-30 10:56:59.503845
0.14422729987084712,14.870017009566341,2025-09-30 10:56:59.503845
0.24121429534451228,14.6550067277058,2025-09-30 10:56:59.503845
0.9634679247578303,14.64830719409841,2025-09-30 10:56:59.503845
1.3022350416226052,15.13859982371379,2025-09-30 10:56:59.503845
-0.8075722426122791,14.795428724013037,2025-09-30 10:56:59.503845
-0.8101567092729813,14.132888264676565,2025-09-30 10:56:59.503845
-0.55402590281663,15.784607968811944,2025-09-30 10:56:59.503845
0.5532529261796647,14.933093316882408,2025-09-30 10:56:59.503845
-0.2508144330410767,15.786150389865467,2025-09-30 10:56:59.503845
-0.5125942988261806,13.88572044108586,2025-09-30 10:56:59.503845
-0.730753375495887,14.475640142832013,2025-09-30 10:56:59.503845
0.11854683287855336,15.59522018988015,2025-09-30 10:56:59.503845
-0.9608065533353736,13.780626732693218,2025-09-30 10:56:59.503845
0.9644723664521808,14.623092429299557,2025-09-30 10:56:59.503845
0.007096197975265337,14.867461927936711,2025-09-30 10:56:59.503845
0.39483352065083294,14.94783512780901,2025-09-30 10:56:59.503845
-1.535130801220461,14.710904604517122,2025-09-30 10:56:59.503845
-1.7498010230205383,14.804393105652757,2025-09-30 10:56:59.503845
-0.11446237704100529,15.29307057718469,2025-09-30 10:56:59.503845
0.7869593438087727,14.70167988752266,2025-09-30 10:56:59.503845
-0.08528624507328848,14.578801305005129,2025-09-30 10:56:59.503845
1.509915556788235,14.386669575179736,2025-09-30 10:56:59.503845
0.7496695865603307,15.049937375254663,2025-09-30 10:56:59.503845
1.0489782439916997,14.743460753593187,2025-09-30 10:56:59.503845
-1.0185774854308824,14.945679598333893,2025-09-30 10:56:59.503845
-1.1172885622464197,14.506680357050898,2025-09-30 10:56:59.503845
1.055169893314609,14.856916308790527,2025-09-30 10:56:59.503845
-0.12627554271634336,14.566435165600888,2025-09-30 10:56:59.503845
0.4413277375073414,14.655838677074588,2025-09-30 10:56:59.503845
0.0951866410321444,15.322154807446315,2025-09-30 10:56:59.503845
0.5837569444553377,14.249694193726267,2025-09-30 10:56:59.503845
-0.44964402445719565,14.570961211164292,2025-09-30 10:56:59.503845
0.22176922482945446,14.26034348457263,2025-09-30 10:56:59.503845
1.0562938445017576,14.99699126233883,2025-09-30 10:56:59.503845
0.5876225475383371,14.922551699838026,2025-09-30 10:56:59.503845
-0.448994089442553,15.36255637619019,2025-09-30 10:56:59.503845
0.6596359187190766,14.166501093321502,2025-09-30 10:56:59.503845
-0.2920505270200112,14.733773614210762,2025-09-30 10:56:59.503845
0.07640865093133054,15.637526612299375,2025-09-30 10:56:59.503845
0.7696445174687472,14.490217110916658,2025-09-30 10:56:59.503845
-0.6269543278924135,15.317126410462727,2025-09-30 10:56:59.503845
0.1455065751892388,15.078134195291781,2025-09-30 10:56:59.503845
1.6544858690001392,14.520339971267571,2025-09-30 10:56:59.503845
0.3758088594111735,14.96849231856264,2025-09-30 10:56:59.503845
-1.3977646816831693,14.879146870648553,2025-09-30 10:56:59.503845
-0.9849288105578535,14.122179405867655,2025-09-30 10:56:59.503845
-0.564652907458419,14.645935879614022,2025-09-30 10:56:59.503845
-0.23650534034457382,14.89850311287393,2025-09-30 10:56:59.503845
-1.0513557496179269,14.56233513530629,2025-09-30 10:56:59.503845
0.5275661042785496,15.170247938147364,2025-09-30 10:56:59.503845
-0.1141396056216835,14.557154930653512,2025-09-30 10:56:59.503845
1.231321104607497,15.338746518847719,2025-09-30 10:56:59.503845
1.0650614783629018,14.634492998054396,2025-09-30 10:56:59.503845
1.1892701064520355,14.163294086745598,2025-09-30 10:56:59.503845
1.3575113428154735,14.97413804219269,2025-09-30 10:56:59.503845
-1.9941415832095635,14.028361662204452,2025-09-30 10:56:59.503845
-0.6449132434409411,14.89530990975982,2025-09-30 10:56:59.503845
0.7885638889683485,14.545569740708167,2025-09-30 10:56:59.503845
-1.0051642969391754,14.500952809057301,2025-09-30 10:56:59.503845
-1.2945650390661039,14.958512197726357,2025-09-30 10:56:59.503845
1.4692799393328269,15.224525074309964,2025-09-30 10:56:59.503845
1.2594035437945632,14.990312753114274,2025-09-30 10:56:59.503845
0.3953538072732981,14.426475926238139,2025-09-30 10:56:59.503845
-0.08963869607766708,15.978390181921698,2025-09-30 10:56:59.503845
-3.0425253664015535,15.336629196945868,2025-09-30 10:56:59.503845
-2.191899974229442,14.704741630614844,2025-09-30 10:56:59.503845
-0.3170893887861077,14.951069904773876,2025-09-30 10:56:59.503845
-0.3663032027293439,15.078831778675621,2025-09-30 10:56:59.503845
1.0626638424904546,15.753038102709194,2025-09-30 10:56:59.503845
-1.0909243157988053,14.773050572912366,2025-09-30 10:56:59.503845
0.16682485934836014,14.218218281328808,2025-09-30 10:56:59.503845
-0.6700169656163726,13.747434581483189,2025-09-30 10:56:59.503845
-0.46254539482878637,14.379041402750167,2025-09-30 10:56:59.503845
-0.5972497652196102,14.512936611103616,2025-09-30 10:56:59.503845
-0.36309762527155054,15.128687326520387,2025-09-30 10:56:59.503845
1.162638907432469,14.244066002662915,2025-09-30 10:56:59.503845
-0.21573480594616276,15.463461263425646,2025-09-30 10:56:59.503845
1.5459657749193878,14.320168483799021,2025-09-30 10:56:59.503845
1.4329012161097014,14.44327744914393,2025-09-30 10:56:59.503845
-0.7646046106299553,15.463481517927686,2025-09-30 10:56:59.503845
-0.2777266936267365,14.732830019977627,2025-09-30 10:56:59.503845
-2.081113793144677,14.8161151182154,2025-09-30 10:56:59.503845
-0.5212574214072266,14.441965926157193,2025-09-30 10:56:59.503845
0.835552804039772,15.187264462413152,2025-09-30 10:56:59.503845
0.19752181699858082,15.201647734972253,2025-09-30 10:56:59.503845
1.086968072938111,15.24802579883706,2025-09-30 10:56:59.503845
0.12877065465852328,13.962691313517915,2025-09-30 10:56:59.503845
-0.40917738575990636,13.992538285394112,2025-09-30 10:56:59.503845
-0.2674003309171241,14.39992428338144,2025-09-30 10:56:59.503845
0.31224484791496604,14.242289280283178,2025-09-30 10:56:59.503845
0.331026208574738,15.552122423013097,2025-09-30 10:56:59.503845
2.2760741476786017,15.337373753103883,2025-09-30 10:56:59.503845
-1.2261831239193053,14.425142022250004,2025-09-30 10:56:59.503845
-0.2521153464353686,15.194351740174827,2025-09-30 10:56:59.503845
0.02094760655752992,14.495559693894752,2025-09-30 10:56:59.503845
-0.9008346055210231,14.484635685017073,2025-09-30 10:56:59.503845
0.8249831959553897,15.54969678298399,2025-09-30 10:56:59.503845
-0.6403215701143308,15.028664465337219,2025-09-30 10:56:59.503845
-0.722938019122965,15.182848003255568,2025-09-30 10:56:59.503845
0.11609818228752107,14.613868190961155,2025-09-30 10:56:59.503845
-0.9642323898208844,14.586239155494418,2025-09-30 10:56:59.503845
0.009379369258409605,15.080171453928418,2025-09-30 10:56:59.503845
-0.79897891147425,14.295701401894096,2025-09-30 10:56:59.503845
-0.25733975762110933,14.906945579144358,2025-09-30 10:56:59.503845
0.1216169745019921,15.45055185386325,2025-09-30 10:56:59.503845
-1.072855399442887,14.683445688364365,2025-09-30 10:56:59.503845
0.538317786166955,15.23219122880398,2025-09-30 10:56:59.503845
-1.1353194513818619,14.32148451541841,2025-09-30 10:56:59.503845
-0.6039309170893953,15.09385042746285,2025-09-30 10:56:59.503845
0.04130409400442661,14.506065131425384,2025-09-30 10:56:59.503845
0.5503871976470164,15.512988785666252,2025-09-30 10:56:59.503845
2.485324874907842,14.250262768980726,2025-09-30 10:56:59.503845
0.7848995375548113,15.123905313679105,2025-09-30 10:56:59.503845
-1.088347806716332,14.332231091170767,2025-09-30 10:56:59.503845
-0.2643851055239595,15.184123168838452,2025-09-30 10:56:59.503845
0.36776837643755406,14.442651509827225,2025-09-30 10:56:59.503845
-0.5094486552642769,14.41038704208523,2025-09-30 10:56:59.503845
-1.7452397745148702,14.669529809480702,2025-09-30 10:56:59.503845
0.7855382827012821,15.43652743401098,2025-09-30 10:56:59.503845
1.5405819558357468,14.95527189776134,2025-09-30 10:56:59.503845
0.00037739024452932183,15.121350708258454,2025-09-30 10:56:59.503845
-1.059372048713874,14.377334244952559,2025-09-30 10:56:59.503845
-1.0647480887116945,14.920694284105307,2025-09-30 10:56:59.503845
-1.6568210613107035,15.061436819061607,2025-09-30 10:56:59.503845
-1.2867000762552203,15.25099426646154,2025-09-30 10:56:59.503845
-0.43131933851833226,14.944149452117339,2025-09-30 10:56:59.503845
-0.8039654826485684,14.932005767574848,2025-09-30 10:56:59.503845
-1.6187339653266195,15.702446717418377,2025-09-30 10:56:59.503845
0.16141091961686116,14.28225440506084,2025-09-30 10:56:59.503845
-0.50098338367072,13.969653231257347,2025-09-30 10:56:59.503845
3.588123417342915,15.125617056742383,2025-09-30 10:56:59.503845
0.25986283411405825,14.835757826601709,2025-09-30 10:56:59.503845
-0.8709044467142282,14.836372572808282,2025-09-30 10:56:59.503845
-0.44358223123573676,14.779651939261486,2025-09-30 10:56:59.503845
0.4975428924900235,15.291872687511061,2025-09-30 10:56:59.503845
1.4141710247029433,14.807738226117774,2025-09-30 10:56:59.503845
-0.31634186214710613,14.610794009817788,2025-09-30 10:56:59.503845
0.5211471460312148,15.19659899490078,2025-09-30 10:56:59.503845
1.179149472041967,14.136222851076965,2025-09-30 10:56:59.503845
-0.00486732456361726,14.159281535468347,2025-09-30 10:56:59.503845
0.5460175720295757,15.441354948562136,2025-09-30 10:56:59.503845
0.4857565051439668,15.673136484309634,2025-09-30 10:56:59.503845
0.41492651514967493,14.597400769534861,2025-09-30 10:56:59.503845
-1.2307817373308103,14.807564020891968,2025-09-30 10:56:59.503845
1.7731482474453562,15.478166774104109,2025-09-30 10:56:59.503845
-0.9489239799451384,15.02200308878939,2025-09-30 10:56:59.503845
-0.7679921238337014,14.82430363648536,2025-09-30 10:56:59.503845
-0.02281817119214568,15.309184316866592,2025-09-30 10:56:59.503845
0.9687561930784194,14.619718051974456,2025-09-30 10:56:59.503845
2.085934463965912,14.65390207672389,2025-09-30 10:56:59.503845
0.012522313315367921,14.798881045283562,2025-09-30 10:56:59.503845
-1.0375014990052163,15.22612725954099,2025-09-30 10:56:59.503845
-1.0012034414303372,15.220225603833308,2025-09-30 10:56:59.503845
1.9283311780239454,14.523093304098444,2025-09-30 10:56:59.503845
0.10738700560461953,14.723625361010074,2025-09-30 10:56:59.503845
0.05918975912979103,14.466130930997947,2025-09-30 10:56:59.503845
-0.4826658037185014,14.132559099460645,2025-09-30 10:56:59.503845
0.2374901722134804,14.96196235247832,2025-09-30 10:56:59.503845
-1.4478769258760615,13.807405753683524,2025-09-30 10:56:59.503845
1.03288188650711,14.477841959170203,2025-09-30 10:56:59.503845
0.8852131047221262,14.636395364319908,2025-09-30 10:56:59.503845
-0.8065267139175776,14.545388732965069,2025-09-30 10:56:59.503845
-1.0885443801157515,15.06554999701064,2025-09-30 10:56:59.503845
-0.9096078059336633,14.26869317340616,2025-09-30 10:56:59.503845
0.3052742578973151,14.858774797438759,2025-09-30 10:56:59.503845
0.4309665840780122,15.369440262666016,2025-09-30 10:56:59.503845
1.303548749477266,13.517186421813332,2025-09-30 10:56:59.503845
0.9736769578297616,14.462654793407241,2025-09-30 10:56:59.503845
0.6424543117741071,15.453235695015799,2025-09-30 10:56:59.503845
0.8693024142719715,15.197509246364193,2025-09-30 10:56:59.503845
0.37881371970809447,13.798850674723472,2025-09-30 10:56:59.503845
-0.4912955092644765,14.485137798223885,2025-09-30 10:56:59.503845
1.238694504987109,15.112016401303324,2025-09-30 10:56:59.503845
-0.6217108856104826,14.79636597090165,2025-09-30 10:56:59.503845
-0.08512317403833788,14.23752319069064,2025-09-30 10:56:59.503845
-1.2557309434664545,15.368404119738587,2025-09-30 10:56:59.503845
2.2364075771553407,14.602422698902753,2025-09-30 10:56:59.503845
-0.6296460143349112,14.184260239364356,2025-09-30 10:56:59.503845
-0.7641143719978138,14.734986785449266,2025-09-30 10:56:59.503845
-0.02213214415585215,14.874188518451893,2025-09-30 10:56:59.503845
-0.855945577656147,15.674737112123502,2025-09-30 10:56:59.503845
1.955095166154581,14.070432430935792,2025-09-30 10:56:59.503845
0.014302969158149636,15.32605320638131,2025-09-30 10:56:59.503845
1.485807545437934,14.98907570754302,2025-09-30 10:56:59.503845
-0.8131177030410002,14.756819271251127,2025-09-30 10:56:59.503845
0.43855965845416073,15.389806346502855,2025-09-30 10:56:59.503845
0.14168054278471914,14.12693726042341,2025-09-30 10:56:59.503845
-1.9055355965200427,14.596354035622106,2025-09-30 10:56:59.503845
-1.1214219361375466,15.441063809287215,2025-09-30 10:56:59.503845
-1.0420507640750736,14.332255351294897,2025-09-30 10:56:59.503845
2.9711836995240493,14.735349659908893,2025-09-30 10:56:59.503845
-0.5358067887295266,14.544439245687023,2025-09-30 10:56:59.503845
0.07947178750737248,14.627136849338736,2025-09-30 10:56:59.503845
1.3864993186701808,14.703743422548625,2025-09-30 10:56:59.503845
-1.0557242743289157,14.217825559527938,2025-09-30 10:56:59.503845
1.4775436915160236,14.675161433328226,2025-09-30 10:56:59.503845
0.0614696587946241,14.58352056828663,2025-09-30 10:56:59.503845
1.2561465666230658,14.928852696945562,2025-09-30 10:56:59.503845
-1.4881087685721452,14.84109893015855,2025-09-30 10:56:59.503845
0.755790075917198,14.878367286377621,2025-09-30 10:56:59.503845
-0.3325591519041512,14.896748969210535,2025-09-30 10:56:59.503845
0.9131370838359837,14.844604234680116,2025-09-30 10:56:59.503845
1.576455384282807,14.697052705062523,2025-09-30 10:56:59.503845
0.9994080464031354,15.726033718570195,2025-09-30 10:56:59.503845
-0.7299664550255878,15.06847382493221,2025-09-30 10:56:59.503845
-2.19789194168757,14.410020554267154,2025-09-30 10:56:59.503845
0.8060001137953517,15.683280129645475,2025-09-30 10:56:59.503845
-0.3965424990418984,15.481982131731387,2025-09-30 10:56:59.503845
1.0751396074191704,15.413959798430415,2025-09-30 10:56:59.503845
1.308789923573693,14.790071871181196,2025-09-30 10:56:59.503845
-0.8163545122886455,14.262884308785045,2025-09-30 10:56:59.503845
0.8733761154530127,15.0978779387381,2025-09-30 10:56:59.503845
-0.0007205728504251179,14.88491116399493,2025-09-30 10:56:59.503845
-1.5161966497180455,14.947865430877549,2025-09-30 10:56:59.503845
-0.378081959341027,14.859787162130472,2025-09-30 10:56:59.503845
-2.46325702803156,15.195915784356039,2025-09-30 10:56:59.503845
-0.8854455423543086,14.77937284155445,2025-09-30 10:56:59.503845
0.38807657798861217,14.785403723373658,2025-09-30 10:56:59.503845
1.6124189409300325,15.0812887049507,2025-09-30 10:56:59.503845
-0.049330816404845976,14.358827141707826,2025-09-30 10:56:59.503845
-1.8174814164056536,14.724845671293,2025-09-30 10:56:59.503845
-1.0945944286403622,14.93389667418724,2025-09-30 10:56:59.503845
1.437022092833085,15.073834257808132,2025-09-30 10:56:59.503845
-0.5037184119074123,14.756305966971746,2025-09-30 10:56:59.503845
-1.1993412132757564,14.272308873918888,2025-09-30 10:56:59.503845
-0.3658119022715468,14.790285151090234,2025-09-30 10:56:59.503845
0.27501512589605737,15.124578678294688,2025-09-30 10:56:59.503845
-0.4229446256873608,14.959866545071462,2025-09-30 10:56:59.503845
-1.3440091446372433,14.345186504914917,2025-09-30 10:56:59.503845
0.8253801108352556,15.745942789156903,2025-09-30 10:56:59.503845
-1.5431357490491664,14.970802618046699,2025-09-30 10:56:59.503845
-0.7589428498507036,14.746946814379385,2025-09-30 10:56:59.503845
1.1852239028954639,15.061685010396102,2025-09-30 10:56:59.503845
0.4173782364441954,14.387603025012316,2025-09-30 10:56:59.503845
-0.30515185823179775,14.275110877371786,2025-09-30 10:56:59.503845
-0.21854440378456946,15.061577938540937,2025-09-30 10:56:59.503845
-0.1960988167281016,15.113019514432974,2025-09-30 10:56:59.503845
-1.5622565843927296,14.379644800812162,2025-09-30 10:56:59.503845
-0.20649292282554998,13.944986974194613,2025-09-30 10:56:59.503845
1.6040310636985728,15.415614429797406,2025-09-30 10:56:59.503845
0.18886184575579776,14.659083771049326,2025-09-30 10:56:59.503845
-1.596588476938902,14.636463375018469,2025-09-30 10:56:59.503845
-1.0237112112626878,14.667049219428149,2025-09-30 10:56:59.503845
0.13671097655823405,14.727029209891906,2025-09-30 10:56:59.503845
-1.5350113795019293,14.92876046476119,2025-09-30 10:56:59.503845
-0.8101391608826494,15.245337669284321,2025-09-30 10:56:59.503845
0.11971581997437596,14.970832679930481,2025-09-30 10:56:59.503845
0.9130686975517817,14.677892302893381,2025-09-30 10:56:59.503845
0.8460089118299264,14.509429489071536,2025-09-30 10:56:59.503845
-1.1679127841497912,14.81492860796082,2025-09-30 10:56:59.503845
-0.4517774014560171,14.341825225708387,2025-09-30 10:56:59.503845
-0.5591189244992655,14.26841082685957,2025-09-30 10:56:59.503845
-1.0191634311146571,13.903846887978283,2025-09-30 10:56:59.503845
-0.8012972842224746,14.989124410151405,2025-09-30 10:56:59.503845
-0.6219536334132844,14.50226826734217,2025-09-30 10:56:59.503845
-0.18058592691952036,15.413856647084001,2025-09-30 10:56:59.503845
0.8331096859568112,15.351985221289535,2025-09-30 10:56:59.503845
-0.10165838123913226,14.978822380842352,2025-09-30 10:56:59.503845
-0.3192769471487917,14.089726983737327,2025-09-30 10:56:59.503845
-1.1863921047175772,15.176026857496044,2025-09-30 10:56:59.503845
-0.016737090343215622,15.46170116652906,2025-09-30 10:56:59.503845
-0.3400402811753599,15.216956048982782,2025-09-30 10:56:59.503845
0.053268552527956516,14.604804457712879,2025-09-30 10:56:59.503845
2.128201169874292,14.36323856535321,2025-09-30 10:56:59.503845
-0.48545079241203815,14.833169542721397,2025-09-30 10:56:59.503845
0.7264684950345816,14.028046871881289,2025-09-30 10:56:59.503845
-2.0063841461746086,14.521304477797607,2025-09-30 10:56:59.503845
0.1621147899267477,14.256938558770603,2025-09-30 10:56:59.503845
1.138449405852185,15.834753293148154,2025-09-30 10:56:59.503845
0.01944553231831576,15.399546013002215,2025-09-30 10:56:59.503845
-0.7903924806856589,14.874908528238137,2025-09-30 10:56:59.503845
-0.682783681867835,14.561498114372236,2025-09-30 10:56:59.503845
-0.7659014959600029,15.049798944134347,2025-09-30 10:56:59.503845
0.7257532562042714,15.57000530146286,2025-09-30 10:56:59.503845
0.4023011631058488,14.459763684211786,2025-09-30 10:56:59.503845
1.0330822272957865,15.462874334445102,2025-09-30 10:56:59.503845
0.08591907125680023,15.15325657434821,2025-09-30 10:56:59.503845
-0.45229700111811477,14.112455153501466,2025-09-30 10:56:59.503845
0.9346608200264233,14.53251654269989,2025-09-30 10:56:59.503845
-0.61405465756076,14.44916702827082,2025-09-30 10:56:59.503845
-1.4017696329029221,15.290364873165204,2025-09-30 10:56:59.503845
-0.6370098945758647,14.811675534465218,2025-09-30 10:56:59.503845
-0.5967103983908467,14.455834359754643,2025-09-30 10:56:59.503845
-0.22088542870946778,14.65875131108153,2025-09-30 10:56:59.503845
1.274255094661694,14.003330993947982,2025-09-30 10:56:59.503845
-1.0882300487128844,14.673004417338847,2025-09-30 10:56:59.503845
-0.04791964036646288,14.687512378272466,2025-09-30 10:56:59.503845
1.9462405428562852,14.838471537768314,2025-09-30 10:56:59.503845
-0.09236793112244988,14.793876776409222,2025-09-30 10:56:59.503845
-0.27588347335206825,15.1136240234924,2025-09-30 10:56:59.503845
-1.5143263569105612,15.490011287035735,2025-09-30 10:56:59.503845
0.15235875789254066,14.798690109409115,2025-09-30 10:56:59.503845
-0.4904298107078382,15.134290088841341,2025-09-30 10:56:59.503845
-0.9468711952019018,14.251940944890041,2025-09-30 10:56:59.503845
-2.0464650757927436,15.537331552927045,2025-09-30 10:56:59.503845
0.4002653854014641,14.817918573807836,2025-09-30 10:56:59.503845
-0.3773743494299464,13.977207046590967,2025-09-30 10:56:59.503845
0.8323565472582827,14.350450223001207,2025-09-30 10:56:59.503845
-1.9036607449495024,14.8311661411819,2025-09-30 10:56:59.503845
-0.7403418650748418,15.427204852357615,2025-09-30 10:56:59.503845
-0.24819002421455572,15.625064648176588,2025-09-30 10:56:59.503845
0.8050003126517019,15.262454087176817,2025-09-30 10:56:59.503845
0.6952133238631844,14.54509885669613,2025-09-30 10:56:59.503845
0.33043870028440525,14.019655781960056,2025-09-30 10:56:59.503845
0.5002890521113393,15.0656069458199,2025-09-30 10:56:59.503845
-0.851367687426423,14.698952355719307,2025-09-30 10:56:59.503845
0.08940274785981937,15.017744442385807,2025-09-30 10:56:59.503845
0.5851765025347593,15.421948972744623,2025-09-30 10:56:59.503845
-0.0724125389986748,15.053954910861409,2025-09-30 10:56:59.503845
-1.1488888146848448,14.459278565970722,2025-09-30 10:56:59.503845
-0.10070736924589671,14.747122233710108,2025-09-30 10:56:59.503845
-0.11025709368482672,14.893658952807973,2025-09-30 10:56:59.503845
0.08022831175260059,15.00812203126314,2025-09-30 10:56:59.503845
-0.7563630561402676,14.42547091634844,2025-09-30 10:56:59.503845
0.014989962679429958,14.847849366788177,2025-09-30 10:56:59.503845
-1.2176682524857056,15.336233485096923,2025-09-30 10:56:59.503845
-0.2671342148880363,14.826914211696494,2025-09-30 10:56:59.503845
-0.34980871771667904,13.986209993363433,2025-09-30 10:56:59.503845
-0.12628180123311003,14.348992831473055,2025-09-30 10:56:59.503845
-1.3767179962995513,14.934474059083898,2025-09-30 10:56:59.503845
1.00279082683321,14.170617500327692,2025-09-30 10:56:59.503845
-0.06795579905006946,13.962776027834376,2025-09-30 10:56:59.503845
0.33292127397951143,15.081133876546467,2025-09-30 10:56:59.503845
0.44606255664194583,14.707006605906757,2025-09-30 10:56:59.503845
0.3933172629102781,14.842386378151124,2025-09-30 10:56:59.503845
0.41305706149918153,14.263121439512055,2025-09-30 10:56:59.503845
0.08514896049413356,14.27449879791753,2025-09-30 10:56:59.503845
-1.047744397772252,14.412899909861137,2025-09-30 10:56:59.503845
-0.7153773874241923,14.211222967456827,2025-09-30 10:56:59.503845
-0.3037946925933315,14.000768314755843,2025-09-30 10:56:59.503845
0.7459379853475394,15.25034879358673,2025-09-30 10:56:59.503845
1.8022630473914736,15.222604200258731,2025-09-30 10:56:59.503845
0.8473527825423811,14.748301128938017,2025-09-30 10:56:59.503845
-0.15446735638151365,15.02822603153085,2025-09-30 10:56:59.503845
-1.7967144346843764,15.516870797905636,2025-09-30 10:56:59.503845
-0.41045566879067474,14.927240144061285,2025-09-30 10:56:59.503845
-0.2856432839221934,14.785454748780001,2025-09-30 10:56:59.503845
0.67031668464976,15.494310093700577,2025-09-30 10:56:59.503845
0.669011775359774,15.691629320693881,2025-09-30 10:56:59.503845
1.8681579345363286,14.562011974104173,2025-09-30 10:56:59.503845
1.5302543564195217,13.89517661298092,2025-09-30 10:56:59.503845
0.49450739794251847,14.071732876722136,2025-09-30 10:56:59.503845
0.5585787118034757,14.636120215917828,2025-09-30 10:56:59.503845
-0.9730894979994109,14.922477519255551,2025-09-30 10:56:59.503845
0.3726695955811863,15.202746680345054,2025-09-30 10:56:59.503845
1.367473393421326,14.842556009728128,2025-09-30 10:56:59.503845
-0.4713934496233773,15.047755653767924,2025-09-30 10:56:59.503845
2.8655705556187447,14.325098618825844,2025-09-30 10:56:59.503845
0.9354469175573135,14.50535690405741,2025-09-30 10:56:59.503845
-0.7160957883275677,14.979006560190022,2025-09-30 10:56:59.503845
0.20190021992709176,14.88029946177311,2025-09-30 10:56:59.503845
-0.6257084814188796,14.771601401454612,2025-09-30 10:56:59.503845
-0.07318778736980314,15.66337522306706,2025-09-30 10:56:59.503845
-0.06622904175962525,14.438300310780136,2025-09-30 10:56:59.503845
-0.18621636020018115,14.589107539916817,2025-09-30 10:56:59.503845
-2.1022005194581097,14.847347642244825,2025-09-30 10:56:59.503845
-0.7337509270850326,14.509642054782267,2025-09-30 10:56:59.503845
0.017901535817467236,14.953087932338946,2025-09-30 10:56:59.503845
-0.1477535117842873,14.97480998634365,2025-09-30 10:56:59.503845
0.23769144938110506,14.465031114989861,2025-09-30 10:56:59.503845
0.7535973348921919,15.330716628959395,2025-09-30 10:56:59.503845
-1.8111294187934828,13.940449109248101,2025-09-30 10:56:59.503845
0.5475791643257282,14.684728837192216,2025-09-30 10:56:59.503845
-0.8729097448734423,14.312955341761379,2025-09-30 10:56:59.503845
0.5478018488317119,15.256164236320972,2025-09-30 10:56:59.503845
1.1636582796849086,14.971249004040503,2025-09-30 10:56:59.503845
-0.4081209944187571,13.739884716733163,2025-09-30 10:56:59.503845
0.580873281187584,13.930335873779278,2025-09-30 10:56:59.503845
1.3583673182882872,14.655640346047662,2025-09-30 10:56:59.503845
2.00110852202943,14.400880243016674,2025-09-30 10:56:59.503845
-0.24453007120059,14.941311226887999,2025-09-30 10:56:59.503845
-1.756738743641032,14.846056644927506,2025-09-30 10:56:59.503845
-1.0795511904020956,14.468743692107923,2025-09-30 10:56:59.503845
-0.2649489035988967,15.115017175633144,2025-09-30 10:56:59.503845
-0.5069932114243291,14.968046747374192,2025-09-30 10:56:59.503845
0.3863731095707301,14.889422629964404,2025-09-30 10:56:59.503845
0.8835686571689043,14.818317042126273,2025-09-30 10:56:59.503845
-0.0853157647229071,15.146048378725927,2025-09-30 10:56:59.503845
-0.23542924177504237,14.8777372043743,2025-09-30 10:56:59.503845
0.1387608876745145,14.484867721888518,2025-09-30 10:56:59.503845
1.545070092507404,14.76140035997599,2025-09-30 10:56:59.503845
-1.1731150106209762,14.746235779111435,2025-09-30 10:56:59.503845
-0.9468797120559423,15.17627509576132,2025-09-30 10:56:59.503845
-0.43269482291091516,15.613481570565607,2025-09-30 10:56:59.503845
1.095883605599536,14.097809950314428,2025-09-30 10:56:59.503845
2.093880283986975,14.997271252807476,2025-09-30 10:56:59.503845
1.814801091393158,14.465339341428843,2025-09-30 10:56:59.503845
0.8183465860614342,14.974661414195937,2025-09-30 10:56:59.503845
-1.724268085388487,15.033319850813424,2025-09-30 10:56:59.503845
0.5251128830599132,14.796007148964396,2025-09-30 10:56:59.503845
-0.9811840227667554,14.92874413674992,2025-09-30 10:56:59.503845
0.43636603226447546,14.44329661004668,2025-09-30 10:56:59.503845
1.6283551852806875,14.843517050859958,2025-09-30 10:56:59.503845
-1.6842686229373076,14.358664627421144,2025-09-30 10:56:59.503845
-1.3001455043843415,15.389077287504628,2025-09-30 10:56:59.503845
0.08413825024421513,14.839142371998115,2025-09-30 10:56:59.503845
0.7285023746286572,15.09824642043006,2025-09-30 10:56:59.503845
-1.1200689313668815,15.510003518495955,2025-09-30 10:56:59.503845
0.10530324927739813,14.570519238019523,2025-09-30 10:56:59.503845
1.1739184069797237,14.456163138634595,2025-09-30 10:56:59.503845
0.8944777257988178,15.750958515601535,2025-09-30 10:56:59.503845
2.1326917467931126,14.889258644671344,2025-09-30 10:56:59.503845
0.9627172762569602,16.005841349940503,2025-09-30 10:56:59.503845
-2.0343273486621847,14.991313511393448,2025-09-30 10:56:59.503845
0.7045432831850532,14.719465057888549,2025-09-30 10:56:59.503845
-0.18956800162944965,14.83165719761022,2025-09-30 10:56:59.503845
0.040211726685324446,14.541226654036558,2025-09-30 10:56:59.503845
0.1841208895865601,14.239806467251924,2025-09-30 10:56:59.503845
-0.35160902785501835,15.479538379454421,2025-09-30 10:56:59.503845
-0.6892779977489766,15.203856334512606,2025-09-30 10:56:59.503845
-0.7470642394622049,14.83836595533188,2025-09-30 10:56:59.503845
0.8618058126166223,14.282574739364776,2025-09-30 10:56:59.503845
0.33069535088531676,14.150332863660266,2025-09-30 10:56:59.503845
-0.5647611268420483,14.368434731433034,2025-09-30 10:56:59.503845
-0.1501940204163351,15.154473499523093,2025-09-30 10:56:59.503845
1.282412042552404,14.96355635656496,2025-09-30 10:56:59.503845
-1.0226939221168574,15.270704100487398,2025-09-30 10:56:59.503845
1.284534391151904,15.473507579789588,2025-09-30 10:56:59.503845
-1.5655717916076874,14.516942909038043,2025-09-30 10:56:59.503845
-0.813368564895145,14.12109539801121,2025-09-30 10:56:59.503845
0.6410839898765547,14.433584498161306,2025-09-30 10:56:59.503845
1.13438115286907,13.755755355793452,2025-09-30 10:56:59.503845
0.3542513348675488,14.587067463320578,2025-09-30 10:56:59.503845
0.4708755963906996,15.033935751595392,2025-09-30 10:56:59.503845
-1.1371555885997913,14.283910629001923,2025-09-30 10:56:59.503845
1.0895695379134622,14.908430803823755,2025-09-30 10:56:59.503845
-0.26104754129283064,14.974390469122818,2025-09-30 10:56:59.503845
1.3860945616362605,14.893457498513817,2025-09-30 10:56:59.503845
-1.0906808074879768,15.273205668813944,2025-09-30 10:56:59.503845
-0.4632319086288965,14.734328113403299,2025-09-30 10:56:59.503845
1.037765719827163,14.322384411508777,2025-09-30 10:56:59.503845
0.9643387221852348,15.050979503968861,2025-09-30 10:56:59.503845
0.05804220618304131,14.103316205898707,2025-09-30 10:56:59.503845
0.12010280669389237,15.596605761645748,2025-09-30 10:56:59.503845
1.663021899852259,15.044340139257962,2025-09-30 10:56:59.503845
-0.41361166992682646,15.511798058663924,2025-09-30 10:56:59.503845
0.9186906610545647,14.692175659760304,2025-09-30 10:56:59.503845
-1.9389401980617889,15.307106292315787,2025-09-30 10:56:59.503845
0.08856529766119244,15.109299503283136,2025-09-30 10:56:59.503845
-0.7381688215520668,15.792987094677203,2025-09-30 10:56:59.503845
-0.5696883445568047,15.157995777526349,2025-09-30 10:56:59.503845
-0.0036980761553507737,15.259230267088359,2025-09-30 10:56:59.503845
-1.715012038464997,14.484584815365924,2025-09-30 10:56:59.503845
0.7907162165743187,14.432984172214027,2025-09-30 10:56:59.503845
-0.47799515354114874,15.130323820226131,2025-09-30 10:56:59.503845
1.0238177733014806,15.07584029287498,2025-09-30 10:56:59.503845
1.0404685270509102,15.833355372710022,2025-09-30 10:56:59.503845
0.5265874952147758,14.796732104017016,2025-09-30 10:56:59.503845
0.5174194769799706,14.131963354313031,2025-09-30 10:56:59.503845
1.5826280778031678,15.134425523770451,2025-09-30 10:56:59.503845
-1.4313599767076237,14.521430947244928,2025-09-30 10:56:59.503845
2.7977327839251056,14.229405313685962,2025-09-30 10:56:59.503845
-1.4970042914712232,15.30209765254995,2025-09-30 10:56:59.503845
0.3369159183758015,15.058703313405847,2025-09-30 10:56:59.503845
0.6263368867607945,14.433483452410952,2025-09-30 10:56:59.503845
-0.9834199762180879,13.543150784511075,2025-09-30 10:56:59.503845
-0.2597863370475027,14.989025750906631,2025-09-30 10:56:59.503845
0.3488554962429544,14.865327639420668,2025-09-30 10:56:59.503845
-0.3880000435579734,14.881792047676008,2025-09-30 10:56:59.503845
-0.57458712942971,14.263049012709375,2025-09-30 10:56:59.503845
0.9551264596441611,14.465649200727341,2025-09-30 10:56:59.503845
1.1384760546878145,15.469284058970539,2025-09-30 10:56:59.503845
-0.16129896231721363,13.822286817585201,2025-09-30 10:56:59.503845
0.8348075231391837,14.839643102370808,2025-09-30 10:56:59.503845
0.10713537745515342,14.369092435555336,2025-09-30 10:56:59.503845
0.5770022244093876,14.741913380206826,2025-09-30 10:56:59.503845
-0.22425749121220004,15.073942438181383,2025-09-30 10:56:59.503845
0.5423350359377695,14.639411251387168,2025-09-30 10:56:59.503845
-1.8566091719744726,14.147667556893534,2025-09-30 10:56:59.503845
0.07070581112840921,14.243891767618406,2025-09-30 10:56:59.503845
0.14555668121656432,14.6611883362102,2025-09-30 10:56:59.503845
-0.7268226044020405,14.920737715902648,2025-09-30 10:56:59.503845
1.7764153396886522,14.999872109371593,2025-09-30 10:56:59.503845
-0.02762853600403166,14.033025708125995,2025-09-30 10:56:59.503845
0.43626846105507944,14.279790574815888,2025-09-30 10:56:59.503845
-0.2671545803508375,13.97612655813142,2025-09-30 10:56:59.503845
-0.08754376173611343,15.519476755012043,2025-09-30 10:56:59.503845
-0.7100091725363266,14.883306864322293,2025-09-30 10:56:59.503845
2.1012247933509367,13.514655838038133,2025-09-30 10:56:59.503845
0.6508998048027524,15.135109600019854,2025-09-30 10:56:59.503845
0.190040502312175,14.534106555177688,2025-09-30 10:56:59.503845
0.5485580059054662,14.365022965585085,2025-09-30 10:56:59.503845
0.15024219715984077,15.428412805689787,2025-09-30 10:56:59.503845
-0.9398773802964182,15.212037204036703,2025-09-30 10:56:59.503845
-0.03539974868872029,14.684691623066461,2025-09-30 10:56:59.503845
-0.4566152060979143,14.320070314263534,2025-09-30 10:56:59.503845
0.903616401927683,14.722280128488526,2025-09-30 10:56:59.503845
1.4058425793449032,14.969495851887457,2025-09-30 10:56:59.503845
-0.5203585547639684,14.891660336095814,2025-09-30 10:56:59.503845
-1.1291675177349663,14.97990167397621,2025-09-30 10:56:59.503845
1.5099449576199435,14.667275161761122,2025-09-30 10:56:59.503845
-0.8384648536467124,14.660369915320864,2025-09-30 10:56:59.503845
0.6331926232081836,14.731989640223626,2025-09-30 10:56:59.503845
1.098351078862088,14.198689240892268,2025-09-30 10:56:59.503845
0.46037418540494085,13.974146797376793,2025-09-30 10:56:59.503845
1.0302759765554153,15.257802203035993,2025-09-30 10:56:59.503845
-0.5952443081328992,15.40210934433482,2025-09-30 10:56:59.503845
-0.035924511798936964,15.155101638725318,2025-09-30 10:56:59.503845
-0.3145525402687275,14.6965772526346,2025-09-30 10:56:59.503845
-0.5410887035186072,15.059846755736952,2025-09-30 10:56:59.503845
1.027824450385493,14.357849789393883,2025-09-30 10:56:59.503845
0.7550634626500129,14.864333308330588,2025-09-30 10:56:59.503845
-1.2592110371144045,14.829248155131582,2025-09-30 10:56:59.503845
-0.03177167968024283,14.899967625646513,2025-09-30 10:56:59.503845
0.7880944932652678,15.055413166130705,2025-09-30 10:56:59.503845
0.6151774798578655,14.344952918135114,2025-09-30 10:56:59.503845
-0.6353548299783051,14.330843933738764,2025-09-30 10:56:59.503845
-0.9838620689203533,14.636958915185266,2025-09-30 10:56:59.503845
0.5133299958883082,15.180207869643597,2025-09-30 10:56:59.503845
0.7701387814133628,14.77998769182925,2025-09-30 10:56:59.503845
1.0183799126139885,14.888512094560774,2025-09-30 10:56:59.503845
1.107185039473295,15.138968356591473,2025-09-30 10:56:59.503845
-0.8993992802425199,14.336247155330717,2025-09-30 10:56:59.503845
-0.17046659750466775,14.329992096188722,2025-09-30 10:56:59.503845
0.2812795890811721,14.2902318501759,2025-09-30 10:56:59.503845
0.15945362537390834,14.980404564618853,2025-09-30 10:56:59.503845
0.22443432928414722,15.208059324104662,2025-09-30 10:56:59.503845
-0.12083423076967471,14.32933457198786,2025-09-30 10:56:59.503845
1.6242834051681705,14.152631292017112,2025-09-30 10:56:59.503845
-0.5863660649319961,14.294927257302525,2025-09-30 10:56:59.503845
0.4042456272329495,15.09339992669798,2025-09-30 10:56:59.503845
1.7352672624424836,14.206328012630058,2025-09-30 10:56:59.503845
0.34479558153901735,14.258968329429086,2025-09-30 10:56:59.503845
-0.6541076195356694,14.358059774582978,2025-09-30 10:56:59.503845
0.44304492747396473,14.154431373890839,2025-09-30 10:56:59.503845
-0.0024010049033978717,14.47438311519238,2025-09-30 10:56:59.503845
-0.05716460653960251,14.809909613363118,2025-09-30 10:56:59.503845
-0.878420155730945,14.861190441091672,2025-09-30 10:56:59.503845
-0.051684420810888934,14.554203507385592,2025-09-30 10:56:59.503845
-0.24167912026060778,14.553948941169864,2025-09-30 10:56:59.503845
-0.4241947687477638,15.267923773972331,2025-09-30 10:56:59.503845
0.4616458089145639,14.394339445936733,2025-09-30 10:56:59.503845
0.021256886820870707,14.651291837115814,2025-09-30 10:56:59.503845
-0.7946060460107804,14.91131225220465,2025-09-30 10:56:59.503845
1.23892292641143,15.206652944139684,2025-09-30 10:56:59.503845
-0.7558991110770208,14.842992074389723,2025-09-30 10:56:59.503845
-0.9162598161119359,14.46625213681898,2025-09-30 10:56:59.503845
0.6381226657767552,14.912196121816324,2025-09-30 10:56:59.503845
-0.47345120013344705,14.460291409923661,2025-09-30 10:56:59.503845
-1.0000026876494619,14.840557389610428,2025-09-30 10:56:59.503845
-0.0951114169690176,14.81034358785413,2025-09-30 10:56:59.503845
0.3449652301872143,15.079958044758854,2025-09-30 10:56:59.503845
-0.09903412725450984,14.37518876098048,2025-09-30 10:56:59.503845
-0.37586508512098765,14.826594430269314,2025-09-30 10:56:59.503845
0.20632839952797946,14.25791992503382,2025-09-30 10:56:59.503845
0.7630889718278591,15.023226470379745,2025-09-30 10:56:59.503845
1.6168585786943241,14.981134157698751,2025-09-30 10:56:59.503845
-0.17487611171295647,15.017862661695858,2025-09-30 10:56:59.503845
1.7186220445520397,15.195366640647853,2025-09-30 10:56:59.503845
-0.31891293869895126,15.142215165166691,2025-09-30 10:56:59.503845
-0.5125829013572759,14.877433345316625,2025-09-30 10:56:59.503845
-1.2941621877383418,14.34140971080119,2025-09-30 10:56:59.503845
-1.9481649977437645,14.442995690114877,2025-09-30 10:56:59.503845
2.510133885936518,14.011816375373446,2025-09-30 10:56:59.503845
-0.2624490509173982,15.000605297722005,2025-09-30 10:56:59.503845
-0.5871891517196748,14.840757650709685,2025-09-30 10:56:59.503845
0.2020136335194155,15.17464492253423,2025-09-30 10:56:59.503845
0.5666830989594568,15.4883303150882,2025-09-30 10:56:59.503845
-0.8834180660357791,14.397742030803759,2025-09-30 10:56:59.503845
-1.0835457932931538,14.641498423041314,2025-09-30 10:56:59.503845
1.3691991426730608,14.285989097238641,2025-09-30 10:56:59.503845
1.1301135996043021,14.119188436255666,2025-09-30 10:56:59.503845
-0.5414273663455623,14.850825325599372,2025-09-30 10:56:59.503845
0.2852682327732935,15.49276553574299,2025-09-30 10:56:59.503845
-0.024414225168001156,14.895499579470755,2025-09-30 10:56:59.503845
1.1824381754955187,14.927889393648737,2025-09-30 10:56:59.503845
0.4480487531153095,14.568015479328402,2025-09-30 10:56:59.503845
-0.3033233545568708,15.497968406019918,2025-09-30 10:56:59.503845
0.343564151281356,14.285223731726699,2025-09-30 10:56:59.503845
0.17940768205096544,14.068076009626411,2025-09-30 10:56:59.503845
-0.9161381228606474,15.207528318887967,2025-09-30 10:56:59.503845
0.5658073337034075,15.072678382626904,2025-09-30 10:56:59.503845
0.01606798661410695,14.738406119865603,2025-09-30 10:56:59.503845
-0.7777877408872691,15.257378111897658,2025-09-30 10:56:59.503845
0.0791953224704127,14.694295807185522,2025-09-30 10:56:59.503845
0.4465747484513777,14.93068193416639,2025-09-30 10:56:59.503845
0.5525099463860611,14.709296243899397,2025-09-30 10:56:59.503845
-1.567850934331111,15.051558764708721,2025-09-30 10:56:59.503845
0.7424011250667559,14.182027048505374,2025-09-30 10:56:59.503845
0.9304456419471732,14.338343413567987,2025-09-30 10:56:59.503845
0.7819389335452763,15.198865998057455,2025-09-30 10:56:59.503845
0.3330953009837918,14.383000620686408,2025-09-30 10:56:59.503845
-0.9758678947663101,13.871613430281116,2025-09-30 10:56:59.503845
2.231665700277225,14.775716319585785,2025-09-30 10:56:59.503845
0.4087750894378033,14.882995355655531,2025-09-30 10:56:59.503845
-1.6138766733051968,14.992977381828332,2025-09-30 10:56:59.503845
-0.9603394282421068,15.054917169773645,2025-09-30 10:56:59.503845
-1.0563479868106214,14.345699396280105,2025-09-30 10:56:59.503845
0.6735045990101212,15.40224534632841,2025-09-30 10:56:59.503845
-2.592420709121804,15.429970768513568,2025-09-30 10:56:59.503845
-0.34875794851282493,14.609905062578864,2025-09-30 10:56:59.503845
1.7073167958451092,14.925903473858888,2025-09-30 10:56:59.503845
1.42941240240329,14.155832311866083,2025-09-30 10:56:59.503845
-0.7415349159684091,14.74159567235323,2025-09-30 10:56:59.503845
0.2622190149950768,15.255380911530033,2025-09-30 10:56:59.503845
-0.9718096925163741,15.347911091413359,2025-09-30 10:56:59.503845
-0.17781158818586926,14.674380997760052,2025-09-30 10:56:59.503845
0.9095532731341626,14.80101975506036,2025-09-30 10:56:59.503845
0.10100841823207118,15.326001984347322,2025-09-30 10:56:59.503845
1.6880202808378557,14.382567376836645,2025-09-30 10:56:59.503845
-0.07763467455803351,14.551337387701476,2025-09-30 10:56:59.503845
0.8884258873571634,14.517589123271183,2025-09-30 10:56:59.503845
-0.5759374706290027,15.26685157735666,2025-09-30 10:56:59.503845
-1.2991534678981735,15.380813488606762,2025-09-30 10:56:59.503845
2.3681431754334885,14.099295843003999,2025-09-30 10:56:59.503845
-0.9352843643707952,14.352617057841172,2025-09-30 10:56:59.503845
0.46184887895921256,14.313946315137361,2025-09-30 10:56:59.503845
-1.5850330476202754,14.697959434533367,2025-09-30 10:56:59.503845
0.9455001079419713,15.33284717327045,2025-09-30 10:56:59.503845
0.11092477077053428,14.68460567022519,2025-09-30 10:56:59.503845
1.7057623756200657,14.349183461014146,2025-09-30 10:56:59.503845
0.38243823463708465,14.983015503034657,2025-09-30 10:56:59.503845
-2.4422220157227175,14.602712011539763,2025-09-30 10:56:59.503845
0.5844438321316714,14.837579881408477,2025-09-30 10:56:59.503845
0.08761367581877726,14.199329053900463,2025-09-30 10:56:59.503845
0.39927428201199044,14.18836477228155,2025-09-30 10:56:59.503845
-2.244793263332187,13.996039565319975,2025-09-30 10:56:59.503845
0.23966721017342935,13.941390130665322,2025-09-30 10:56:59.503845
-1.8426378439907374,15.017783376788874,2025-09-30 10:56:59.503845
-0.8883367425054912,14.78356980198833,2025-09-30 10:56:59.503845
-0.20536598623308844,14.85978003989017,2025-09-30 10:56:59.503845
-1.75839799506641,14.477800626589374,2025-09-30 10:56:59.503845
0.8222827177994396,14.52196981967013,2025-09-30 10:56:59.503845
-0.8476007854126677,14.5124960184574,2025-09-30 10:56:59.503845
0.44763945663785015,13.926594835002287,2025-09-30 10:56:59.503845
0.7448866333410139,15.061498948581002,2025-09-30 10:56:59.503845
-0.18501765337306111,14.820789627564134,2025-09-30 10:56:59.503845
-0.761403002531562,14.898527553072292,2025-09-30 10:56:59.503845
1.5220116256637606,14.748700119358455,2025-09-30 10:56:59.503845
-1.173632518022795,14.608814113616143,2025-09-30 10:56:59.503845
-0.8642014757930268,14.497131419852765,2025-09-30 10:56:59.503845
-0.961810423796507,14.771716499184135,2025-09-30 10:56:59.503845
-0.4187806507349108,14.636015867661115,2025-09-30 10:56:59.503845
-1.7792311780895043,14.760791932799219,2025-09-30 10:56:59.503845
-0.1935725267935649,14.334472293993388,2025-09-30 10:56:59.503845
-0.5922814290986645,15.596156152832403,2025-09-30 10:56:59.503845
-0.6193441580095286,14.70742746783808,2025-09-30 10:56:59.503845
-0.4191260187532203,14.90792687796044,2025-09-30 10:56:59.503845
-0.05896721380018658,14.581946960986809,2025-09-30 10:56:59.503845
-2.676453883029404,14.506011523500923,2025-09-30 10:56:59.503845
0.0038156027372713767,14.661961342384705,2025-09-30 10:56:59.503845
-1.2928195858785667,13.898152586984786,2025-09-30 10:56:59.503845
-1.2847331149230587,14.997250965495594,2025-09-30 10:56:59.503845
0.5063345646106772,15.10540208586004,2025-09-30 10:56:59.503845
1.596002375746139,15.188531631313355,2025-09-30 10:56:59.503845
-0.5281363648321563,15.126328775967195,2025-09-30 10:56:59.503845
2.2396540415918103,14.84898664855092,2025-09-30 10:56:59.503845
-1.2184601957417935,14.18595425418107,2025-09-30 10:56:59.503845
1.854681587286143,14.234604242639424,2025-09-30 10:56:59.503845
0.9512431104566332,14.772651371582905,2025-09-30 10:56:59.503845
1.2553061679282678,15.264948785621835,2025-09-30 10:56:59.503845
0.6152495206702977,14.54899778081243,2025-09-30 10:56:59.503845
-0.760359354628783,14.795638803502385,2025-09-30 10:56:59.503845
-0.27390937110243263,14.653092138701577,2025-09-30 10:56:59.503845
0.4424630411011263,14.529384920411688,2025-09-30 10:56:59.503845
-0.8021832851172696,14.647486612382158,2025-09-30 10:56:59.503845
0.18615834173792242,14.749170083495938,2025-09-30 10:56:59.503845
0.46138004037804725,14.903914223841964,2025-09-30 10:56:59.503845
-0.22920333232867948,14.644593996832256,2025-09-30 10:56:59.503845
0.5817377473644475,15.268363059396673,2025-09-30 10:56:59.503845
0.9710229993627448,14.3808913393169,2025-09-30 10:56:59.503845
0.4417075707742571,14.879016992345695,2025-09-30 10:56:59.503845
0.7246612364017425,14.822775797147639,2025-09-30 10:56:59.503845
0.9930391440325599,14.839425950932888,2025-09-30 10:56:59.503845
-0.625025431357271,14.5999780043815,2025-09-30 10:56:59.503845
2.0300505960050566,14.85866373179925,2025-09-30 10:56:59.503845
1.6546852701969057,15.333832091256015,2025-09-30 10:56:59.503845
0.1438250969260622,14.702240894089508,2025-09-30 10:56:59.503845
0.47537944179293534,14.910195723660493,2025-09-30 10:56:59.503845
-1.018262038659402,14.625229060713556,2025-09-30 10:56:59.503845
-1.0862468382027048,13.98976689709236,2025-09-30 10:56:59.503845
-0.0006782950520448213,14.981257171023994,2025-09-30 10:56:59.503845
-1.5274548273941757,14.909435261050497,2025-09-30 10:56:59.503845
-0.3200784904221552,13.610918829256528,2025-09-30 10:56:59.503845
0.8636652777573429,15.010561952997516,2025-09-30 10:56:59.503845
-0.743702298108876,14.980534286974434,2025-09-30 10:56:59.503845
0.7530989070971257,15.206701489755073,2025-09-30 10:56:59.503845
0.3111734687691822,14.094648432492846,2025-09-30 10:56:59.503845
-0.8284340457731548,14.931427251718556,2025-09-30 10:56:59.503845
-0.27425037582705286,14.781661735835327,2025-09-30 10:56:59.503845
1.141715611779136,14.70404775852814,2025-09-30 10:56:59.503845
-0.338435994260125,14.476067205854337,2025-09-30 10:56:59.503845
1.0440656210029218,14.776927943608356,2025-09-30 10:56:59.503845
-1.38405775336643,14.979814859976035,2025-09-30 10:56:59.503845
-0.807107240992288,13.826791269474112,2025-09-30 10:56:59.503845
-0.028299192059330763,14.652195103219368,2025-09-30 10:56:59.503845
0.0036957558634022844,15.331846742427627,2025-09-30 10:56:59.503845
1.212838555704228,15.330805043669873,2025-09-30 10:56:59.503845
0.9674219888715027,15.101534502443442,2025-09-30 10:56:59.503845
0.3223795846817341,14.565554079860375,2025-09-30 10:56:59.503845
0.6806244883006642,14.748484451918236,2025-09-30 10:56:59.503845
0.942570753504007,14.339069416176944,2025-09-30 10:56:59.503845
0.037360703004087184,14.627839770656701,2025-09-30 10:56:59.503845
-1.5153927730870864,15.02088148021491,2025-09-30 10:56:59.503845
2.685668615416163,14.585123669051507,2025-09-30 10:56:59.503845
-0.24129896355493397,15.049710014542919,2025-09-30 10:56:59.503845
-0.27980231463488925,15.265756840411939,2025-09-30 10:56:59.503845
-0.6228312753669545,15.305789143981542,2025-09-30 10:56:59.503845
-1.0642171973432741,14.873927381055783,2025-09-30 10:56:59.503845
-2.0651789058949355,15.40363605745051,2025-09-30 10:56:59.503845
-0.4349727120662793,14.883974021377748,2025-09-30 10:56:59.503845
-1.1171945458773886,15.007927670148808,2025-09-30 10:56:59.503845
0.31185335079876064,15.189531067720141,2025-09-30 10:56:59.503845
-0.07749415501595246,14.647878302936034,2025-09-30 10:56:59.503845
-0.31102921087104635,15.232521134980653,2025-09-30 10:56:59.503845
1.1644943671837868,15.273348734777283,2025-09-30 10:56:59.503845
1.202375540709526,14.82765426845788,2025-09-30 10:56:59.503845
-0.7952797150826031,14.982071635570549,2025-09-30 10:56:59.503845
0.8927530517296177,15.031703548977923,2025-09-30 10:56:59.503845
-2.379207593997078,14.67259939836357,2025-09-30 10:56:59.503845
-0.8470819629257639,14.19418920257554,2025-09-30 10:56:59.503845
-0.22249646508496668,15.148253703487676,2025-09-30 10:56:59.503845
-0.22468387704031534,15.065955746564716,2025-09-30 10:56:59.503845
2.8726145453670204,14.399861130083657,2025-09-30 10:56:59.503845
-0.5886527131630278,15.425169260442567,2025-09-30 10:56:59.503845
0.5726538532863037,14.439751797001719,2025-09-30 10:56:59.503845
0.3300115551031644,14.31868285311427,2025-09-30 10:56:59.503845
-0.5062347127405855,14.395348926606623,2025-09-30 10:56:59.503845
-0.43973248181754626,14.770030407029873,2025-09-30 10:56:59.503845
-0.18521461968253752,14.963018191576499,2025-09-30 10:56:59.503845
0.2428914412303317,14.66709475239993,2025-09-30 10:56:59.503845
0.8143645896147187,15.492435698932681,2025-09-30 10:56:59.503845
0.5392694795806795,14.331803594505468,2025-09-30 10:56:59.503845
-0.42957843606615065,13.835746712970197,2025-09-30 10:56:59.503845
-0.5223827993252952,15.418144756962814,2025-09-30 10:56:59.503845
-0.1298682157947451,14.66876058983545,2025-09-30 10:56:59.503845
0.10036662630387401,15.015783937429736,2025-09-30 10:56:59.503845
2.4776222232351963,15.422729864726223,2025-09-30 10:56:59.503845
-0.8500474189292941,14.847912597169277,2025-09-30 10:56:59.503845
-0.10782577835977639,14.992780545621397,2025-09-30 10:56:59.503845
0.5749116821555921,14.692295200446546,2025-09-30 10:56:59.503845
0.2202623465070069,14.711439601084198,2025-09-30 10:56:59.503845
0.21307275127765937,14.76190419416231,2025-09-30 10:56:59.503845
0.14906527940484085,15.186153295969596,2025-09-30 10:56:59.503845
-1.1185789242856972,14.14347096368744,2025-09-30 10:56:59.503845
-0.07435755832436712,15.087476048704445,2025-09-30 10:56:59.503845
1.7794661540149739,13.945502551052337,2025-09-30 10:56:59.503845
-0.7506789725983536,14.631191624127565,2025-09-30 10:56:59.503845
-0.972884626618365,14.118434957172601,2025-09-30 10:56:59.503845
-0.3284240769779228,13.728504621095567,2025-09-30 10:56:59.503845
1.5416094147727464,15.370154275560296,2025-09-30 10:56:59.503845
-0.38009842367127644,14.583270303877862,2025-09-30 10:56:59.503845
-1.4212217155109956,14.39799433980738,2025-09-30 10:56:59.503845
0.02194412199643101,14.014337250911288,2025-09-30 10:56:59.503845
0.6145269787771689,14.445504150169894,2025-09-30 10:56:59.503845
0.5498850964427602,14.308719236258097,2025-09-30 10:56:59.503845
0.18283321685021547,14.92007079662794,2025-09-30 10:56:59.503845
0.2554464541113744,15.249989078571335,2025-09-30 10:56:59.503845
1.4913538316202006,13.002895671972077,2025-09-30 10:56:59.503845
-1.1998853510230445,14.774654016815004,2025-09-30 10:56:59.503845
1.2952431474201733,14.061514107708282,2025-09-30 10:56:59.503845
-0.9756927693080332,14.848414900141314,2025-09-30 10:56:59.503845
1.7576386775133601,14.241590760323781,2025-09-30 10:56:59.503845
0.32873005535437955,14.29552484892398,2025-09-30 10:56:59.503845
0.7434370179045461,14.92833827118771,2025-09-30 10:56:59.503845
0.1557747258095526,14.598518878950879,2025-09-30 10:56:59.503845
0.2990597171444381,15.074126288804074,2025-09-30 10:56:59.503845
-0.7977474501781098,14.609181538201645,2025-09-30 10:56:59.503845
1.264258587382741,14.482800936423025,2025-09-30 10:56:59.503845
-1.0453940544042863,14.774999299217454,2025-09-30 10:56:59.503845
1.0159860977473918,14.790003174638768,2025-09-30 10:56:59.503845
1.2028139204121875,15.206867632482584,2025-09-30 10:56:59.503845
0.326277934053595,13.755787244281446,2025-09-30 10:56:59.503845
-1.7875452256194837,14.517770702053362,2025-09-30 10:56:59.503845
1.8465544324798,14.855700626794837,2025-09-30 10:56:59.503845
0.9881585539495477,14.36178693085825,2025-09-30 10:56:59.503845
-0.6168795072067965,14.480987123988964,2025-09-30 10:56:59.503845
0.6681229599591842,13.984015065296306,2025-09-30 10:56:59.503845
-0.3868439913452381,14.927466990407694,2025-09-30 10:56:59.503845
0.6616963539424,14.83077011269162,2025-09-30 10:56:59.503845
-1.0150142661659762,15.044893615532834,2025-09-30 10:56:59.503845
-1.6649911105053374,14.55577522782649,2025-09-30 10:56:59.503845
0.06259864096131088,14.817068648601314,2025-09-30 10:56:59.503845
0.4571148132642691,14.691474753470333,2025-09-30 10:56:59.503845
0.16333159924223248,14.882400360815199,2025-09-30 10:56:59.503845
0.014053973517981802,14.552652167847246,2025-09-30 10:56:59.503845
-0.42379749477312567,14.430048050504524,2025-09-30 10:56:59.503845
0.1964311489730062,14.997765722281805,2025-09-30 10:56:59.503845
1.230480879396405,15.09438741069992,2025-09-30 10:56:59.503845
0.9387460259077843,15.179625910242672,2025-09-30 10:56:59.503845
1.3655655596258,14.864159247216254,2025-09-30 10:56:59.503845
-1.2424511366942559,14.180853715655049,2025-09-30 10:56:59.503845
-0.6134063357143286,14.596775147808746,2025-09-30 10:56:59.503845
-0.5899943374668731,14.946865754004463,2025-09-30 10:56:59.503845
-0.05042572704028303,14.515786576157229,2025-09-30 10:56:59.503845
1.4496319430496432,15.066175323215681,2025-09-30 10:56:59.503845
-0.15904629569818143,15.082222791315258,2025-09-30 10:56:59.503845
1.6658030920032003,14.648376037061842,2025-09-30 10:56:59.503845
0.244184405150034,14.957348888466495,2025-09-30 10:56:59.503845
-0.10545368079431164,14.742309008751544,2025-09-30 10:56:59.503845
1.0754902657461256,14.500995124784202,2025-09-30 10:56:59.503845
1.3837822161593554,14.574759808074687,2025-09-30 10:56:59.503845
0.9948734804601581,15.068462333768641,2025-09-30 10:56:59.503845
3.6553750496213473,14.902641387058761,2025-09-30 10:56:59.503845
0.7017795182437636,14.935241501999494,2025-09-30 10:56:59.503845
-0.15971115694933863,15.163894915491822,2025-09-30 10:56:59.503845
-0.617795394747731,14.671839857657707,2025-09-30 10:56:59.503845
-0.3129966042431847,15.710264689364699,2025-09-30 10:56:59.503845
-2.080709917822413,14.540763360438465,2025-09-30 10:56:59.503845
-0.5927659546263302,14.474472294690331,2025-09-30 10:56:59.503845
-0.937438451006011,15.128258918563787,2025-09-30 10:56:59.503845
0.7559057201768619,14.658047908475467,2025-09-30 10:56:59.503845
1.2096991116707962,14.63465287900091,2025-09-30 10:56:59.503845
0.7491863121858837,14.648602276625063,2025-09-30 10:56:59.503845
1.5923507447105578,15.294873492381557,2025-09-30 10:56:59.503845
0.22317492789132742,15.32656541169223,2025-09-30 10:56:59.503845
0.04063917234761567,14.236185034138185,2025-09-30 10:56:59.503845
-0.02741578297065474,15.074729757598156,2025-09-30 10:56:59.503845
1.0372133051953283,15.031999475407025,2025-09-30 10:56:59.503845
-0.6108227380159135,15.2533821946559,2025-09-30 10:56:59.503845
-0.07033462248558128,14.51554929151116,2025-09-30 10:56:59.503845
0.3139624183964275,14.512193754208578,2025-09-30 10:56:59.503845
2.0168325047605777,14.8976741754642,2025-09-30 10:56:59.503845
-0.14767822206070425,14.820408435279125,2025-09-30 10:56:59.503845
0.6876362575647185,15.036673998337607,2025-09-30 10:56:59.503845
1.1934075241722524,14.646422376362517,2025-09-30 10:56:59.503845
-0.11022651800341299,15.472748229443976,2025-09-30 10:56:59.503845
-1.0292834046199626,14.760329254902844,2025-09-30 10:56:59.503845
-1.0943689484628336,15.67296558724667,2025-09-30 10:56:59.503845
-1.0834111784756328,14.789926039675724,2025-09-30 10:56:59.503845
1.0339792147200688,14.924271425044996,2025-09-30 10:56:59.503845
1.223437711878947,15.175234684937093,2025-09-30 10:56:59.503845
-1.0459896393256856,14.069804974120345,2025-09-30 10:56:59.503845
0.6839210508803019,15.690807976362358,2025-09-30 10:56:59.503845
0.5442920406718963,14.811153033488354,2025-09-30 10:56:59.503845
-0.18472535025653528,15.004225086985594,2025-09-30 10:56:59.503845
0.9299938646008347,14.43909026617526,2025-09-30 10:56:59.503845
1.9286369149210065,14.393714227208303,2025-09-30 10:56:59.503845
1.8405793748449784,14.884076948901171,2025-09-30 10:56:59.503845
-0.720827399335076,14.395511143535371,2025-09-30 10:56:59.503845
0.3513086123565154,14.542615458927065,2025-09-30 10:56:59.503845
0.6946943880994912,14.498016641232578,2025-09-30 10:56:59.503845
-1.0298108322465445,14.492548354183374,2025-09-30 10:56:59.503845
1.2931904606410427,14.734071385758979,2025-09-30 10:56:59.503845
-0.09168438994877905,14.91613315555627,2025-09-30 10:56:59.503845
2.0233850661825112,15.212327717841184,2025-09-30 10:56:59.503845
-0.5205391008990636,14.863378066385984,2025-09-30 10:56:59.503845
-0.8199514815143242,15.302498018289032,2025-09-30 10:56:59.503845
0.13596642047107368,14.956325228507358,2025-09-30 10:56:59.503845
-0.10161148400801011,15.08179297218857,2025-09-30 10:56:59.503845
-0.3139022233974493,15.252133756514302,2025-09-30 10:56:59.503845
0.33172918045890026,13.807349109904244,2025-09-30 10:56:59.503845
0.884325785306174,14.374318187157414,2025-09-30 10:56:59.503845
0.10693353047921719,14.306270186954993,2025-09-30 10:56:59.503845
0.013238005162381017,14.363258687396856,2025-09-30 10:56:59.503845
1.1188327370051545,14.54410745587846,2025-09-30 10:56:59.503845
0.48017528917785773,15.323054113107391,2025-09-30 10:56:59.503845
-0.4788399946635297,15.016712268474958,2025-09-30 10:56:59.503845
-0.4274800751273351,15.610472389253346,2025-09-30 10:56:59.503845
0.8302915810458429,14.944514716938023,2025-09-30 10:56:59.503845
1.6911699421303645,14.911723408142608,2025-09-30 10:56:59.503845
1.0106307248197182,15.161200018601738,2025-09-30 10:56:59.503845
-0.6800193023159277,14.286996418619589,2025-09-30 10:56:59.503845
-0.20264257630255128,14.79628068544416,2025-09-30 10:56:59.503845
1.9816586384300996,14.707211482418376,2025-09-30 10:56:59.503845
-1.2420342129754718,15.257915472538432,2025-09-30 10:56:59.503845
-0.4170222154615154,14.951866655519495,2025-09-30 10:56:59.503845
1.5151875990814194,14.844811638839554,2025-09-30 10:56:59.503845
1.0385185236827634,14.036930378949762,2025-09-30 10:56:59.503845
-0.8591569722928897,15.278456534917623,2025-09-30 10:56:59.503845
-0.9304262160481195,14.326276424849198,2025-09-30 10:56:59.503845
0.9895271833453998,14.841472619097166,2025-09-30 10:56:59.503845
0.7485510084305351,15.608651636650457,2025-09-30 10:56:59.503845
0.8609999378162475,14.80442231236259,2025-09-30 10:56:59.503845
-1.4014440637325027,15.14701880532483,2025-09-30 10:56:59.503845
0.7682548076477689,13.996415229254767,2025-09-30 10:56:59.503845
0.6153453898208856,14.874433521798,2025-09-30 10:56:59.503845
0.5093060112223258,14.848395148713458,2025-09-30 10:56:59.503845
0.4077449363662109,15.142835076952084,2025-09-30 10:56:59.503845
0.16662081321811364,14.609276484835684,2025-09-30 10:56:59.503845
0.9645253480584801,14.63970806201541,2025-09-30 10:56:59.503845
-1.2325762124694544,14.969163279002375,2025-09-30 10:56:59.503845
0.6177477381866467,14.987441941908685,2025-09-30 10:56:59.503845
0.6363388701280482,15.363355155806154,2025-09-30 10:56:59.503845
1.275135030726371,14.574768224117474,2025-09-30 10:56:59.503845
-0.3531784693606363,14.80549314340849,2025-09-30 10:56:59.503845
-0.9174087027307392,14.952806700581533,2025-09-30 10:56:59.503845
-0.589508366489768,14.349985445668976,2025-09-30 10:56:59.503845
-0.025562300490837065,14.984653736173748,2025-09-30 10:56:59.503845
-0.7138659366557971,15.349494207633054,2025-09-30 10:56:59.503845
0.5801940579055045,14.365898639093842,2025-09-30 10:56:59.503845
0.5273185387072916,14.054145020566503,2025-09-30 10:56:59.503845
-3.273185177574471,14.77346702936065,2025-09-30 10:56:59.503845
-1.097083237785369,13.94216218253352,2025-09-30 10:56:59.503845
-0.9501340365070875,15.574392188864435,2025-09-30 10:56:59.503845
-1.1818316078556614,14.809137269937127,2025-09-30 10:56:59.503845
-0.010810864154435322,15.107559611230885,2025-09-30 10:56:59.503845
0.08789034017552849,15.015474139099984,2025-09-30 10:56:59.503845
1.2734252857188764,15.11893234781786,2025-09-30 10:56:59.503845
0.9676975574784618,14.912176685052472,2025-09-30 10:56:59.503845
0.928106948223051,13.949874584176106,2025-09-30 10:56:59.503845
0.7135297778647618,15.071828978787025,2025-09-30 10:56:59.503845
0.6214201485509179,13.442790171833035,2025-09-30 10:56:59.503845
-0.11730957676873394,14.43269447232053,2025-09-30 10:56:59.503845
-0.2059618495226534,15.552203553178398,2025-09-30 10:56:59.503845
-0.8716897853109346,15.791421603680952,2025-09-30 10:56:59.503845
-1.2399858898315466,13.935232898012773,2025-09-30 10:56:59.503845
1.4176540128286872,15.283319962137828,2025-09-30 10:56:59.503845
0.9317996778714418,14.593027897520752,2025-09-30 10:56:59.503845
0.09554442897401338,14.923202469260367,2025-09-30 10:56:59.503845
1.0459327471929192,15.244125762480742,2025-09-30 10:56:59.503845
2.4208713590803073,15.220881578825162,2025-09-30 10:56:59.503845
-1.422212082002645,15.001884607168797,2025-09-30 10:56:59.503845
0.5917744424776489,14.630671462052417,2025-09-30 10:56:59.503845
0.6785621041786198,15.027108429809545,2025-09-30 10:56:59.503845
-0.4096156590098899,15.082591427775908,2025-09-30 10:56:59.503845
-0.38288749425677976,14.932099495306002,2025-09-30 10:56:59.503845
1.9320516678435218,14.307645874668074,2025-09-30 10:56:59.503845
-0.3281773334097835,14.983739514035918,2025-09-30 10:56:59.503845
0.9636116821930425,14.642890293277716,2025-09-30 10:56:59.503845
-1.5981826861165662,14.730109748161787,2025-09-30 10:56:59.503845
-0.35674361778413577,14.105242351023225,2025-09-30 10:56:59.503845
-1.7847063845226387,14.615314623600593,2025-09-30 10:56:59.503845
-1.1426127676056044,15.151936882350185,2025-09-30 10:56:59.503845
-0.2563410490294797,15.01794927816361,2025-09-30 10:56:59.503845
1.1731725616506437,14.63020647485576,2025-09-30 10:56:59.503845
0.964333665895917,14.797685310014634,2025-09-30 10:56:59.503845
0.577197022868009,14.356573629115868,2025-09-30 10:56:59.503845
0.5763440678221082,14.513813875602493,2025-09-30 10:56:59.503845
0.03552281933532797,14.575735234077111,2025-09-30 10:56:59.503845
-1.0359290203377982,14.400855441494013,2025-09-30 10:56:59.503845
-0.22012197193767474,15.41826653417572,2025-09-30 10:56:59.503845
-0.7239351621341563,14.762461574239142,2025-09-30 10:56:59.503845
0.21994463903355213,14.278676278925076,2025-09-30 10:56:59.503845
-0.27865905131804797,14.939974922317152,2025-09-30 10:56:59.503845
0.22971828471023975,14.534545015338088,2025-09-30 10:56:59.503845
1.9278473007655201,14.887390190633882,2025-09-30 10:56:59.503845
0.3961075374730369,15.161509636683355,2025-09-30 10:56:59.503845
0.4320309443086912,15.18961719772543,2025-09-30 10:56:59.503845
1.0675941984854451,15.470014778077687,2025-09-30 10:56:59.503845
-0.6788322432934306,14.403765261544669,2025-09-30 10:56:59.503845
2.1094221273925333,14.3304512275492,2025-09-30 10:56:59.503845
-0.36241347995202294,14.666461884522297,2025-09-30 10:56:59.503845
2.1130819925939615,14.944765203084625,2025-09-30 10:56:59.503845
-0.032796754994953825,14.607522982138933,2025-09-30 10:56:59.503845
0.2189936260390976,14.70020390560922,2025-09-30 10:56:59.503845
-0.28429957676534373,14.938134258854898,2025-09-30 10:56:59.503845
-0.4466423828864502,15.096169834762152,2025-09-30 10:56:59.503845
-0.06313034974198928,14.536771359392587,2025-09-30 10:56:59.503845
-0.31137689430357846,14.488606407725529,2025-09-30 10:56:59.503845
-0.14859107166033814,14.647247989781391,2025-09-30 10:56:59.503845
1.6131419036889714,15.041682957918159,2025-09-30 10:56:59.503845
-0.2828291216483939,14.730266091669927,2025-09-30 10:56:59.503845
1.3706909368631137,15.499663672631575,2025-09-30 10:56:59.503845
0.40017454174194306,14.320339256303528,2025-09-30 10:56:59.503845
0.9975623161493334,14.347776206692634,2025-09-30 10:56:59.503845
0.6517339549464546,14.748901146854017,2025-09-30 10:56:59.503845
-0.3081055728494569,14.962079709922085,2025-09-30 10:56:59.503845
-1.499746839139437,15.213386296113704,2025-09-30 10:56:59.503845
-0.3066738304646705,14.850338726048072,2025-09-30 10:56:59.503845
1.377767035367948,14.401426848650205,2025-09-30 10:56:59.503845
-0.8015015684302707,15.312318706991686,2025-09-30 10:56:59.503845
-0.02290647364911479,14.391190055014532,2025-09-30 10:56:59.503845
2.026643789450182,15.01795909214469,2025-09-30 10:56:59.503845
-1.0400776839935442,14.102558067627617,2025-09-30 10:56:59.503845
2.0651426016311834,15.275901678211596,2025-09-30 10:56:59.503845
-0.686433687262388,14.872249364279657,2025-09-30 10:56:59.503845
-0.596482284306214,14.41167911418412,2025-09-30 10:56:59.503845
1.3150897021945962,14.83156829447214,2025-09-30 10:56:59.503845
-0.06875474086609079,15.132050954183304,2025-09-30 10:56:59.503845
-1.19651257450683,14.012185408816457,2025-09-30 10:56:59.503845
-0.35673478781195667,14.738142551291961,2025-09-30 10:56:59.503845
2.670336511458465,14.364516877012827,2025-09-30 10:56:59.503845
-0.8122638123989123,13.334848821295743,2025-09-30 10:56:59.503845
-0.40597121251165386,14.376221163291506,2025-09-30 10:56:59.503845
-0.5321155732521095,14.781194766342205,2025-09-30 10:56:59.503845
1.9208020457346655,13.96536207054427,2025-09-30 10:56:59.503845
-0.7295905740600104,13.659186007990574,2025-09-30 10:56:59.503845
1.7406695696580636,15.063849906076538,2025-09-30 10:56:59.503845
0.35959284698191607,15.357575243077005,2025-09-30 10:56:59.503845
1.657991488427312,14.572677616977261,2025-09-30 10:56:59.503845
-0.06313257436745472,14.718223335450343,2025-09-30 10:56:59.503845
0.34026371058250915,13.992774304570611,2025-09-30 10:56:59.503845
-2.1789771830634566,14.590632166711703,2025-09-30 10:56:59.503845
0.8113640699829108,15.134678812004141,2025-09-30 10:56:59.503845
1.0350802959500411,14.798745591444542,2025-09-30 10:56:59.503845
0.1088584650647357,14.444781741407613,2025-09-30 10:56:59.503845
-1.3698728930417468,14.450346300375731,2025-09-30 10:56:59.503845
0.5435980813999252,14.531262208106918,2025-09-30 10:56:59.503845
-0.33979903793411737,14.35170212725244,2025-09-30 10:56:59.503845
-1.5431306853705535,15.271938703972403,2025-09-30 10:56:59.503845
-0.919019215634922,15.214184409719907,2025-09-30 10:56:59.503845
-0.22202572917170094,14.562628617539243,2025-09-30 10:56:59.503845
-0.03861512756540737,15.237659671566387,2025-09-30 10:56:59.503845
-1.1576083927335081,13.384903194271088,2025-09-30 10:56:59.503845
-1.2893244534531458,14.722652478278903,2025-09-30 10:56:59.503845
0.8500088729696602,15.105846009667847,2025-09-30 10:56:59.503845
-0.9548332190421719,14.665177080127968,2025-09-30 10:56:59.503845
-0.6726489987734205,14.868380474807669,2025-09-30 10:56:59.503845
-0.9715460849640611,14.788674733596595,2025-09-30 10:56:59.503845
0.7454478390679886,14.047574752196404,2025-09-30 10:56:59.503845
-0.4678285500836962,15.01460050635194,2025-09-30 10:56:59.503845
0.36530340002954553,14.950108578602993,2025-09-30 10:56:59.503845
0.8099948395773716,14.45381484359822,2025-09-30 10:56:59.503845
-2.6433295637899064,14.541833587070558,2025-09-30 10:56:59.503845
-0.4801670538492615,14.21490860184195,2025-09-30 10:56:59.503845
-0.9249507555778408,14.455818318017437,2025-09-30 10:56:59.503845
0.7402284954169643,14.495416320803221,2025-09-30 10:56:59.503845
-0.550980592572465,14.821901552741812,2025-09-30 10:56:59.503845
-1.720026864231617,15.756949468652536,2025-09-30 10:56:59.503845
-1.6258835845119919,15.305421627800788,2025-09-30 10:56:59.503845
0.8263939608380726,15.068663814036809,2025-09-30 10:56:59.503845
3.2853445465172437,15.389310184391558,2025-09-30 10:56:59.503845
-2.2724474191099437,14.211200243002413,2025-09-30 10:56:59.503845
-0.842025346609648,15.179864708245915,2025-09-30 10:56:59.503845
1.2393376612866942,15.344203623187418,2025-09-30 10:56:59.503845
-0.048132331719254406,14.771616388235014,2025-09-30 10:56:59.503845
-0.689432673416273,14.717820792629217,2025-09-30 10:56:59.503845
-0.9525241155707908,14.517834324885083,2025-09-30 10:56:59.503845
-1.0441147359979297,14.650481833424374,2025-09-30 10:56:59.503845
0.8090425257126617,15.271501202586743,2025-09-30 10:56:59.503845
1.030096879000728,14.7504594102805,2025-09-30 10:56:59.503845
-1.1852788984406886,14.45251111282144,2025-09-30 10:56:59.503845
0.1657981769644337,14.803294011273616,2025-09-30 10:56:59.503845
-1.041785000122803,14.992228180635003,2025-09-30 10:56:59.503845
0.060362212641507096,14.37035816479878,2025-09-30 10:56:59.503845
-0.2279983123324186,15.250202915176077,2025-09-30 10:56:59.503845
0.2777051009693553,14.75192108894042,2025-09-30 10:56:59.503845
3.5497027059412707,14.908222807160563,2025-09-30 10:56:59.503845
-2.0375972233345157,14.677060440058609,2025-09-30 10:56:59.503845
0.18634944884270888,15.146380346589828,2025-09-30 10:56:59.503845
-1.7800738141167702,15.39634163852578,2025-09-30 10:56:59.503845
0.3264484086428979,14.536653533608064,2025-09-30 10:56:59.503845
0.8392935589178414,14.221008093750596,2025-09-30 10:56:59.503845
0.9889474583778247,14.929695622422614,2025-09-30 10:56:59.503845
0.5364173993222144,15.1293149065553,2025-09-30 10:56:59.503845
-0.48567118281479554,15.417106057891063,2025-09-30 10:56:59.503845
-0.43376548658828384,15.365209739253917,2025-09-30 10:56:59.503845
-0.023924940068062058,15.01151769828859,2025-09-30 10:56:59.503845
1.361704334336744,15.6857930767107,2025-09-30 10:56:59.503845
0.13224921635735973,15.100761268005321,2025-09-30 10:56:59.503845
-0.5574159343373449,15.328900508195309,2025-09-30 10:56:59.503845
-0.08202687451126865,14.608839889475064,2025-09-30 10:56:59.503845
-0.1811511575296254,15.145613495733892,2025-09-30 10:56:59.503845
0.8337091613880669,14.692715882487997,2025-09-30 10:56:59.503845
-1.1019332137847662,15.288018664855322,2025-09-30 10:56:59.503845
-0.2923987157674839,15.008056881664068,2025-09-30 10:56:59.503845
1.7805053269920346,14.89417187696551,2025-09-30 10:56:59.503845
-1.211736514673729,15.603060962460408,2025-09-30 10:56:59.503845
-1.8151561214318175,15.239439297804932,2025-09-30 10:56:59.503845
1.2535022911601563,15.10686177685752,2025-09-30 10:56:59.503845
-0.6677798793540652,14.762649508933219,2025-09-30 10:56:59.503845
0.8556840993913318,14.288546858871394,2025-09-30 10:56:59.503845
-0.721881436130298,16.048584319925506,2025-09-30 10:56:59.503845
1.1800318032115529,14.881317486504994,2025-09-30 10:56:59.503845
-1.2353140504673437,14.60315237056744,2025-09-30 10:56:59.503845
-0.22116313837713464,15.164822637780462,2025-09-30 10:56:59.503845
0.03072683265703899,14.735057289428255,2025-09-30 10:56:59.503845
-0.5662452276121731,14.291649118407356,2025-09-30 10:56:59.503845
-0.07468900429035699,14.825140377315213,2025-09-30 10:56:59.503845
-0.8539465346625736,14.444726943451467,2025-09-30 10:56:59.503845
-1.5444431177248699,14.79899098236056,2025-09-30 10:56:59.503845
-0.6837344918603793,14.98444433152195,2025-09-30 10:56:59.503845
-0.8767257827269215,14.85087106310655,2025-09-30 10:56:59.503845
0.39276733950793535,14.966876628266709,2025-09-30 10:56:59.503845
-0.6540469120264898,15.230627320869644,2025-09-30 10:56:59.503845
-0.4396808926789139,14.72138715303497,2025-09-30 10:56:59.503845
0.3863413628460295,14.720940868321513,2025-09-30 10:56:59.503845
-0.2389144400056035,14.84923607172719,2025-09-30 10:56:59.503845
-0.9721706283582067,14.942083132718997,2025-09-30 10:56:59.503845
1.6367655751185013,14.976613534713191,2025-09-30 10:56:59.503845
-1.1178509534781182,15.029901352993923,2025-09-30 10:56:59.503845
0.5892965544276707,14.699121672229834,2025-09-30 10:56:59.503845
-0.5685195654259375,15.04239884232622,2025-09-30 10:56:59.503845
-0.011018040704036449,14.449779223873666,2025-09-30 10:56:59.503845
-1.1769535502631876,14.444888066841257,2025-09-30 10:56:59.503845
-1.8656004012944818,15.00650123537971,2025-09-30 10:56:59.503845
0.18580503639139084,14.847261416208546,2025-09-30 10:56:59.503845
-0.7586934303600447,14.86430680783483,2025-09-30 10:56:59.503845
0.4018559755444965,14.54476010792806,2025-09-30 10:56:59.503845
0.4735929635832619,14.314268409420166,2025-09-30 10:56:59.503845
-1.0070042715331708,15.030846710775563,2025-09-30 10:56:59.503845
0.2665260361520175,14.39057887586318,2025-09-30 10:56:59.503845
2.0377399405060372,13.903989427072924,2025-09-30 10:56:59.503845
-0.1573901944302456,14.792983675484042,2025-09-30 10:56:59.503845
-0.9784123653747022,15.198800485646561,2025-09-30 10:56:59.503845
0.3480001265424459,14.880471718640628,2025-09-30 10:56:59.503845
-0.7529873026950762,13.667523883436683,2025-09-30 10:56:59.503845
-0.21085159818514163,14.528960576639417,2025-09-30 10:56:59.503845
1.0134946999154761,14.512685731308688,2025-09-30 10:56:59.503845
-0.4463330125574556,15.18914840733064,2025-09-30 10:56:59.503845
-0.6115311986795745,14.770997083760182,2025-09-30 10:56:59.503845
-0.7048000452760357,14.883378146432063,2025-09-30 10:56:59.503845
1.445688967624683,14.377734701601783,2025-09-30 10:56:59.503845
0.28278199441392404,13.994070751924767,2025-09-30 10:56:59.503845
0.21869591539012212,14.942512930946478,2025-09-30 10:56:59.503845
-0.5590509606935025,15.284843295728114,2025-09-30 10:56:59.503845
0.30332640315518283,14.729483837700517,2025-09-30 10:56:59.503845
-1.4730249759844554,14.310431120342155,2025-09-30 10:56:59.503845
-0.6096440636062916,15.962577597871483,2025-09-30 10:56:59.503845
0.5191814906667813,14.375385862115056,2025-09-30 10:56:59.503845
0.9779355974453317,15.19453890787942,2025-09-30 10:56:59.503845
0.20282287760887469,14.76361920393538,2025-09-30 10:56:59.503845
1.1617076503306338,14.247996373014969,2025-09-30 10:56:59.503845
-0.19304109346759893,15.005150273497538,2025-09-30 10:56:59.503845
0.01829346441440865,14.580670393011488,2025-09-30 10:56:59.503845
1.6809628416964864,14.034807415034347,2025-09-30 10:56:59.503845
-0.36696562495336865,14.725607762235544,2025-09-30 10:56:59.503845
-0.2791607235470514,15.964994703555366,2025-09-30 10:56:59.503845
1.0778182087727997,15.003992099031727,2025-09-30 10:56:59.503845
0.0004341536550839373,14.885242939742232,2025-09-30 10:56:59.503845
-1.3750299410459392,15.520652479680837,2025-09-30 10:56:59.503845
-0.2550126242842029,14.822485332883018,2025-09-30 10:56:59.503845
1.1091475299751845,14.875204960007839,2025-09-30 10:56:59.503845
0.20305897970260497,14.228024053890785,2025-09-30 10:56:59.503845
0.7020951537017693,14.65525675457604,2025-09-30 10:56:59.503845
1.246686124124652,15.068812042379587,2025-09-30 10:56:59.503845
-1.034557452062774,14.268591102350559,2025-09-30 10:56:59.503845
-0.06579800753472226,14.432330832400297,2025-09-30 10:56:59.503845
1.1689255548319928,15.116701207894314,2025-09-30 10:56:59.503845
0.23057460184825165,14.547121723031454,2025-09-30 10:56:59.503845
0.6548993903269492,14.284709336104985,2025-09-30 10:56:59.503845
0.17680113427473437,15.403108492997083,2025-09-30 10:56:59.503845
0.49972752267032816,14.973663017519801,2025-09-30 10:56:59.503845
-0.29182627481818013,14.353877644557784,2025-09-30 10:56:59.503845
1.2122037236648693,14.504158479407574,2025-09-30 10:56:59.503845
0.48883046761037346,14.692664609447394,2025-09-30 10:56:59.503845
-0.4382315243888686,14.728932415119504,2025-09-30 10:56:59.503845
0.9564741177361856,14.358467978597822,2025-09-30 10:56:59.503845
-0.27525879015406296,14.156199606970256,2025-09-30 10:56:59.503845
-1.0692389415662544,14.775312397912119,2025-09-30 10:56:59.503845
-1.6970063711015033,15.002106224424718,2025-09-30 10:56:59.503845
-0.006911668604810431,15.025042431923634,2025-09-30 10:56:59.503845
0.7610855829777204,14.19308121989705,2025-09-30 10:56:59.503845
-0.06460575505108733,15.296599051854452,2025-09-30 10:56:59.503845
-0.7981234983824438,14.464498230695169,2025-09-30 10:56:59.503845
1.0007680952206337,14.508636541256502,2025-09-30 10:56:59.503845
0.6555673208169325,14.530927773919363,2025-09-30 10:56:59.503845
-0.576305374773391,14.581510028650394,2025-09-30 10:56:59.503845
-0.47787985196750693,14.52441775447834,2025-09-30 10:56:59.503845
0.37862578892031457,15.042850431190576,2025-09-30 10:56:59.503845
-3.564038492798795,14.803333316636726,2025-09-30 10:56:59.503845
0.004274476282200023,13.638047766565387,2025-09-30 10:56:59.503845
0.23174531461693937,14.145699314262565,2025-09-30 10:56:59.503845
0.2965328421246008,14.001856260533893,2025-09-30 10:56:59.503845
0.15689092133915353,14.88563990545144,2025-09-30 10:56:59.503845
0.5690544179573724,15.910999071206229,2025-09-30 10:56:59.503845
-0.8995155046409569,15.40463324664321,2025-09-30 10:56:59.503845
-0.9396398723927795,14.830630382555547,2025-09-30 10:56:59.503845
-3.4628499895307088,14.975695462044978,2025-09-30 10:56:59.503845
0.06567590308363165,14.297354183097138,2025-09-30 10:56:59.503845
-0.8841539723098841,14.613590822249929,2025-09-30 10:56:59.503845
0.667943532361985,14.478255741094177,2025-09-30 10:56:59.503845
0.1519748598666847,14.564610271439467,2025-09-30 10:56:59.503845
-0.6083057590747235,15.077507797640276,2025-09-30 10:56:59.503845
-0.5666265228503211,14.477451004982534,2025-09-30 10:56:59.503845
1.0737768873498446,15.2006786855426,2025-09-30 10:56:59.503845
-0.46207603305231854,14.432946273905252,2025-09-30 10:56:59.503845
-1.4111255967015377,14.995008036153722,2025-09-30 10:56:59.503845
-0.6418465745557629,15.533094356336921,2025-09-30 10:56:59.503845
2.362484143064607,14.480259679109325,2025-09-30 10:56:59.503845
-0.3920341795028281,15.199480235679738,2025-09-30 10:56:59.503845
-0.024595524350489475,15.524780000547965,2025-09-30 10:56:59.503845
-0.20717204305080383,15.031769946979516,2025-09-30 10:56:59.503845
0.18723518916740373,14.706694488642585,2025-09-30 10:56:59.503845
-0.26313924819227397,15.106963573127297,2025-09-30 10:56:59.503845
-0.8658908878886963,15.107383370408037,2025-09-30 10:56:59.503845
-0.9757725880787229,14.590439443307533,2025-09-30 10:56:59.503845
0.39993079611651233,15.04189080448385,2025-09-30 10:56:59.503845
-0.8475716771459442,15.09441611483799,2025-09-30 10:56:59.503845
0.4900648324154399,15.5212425319363,2025-09-30 10:56:59.503845
0.37533075299709984,14.423657496308575,2025-09-30 10:56:59.503845
-0.026494422224017256,14.617987423051297,2025-09-30 10:56:59.503845
-0.617052079119694,14.791642478914337,2025-09-30 10:56:59.503845
0.42551911574053747,15.024951687297941,2025-09-30 10:56:59.503845
-0.36906742391954184,15.27173820357916,2025-09-30 10:56:59.503845
0.07894575069578995,14.478528185156064,2025-09-30 10:56:59.503845
-0.1500757686127772,14.684807732583375,2025-09-30 10:56:59.503845
0.03264936988778164,14.771364035912898,2025-09-30 10:56:59.503845
-0.002401222034813508,14.309592116332338,2025-09-30 10:56:59.503845
-1.0045883866706653,14.896954120021798,2025-09-30 10:56:59.503845
1.2670617826075983,15.105383856164291,2025-09-30 10:56:59.503845
-1.1394491319592246,14.805190662352251,2025-09-30 10:56:59.503845
0.3135691978828987,15.327508105196342,2025-09-30 10:56:59.503845
0.5390682153955351,14.259914377604945,2025-09-30 10:56:59.503845
-0.040629556232787925,14.729317220615846,2025-09-30 10:56:59.503845
1.3919582484339683,14.808778741696212,2025-09-30 10:56:59.503845
-0.9419714466792758,14.2919858780928,2025-09-30 10:56:59.503845
0.4153689124356965,14.597801897268727,2025-09-30 10:56:59.503845
1.0348549264282583,14.240359976271208,2025-09-30 10:56:59.503845
0.8258504255593618,14.777549077681302,2025-09-30 10:56:59.503845
0.49300466841367563,14.74404062781127,2025-09-30 10:56:59.503845
0.7553350977146912,14.378952979021463,2025-09-30 10:56:59.503845
0.8722983569619108,14.779966122320266,2025-09-30 10:56:59.503845
1.4129049393958404,14.397792097313074,2025-09-30 10:56:59.503845
0.7210255848334755,14.807540177192742,2025-09-30 10:56:59.503845
0.5006209417847073,14.23788282058313,2025-09-30 10:56:59.503845
-0.5926868748553559,14.700996300305112,2025-09-30 10:56:59.503845
1.8028927258505831,14.784468777735103,2025-09-30 10:56:59.503845
-0.13730637164043613,13.855172547118793,2025-09-30 10:56:59.503845
-2.0040560685138065,14.463003641292008,2025-09-30 10:56:59.503845
1.1908115540141357,15.001685518069202,2025-09-30 10:56:59.503845
1.560614899714797,14.538951598598626,2025-09-30 10:56:59.503845
0.573600675026353,14.477718123834173,2025-09-30 10:56:59.503845
-1.2383949565129013,14.171529378513648,2025-09-30 10:56:59.503845
2.102150856257944,15.432190935346824,2025-09-30 10:56:59.503845
-0.5393608172817057,14.27202766812909,2025-09-30 10:56:59.503845
0.5478644276518089,14.547735454065098,2025-09-30 10:56:59.503845
-0.9487067584178731,14.481408686602098,2025-09-30 10:56:59.503845
0.005706492559558849,14.537699903980073,2025-09-30 10:56:59.503845
0.9775286483746435,15.223829838976176,2025-09-30 10:56:59.503845
1.061140737517998,15.52823754646329,2025-09-30 10:56:59.503845
0.6499418341507573,14.579183800261143,2025-09-30 10:56:59.503845
-0.7051538934298862,15.010818865641449,2025-09-30 10:56:59.503845
0.12961918844938594,14.533928033662017,2025-09-30 10:56:59.503845
0.46195557452622443,15.32820201865529,2025-09-30 10:56:59.503845
1.0294518802361101,15.140775327343881,2025-09-30 10:56:59.503845
-0.2463928355437591,14.3055323157301,2025-09-30 10:56:59.503845
-0.23180403766161814,15.136179806032915,2025-09-30 10:56:59.503845
-1.1721005390873291,14.353335407123641,2025-09-30 10:56:59.503845
0.5215090015335879,14.410271842950765,2025-09-30 10:56:59.503845
-0.2384841363911538,14.823575301142732,2025-09-30 10:56:59.503845
-0.14720120136932882,14.716906547978573,2025-09-30 10:56:59.503845
0.00038792655086530267,13.445151170770572,2025-09-30 10:56:59.503845
-1.0789694642431726,14.654026179686245,2025-09-30 10:56:59.503845
-0.8951286818199675,14.906239019217287,2025-09-30 10:56:59.503845
-0.014508602601265812,14.478199129161748,2025-09-30 10:56:59.503845
0.7620716875936148,14.238212208649552,2025-09-30 10:56:59.503845
1.9779821272223566,14.839745930773528,2025-09-30 10:56:59.503845
-0.12062709441591689,15.00582824818485,2025-09-30 10:56:59.503845
-0.03655719039849254,14.80098851945162,2025-09-30 10:56:59.503845
1.1826190073568086,14.439794984799835,2025-09-30 10:56:59.503845
-0.5615588296756103,14.924985266547584,2025-09-30 10:56:59.503845
2.3999745111637205,14.99025746831721,2025-09-30 10:56:59.503845
0.007135917015395308,14.819862266986647,2025-09-30 10:56:59.503845
-0.36682467334900837,15.02671262948672,2025-09-30 10:56:59.503845
1.0092571714743444,15.53691722775025,2025-09-30 10:56:59.503845
0.37711278670238474,14.889548356713949,2025-09-30 10:56:59.503845
0.8781459483618284,14.515042801053935,2025-09-30 10:56:59.503845
0.40623401564544476,14.71673521981641,2025-09-30 10:56:59.503845
-0.42530349638837434,14.465210254293183,2025-09-30 10:56:59.503845
0.8264148407405462,14.746711406975228,2025-09-30 10:56:59.503845
-0.6527440423140437,15.107478419312569,2025-09-30 10:56:59.503845
0.3969308014726777,15.223326662749061,2025-09-30 10:56:59.503845
-1.1051026774490693,14.541092611863434,2025-09-30 10:56:59.503845
-0.8741592931242397,15.136435184139328,2025-09-30 10:56:59.503845
-1.1203629223214517,14.804571851772828,2025-09-30 10:56:59.503845
-1.3810958189965519,13.872746936027816,2025-09-30 10:56:59.503845
1.171828799335222,15.083656941147284,2025-09-30 10:56:59.503845
0.30651282323565093,14.77761783904886,2025-09-30 10:56:59.503845
-0.2710159114728784,15.706790441496848,2025-09-30 10:56:59.503845
-1.37344596274452,14.965780333226201,2025-09-30 10:56:59.503845
-0.625878316243725,14.944008364277506,2025-09-30 10:56:59.503845
1.0912935638994976,14.909137135528184,2025-09-30 10:56:59.503845
-1.1820140783404378,15.102010592853736,2025-09-30 10:56:59.503845
1.0236168359541,14.3936041427369,2025-09-30 10:56:59.503845
1.83163225075327,15.351270948412568,2025-09-30 10:56:59.503845
-0.34036805215332777,14.97166069713963,2025-09-30 10:56:59.503845
0.7893641886893454,14.579818099467555,2025-09-30 10:56:59.503845
0.030782012870748894,14.15128447210577,2025-09-30 10:56:59.503845
-1.1852301743100997,14.876794692975814,2025-09-30 10:56:59.503845
1.1285593139708554,14.078290760578387,2025-09-30 10:56:59.503845
-0.7830205886539244,15.159570626830494,2025-09-30 10:56:59.503845
-0.260435572010122,15.130756524307875,2025-09-30 10:56:59.503845
0.28884326289963064,14.588850500016585,2025-09-30 10:56:59.503845
-0.17967770154185406,14.86554996984476,2025-09-30 10:56:59.503845
0.40036432473543887,14.266094251730324,2025-09-30 10:56:59.503845
1.6371991269104176,15.643607660899384,2025-09-30 10:56:59.503845
-2.2034612412092778,15.108260424413022,2025-09-30 10:56:59.503845
-0.6066147107745511,15.302810731840824,2025-09-30 10:56:59.503845
0.15165609994733167,15.070554750284607,2025-09-30 10:56:59.503845
0.37690709573142156,14.826150036112631,2025-09-30 10:56:59.503845
1.3101432546969993,14.482321603483797,2025-09-30 10:56:59.503845
1.1020500209796797,14.961194415017546,2025-09-30 10:56:59.503845
-0.9058760119589189,14.841305060670205,2025-09-30 10:56:59.503845
-0.36691055984803916,14.73582424601861,2025-09-30 10:56:59.503845
-0.8269156650015861,13.880876129858208,2025-09-30 10:56:59.503845
-0.7471705722008404,14.62616338929292,2025-09-30 10:56:59.503845
0.6834711960917765,14.69977665273988,2025-09-30 10:56:59.503845
0.505142463060449,13.732925998425252,2025-09-30 10:56:59.503845
-0.8134497816182331,15.086310796957857,2025-09-30 10:56:59.503845
-2.0688709192539187,14.05150185348569,2025-09-30 10:56:59.503845
0.2920234635319189,14.658972645647895,2025-09-30 10:56:59.503845
-0.6791558774179917,15.011622208752279,2025-09-30 10:56:59.503845
-1.061766465746709,13.801010746929414,2025-09-30 10:56:59.503845
0.7487561025543906,14.082449251067338,2025-09-30 10:56:59.503845
1.5326233880631992,14.195509150421694,2025-09-30 10:56:59.503845
-0.012057771552550845,15.285006378921649,2025-09-30 10:56:59.503845
-0.6127818012541582,14.97872392215848,2025-09-30 10:56:59.503845
0.01118889244711197,15.886091778644094,2025-09-30 10:56:59.503845
0.18637662684908798,15.263835385731749,2025-09-30 10:56:59.503845
-0.3353010351109722,15.040247259456667,2025-09-30 10:56:59.503845
0.1991046084208044,14.595488400906993,2025-09-30 10:56:59.503845
-0.4533102484450481,13.987305393277705,2025-09-30 10:56:59.503845
-0.13994935009259776,14.596758772434953,2025-09-30 10:56:59.503845
0.4400959847873236,14.434219855172547,2025-09-30 10:56:59.503845
-0.9163341064623046,15.448178962917684,2025-09-30 10:56:59.503845
-0.25754627919245326,15.672918287099439,2025-09-30 10:56:59.503845
-0.5660899385481933,15.010336632607665,2025-09-30 10:56:59.503845
-0.2024155800410433,14.74037677308544,2025-09-30 10:56:59.503845
0.42507281862023855,14.67132607867194,2025-09-30 10:56:59.503845
0.2982867474577491,14.654671574318508,2025-09-30 10:56:59.503845
-0.02175623965250206,14.695391628768595,2025-09-30 10:56:59.503845
-0.31023265956173407,13.994564823840385,2025-09-30 10:56:59.503845
0.19857994808694693,14.125304765331135,2025-09-30 10:56:59.503845
0.026605865389528992,14.717730059846085,2025-09-30 10:56:59.503845
-0.5810520931066347,15.083784004248702,2025-09-30 10:56:59.503845
1.1396425789605362,14.963309397096715,2025-09-30 10:56:59.503845
0.3113029326338946,14.50988898758873,2025-09-30 10:56:59.503845
-0.5326193500707971,15.115869212697374,2025-09-30 10:56:59.503845
-0.8502507261324237,14.958209420894192,2025-09-30 10:56:59.503845
0.7793170357985292,14.815307732812606,2025-09-30 10:56:59.503845
-1.0785546758188664,15.290277903499435,2025-09-30 10:56:59.503845
-0.6471339705789452,14.66045254541448,2025-09-30 10:56:59.503845
0.3543570744658043,14.641294079191137,2025-09-30 10:56:59.503845
-0.1974653111475718,14.816927135351262,2025-09-30 10:56:59.503845
-0.5745101760606963,14.775736652284547,2025-09-30 10:56:59.503845
0.8745883543395561,15.000686995956752,2025-09-30 10:56:59.503845
-0.11322344339966764,15.09555496600459,2025-09-30 10:56:59.503845
-0.7638235142350476,14.601662395645157,2025-09-30 10:56:59.503845
0.1255968068074247,15.394033722803808,2025-09-30 10:56:59.503845
1.2761754478239489,14.92858366062654,2025-09-30 10:56:59.503845
1.1460730926778975,14.431365556396813,2025-09-30 10:56:59.503845
-0.7663434559413131,14.385755230247952,2025-09-30 10:56:59.503845
-1.835276053093506,14.54560145073698,2025-09-30 10:56:59.503845
1.2334258856057612,14.101095171908476,2025-09-30 10:56:59.503845
1.580450621674138,15.410461007389902,2025-09-30 10:56:59.503845
-0.4338722815307244,15.428422285574293,2025-09-30 10:56:59.503845
-0.1401577446303358,15.356947037832061,2025-09-30 10:56:59.503845
-0.608583641705458,13.984145236701506,2025-09-30 10:56:59.503845
1.3968123665948198,15.261736791575373,2025-09-30 10:56:59.503845
-0.24798026073826693,14.938963877552622,2025-09-30 10:56:59.503845
-0.44475866344298337,14.91981134892138,2025-09-30 10:56:59.503845
0.8042864393782259,15.831807243022473,2025-09-30 10:56:59.503845
0.13702742823439545,14.68940913411713,2025-09-30 10:56:59.503845
-2.418501068400743,15.010713985420118,2025-09-30 10:56:59.503845
-1.859399748030249,14.562169003557637,2025-09-30 10:56:59.503845
1.349210479879412,14.42780948620348,2025-09-30 10:56:59.503845
0.77189290885527,14.754832013224114,2025-09-30 10:56:59.503845
0.49217537595080213,15.628073930898376,2025-09-30 10:56:59.503845
-0.19490682481215402,15.415251905732287,2025-09-30 10:56:59.503845
-1.0382773319726084,15.287638745971414,2025-09-30 10:56:59.503845
0.6642118041993168,14.353468463535895,2025-09-30 10:56:59.503845
-1.6092365937697464,15.61569824308059,2025-09-30 10:56:59.503845
0.806300792813874,14.691060099885451,2025-09-30 10:56:59.503845
-1.8635108278442598,14.954663817691923,2025-09-30 10:56:59.503845
-0.43950196063301195,15.241360051874082,2025-09-30 10:56:59.503845
0.6033815359909339,14.918554876409559,2025-09-30 10:56:59.503845
0.14935285092890063,14.200277420025497,2025-09-30 10:56:59.503845
1.6206944668113483,14.733562399360153,2025-09-30 10:56:59.503845
-0.43090712236857587,14.821662172190093,2025-09-30 10:56:59.503845
0.8393663187945449,14.501142218273566,2025-09-30 10:56:59.503845
1.071011571421077,14.334919541169985,2025-09-30 10:56:59.503845
2.289600635664867,15.08157393226915,2025-09-30 10:56:59.503845
-0.6154869431137013,14.953522447602039,2025-09-30 10:56:59.503845
0.12201138423994726,14.19585849779084,2025-09-30 10:56:59.503845
1.516673074761505,14.657336140675882,2025-09-30 10:56:59.503845
-0.8552743201283913,14.453769696329871,2025-09-30 10:56:59.503845
-0.3176929512746615,14.36407169420154,2025-09-30 10:56:59.503845
0.26489566974889467,15.038451623735265,2025-09-30 10:56:59.503845
-0.13024879578221568,14.396650049772125,2025-09-30 10:56:59.503845
1.470040456969584,15.308628885470487,2025-09-30 10:56:59.503845
1.5612052071574234,14.487598652668948,2025-09-30 10:56:59.503845
-0.020335814742624032,15.077556284236616,2025-09-30 10:56:59.503845
0.36580473205671915,14.2291691211831,2025-09-30 10:56:59.503845
-0.9812155696285446,14.39141546024839,2025-09-30 10:56:59.503845
-0.14094595786826278,14.589634928666548,2025-09-30 10:56:59.503845
1.5480201733061687,15.368599396571469,2025-09-30 10:56:59.503845
1.232086427743012,14.882751532254572,2025-09-30 10:56:59.503845
-0.2226581920286133,15.002404021085132,2025-09-30 10:56:59.503845
-1.0360791688130562,14.801754608265272,2025-09-30 10:56:59.503845
0.5267341700228712,15.021669515137694,2025-09-30 10:56:59.503845
-1.0544737596284355,14.134671172163753,2025-09-30 10:56:59.503845
-0.7808624314419903,15.007925461462397,2025-09-30 10:56:59.503845
0.40187679864364184,14.746225414887654,2025-09-30 10:56:59.503845
0.7927075616954722,15.028740379711472,2025-09-30 10:56:59.503845
-1.2428436636279707,15.011448556541495,2025-09-30 10:56:59.503845
0.409546098909495,14.942250247108998,2025-09-30 10:56:59.503845
0.563042104449725,14.766901474450663,2025-09-30 10:56:59.503845
0.0031235548195921825,15.824435127735876,2025-09-30 10:56:59.503845
-1.3409527362693507,14.041627534231544,2025-09-30 10:56:59.503845
-0.19814008659433555,14.709471492551058,2025-09-30 10:56:59.503845
-1.6564514193791617,15.200143355194324,2025-09-30 10:56:59.503845
-0.5559663400716778,15.032337250370752,2025-09-30 10:56:59.503845
0.1909985098777424,15.130291583698199,2025-09-30 10:56:59.503845
-1.0662967635267109,15.024651981626928,2025-09-30 10:56:59.503845
-1.4791983734613423,14.116983182250518,2025-09-30 10:56:59.503845
0.36028966584186106,14.26328237534274,2025-09-30 10:56:59.503845
-1.5765781455030459,15.35771613765219,2025-09-30 10:56:59.503845
0.6197992008637698,14.853436316925608,2025-09-30 10:56:59.503845
-0.5077564511239562,14.558408652702257,2025-09-30 10:56:59.503845
-1.2656722980794706,15.44696500695036,2025-09-30 10:56:59.503845
0.8726792711264623,14.715124254926705,2025-09-30 10:56:59.503845
-0.22403290504420448,14.019014313460799,2025-09-30 10:56:59.503845
0.6107432013113868,14.106261800838762,2025-09-30 10:56:59.503845
0.3010458545127245,14.828373850028024,2025-09-30 10:56:59.503845
-0.05191429655172539,14.685685958144493,2025-09-30 10:56:59.503845
-1.6583065491045648,15.458843088911598,2025-09-30 10:56:59.503845
1.3033701970644793,14.432974047472346,2025-09-30 10:56:59.503845
1.8424806040809327,14.971117998469632,2025-09-30 10:56:59.503845
-1.3671838849933244,14.69848507943045,2025-09-30 10:56:59.503845
0.6903500945581008,14.899779236216165,2025-09-30 10:56:59.503845
-0.952252823039034,14.483468880151586,2025-09-30 10:56:59.503845
0.0191846939820593,15.039873836348672,2025-09-30 10:56:59.503845
1.0303676822594001,14.328814742422393,2025-09-30 10:56:59.503845
1.2128723260823409,14.273897659519767,2025-09-30 10:56:59.503845
1.250859758530958,15.318611277049744,2025-09-30 10:56:59.503845
-1.2027897171529742,14.727613101437969,2025-09-30 10:56:59.503845
-0.00936120797526154,14.159779600443,2025-09-30 10:56:59.503845
0.4872334274386513,14.535040221196812,2025-09-30 10:56:59.503845
-0.9140184225107636,14.939404272303195,2025-09-30 10:56:59.503845
0.2533501572959531,14.463795942288606,2025-09-30 10:56:59.503845
-2.5747681946634264,14.429207038190713,2025-09-30 10:56:59.503845
-0.9120522174133253,14.930060431080832,2025-09-30 10:56:59.503845
2.1320174178663915,15.110199471057985,2025-09-30 10:56:59.503845
0.5384202377185016,14.498521835428162,2025-09-30 10:56:59.503845
0.33721688021915724,14.486203932136403,2025-09-30 10:56:59.503845
0.5678337626050314,14.493607301154855,2025-09-30 10:56:59.503845
0.11436210332110583,15.100645798139023,2025-09-30 10:56:59.503845
0.38533131978914426,15.039210320532648,2025-09-30 10:56:59.503845
2.06441860108175,15.216862782865816,2025-09-30 10:56:59.503845
-0.4583052745786892,14.700273551821153,2025-09-30 10:56:59.503845
0.3277889621054619,14.289537396988349,2025-09-30 10:56:59.503845
0.02075165436764355,14.713811467883318,2025-09-30 10:56:59.503845
0.5284635801750888,14.454982415622199,2025-09-30 10:56:59.503845
1.253065129829571,14.471677200074033,2025-09-30 10:56:59.503845
-0.49631391916985806,14.267555129072504,2025-09-30 10:56:59.503845
-2.1005907272309225,15.365662019593717,2025-09-30 10:56:59.503845
-0.2870708655127989,14.634475642203011,2025-09-30 10:56:59.503845
-0.302644123500483,14.543708634067464,2025-09-30 10:56:59.503845
0.019245774303457457,13.983008386980954,2025-09-30 10:56:59.503845
-0.8804278659159163,14.6723683791212,2025-09-30 10:56:59.503845
-1.1530958165622993,15.201396110127618,2025-09-30 10:56:59.503845
-0.59021252533876,14.993091723336633,2025-09-30 10:56:59.503845
0.46375345538313956,14.69739893464968,2025-09-30 10:56:59.503845
-1.676751475985663,15.186115140122272,2025-09-30 10:56:59.503845
2.62890252342561,15.436924680892716,2025-09-30 10:56:59.503845
0.2765425789383321,14.483155488438328,2025-09-30 10:56:59.503845
0.5573927492660987,14.349960980279207,2025-09-30 10:56:59.503845
-0.675718301207298,15.199828853112901,2025-09-30 10:56:59.503845
1.552619391879783,14.796707679719631,2025-09-30 10:56:59.503845
-0.45678475861243756,14.83140137598216,2025-09-30 10:56:59.503845
0.5065376190791607,15.223862997926256,2025-09-30 10:56:59.503845
-1.2719077568936834,15.004686600664241,2025-09-30 10:56:59.503845
-0.5034458222496075,14.9880187237758,2025-09-30 10:56:59.503845
0.18053732240685577,14.401405571527185,2025-09-30 10:56:59.503845
1.2178080110225353,14.608455410473326,2025-09-30 10:56:59.503845
-0.19446065574516874,15.455631418968613,2025-09-30 10:56:59.503845
-0.6955139970056422,15.298960207665157,2025-09-30 10:56:59.503845
0.9104704823373331,15.511202219831329,2025-09-30 10:56:59.503845
0.34739762093481785,15.300638584788363,2025-09-30 10:56:59.503845
1.7735040278039784,14.87627291445649,2025-09-30 10:56:59.503845
-0.4495731845715042,14.287399817808584,2025-09-30 10:56:59.503845
0.3283195584628098,14.776900022089238,2025-09-30 10:56:59.503845
-0.30555265204222076,14.403369746098074,2025-09-30 10:56:59.503845
1.4161385609848343,14.239657527563057,2025-09-30 10:56:59.503845
-1.8840064185690786,15.065910527836259,2025-09-30 10:56:59.503845
0.09506199207543534,15.125631658513122,2025-09-30 10:56:59.503845
0.4413506561116909,15.261934227032379,2025-09-30 10:56:59.503845
-1.7131686436614613,14.750473084343518,2025-09-30 10:56:59.503845
-0.4703605200181807,15.292167199837763,2025-09-30 10:56:59.503845
-0.05086148157088829,14.700934040954168,2025-09-30 10:56:59.503845
-0.14289804691567404,14.719958411629628,2025-09-30 10:56:59.503845
1.1534574748671869,14.837184272678636,2025-09-30 10:56:59.503845
1.486476266120521,15.533598278804874,2025-09-30 10:56:59.503845
-0.7753275157034643,15.259210252961212,2025-09-30 10:56:59.503845
-2.3283063730867872,15.024335849872903,2025-09-30 10:56:59.503845
-0.5113313822898066,15.666502773293928,2025-09-30 10:56:59.503845
0.022928432293488385,13.849478774179737,2025-09-30 10:56:59.503845
0.5064304361601567,14.530623643651852,2025-09-30 10:56:59.503845
-1.2251486212422695,14.989713194798963,2025-09-30 10:56:59.503845
-1.0439560450414815,15.220510039771604,2025-09-30 10:56:59.503845
0.615921465857964,15.037080181060297,2025-09-30 10:56:59.503845
1.2603468129573698,15.102119766480934,2025-09-30 10:56:59.503845
-0.45979307728829283,14.020044627747152,2025-09-30 10:56:59.503845
-0.34433959210854104,14.795440967914434,2025-09-30 10:56:59.503845
1.3339377609446135,14.994701386852686,2025-09-30 10:56:59.503845
0.1973412492451845,15.000674670231206,2025-09-30 10:56:59.503845
-0.5581876801301083,15.1916995356877,2025-09-30 10:56:59.503845
0.16823052704984742,14.233459201545235,2025-09-30 10:56:59.503845
0.4817968918629068,14.78538939069617,2025-09-30 10:56:59.503845
1.6147107272896604,14.849439787979366,2025-09-30 10:56:59.503845
-1.3705645151383072,13.636910237845232,2025-09-30 10:56:59.503845
-0.03855539860580122,15.720786639511767,2025-09-30 10:56:59.503845
1.0373614163197045,13.87664838594046,2025-09-30 10:56:59.503845
-1.2159743534959315,15.228175471545597,2025-09-30 10:56:59.503845
0.14725826000652326,14.772304299145762,2025-09-30 10:56:59.503845
-1.2203446049457503,15.46325053161333,2025-09-30 10:56:59.503845
-0.4942190586165339,14.589772851722797,2025-09-30 10:56:59.503845
-0.4991737466914327,14.886929637104735,2025-09-30 10:56:59.503845
-1.637643697119687,14.897922795237221,2025-09-30 10:56:59.503845
2.450819539519133,14.619100115887987,2025-09-30 10:56:59.503845
1.8638532807852914,15.65837124893107,2025-09-30 10:56:59.503845
-0.6466560548404762,14.420379852985002,2025-09-30 10:56:59.503845
-0.4269294023101554,14.371151637410621,2025-09-30 10:56:59.503845
-1.5614842201983088,14.797525146066995,2025-09-30 10:56:59.503845
0.4160126852694225,13.939786341941623,2025-09-30 10:56:59.503845
1.1896494786116563,14.452080838940049,2025-09-30 10:56:59.503845
1.2466192672382623,14.617405351985061,2025-09-30 10:56:59.503845
-1.058149192986328,14.5364049994261,2025-09-30 10:56:59.503845
-0.19098912781478555,14.486624915907,2025-09-30 10:56:59.503845
-1.2608857623372594,15.469852588897487,2025-09-30 10:56:59.503845
-0.44723859982377057,14.382750292156878,2025-09-30 10:56:59.503845
-0.006078409352022555,14.719455890847541,2025-09-30 10:56:59.503845
0.4690100287749244,14.894072691790706,2025-09-30 10:56:59.503845
-0.29467550048960794,15.24276411474219,2025-09-30 10:56:59.503845
1.9870415727459607,15.273870884339523,2025-09-30 10:56:59.503845
0.9717120802907442,15.320411837385134,2025-09-30 10:56:59.503845
0.1934117892237369,15.375393534406935,2025-09-30 10:56:59.503845
-1.1287773188647496,14.37010924517949,2025-09-30 10:56:59.503845
-0.8495309429237152,15.928130571213734,2025-09-30 10:56:59.503845
0.21150731281675725,14.67178233072604,2025-09-30 10:56:59.503845
1.3954394116778661,15.092793942322551,2025-09-30 10:56:59.503845
0.7865841354905224,14.988805984750574,2025-09-30 10:56:59.503845
-0.054497906781816985,13.947858055076685,2025-09-30 10:56:59.503845
0.4416043687126889,14.361159169812419,2025-09-30 10:56:59.503845
-3.2091766597283082,14.787152094122748,2025-09-30 10:56:59.503845
0.212013046315472,15.354647264302063,2025-09-30 10:56:59.503845
0.21201887068165692,15.402288456306191,2025-09-30 10:56:59.503845
-0.8901723667583887,15.025079079257342,2025-09-30 10:56:59.503845
-0.04759747973863376,14.534029124025377,2025-09-30 10:56:59.503845
-0.7274488551246944,14.182232280990924,2025-09-30 10:56:59.503845
0.6622108309686692,14.442254211117296,2025-09-30 10:56:59.503845
0.05396060966299853,14.672776442632031,2025-09-30 10:56:59.503845
-1.6246119012901605,14.523411127115951,2025-09-30 10:56:59.503845
-0.1182121145721663,15.17457239221648,2025-09-30 10:56:59.503845
-0.41436857490068013,14.397622423665336,2025-09-30 10:56:59.503845
0.18964064945333572,14.12321232224341,2025-09-30 10:56:59.503845
-0.6967580753664832,14.872054820045516,2025-09-30 10:56:59.503845
-0.3955725497196345,14.683368829065708,2025-09-30 10:56:59.503845
-0.39873552426143405,14.587455282703724,2025-09-30 10:56:59.503845
0.8279531467723331,15.302620186223468,2025-09-30 10:56:59.503845
-1.4709187506273427,14.768075663798376,2025-09-30 10:56:59.503845
0.134222069589001,15.43156378516753,2025-09-30 10:56:59.503845
-0.17048387568175696,14.506430164428147,2025-09-30 10:56:59.503845
-0.8624204519959946,14.890418808727983,2025-09-30 10:56:59.503845
1.2804561668420253,15.067922094228475,2025-09-30 10:56:59.503845
-1.1624246017699122,14.816401985283592,2025-09-30 10:56:59.503845
-0.3076434713172322,15.19971593956474,2025-09-30 10:56:59.503845
-0.6132169779785018,14.258828790733984,2025-09-30 10:56:59.503845
0.3977514592774722,14.905954070173411,2025-09-30 10:56:59.503845
-2.411321418335938,14.992246925818955,2025-09-30 10:56:59.503845
0.5357381937086676,15.291899541185181,2025-09-30 10:56:59.503845
0.15610968467784084,14.56389913908201,2025-09-30 10:56:59.503845
-0.9342082941610734,15.669531672363805,2025-09-30 10:56:59.503845
-0.3517963853483467,14.575560062003623,2025-09-30 10:56:59.503845
-0.05537972359340161,13.978092904966035,2025-09-30 10:56:59.503845
-1.4694727652889226,14.94794648418472,2025-09-30 10:56:59.503845
0.17866603404342327,14.86464286732158,2025-09-30 10:56:59.503845
-0.7064298925027579,15.048011880162754,2025-09-30 10:56:59.503845
0.9937734841825755,14.773231673765354,2025-09-30 10:56:59.503845
-2.4606965581998734,15.672534301017546,2025-09-30 10:56:59.503845
-1.1041722448010995,15.617136566603381,2025-09-30 10:56:59.503845
0.09282142928456734,14.82377902569636,2025-09-30 10:56:59.503845
0.9881376882313999,14.500535142679459,2025-09-30 10:56:59.503845
-0.31412749827918146,15.567577649974954,2025-09-30 10:56:59.503845
0.47053816348677446,14.614569516636404,2025-09-30 10:56:59.503845
-0.9013108248870839,14.85742880259827,2025-09-30 10:56:59.503845
0.2738772602364376,14.208406541907662,2025-09-30 10:56:59.503845
-0.41558889261614507,14.94192860534359,2025-09-30 10:56:59.503845
0.038035801624214646,15.13366634279928,2025-09-30 10:56:59.503845
1.3431031509243672,14.316568958066584,2025-09-30 10:56:59.503845
0.8281233996991912,14.878980006453713,2025-09-30 10:56:59.503845
0.2108707192689433,14.818004625132525,2025-09-30 10:56:59.503845
0.2828668455250687,14.900905015030594,2025-09-30 10:56:59.503845
0.597339257210819,15.099551950659862,2025-09-30 10:56:59.503845
-1.0191894823276388,15.037854231085918,2025-09-30 10:56:59.503845
1.0791243971260713,15.016333891460322,2025-09-30 10:56:59.503845
0.6150828815802539,14.712448663171115,2025-09-30 10:56:59.503845
-0.22891746442163086,15.144433083268595,2025-09-30 10:56:59.503845
-0.06522360250842299,14.715102600631157,2025-09-30 10:56:59.503845
0.8262533546562225,14.544358377355653,2025-09-30 10:56:59.503845
-0.4243747168377881,14.23998422811015,2025-09-30 10:56:59.503845
1.2555454974795413,14.726928992900454,2025-09-30 10:56:59.503845
-0.28672001090262556,14.412362222511334,2025-09-30 10:56:59.503845
-0.3254270236587352,14.683994965682452,2025-09-30 10:56:59.503845
-0.29837992293858717,14.677204132276358,2025-09-30 10:56:59.503845
0.5275886182628945,14.730171760862188,2025-09-30 10:56:59.503845
-0.5561970414652229,14.23143301506371,2025-09-30 10:56:59.503845
-0.7503916231435461,15.774084980937381,2025-09-30 10:56:59.503845
-0.2033395855942617,14.461331916721004,2025-09-30 10:56:59.503845
-0.4049546073979044,14.480283049095668,2025-09-30 10:56:59.503845
0.846387017106318,14.566919129602894,2025-09-30 10:56:59.503845
-0.43002006925860264,14.655873985073264,2025-09-30 10:56:59.503845
-1.0902789761224951,14.328997199904784,2025-09-30 10:56:59.503845
0.5278269294229451,14.964208251513233,2025-09-30 10:56:59.503845
1.3593645817521651,14.579882103446067,2025-09-30 10:56:59.503845
-1.3539829939197572,14.665194275461001,2025-09-30 10:56:59.503845
-0.5611871979546772,15.16654877506949,2025-09-30 10:56:59.503845
0.8227871169201337,14.428959383567937,2025-09-30 10:56:59.503845
-2.0346144996088724,14.169120299314887,2025-09-30 10:56:59.503845
-1.2468968657452952,14.289930651557558,2025-09-30 10:56:59.503845
-0.5826896334668821,15.520636100506913,2025-09-30 10:56:59.503845
1.568319960147547,14.381122171013194,2025-09-30 10:56:59.503845
0.9670184344323544,14.102327857110778,2025-09-30 10:56:59.503845
0.49409207620444223,14.72115635151721,2025-09-30 10:56:59.503845
-0.3201258678348625,15.176679012299282,2025-09-30 10:56:59.503845
1.9077009995546519,14.817097790928646,2025-09-30 10:56:59.503845
0.4683733851219154,14.6909713477892,2025-09-30 10:56:59.503845
-1.1806157586304649,14.937690806269979,2025-09-30 10:56:59.503845
-0.21780635128807477,14.559747293365549,2025-09-30 10:56:59.503845
0.6837156973127803,14.528611614219074,2025-09-30 10:56:59.503845
0.1764138236605051,15.76935181383989,2025-09-30 10:56:59.503845
-0.904952128083627,14.730387628652252,2025-09-30 10:56:59.503845
-0.13541338505359213,14.909107537702592,2025-09-30 10:56:59.503845
-0.08019755399284448,14.500993504331355,2025-09-30 10:56:59.503845
-0.6690224317695362,14.793263964364124,2025-09-30 10:56:59.503845
-0.1513382393350473,14.892068729775499,2025-09-30 10:56:59.503845
0.5420375496217538,15.318745677752998,2025-09-30 10:56:59.503845
-0.1888732553257086,15.160070099967223,2025-09-30 10:56:59.503845
-0.5785534077118061,14.46983962705809,2025-09-30 10:56:59.503845
-1.697928171704944,13.672069462119303,2025-09-30 10:56:59.503845
-0.1529935907079343,15.004518544469166,2025-09-30 10:56:59.503845
-0.6509538276283302,14.51126890610634,2025-09-30 10:56:59.503845
-1.4286485515430316,14.829334529459626,2025-09-30 10:56:59.503845
-1.9342114914231643,14.504195369560321,2025-09-30 10:56:59.503845
-0.3665541257823814,14.064902117727765,2025-09-30 10:56:59.503845
0.1965047178479523,15.320754708415807,2025-09-30 10:56:59.503845
-0.07442177719886205,14.653708945486532,2025-09-30 10:56:59.503845
-0.1779918713343876,14.898576064059547,2025-09-30 10:56:59.503845
-0.9702073305351101,13.967559901815855,2025-09-30 10:56:59.503845
-0.8208367493338616,14.901315892675466,2025-09-30 10:56:59.503845
0.761110637416042,15.108924507878108,2025-09-30 10:56:59.503845
0.7000019672824052,15.431926018288038,2025-09-30 10:56:59.503845
1.0751843933591714,14.962875672596656,2025-09-30 10:56:59.503845
-0.48787450622034084,14.090821838491287,2025-09-30 10:56:59.503845
-0.033619662493904336,14.465820168498999,2025-09-30 10:56:59.503845
0.2322497066004999,14.652762033841794,2025-09-30 10:56:59.503845
0.3105330390713397,14.743376458925711,2025-09-30 10:56:59.503845
-1.1059445807480441,14.585361702037527,2025-09-30 10:56:59.503845
-1.0970502773909558,14.22343114910543,2025-09-30 10:56:59.503845
1.061430033082858,14.846160617390447,2025-09-30 10:56:59.503845
1.4876094917816023,14.66236051826145,2025-09-30 10:56:59.503845
-0.2946160329003429,14.623555150201891,2025-09-30 10:56:59.503845
-0.6243575902415666,14.921783262682313,2025-09-30 10:56:59.503845
-0.4770548295255426,14.428115442246007,2025-09-30 10:56:59.503845
1.9155738573544825,14.737721110692682,2025-09-30 10:56:59.503845
-1.0280531356511737,14.717139160986571,2025-09-30 10:56:59.503845
-0.39646021035322576,15.1207351549829,2025-09-30 10:56:59.503845
-0.4345729892930259,14.098641353706862,2025-09-30 10:56:59.503845
-0.3274248676589579,15.724724778616494,2025-09-30 10:56:59.503845
0.6713397142667309,15.157316124786751,2025-09-30 10:56:59.503845
1.1683724293147109,15.447767683185095,2025-09-30 10:56:59.503845
-0.18452787687993052,14.597031470623714,2025-09-30 10:56:59.503845
-0.9166083532843227,14.477652825133172,2025-09-30 10:56:59.503845
-1.1579124239925531,15.047304602807632,2025-09-30 10:56:59.503845
2.5561304945778835,14.918947827152238,2025-09-30 10:56:59.503845
-0.8311001274169513,14.329850887249957,2025-09-30 10:56:59.503845
-0.6246916942678167,13.86321356153552,2025-09-30 10:56:59.503845
-0.5551942591139991,15.231012853222994,2025-09-30 10:56:59.503845
-0.16530148125577188,15.107100938438064,2025-09-30 10:56:59.503845
-0.19711130697301343,14.74875377544062,2025-09-30 10:56:59.503845
-0.5643207591461078,15.474035363034199,2025-09-30 10:56:59.503845
0.7575623425182789,14.608276946755554,2025-09-30 10:56:59.503845
2.6426077470418754,15.181649281368202,2025-09-30 10:56:59.503845
-1.623587511768915,15.351097989555228,2025-09-30 10:56:59.503845
-0.7962439953387432,15.320090603530272,2025-09-30 10:56:59.503845
0.4376012423885846,14.18766166868071,2025-09-30 10:56:59.503845
0.7290602893922037,13.971194809046564,2025-09-30 10:56:59.503845
1.155960912518199,14.748844284836546,2025-09-30 10:56:59.503845
1.022440982751151,14.642897292068639,2025-09-30 10:56:59.503845
0.39866802161400045,15.032634462610709,2025-09-30 10:56:59.503845
-1.646097072327663,14.304566200552857,2025-09-30 10:56:59.503845
0.33831794878497456,14.75870623242793,2025-09-30 10:56:59.503845
-0.2536125097615163,14.236213040374611,2025-09-30 10:56:59.503845
-1.0409907576045132,14.490892390384035,2025-09-30 10:56:59.503845
-0.9820427948059317,14.642047145884014,2025-09-30 10:56:59.503845
-3.1916838942718075,14.681958796589088,2025-09-30 10:56:59.503845
1.3422896173661116,14.42081008520067,2025-09-30 10:56:59.503845
0.813132229162288,14.353359155866995,2025-09-30 10:56:59.503845
-0.6401574719090128,15.276530032884953,2025-09-30 10:56:59.503845
-0.06204846286223747,14.471237005940663,2025-09-30 10:56:59.503845
1.7606007824782,14.262818832712345,2025-09-30 10:56:59.503845
1.0485827515792614,13.887955660006188,2025-09-30 10:56:59.503845
1.0582614331856783,14.743616623685181,2025-09-30 10:56:59.503845
0.41535628958655463,14.57483624222828,2025-09-30 10:56:59.503845
0.46705453245105316,15.536643060553347,2025-09-30 10:56:59.503845
-0.5686265870410482,15.410319725717532,2025-09-30 10:56:59.503845
1.3816078379927061,14.905655741654893,2025-09-30 10:56:59.503845
0.00681260395241355,14.700004059103742,2025-09-30 10:56:59.503845
1.1823474734831825,14.691645341671201,2025-09-30 10:56:59.503845
-0.1801759273731109,15.05303684309245,2025-09-30 10:56:59.503845
-0.25480936618650724,14.87351055587814,2025-09-30 10:56:59.503845
-1.4338181078722096,14.865224058660562,2025-09-30 10:56:59.503845
-0.5023648564052005,15.334431158097209,2025-09-30 10:56:59.503845
-0.7680899982361789,14.67887006719877,2025-09-30 10:56:59.503845
0.9048911088792926,14.48646970527711,2025-09-30 10:56:59.503845
-0.08837926865574003,15.19846241866512,2025-09-30 10:56:59.503845
-0.07127795947470676,15.0320134566716,2025-09-30 10:56:59.503845
0.6171706547633204,14.089078471745875,2025-09-30 10:56:59.503845
0.9723700798247736,14.967004932397542,2025-09-30 10:56:59.503845
-0.003271531167901105,14.477031806407135,2025-09-30 10:56:59.503845
-0.2913813167024112,14.290385807027636,2025-09-30 10:56:59.503845
-1.4002235190300596,14.469484484797269,2025-09-30 10:56:59.503845
-0.04364057697632865,15.28736970968295,2025-09-30 10:56:59.503845
0.1079699848274094,15.335627413647535,2025-09-30 10:56:59.503845
0.05218530688191304,15.231359576696718,2025-09-30 10:56:59.503845
-0.21617910747881225,14.918426506253716,2025-09-30 10:56:59.503845
2.7289331863321693,14.319222726775873,2025-09-30 10:56:59.503845
-0.9701207738006931,14.459050977265335,2025-09-30 10:56:59.503845
0.32846762077661146,15.57367335392593,2025-09-30 10:56:59.503845
0.41324184068570485,14.734409185777565,2025-09-30 10:56:59.503845
0.5054524891087433,14.78525783671878,2025-09-30 10:56:59.503845
-0.020724384961230902,14.223386893667442,2025-09-30 10:56:59.503845
2.526321878441969,14.745706254201545,2025-09-30 10:56:59.503845
0.5350747082194877,14.221262299137708,2025-09-30 10:56:59.503845
0.06514733650425299,14.30828397838499,2025-09-30 10:56:59.503845
0.5099863776636832,14.501690161509165,2025-09-30 10:56:59.503845
0.36859266195728513,14.937232702281428,2025-09-30 10:56:59.503845
-0.8252305724953798,15.301302834341183,2025-09-30 10:56:59.503845
0.8056855021968302,15.503436321435993,2025-09-30 10:56:59.503845
0.16871548938946188,14.676588601120653,2025-09-30 10:56:59.503845
-1.2166226613353095,14.50211222710574,2025-09-30 10:56:59.503845
-1.9911835078459448,14.765828857919807,2025-09-30 10:56:59.503845
0.3900441238665168,15.17674445309289,2025-09-30 10:56:59.503845
0.22000667719078412,13.868147687070863,2025-09-30 10:56:59.503845
0.8966572838114536,14.409128773537933,2025-09-30 10:56:59.503845
-0.57923109243447,14.946581501107012,2025-09-30 10:56:59.503845
0.9714348350746718,14.631071833752308,2025-09-30 10:56:59.503845
0.37677515857591076,14.40376029347383,2025-09-30 10:56:59.503845
-0.3885035029438925,14.68773394372151,2025-09-30 10:56:59.503845
-1.2604296591403956,15.164875740721145,2025-09-30 10:56:59.503845
-1.6353409606167906,15.09594644865611,2025-09-30 10:56:59.503845
-0.25582505362493285,15.397096975395701,2025-09-30 10:56:59.503845
-0.187242797236403,14.52201242020682,2025-09-30 10:56:59.503845
2.168760376992405,14.193819763202333,2025-09-30 10:56:59.503845
-0.47197939245916487,15.286006943786582,2025-09-30 10:56:59.503845
0.5343662824825832,15.313255219486024,2025-09-30 10:56:59.503845
0.010598735761139717,14.541887300139543,2025-09-30 10:56:59.503845
0.2779785896816059,14.352644198846269,2025-09-30 10:56:59.503845
1.787674944052119,15.274677057682489,2025-09-30 10:56:59.503845
0.5412472928273474,14.718621200673466,2025-09-30 10:56:59.503845
-0.4564848413987678,13.78880527759281,2025-09-30 10:56:59.503845
0.46329875257464403,15.278843904113689,2025-09-30 10:56:59.503845
-0.7176204520847281,14.92487857782713,2025-09-30 10:56:59.503845
1.1085219757263838,14.799751478908949,2025-09-30 10:56:59.503845
-1.2208879907786407,14.349641337380975,2025-09-30 10:56:59.503845
-2.066265231205045,14.236896057786826,2025-09-30 10:56:59.503845
-1.3551457099649389,14.691304076226324,2025-09-30 10:56:59.503845
-0.14447662490411395,14.089831616294687,2025-09-30 10:56:59.503845
0.9491100987690851,14.507893468622676,2025-09-30 10:56:59.503845
0.22832233421079484,15.001761716412634,2025-09-30 10:56:59.503845
0.34577485578143874,13.724232882878335,2025-09-30 10:56:59.503845
0.7366453732190181,15.049790525234899,2025-09-30 10:56:59.503845
-0.7841002589828507,14.614093373654919,2025-09-30 10:56:59.503845
-0.3703033573126657,14.708974017610826,2025-09-30 10:56:59.503845
0.4492046570304204,14.303146280733579,2025-09-30 10:56:59.503845
0.1093775352512797,14.15914056585734,2025-09-30 10:56:59.503845
-1.5544048489524966,15.04351939345097,2025-09-30 10:56:59.503845
-1.015314985588142,15.28391686522549,2025-09-30 10:56:59.503845
0.34968283116598886,14.33733151131014,2025-09-30 10:56:59.503845
-0.15956717262042838,14.960598450815564,2025-09-30 10:56:59.503845
-0.06122475796792829,15.255867754577528,2025-09-30 10:56:59.503845
-1.8552764773938566,14.718367566877463,2025-09-30 10:56:59.503845
0.6723991877137812,14.569310682994153,2025-09-30 10:56:59.503845
1.1633256433601227,14.294679540960798,2025-09-30 10:56:59.503845
0.05081627517324721,14.518293232236147,2025-09-30 10:56:59.503845
2.2979821187923886,14.71137796122616,2025-09-30 10:56:59.503845
-0.6194056261739245,14.626090588943224,2025-09-30 10:56:59.503845
1.006679236061857,14.535877512891012,2025-09-30 10:56:59.503845
1.6664175214596728,14.46027823733691,2025-09-30 10:56:59.503845
0.609704371141864,14.537016937022498,2025-09-30 10:56:59.503845
-0.002611594024547775,14.970113353262677,2025-09-30 10:56:59.503845
2.084204584878737,14.918764629188292,2025-09-30 10:56:59.503845
0.5409793210221445,14.929744893942003,2025-09-30 10:56:59.503845
0.3248161489478358,14.559614257595479,2025-09-30 10:56:59.503845
1.3694298550859332,13.449678007266803,2025-09-30 10:56:59.503845
0.07493373096167878,13.856604654396653,2025-09-30 10:56:59.503845
0.12668274205485577,14.954956031614373,2025-09-30 10:56:59.503845
-1.5419634204413288,13.380604517511388,2025-09-30 10:56:59.503845
-0.05980499711788816,15.421173971744794,2025-09-30 10:56:59.503845
1.298757991313783,14.587948948736312,2025-09-30 10:56:59.503845
-1.0644173436177764,14.302922430179969,2025-09-30 10:56:59.503845
-0.024224464385209542,14.386771723275611,2025-09-30 10:56:59.503845
-0.9834380536469532,15.249661386479696,2025-09-30 10:56:59.503845
0.6294713551402393,14.552244451597511,2025-09-30 10:56:59.503845
0.7512339357876598,14.550996290846566,2025-09-30 10:56:59.503845
1.0548873365231592,14.551707591926581,2025-09-30 10:56:59.503845
0.8401331434796635,15.128345103371023,2025-09-30 10:56:59.503845
1.5603062631630245,14.430300236198743,2025-09-30 10:56:59.503845
-0.6447662258184891,14.650511616028835,2025-09-30 10:56:59.503845
-0.37291570629406373,15.029573132454017,2025-09-30 10:56:59.503845
-1.220675661521719,14.586226880789535,2025-09-30 10:56:59.503845
-0.12354520905717149,15.077561277318086,2025-09-30 10:56:59.503845
0.3493323660534531,14.16228050623461,2025-09-30 10:56:59.503845
0.08918213206299429,13.872088569270307,2025-09-30 10:56:59.503845
-0.21713473929357016,14.702875344159445,2025-09-30 10:56:59.503845
-0.5515581406582333,14.413350335403235,2025-09-30 10:56:59.503845
0.5055932664621934,14.66396526588382,2025-09-30 10:56:59.503845
1.7103960157551614,15.088442262349098,2025-09-30 10:56:59.503845
0.20887706261087693,14.777807957751836,2025-09-30 10:56:59.503845
-1.1126705839931261,14.456489409659206,2025-09-30 10:56:59.503845
-0.018184472750999877,14.271059108341765,2025-09-30 10:56:59.503845
-0.7365995829667045,14.680683747737522,2025-09-30 10:56:59.503845
0.8202800835564568,14.80345529095243,2025-09-30 10:56:59.503845
0.03953706637848635,14.08437131604789,2025-09-30 10:56:59.503845
0.8399737354587069,14.792514427195421,2025-09-30 10:56:59.503845
1.4715399476553699,14.258146141602849,2025-09-30 10:56:59.503845
0.23264804303310116,14.427545450860908,2025-09-30 10:56:59.503845
0.47856244179021473,14.809791019579992,2025-09-30 10:56:59.503845
0.3000701567618877,14.342317278222218,2025-09-30 10:56:59.503845
1.5258631563570726,14.258679972151251,2025-09-30 10:56:59.503845
-1.4800463537977668,14.500172420309738,2025-09-30 10:56:59.503845
-0.6554655311994645,14.42690331086267,2025-09-30 10:56:59.503845
0.006923474320562684,14.653349970352254,2025-09-30 10:56:59.503845
-0.1070364088658671,14.961368611068586,2025-09-30 10:56:59.503845
-0.8404440285172404,14.502989463519384,2025-09-30 10:56:59.503845
-1.0846575593843524,14.806716492178147,2025-09-30 10:56:59.503845
0.2257121452070387,13.794148576258939,2025-09-30 10:56:59.503845
0.6597542693287856,13.916291213576384,2025-09-30 10:56:59.503845
0.15080719860689812,15.285022540712303,2025-09-30 10:56:59.503845
0.7410076628102756,15.50478198870273,2025-09-30 10:56:59.503845
-0.9740155802701553,14.848993291979637,2025-09-30 10:56:59.503845
1.0901316711191473,14.22416893964052,2025-09-30 10:56:59.503845
0.10164707263362988,15.160217106042959,2025-09-30 10:56:59.503845
0.4721107451404195,14.739165671393721,2025-09-30 10:56:59.503845
0.5084129754121754,15.259365506054017,2025-09-30 10:56:59.503845
0.0007144642651054172,14.66692334332045,2025-09-30 10:56:59.503845
1.5080973182804984,14.802790232017934,2025-09-30 10:56:59.503845
1.5085244454682045,14.70672497148527,2025-09-30 10:56:59.503845
0.25285613114792455,14.45322022164659,2025-09-30 10:56:59.503845
0.36627249213517515,15.299569367230257,2025-09-30 10:56:59.503845
0.49055521030841437,14.989164516144047,2025-09-30 10:56:59.503845
-0.29475252850727246,14.704642891067763,2025-09-30 10:56:59.503845
0.5814817497454928,15.4452974859087,2025-09-30 10:56:59.503845
-1.5466861804169025,14.219028556253921,2025-09-30 10:56:59.503845
-1.2774780128592456,14.121823645516404,2025-09-30 10:56:59.503845
-0.1249507287484197,14.776153492328415,2025-09-30 10:56:59.503845
0.06905733620284106,14.233856683591986,2025-09-30 10:56:59.503845
-0.04376614343546593,15.268568852476381,2025-09-30 10:56:59.503845
0.8887676355155129,15.048631917528429,2025-09-30 10:56:59.503845
-0.6393946951422124,14.404703946064307,2025-09-30 10:56:59.503845
-0.5399276518076889,14.01231250002939,2025-09-30 10:56:59.503845
1.0878373567036101,15.019222591886201,2025-09-30 10:56:59.503845
-0.9452854215654279,14.073181550484556,2025-09-30 10:56:59.503845
-1.2630789203072004,14.913541222595306,2025-09-30 10:56:59.503845
-0.25466323543506136,14.031787275070652,2025-09-30 10:56:59.503845
-1.5089507374286926,14.50811149109314,2025-09-30 10:56:59.503845
-0.5120446889790871,15.243717114141793,2025-09-30 10:56:59.503845
0.3551008210565109,14.273118027586689,2025-09-30 10:56:59.503845
-0.24087834843226608,15.076983343377288,2025-09-30 10:56:59.503845
0.3447363827425402,14.666654347918383,2025-09-30 10:56:59.503845
1.0980739138108189,13.9389318417333,2025-09-30 10:56:59.503845
-1.6059416073209545,14.38821809586716,2025-09-30 10:56:59.503845
1.10718489811581,14.669957077866917,2025-09-30 10:56:59.503845
2.164100366266993,15.123005072260348,2025-09-30 10:56:59.503845
1.42136333456717,14.82134778533016,2025-09-30 10:56:59.503845
0.8640507439602677,15.469368346164071,2025-09-30 10:56:59.503845
-0.3486731590275057,15.215896367331807,2025-09-30 10:56:59.503845
-0.15501702260340228,14.143312661045305,2025-09-30 10:56:59.503845
0.6183624835438227,13.763775347931308,2025-09-30 10:56:59.503845
0.3999928597294412,14.583092469175204,2025-09-30 10:56:59.503845
0.38796930635910953,14.173264924313925,2025-09-30 10:56:59.503845
0.11086379642478233,15.185813336413627,2025-09-30 10:56:59.503845
0.6804216793431501,14.483414152489111,2025-09-30 10:56:59.503845
0.9845246330189472,13.672183264153125,2025-09-30 10:56:59.503845
0.0877685888637364,14.47225794233643,2025-09-30 10:56:59.503845
-0.8506409609464256,14.582445775399517,2025-09-30 10:56:59.503845
-1.061597318499714,14.678930964613224,2025-09-30 10:56:59.503845
0.036775691821236176,15.440503995838666,2025-09-30 10:56:59.503845
-0.8737152474894126,14.293386100611364,2025-09-30 10:56:59.503845
-1.5361047643413188,14.769937211856247,2025-09-30 10:56:59.503845
-1.8004996348015032,14.389907203350523,2025-09-30 10:56:59.503845
-0.32838225611389776,14.517327167487718,2025-09-30 10:56:59.503845
0.5517034836171205,15.437617292926355,2025-09-30 10:56:59.503845
0.2811298229460025,14.857873849772178,2025-09-30 10:56:59.503845
-1.126654462479876,14.179573503535376,2025-09-30 10:56:59.503845
1.8216966055781603,13.86984646132056,2025-09-30 10:56:59.503845
-1.6432266972660996,14.69960532483725,2025-09-30 10:56:59.503845
-0.1508543401829653,14.986690855914846,2025-09-30 10:56:59.503845
0.5732813230614832,14.516250982587248,2025-09-30 10:56:59.503845
-1.0096276121558094,15.109652364812566,2025-09-30 10:56:59.503845
-0.4040908679430952,15.160482067156451,2025-09-30 10:56:59.503845
0.9418135427083498,15.048431074416742,2025-09-30 10:56:59.503845
0.5771660764059087,14.188944446047065,2025-09-30 10:56:59.503845
-0.8646769451364938,15.28749954396888,2025-09-30 10:56:59.503845
-0.8932168088629882,14.888225760349258,2025-09-30 10:56:59.503845
1.2996018896672756,15.496045465190067,2025-09-30 10:56:59.503845
0.3465198636870555,15.178788319765955,2025-09-30 10:56:59.503845
-0.48073231268361416,14.19408318668084,2025-09-30 10:56:59.503845
-0.5797784455787783,14.67423190765495,2025-09-30 10:56:59.503845
-0.7058216443323659,14.098621288541796,2025-09-30 10:56:59.503845
-1.2329582631130924,14.383388143591606,2025-09-30 10:56:59.503845
0.3434425163469234,15.017890490700047,2025-09-30 10:56:59.503845
1.9881777459352152,14.651702448516987,2025-09-30 10:56:59.503845
0.3496927265676152,15.014488387404073,2025-09-30 10:56:59.503845
-0.0061883563650708216,14.114008381489999,2025-09-30 10:56:59.503845
1.2389721707390786,14.876135086427412,2025-09-30 10:56:59.503845
2.336569754585291,15.189971580158241,2025-09-30 10:56:59.503845
0.1448460895091079,14.079869572573012,2025-09-30 10:56:59.503845
0.9912991165066367,15.042718104628586,2025-09-30 10:56:59.503845
0.3604969579169761,14.558650823842667,2025-09-30 10:56:59.503845
0.5875784047515274,14.838224690939963,2025-09-30 10:56:59.503845
0.16014802228752498,15.314096690723897,2025-09-30 10:56:59.503845
0.5738485394686565,14.770495705082185,2025-09-30 10:56:59.503845
-0.5933316031754582,14.512845459083632,2025-09-30 10:56:59.503845
2.3553318954025295,15.251013874701973,2025-09-30 10:56:59.503845
-0.6114112791015655,14.429861367356674,2025-09-30 10:56:59.503845
0.37378512411051174,14.720230514615636,2025-09-30 10:56:59.503845
-1.794082255090396,14.612856506875358,2025-09-30 10:56:59.503845
-0.24052673674026256,14.757156798828724,2025-09-30 10:56:59.503845
0.2625908078762611,14.067580155706937,2025-09-30 10:56:59.503845
1.9109029215020936,14.420931312500331,2025-09-30 10:56:59.503845
-0.30091056401542726,14.294504212477374,2025-09-30 10:56:59.503845
1.035765723648994,14.79804534304074,2025-09-30 10:56:59.503845
-0.48434092522431493,14.719985497542222,2025-09-30 10:56:59.503845
-1.2113155587169102,15.410312980646847,2025-09-30 10:56:59.503845
0.04690391413749126,14.896719153549396,2025-09-30 10:56:59.503845
-0.2840024739904174,14.681392163943219,2025-09-30 10:56:59.503845
0.18353194032607903,14.312468085850583,2025-09-30 10:56:59.503845
-0.8891799034769095,15.14772377329443,2025-09-30 10:56:59.503845
-1.5820938055781462,14.570121344867484,2025-09-30 10:56:59.503845
-1.9794215597231077,14.692440410433193,2025-09-30 10:56:59.503845
0.17281736593943423,14.587278709115434,2025-09-30 10:56:59.503845
0.15934370450645935,13.796006170600036,2025-09-30 10:56:59.503845
1.2319654272865133,15.067226999651073,2025-09-30 10:56:59.503845
-0.6671728279392816,14.598094041872194,2025-09-30 10:56:59.503845
0.8506736262052935,14.191704513682792,2025-09-30 10:56:59.503845
-0.21454090591138164,14.671154463976489,2025-09-30 10:56:59.503845
-0.7839121058246128,15.116020600481603,2025-09-30 10:56:59.503845
-0.8797111510629809,14.629739584161436,2025-09-30 10:56:59.503845
-0.024848708093564053,14.6354421804341,2025-09-30 10:56:59.503845
0.21725024908456314,14.647807413812409,2025-09-30 10:56:59.503845
1.7516921252087596,15.059320875078296,2025-09-30 10:56:59.503845
-0.5857683954694416,15.430691871844623,2025-09-30 10:56:59.503845
0.5394075326382036,14.915242552596295,2025-09-30 10:56:59.503845
1.4254309714233113,14.28761378199277,2025-09-30 10:56:59.503845
0.045018237475935585,15.299594168695153,2025-09-30 10:56:59.503845
-0.4431937041447685,14.900098841115527,2025-09-30 10:56:59.503845
0.9733749894252774,14.669564949495848,2025-09-30 10:56:59.503845
0.9795933086027638,14.699577425381486,2025-09-30 10:56:59.503845
0.8024339923802876,14.747247635261678,2025-09-30 10:56:59.503845
-1.0616139607433859,14.430209776724944,2025-09-30 10:56:59.503845
1.0830994072691758,14.376415155915781,2025-09-30 10:56:59.503845
0.033529128818083793,14.502441920900141,2025-09-30 10:56:59.503845
0.060515615627295564,14.972306333990343,2025-09-30 10:56:59.503845
-1.241437004809419,14.90447811869479,2025-09-30 10:56:59.503845
1.816709380169465,15.571671423615602,2025-09-30 10:56:59.503845
1.231236607350659,13.599283650836778,2025-09-30 10:56:59.503845
0.16945673679801895,15.034113373372929,2025-09-30 10:56:59.503845
0.6946203673367978,14.01155967332154,2025-09-30 10:56:59.503845
0.24747525667828613,15.109243162594456,2025-09-30 10:56:59.503845
1.6338059284741304,15.018447690564358,2025-09-30 10:56:59.503845
-0.9335275470117746,15.445374919065989,2025-09-30 10:56:59.503845
1.1213465363420885,15.080390269563674,2025-09-30 10:56:59.503845
-0.3018615203902879,14.864387933796516,2025-09-30 10:56:59.503845
0.8011690586358802,14.90604080779041,2025-09-30 10:56:59.503845
-0.0158934777173943,14.754905263997802,2025-09-30 10:56:59.503845
1.987174683896469,15.228022054774696,2025-09-30 10:56:59.503845
-0.2472990750649851,15.23108339244886,2025-09-30 10:56:59.503845
-0.36970007632685725,14.69948517913202,2025-09-30 10:56:59.503845
0.5154897413536527,14.346781682124911,2025-09-30 10:56:59.503845
-0.2615522139775139,14.808562978154848,2025-09-30 10:56:59.503845
0.39241215330502976,15.537633766367355,2025-09-30 10:56:59.503845
-1.0443837079403056,15.332820921719781,2025-09-30 10:56:59.503845
0.8091813084920668,14.764276116871383,2025-09-30 10:56:59.503845
0.5850897470266133,13.872465080816768,2025-09-30 10:56:59.503845
1.574267704184577,14.985402161439874,2025-09-30 10:56:59.503845
2.710946470497784,14.109458652203227,2025-09-30 10:56:59.503845
-0.8359248520242548,14.85334911105727,2025-09-30 10:56:59.503845
-0.21122505703778202,14.022811671472041,2025-09-30 10:56:59.503845
-1.6693750094032855,15.029139557019903,2025-09-30 10:56:59.503845
-0.648301992467414,14.876333294312726,2025-09-30 10:56:59.503845
1.8160047648726605,15.059795561654802,2025-09-30 10:56:59.503845
0.20824923992205918,14.777819929017383,2025-09-30 10:56:59.503845
1.293585831582018,14.897190901707718,2025-09-30 10:56:59.503845
0.23943943905046594,14.735422760735196,2025-09-30 10:56:59.503845
-0.9038220677604633,15.04450834154852,2025-09-30 10:56:59.503845
-0.8638188893473991,14.698497185208836,2025-09-30 10:56:59.503845
-0.631378605284598,15.429573180946488,2025-09-30 10:56:59.503845
1.1602011073534348,14.644597364588762,2025-09-30 10:56:59.503845
-1.2044023036187308,14.638752061616222,2025-09-30 10:56:59.503845
0.8786037609724753,14.595988653367085,2025-09-30 10:56:59.503845
0.7354097969975567,15.28630034122673,2025-09-30 10:56:59.503845
-0.6684315624489949,15.24952899782832,2025-09-30 10:56:59.503845
-1.1440288714554319,15.511167676150224,2025-09-30 10:56:59.503845
0.11510594135188591,13.990303425112762,2025-09-30 10:56:59.503845
-0.10644354822628033,14.953800638897365,2025-09-30 10:56:59.503845
1.0275718487863683,15.067464825581162,2025-09-30 10:56:59.503845
0.09848046871678759,15.325140362388861,2025-09-30 10:56:59.503845
-0.18381614029192284,14.939558756207605,2025-09-30 10:56:59.503845
0.7113782227940155,15.24420346047951,2025-09-30 10:56:59.503845
-0.042800278380789473,14.55462491638715,2025-09-30 10:56:59.503845
0.06809754528061007,14.128744942133268,2025-09-30 10:56:59.503845
0.10678586449519675,14.501156183152041,2025-09-30 10:56:59.503845
0.7930072752233697,15.612816783420877,2025-09-30 10:56:59.503845
0.8990514407509742,14.92718988169685,2025-09-30 10:56:59.503845
0.9443532169975418,14.532459831508554,2025-09-30 10:56:59.503845
-0.9299283441049968,14.698631193657455,2025-09-30 10:56:59.503845
0.6688548528339177,15.236380901258935,2025-09-30 10:56:59.503845
-0.7661530169709274,14.956166144863825,2025-09-30 10:56:59.503845
-1.1664414997989065,14.525686801478148,2025-09-30 10:56:59.503845
0.3030852661481948,14.706487996407935,2025-09-30 10:56:59.503845
1.8242443834908872,15.080345221556415,2025-09-30 10:56:59.503845
-1.0531427145730632,15.196174847665018,2025-09-30 10:56:59.503845
0.1765055796089628,13.833800278547397,2025-09-30 10:56:59.503845
1.4034553204140234,14.66363727462965,2025-09-30 10:56:59.503845
0.29378876300933227,15.402011371678212,2025-09-30 10:56:59.503845
-0.9405345306617962,14.72153725846708,2025-09-30 10:56:59.503845
0.741215890660502,13.760893799191797,2025-09-30 10:56:59.503845
-1.034622557986044,14.023352947209501,2025-09-30 10:56:59.503845
-1.2529846249039827,14.977122310484749,2025-09-30 10:56:59.503845
0.13534110700446292,14.874989935258954,2025-09-30 10:56:59.503845
0.2750872383908314,13.594670307488903,2025-09-30 10:56:59.503845
-0.8341371400197387,14.580380556850551,2025-09-30 10:56:59.503845
-1.080558029441681,15.052992556086522,2025-09-30 10:56:59.503845
0.8745541944570864,14.558304833591356,2025-09-30 10:56:59.503845
1.1430101477144095,14.512206491077398,2025-09-30 10:56:59.503845
-0.40119535211178947,15.049607199889481,2025-09-30 10:56:59.503845
0.9109742416398562,13.76704431136776,2025-09-30 10:56:59.503845
-0.19072177611536398,14.444810307071416,2025-09-30 10:56:59.503845
1.1807536595513213,14.75739205264135,2025-09-30 10:56:59.503845
0.16607373517683785,15.055612134754481,2025-09-30 10:56:59.503845
-0.21421971989895197,14.311114860279373,2025-09-30 10:56:59.503845
1.3166563799562392,14.622513375253575,2025-09-30 10:56:59.503845
-0.12640746331744837,14.738349908329738,2025-09-30 10:56:59.503845
0.6129480473747752,14.40535026554582,2025-09-30 10:56:59.503845
-0.9818394300214086,15.01151457551375,2025-09-30 10:56:59.503845
-0.5445094411264926,14.784892524398666,2025-09-30 10:56:59.503845
0.19327715992955158,14.816251748361813,2025-09-30 10:56:59.503845
-0.057676597432872484,14.772393756515427,2025-09-30 10:56:59.503845
0.30447773589203464,15.296841927751199,2025-09-30 10:56:59.503845
0.33927243736715634,14.46502296483628,2025-09-30 10:56:59.503845
-1.0246364177623184,15.129554626424852,2025-09-30 10:56:59.503845
-0.3150092054800938,14.45362510410822,2025-09-30 10:56:59.503845
-0.3066150315295283,14.33098311920283,2025-09-30 10:56:59.503845
0.007793726279439347,14.524176783945057,2025-09-30 10:56:59.503845
0.12337645927009927,14.508385645108628,2025-09-30 10:56:59.503845
-0.9748509527527626,15.511969847084776,2025-09-30 10:56:59.503845
0.2183998677930133,14.178714310602029,2025-09-30 10:56:59.503845
0.526220233200115,14.769978369701484,2025-09-30 10:56:59.503845
1.532785316873578,15.088522647933186,2025-09-30 10:56:59.503845
-0.24521729387005894,14.652432454149636,2025-09-30 10:56:59.503845
0.2148947648783549,14.43313577279407,2025-09-30 10:56:59.503845
0.49348860445828424,14.167580943970218,2025-09-30 10:56:59.503845
-0.4065009413563581,15.068985992752886,2025-09-30 10:56:59.503845
0.9854286618402895,15.033564314961765,2025-09-30 10:56:59.503845
-0.33011179985941275,14.744161917252407,2025-09-30 10:56:59.503845
-0.9871759555984598,14.937022112009721,2025-09-30 10:56:59.503845
0.8023361028065102,14.205261102275857,2025-09-30 10:56:59.503845
-0.9531213476022364,14.710209040348728,2025-09-30 10:56:59.503845
0.37520628513450166,15.090853066672912,2025-09-30 10:56:59.503845
-0.2567320362218768,15.027480566798214,2025-09-30 10:56:59.503845
-1.7164795079319828,14.590598670019936,2025-09-30 10:56:59.503845
0.08453231363834861,14.474381131087341,2025-09-30 10:56:59.503845
-0.41508292711337813,14.35333793827544,2025-09-30 10:56:59.503845
0.9197442465674267,15.15982291066192,2025-09-30 10:56:59.503845
-0.5838298418863676,14.801312875325381,2025-09-30 10:56:59.503845
-0.1618735359811945,15.72859414013337,2025-09-30 10:56:59.503845
0.39025884271737793,14.01065998612098,2025-09-30 10:56:59.503845
2.7353295227700376,14.665666047101135,2025-09-30 10:56:59.503845
-0.645675608307681,15.271902851425555,2025-09-30 10:56:59.503845
0.9070002989502653,14.926541583213682,2025-09-30 10:56:59.503845
0.3215623830712957,14.829001916948776,2025-09-30 10:56:59.503845
0.5213370124488592,14.488570036582793,2025-09-30 10:56:59.503845
-0.40951643842651647,14.789406496968546,2025-09-30 10:56:59.503845
1.453699402930239,13.938310430463225,2025-09-30 10:56:59.503845
0.2776260674024236,14.08054841045614,2025-09-30 10:56:59.503845
1.227158470772245,14.778924158302814,2025-09-30 10:56:59.503845
-2.0432050755769344,14.484443482395209,2025-09-30 10:56:59.503845
0.36093625204307656,14.496997055675036,2025-09-30 10:56:59.503845
0.060431866265263576,14.55765695036393,2025-09-30 10:56:59.503845
-0.006636198637480347,14.62675244400038,2025-09-30 10:56:59.503845
0.23606878426239386,15.123397003122145,2025-09-30 10:56:59.503845
-0.9088065087866299,14.748385824487272,2025-09-30 10:56:59.503845
0.2919247074860828,14.437316238544868,2025-09-30 10:56:59.503845
0.4111952627722868,13.973225321428476,2025-09-30 10:56:59.503845
-0.27101571687523013,15.644027598503495,2025-09-30 10:56:59.503845
0.23468340194869608,15.051344044944544,2025-09-30 10:56:59.503845
1.4734554341843011,14.217549494992847,2025-09-30 10:56:59.503845
-0.11186342556320278,15.334020473597494,2025-09-30 10:56:59.503845
1.688829723490612,15.065283790088209,2025-09-30 10:56:59.503845
1.1909313377060688,14.558010367237932,2025-09-30 10:56:59.503845
-2.1454806807068576,14.664587750371005,2025-09-30 10:56:59.503845
-0.37615235746780706,15.131593449413321,2025-09-30 10:56:59.503845
0.7623576698626531,15.252214253663018,2025-09-30 10:56:59.503845
0.4244808026579036,14.237744095294316,2025-09-30 10:56:59.503845
-0.19059491739393955,14.317066552042025,2025-09-30 10:56:59.503845
-0.0006523875423344244,14.648022706678447,2025-09-30 10:56:59.503845
0.6449344435125208,14.96827445569615,2025-09-30 10:56:59.503845
0.8243808003318003,14.242948801735825,2025-09-30 10:56:59.503845
-1.1932734662219673,14.72909909016903,2025-09-30 10:56:59.503845
0.9248230757587742,14.75806680736403,2025-09-30 10:56:59.503845
0.10018615010090985,14.588745313067694,2025-09-30 10:56:59.503845
-1.1807255187385486,14.818107311702594,2025-09-30 10:56:59.503845
1.5907511945156132,14.421565170951592,2025-09-30 10:56:59.503845
-2.4526955129670163,14.97254116521,2025-09-30 10:56:59.503845
1.0306449615034021,14.22601386358626,2025-09-30 10:56:59.503845
0.8780226800015895,14.533474710126315,2025-09-30 10:56:59.503845
-0.40126252877183605,14.956209748418383,2025-09-30 10:56:59.503845
0.9983628223859443,14.653157387387699,2025-09-30 10:56:59.503845
1.0820248462664002,15.307389812163018,2025-09-30 10:56:59.503845
0.7932290493317272,14.978082904226106,2025-09-30 10:56:59.503845
-0.16192127518385135,15.411178000319238,2025-09-30 10:56:59.503845
0.4325737704473037,13.7134934445532,2025-09-30 10:56:59.503845
-1.4713067823784656,14.860424927036387,2025-09-30 10:56:59.503845
-0.6032146479659277,14.480294573917584,2025-09-30 10:56:59.503845
0.9396152080223784,14.374808952127733,2025-09-30 10:56:59.503845
0.3938153115298974,13.624241836376218,2025-09-30 10:56:59.503845
-0.46270301092693356,14.588323472863445,2025-09-30 10:56:59.503845
0.9421001806636757,15.235914537089558,2025-09-30 10:56:59.503845
-0.08045539719721256,14.67352467793173,2025-09-30 10:56:59.503845
1.3362238499106402,14.136494789965601,2025-09-30 10:56:59.503845
0.3576679620306994,14.81165436491293,2025-09-30 10:56:59.503845
0.6826178328895749,13.86785512234854,2025-09-30 10:56:59.503845
-1.148952614172063,14.375503146113028,2025-09-30 10:56:59.503845
-1.4250655471714513,14.499159319164175,2025-09-30 10:56:59.503845
0.07869343554420866,15.139553750896761,2025-09-30 10:56:59.503845
0.9052896475479337,15.185982623312912,2025-09-30 10:56:59.503845
0.05206170712379191,14.832408077593902,2025-09-30 10:56:59.503845
0.8055086232981292,14.237654557481763,2025-09-30 10:56:59.503845
-2.1197265798024074,15.482075507399399,2025-09-30 10:56:59.503845
-1.0168133031567321,15.129452990963967,2025-09-30 10:56:59.503845
-0.5087477260227256,14.627540687157547,2025-09-30 10:56:59.503845
-0.7164392845044719,14.610748303339294,2025-09-30 10:56:59.503845
-1.1709728637595491,15.396148436044058,2025-09-30 10:56:59.503845
-0.40026729890382556,14.591816348355458,2025-09-30 10:56:59.503845
-0.5738372861630933,15.02572230237139,2025-09-30 10:56:59.503845
0.6060474824128703,14.942157887669204,2025-09-30 10:56:59.503845
1.0948702238924806,14.655714929296291,2025-09-30 10:56:59.503845
0.2229291088247457,15.718536045737977,2025-09-30 10:56:59.503845
2.188999867351241,15.047684955150034,2025-09-30 10:56:59.503845
-0.6033836765830239,14.727734114226145,2025-09-30 10:56:59.503845
-1.6393443320628653,14.892807729664836,2025-09-30 10:56:59.503845
-0.12078938334555749,14.518164810452264,2025-09-30 10:56:59.503845
0.1955360246350898,14.350367156593071,2025-09-30 10:56:59.503845
1.2372893720444702,14.273667112830005,2025-09-30 10:56:59.503845
0.5492546608960507,14.97349727798181,2025-09-30 10:56:59.503845
0.318757029214262,15.918497374129675,2025-09-30 10:56:59.503845
1.3458795602644154,13.76557490804425,2025-09-30 10:56:59.503845
0.7514288427527877,14.932108259449302,2025-09-30 10:56:59.503845
1.131367642490966,14.53060857131666,2025-09-30 10:56:59.503845
-1.7380398019657692,14.438844337802363,2025-09-30 10:56:59.503845
-0.16655790449590527,15.218852259623057,2025-09-30 10:56:59.503845
-0.20894169862145706,15.66346804329058,2025-09-30 10:56:59.503845
0.8562276880832256,15.291691972655375,2025-09-30 10:56:59.503845
0.5702201356856113,15.022759681051037,2025-09-30 10:56:59.503845
1.8800802836879404,14.987782855344793,2025-09-30 10:56:59.503845
-0.9402704649451986,14.425972987089859,2025-09-30 10:56:59.503845
0.33949118154563024,14.345719193742916,2025-09-30 10:56:59.503845
0.11027612261335361,14.221914093487662,2025-09-30 10:56:59.503845
0.13975483356103338,14.9116949683326,2025-09-30 10:56:59.503845
3.201268571518066,14.939796327542965,2025-09-30 10:56:59.503845
-1.1549008177916513,14.539025574389767,2025-09-30 10:56:59.503845
-0.9851892258163503,13.964289392289112,2025-09-30 10:56:59.503845
0.9848908658237457,14.801609337420826,2025-09-30 10:56:59.503845
1.276294296835752,14.12643870586365,2025-09-30 10:56:59.503845
-0.11146752062423801,14.461501802636114,2025-09-30 10:56:59.503845
0.1871856531671721,14.216603001731837,2025-09-30 10:56:59.503845
0.520492343672984,14.918419330555844,2025-09-30 10:56:59.503845
-1.620776025838111,14.98208992004027,2025-09-30 10:56:59.503845
-0.5770884803313445,14.40666153751002,2025-09-30 10:56:59.503845
-0.3254079025557439,14.88744011935812,2025-09-30 10:56:59.503845
-1.000868615365678,14.672373327262124,2025-09-30 10:56:59.503845
-1.3240107344777452,14.461294285908211,2025-09-30 10:56:59.503845
-0.20058071567905675,14.358803331088017,2025-09-30 10:56:59.503845
0.5346414167135033,14.457769508987973,2025-09-30 10:56:59.503845
1.1058581303684738,14.688203954103322,2025-09-30 10:56:59.503845
0.13799006064627584,14.855448530933383,2025-09-30 10:56:59.503845
0.37990975306324754,14.613234339644494,2025-09-30 10:56:59.503845
1.77657821799885,14.905201475008035,2025-09-30 10:56:59.503845
-0.8557489222723648,14.150922044737252,2025-09-30 10:56:59.503845
0.32332205942323194,14.520050079023619,2025-09-30 10:56:59.503845
-1.4852385072622667,14.901656239439403,2025-09-30 10:56:59.503845
0.7003432819464869,14.979500358114477,2025-09-30 10:56:59.503845
0.9028834936291046,14.298183132555502,2025-09-30 10:56:59.503845
-0.2428246530625372,15.234245031396355,2025-09-30 10:56:59.503845
0.41508360263951627,14.355137768666903,2025-09-30 10:56:59.503845
-0.3979893155737297,14.693319946544916,2025-09-30 10:56:59.503845
1.0631275448882043,14.82681918487506,2025-09-30 10:56:59.503845
0.12917685994631367,14.178621715275598,2025-09-30 10:56:59.503845
-0.1545206136444001,14.50245346893669,2025-09-30 10:56:59.503845
0.7374350804340092,14.405140252468682,2025-09-30 10:56:59.503845
-0.0919005551101293,14.799536534889121,2025-09-30 10:56:59.503845
-0.8717435237579702,14.46956436683759,2025-09-30 10:56:59.503845
0.4004635050084148,15.612545992463732,2025-09-30 10:56:59.503845
-0.1679329683316384,15.30344975764116,2025-09-30 10:56:59.503845
-0.6439310016506463,14.584683897305954,2025-09-30 10:56:59.503845
0.25827533262920827,14.587536595364686,2025-09-30 10:56:59.503845
-0.8584253150134386,14.94819141494512,2025-09-30 10:56:59.503845
1.2165929141278462,15.367844344495186,2025-09-30 10:56:59.503845
0.22702806601704467,14.105383321289278,2025-09-30 10:56:59.503845
-0.5313445496491379,14.462974516663206,2025-09-30 10:56:59.503845
-0.06823471113701565,14.542001511420223,2025-09-30 10:56:59.503845
-0.5731141114468623,14.962025292718542,2025-09-30 10:56:59.503845
-0.23753260381279154,15.291787005213628,2025-09-30 10:56:59.503845
-0.7006861482272433,14.85475447865805,2025-09-30 10:56:59.503845
-0.7633267935832744,14.371523159747174,2025-09-30 10:56:59.503845
-0.06690993489895541,15.059028805978919,2025-09-30 10:56:59.503845
-0.3381770911478618,15.464836382051555,2025-09-30 10:56:59.503845
1.0186684192871014,13.433932434753677,2025-09-30 10:56:59.503845
-0.6448750361458273,14.844265654850918,2025-09-30 10:56:59.503845
1.3378773128743613,15.236472558214482,2025-09-30 10:56:59.503845
-1.1020085730360003,13.999885793325905,2025-09-30 10:56:59.503845
0.18130114514142529,15.538093117408499,2025-09-30 10:56:59.503845
-1.3995320090339503,14.54666156310353,2025-09-30 10:56:59.503845
0.07875181808836418,14.84094667385291,2025-09-30 10:56:59.503845
-0.7922445110232041,14.347041534517528,2025-09-30 10:56:59.503845
-0.6673966553634225,14.128744909377884,2025-09-30 10:56:59.503845
-0.6855842971741746,14.515811074321462,2025-09-30 10:56:59.503845
-0.34307041482079953,14.938927923231773,2025-09-30 10:56:59.503845
-0.9840041797372736,14.640843593006634,2025-09-30 10:56:59.503845
0.7702865633785028,13.790390922473584,2025-09-30 10:56:59.503845
-0.002753296192657514,14.172068391487198,2025-09-30 10:56:59.503845
1.0175591413569998,15.001304501431326,2025-09-30 10:56:59.503845
-1.040969471251814,15.163501202850759,2025-09-30 10:56:59.503845
0.6568322226297673,15.053887525669518,2025-09-30 10:56:59.503845
1.6797578780994114,15.56563939566816,2025-09-30 10:56:59.503845
-0.09234235601976339,14.558752601261533,2025-09-30 10:56:59.503845
1.7116447107777808,14.248494256502255,2025-09-30 10:56:59.503845
0.06342334173349934,14.877484692095289,2025-09-30 10:56:59.503845
0.39355438637865675,15.368572240134688,2025-09-30 10:56:59.503845
0.3322275790901655,13.924833013679187,2025-09-30 10:56:59.503845
1.7765203393907885,14.506375341245922,2025-09-30 10:56:59.503845
1.079885172786316,14.72074583923552,2025-09-30 10:56:59.503845
0.5585672613909304,14.932738889658385,2025-09-30 10:56:59.503845
1.0833682543974084,15.008695602074217,2025-09-30 10:56:59.503845
0.22711303776112718,14.561159203160656,2025-09-30 10:56:59.503845
0.66124549574665,14.953392422243091,2025-09-30 10:56:59.503845
2.0204283128217817,15.162859761735048,2025-09-30 10:56:59.503845
-0.4621640149366688,15.007743115274456,2025-09-30 10:56:59.503845
0.5283389678405047,14.949192554678843,2025-09-30 10:56:59.503845
-0.5431415611406456,14.582715426820624,2025-09-30 10:56:59.503845
-0.8243392430673291,14.648832589941284,2025-09-30 10:56:59.503845
0.8405991127813147,14.361146510817399,2025-09-30 10:56:59.503845
2.4996832936715956,14.701052654451432,2025-09-30 10:56:59.503845
1.1371636908837934,14.017656368124229,2025-09-30 10:56:59.503845
1.8648623452408777,14.757219979781496,2025-09-30 10:56:59.503845
0.8671273396392767,14.378625026090216,2025-09-30 10:56:59.503845
0.12077178891335409,15.525206163461535,2025-09-30 10:56:59.503845
1.7358757074391775,14.448733974447384,2025-09-30 10:56:59.503845
2.8261571600542204,14.367195842026895,2025-09-30 10:56:59.503845
-1.2438814414379484,14.442298909780805,2025-09-30 10:56:59.503845
-2.335715528601937,14.76400573734812,2025-09-30 10:56:59.503845
0.7288420057915331,15.469156514471383,2025-09-30 10:56:59.503845
-0.36731488734295853,14.815563789012424,2025-09-30 10:56:59.503845
0.09337161914750079,14.0888508113871,2025-09-30 10:56:59.503845
-0.8095956495803941,13.981099766880915,2025-09-30 10:56:59.503845
0.5445703535685803,14.536118046921569,2025-09-30 10:56:59.503845
1.336037909801159,14.671698391181634,2025-09-30 10:56:59.503845
-1.1170322178574166,14.487420024710326,2025-09-30 10:56:59.503845
1.7549505734973752,14.30776936709581,2025-09-30 10:56:59.503845
-1.3271191526459138,14.378955493874724,2025-09-30 10:56:59.503845
-0.6902768882159315,14.584598476790433,2025-09-30 10:56:59.503845
-0.5540487459746888,14.629556665079548,2025-09-30 10:56:59.503845
0.5211659623962508,14.272755661405023,2025-09-30 10:56:59.503845
2.413154283714508,14.647593535935302,2025-09-30 10:56:59.503845
-0.5584533324914264,14.327709345299704,2025-09-30 10:56:59.503845
0.06770239553730616,14.598039573253194,2025-09-30 10:56:59.503845
1.1787598920208218,14.964686539004278,2025-09-30 10:56:59.503845
1.950877693343811,14.660052304123038,2025-09-30 10:56:59.503845
-1.1977815355950208,14.526293558913258,2025-09-30 10:56:59.503845
-2.3890625416318683,14.45704139872817,2025-09-30 10:56:59.503845
0.9009199803963911,14.478204514726922,2025-09-30 10:56:59.503845
2.5801074774397277,15.261978211983445,2025-09-30 10:56:59.503845
-0.2867392479535511,14.500647506769711,2025-09-30 10:56:59.503845
-0.9492971470565306,15.33988819226516,2025-09-30 10:56:59.503845
-0.8247867456915053,14.1623990104298,2025-09-30 10:56:59.503845
-2.1280180907553414,14.998668742303083,2025-09-30 10:56:59.503845
0.6778938698716735,14.792185299767807,2025-09-30 10:56:59.503845
-0.9849412761899726,14.728906366157224,2025-09-30 10:56:59.503845
-0.043569092338941455,15.17345279132276,2025-09-30 10:56:59.503845
1.8931493697291464,15.073834892025912,2025-09-30 10:56:59.503845
-0.6401554901502556,15.926741545081828,2025-09-30 10:56:59.503845
-1.0624847408289286,14.379062362920292,2025-09-30 10:56:59.503845
0.6130871018394289,14.687033090396238,2025-09-30 10:56:59.503845
0.2741667787000413,15.630599819908943,2025-09-30 10:56:59.503845
-2.262547672317541,14.39797896154293,2025-09-30 10:56:59.503845
0.5445386563845097,15.279626598812683,2025-09-30 10:56:59.503845
-0.604656498276205,14.954423254387265,2025-09-30 10:56:59.503845
0.8014782266411825,14.54378744181216,2025-09-30 10:56:59.503845
-0.5964324252106104,15.226954985157555,2025-09-30 10:56:59.503845
0.28442476345218864,14.186550105410584,2025-09-30 10:56:59.503845
2.938061508428166,14.945769629820681,2025-09-30 10:56:59.503845
0.25295200202562457,14.733114391013144,2025-09-30 10:56:59.503845
0.3324080203307734,14.387388547566488,2025-09-30 10:56:59.503845
0.291303614037819,14.16636204177308,2025-09-30 10:56:59.503845
0.24189628212070544,15.394459503593053,2025-09-30 10:56:59.503845
2.259711785948253,14.398259365648174,2025-09-30 10:56:59.503845
1.761197039189154,14.312677700076113,2025-09-30 10:56:59.503845
1.027071639320464,14.622553990959313,2025-09-30 10:56:59.503845
-0.4347363512348238,14.534206472730025,2025-09-30 10:56:59.503845
-0.9112247787360698,15.13332519496452,2025-09-30 10:56:59.503845
-0.5647209835598159,14.142868118775725,2025-09-30 10:56:59.503845
1.1383576905235566,15.129240069401444,2025-09-30 10:56:59.503845
-0.14845366832759083,14.828193407366587,2025-09-30 10:56:59.503845
0.3897241908206313,14.74787553111092,2025-09-30 10:56:59.503845
-1.2100232863940965,15.010145596575372,2025-09-30 10:56:59.503845
0.017023865636570972,14.736080583459234,2025-09-30 10:56:59.503845
1.4611963293099441,14.663813395691042,2025-09-30 10:56:59.503845
1.1632082587721908,14.40300144288433,2025-09-30 10:56:59.503845
0.19487625484623664,15.465006790335066,2025-09-30 10:56:59.503845
-0.7006898817988166,15.399358964044385,2025-09-30 10:56:59.503845
-0.3893502515617029,14.278115364878898,2025-09-30 10:56:59.503845
0.957967641154887,15.376936158971356,2025-09-30 10:56:59.503845
-1.559675090255552,14.594694135111823,2025-09-30 10:56:59.503845
0.6157471984110375,14.943817415440918,2025-09-30 10:56:59.503845
0.5358306624499705,14.294517503655554,2025-09-30 10:56:59.503845
-1.0531007997829935,14.44175995948866,2025-09-30 10:56:59.503845
0.4455538346214323,15.387693884749151,2025-09-30 10:56:59.503845
-0.09246159851541091,14.485264605343806,2025-09-30 10:56:59.503845
-0.6975605014497107,15.687212964281859,2025-09-30 10:56:59.503845
-1.1390874406272145,14.03859737656094,2025-09-30 10:56:59.503845
0.384236458313958,14.538298154367284,2025-09-30 10:56:59.503845
1.2641729139386428,14.466284644925498,2025-09-30 10:56:59.503845
1.3528316511068736,14.32115432586814,2025-09-30 10:56:59.503845
1.376247788315525,14.600559199445119,2025-09-30 10:56:59.503845
1.505643885734146,15.242259648059035,2025-09-30 10:56:59.503845
0.6465863935236406,15.069021632497913,2025-09-30 10:56:59.503845
-0.8728097447845962,14.614984401553496,2025-09-30 10:56:59.503845
0.21502866257565414,15.751007837488924,2025-09-30 10:56:59.503845
0.8675238536695474,14.960407503142683,2025-09-30 10:56:59.503845
-1.3178820816642705,14.787772725263686,2025-09-30 10:56:59.503845
-1.0416219356317686,14.916690543429727,2025-09-30 10:56:59.503845
0.7237294535908808,14.174705780753412,2025-09-30 10:56:59.503845
-0.4514004917044687,14.851372238188679,2025-09-30 10:56:59.503845
1.0332114525946763,15.06397694161144,2025-09-30 10:56:59.503845
1.021446995515289,14.730452546187955,2025-09-30 10:56:59.503845
0.7720986652564048,14.564062976868984,2025-09-30 10:56:59.503845
0.3556059620298332,14.93814529182228,2025-09-30 10:56:59.503845
0.5432549624764809,15.187075072704735,2025-09-30 10:56:59.503845
-0.43366869556828996,14.390058506762292,2025-09-30 10:56:59.503845
1.7323567277729872,14.582647137620071,2025-09-30 10:56:59.503845
1.0301996753445066,15.240529933148842,2025-09-30 10:56:59.503845
1.4292893780624214,15.402872064566722,2025-09-30 10:56:59.503845
0.428811850600603,15.303439793356263,2025-09-30 10:56:59.503845
-1.069318469299144,15.55507916686843,2025-09-30 10:56:59.503845
0.46434019055727915,14.778853435833812,2025-09-30 10:56:59.503845
-0.19390711915847877,14.613482430408826,2025-09-30 10:56:59.503845
1.8922862942117507,15.065246188383572,2025-09-30 10:56:59.503845
0.2085603866356306,15.19797825182845,2025-09-30 10:56:59.503845
-0.7477980454663491,14.941212873528995,2025-09-30 10:56:59.503845
0.08513831159596934,14.327648737725822,2025-09-30 10:56:59.503845
0.5372948438904437,14.879251641985187,2025-09-30 10:56:59.503845
1.6276991094828475,15.319355315316214,2025-09-30 10:56:59.503845
0.9612171895818973,15.634881273613807,2025-09-30 10:56:59.503845
1.7802410014264305,14.874508169634757,2025-09-30 10:56:59.503845
0.33620424653646225,14.910476763622805,2025-09-30 10:56:59.503845
-0.23125371476868853,14.631548352320078,2025-09-30 10:56:59.503845
0.5145031553552792,14.015208754794466,2025-09-30 10:56:59.503845
1.6577629081363574,14.486949339868893,2025-09-30 10:56:59.503845
-0.5642845722021642,14.294795269231683,2025-09-30 10:56:59.503845
-1.0539645102197788,15.309709020200827,2025-09-30 10:56:59.503845
0.4789065919025022,14.274802281647954,2025-09-30 10:56:59.503845
-0.8820952695105948,15.38818358799634,2025-09-30 10:56:59.503845
0.2706234247068677,14.74859843421796,2025-09-30 10:56:59.503845
-0.6090131878960373,14.935896428145787,2025-09-30 10:56:59.503845
0.16185804405039306,15.238181939313687,2025-09-30 10:56:59.503845
0.7574978896290365,14.248971104532444,2025-09-30 10:56:59.503845
1.1898641778876047,14.208160777633548,2025-09-30 10:56:59.503845
-0.3484342525782189,15.034959437201842,2025-09-30 10:56:59.503845
-0.026976424974017244,14.873162055335762,2025-09-30 10:56:59.503845
-0.9185170697987025,14.685810778696371,2025-09-30 10:56:59.503845
-0.35712396691126835,14.749235259015355,2025-09-30 10:56:59.503845
0.16090449396613954,14.967241951290148,2025-09-30 10:56:59.503845
-1.0949672220324405,14.292598517315744,2025-09-30 10:56:59.503845
1.8190445443844687,15.366223276555457,2025-09-30 10:56:59.503845
0.23695822402362934,15.242468597783004,2025-09-30 10:56:59.503845
-1.0350630833831962,13.78849740602886,2025-09-30 10:56:59.503845
-0.3798397856730103,14.759159736632524,2025-09-30 10:56:59.503845
0.9284021062366065,14.54076489168071,2025-09-30 10:56:59.503845
-0.4058384167481496,15.16291704352339,2025-09-30 10:56:59.503845
0.3967727870259061,15.255160788083458,2025-09-30 10:56:59.503845
0.2752709369440956,14.816893525034962,2025-09-30 10:56:59.503845
0.7720721461078587,14.963366144651953,2025-09-30 10:56:59.503845
-2.3230974932404624,14.354023777197279,2025-09-30 10:56:59.503845
1.9754202706073725,14.313915799604754,2025-09-30 10:56:59.503845
1.8244352243331126,14.223899108854056,2025-09-30 10:56:59.503845
0.3938785150479348,14.888732648518342,2025-09-30 10:56:59.503845
0.25463282656676545,14.854202722721837,2025-09-30 10:56:59.503845
-0.15750647863653733,14.772179210606824,2025-09-30 10:56:59.503845
-1.4818062387349535,14.253611621075796,2025-09-30 10:56:59.503845
1.3910679964676647,14.832344611357634,2025-09-30 10:56:59.503845
0.24871828094889262,15.046182457225413,2025-09-30 10:56:59.503845
0.2193298631382303,14.804790164892085,2025-09-30 10:56:59.503845
-0.07964381261637597,14.479393233448357,2025-09-30 10:56:59.503845
0.1450623630476272,14.60787671605644,2025-09-30 10:56:59.503845
0.17556698812452787,15.117607430454925,2025-09-30 10:56:59.503845
-1.0722188111743265,14.924623838233297,2025-09-30 10:56:59.503845
-0.10994921268231513,14.259545832057487,2025-09-30 10:56:59.503845
-2.06114752398011,15.526626891508108,2025-09-30 10:56:59.503845
1.1450692510986944,14.6650429010423,2025-09-30 10:56:59.503845
-1.697588659377488,14.212359395097613,2025-09-30 10:56:59.503845
-0.9450657802769916,15.023771094941942,2025-09-30 10:56:59.503845
-1.3611030999159355,14.530983688864065,2025-09-30 10:56:59.503845
1.0611506936655037,15.584930366616291,2025-09-30 10:56:59.503845
-1.2553902128234742,14.249787640509943,2025-09-30 10:56:59.503845
-1.3215854106036509,15.290472800384215,2025-09-30 10:56:59.503845
0.25016694167277637,14.884948317813178,2025-09-30 10:56:59.503845
0.01788894338531977,14.44819057189679,2025-09-30 10:56:59.503845
-1.1166206774753187,14.928757178990818,2025-09-30 10:56:59.503845
-0.1510939167475838,14.413166294920767,2025-09-30 10:56:59.503845
1.189733420400529,14.681203912326161,2025-09-30 10:56:59.503845
-2.379769706776594,14.871804336122477,2025-09-30 10:56:59.503845
1.4290982168945732,14.628000472437874,2025-09-30 10:56:59.503845
0.7300292108477641,14.780690173353303,2025-09-30 10:56:59.503845
-0.3945175306892789,13.731438932591555,2025-09-30 10:56:59.503845
0.218949925980174,14.340453407236174,2025-09-30 10:56:59.503845
0.20957651787559214,14.59497541225152,2025-09-30 10:56:59.503845
-1.3019583092664793,15.761465919462644,2025-09-30 10:56:59.503845
-1.063599746871457,15.287660846809985,2025-09-30 10:56:59.503845
0.10350194772884788,14.671509125366244,2025-09-30 10:56:59.503845
-0.022516281496793886,15.323168752559862,2025-09-30 10:56:59.503845
0.8150166107494257,15.226368179528293,2025-09-30 10:56:59.503845
1.0971063246754476,14.153161340659125,2025-09-30 10:56:59.503845
-0.503693016050367,14.934407505894496,2025-09-30 10:56:59.503845
-0.15989643368128445,14.2915904617813,2025-09-30 10:56:59.503845
-1.516632382490019,14.524296819738668,2025-09-30 10:56:59.503845
1.4169379283341497,14.957362637557146,2025-09-30 10:56:59.503845
-1.2626307181315708,15.15855105030613,2025-09-30 10:56:59.503845
0.1144525301321868,14.838343513674639,2025-09-30 10:56:59.503845
-0.7377981516728419,14.600119761294586,2025-09-30 10:56:59.503845
2.905228387024176,14.496994590444078,2025-09-30 10:56:59.503845
-1.1253123300187542,15.222941001718354,2025-09-30 10:56:59.503845
-0.9112424173930594,14.838828850917512,2025-09-30 10:56:59.503845
-1.2481930340409442,14.439647106598335,2025-09-30 10:56:59.503845
0.02765982539016994,14.420462495639866,2025-09-30 10:56:59.503845
0.20430182717083475,15.568594176809704,2025-09-30 10:56:59.503845
0.2649610933604705,14.32735898382184,2025-09-30 10:56:59.503845
0.4127551013085213,14.660512715040985,2025-09-30 10:56:59.503845
-0.7736005530439922,14.481611878952261,2025-09-30 10:56:59.503845
0.41307095341160127,14.905448673753753,2025-09-30 10:56:59.503845
0.44000694675509494,15.537822913548826,2025-09-30 10:56:59.503845
2.041888076929508,14.934930233131729,2025-09-30 10:56:59.503845
-1.7353583653946882,14.611407892613018,2025-09-30 10:56:59.503845
-1.0524522517149009,14.919888289891912,2025-09-30 10:56:59.503845
1.1837687387027227,14.946005041661014,2025-09-30 10:56:59.503845
0.27200413282546526,14.620565699484663,2025-09-30 10:56:59.503845
0.798977351898682,14.81875900053153,2025-09-30 10:56:59.503845
1.542880590490279,15.290974048807852,2025-09-30 10:56:59.503845
0.7701455051616589,15.924406970352113,2025-09-30 10:56:59.503845
-0.4297086885136102,15.195396190653547,2025-09-30 10:56:59.503845
-1.6461036000112246,14.465318270841252,2025-09-30 10:56:59.503845
-0.4694592045560699,14.093023132428705,2025-09-30 10:56:59.503845
0.671904718838915,14.453500970168937,2025-09-30 10:56:59.503845
2.756702350338857,13.622959584262931,2025-09-30 10:56:59.503845
-1.0369128356585293,14.939805801982088,2025-09-30 10:56:59.503845
2.8918072701777215,14.431806649699235,2025-09-30 10:56:59.503845
0.34735073299383307,14.339009803155758,2025-09-30 10:56:59.503845
1.497166744265285,13.860969146201759,2025-09-30 10:56:59.503845
0.5861188990888676,15.009019583008717,2025-09-30 10:56:59.503845
-0.31099647852197077,15.200141192480398,2025-09-30 10:56:59.503845
1.0564662981283053,14.26004210970014,2025-09-30 10:56:59.503845
-1.3352119642623979,14.753936937034196,2025-09-30 10:56:59.503845
0.33909851823042125,14.222212065224708,2025-09-30 10:56:59.503845
1.2153368620959883,15.06355291345486,2025-09-30 10:56:59.503845
-1.6244005432189783,14.646983663792986,2025-09-30 10:56:59.503845
0.39501784919362404,14.56595918835464,2025-09-30 10:56:59.503845
0.41769134190598495,15.090868379468262,2025-09-30 10:56:59.503845
0.9077016973545673,15.318413787587144,2025-09-30 10:56:59.503845
0.5946641914571721,15.0403115860234,2025-09-30 10:56:59.503845
1.2238034305963346,14.6383679096672,2025-09-30 10:56:59.503845
0.9405035271009127,14.764425655320384,2025-09-30 10:56:59.503845
0.7991713525168841,14.431707577107325,2025-09-30 10:56:59.503845
-0.13000129519500753,15.069430554287345,2025-09-30 10:56:59.503845
-1.3071655534681963,14.642605461579372,2025-09-30 10:56:59.503845
-0.3757227147491646,15.192235797092323,2025-09-30 10:56:59.503845
-0.7844342330989573,14.186202850905236,2025-09-30 10:56:59.503845
0.43024476275169393,14.610067511008229,2025-09-30 10:56:59.503845
-1.2023202961237556,14.821033261640466,2025-09-30 10:56:59.503845
0.13778167243563946,14.375686511421522,2025-09-30 10:56:59.503845
0.46089297709988625,15.314485788060196,2025-09-30 10:56:59.503845
0.18603089770923162,14.518360981614052,2025-09-30 10:56:59.503845
-0.4331592922549945,14.544429076168989,2025-09-30 10:56:59.503845
-1.6863922986160509,14.887863917520406,2025-09-30 10:56:59.503845
-0.8915417507272693,14.387213434014448,2025-09-30 10:56:59.503845
-1.5977633845729855,14.762694258050137,2025-09-30 10:56:59.503845
1.0658640770223642,14.79796153527348,2025-09-30 10:56:59.503845
-0.5326503296689185,14.250396908332224,2025-09-30 10:56:59.503845
-0.6414704693956279,15.516451594402444,2025-09-30 10:56:59.503845
-2.0058403215796092,15.097120898841165,2025-09-30 10:56:59.503845
0.9569978232151205,14.166413794048578,2025-09-30 10:56:59.503845
-0.6080281138019632,14.641636122750949,2025-09-30 10:56:59.503845
0.784572416883393,14.773727854965056,2025-09-30 10:56:59.503845
0.7498328514438444,14.019760496780425,2025-09-30 10:56:59.503845
-0.8384230259014315,14.662700071086062,2025-09-30 10:56:59.503845
0.9786621621835305,14.824916598920913,2025-09-30 10:56:59.503845
0.048908171333859406,15.411370610265605,2025-09-30 10:56:59.503845
-0.36589667777980867,14.265122180806475,2025-09-30 10:56:59.503845
-1.1030057128308677,14.963681573012066,2025-09-30 10:56:59.503845
-0.4514912484156201,14.676318654665312,2025-09-30 10:56:59.503845
1.2311181843550685,14.745369888606076,2025-09-30 10:56:59.503845
0.13075406409404774,14.667635622793439,2025-09-30 10:56:59.503845
0.37989516281939545,14.947800289944933,2025-09-30 10:56:59.503845
0.3230771142167593,14.382714392515801,2025-09-30 10:56:59.503845
-0.4695592259702452,15.302132830509562,2025-09-30 10:56:59.503845
-1.8632862751967114,14.36658161699859,2025-09-30 10:56:59.503845
1.1922154525810418,14.107728303267907,2025-09-30 10:56:59.503845
1.1968160551965905,15.15736460249439,2025-09-30 10:56:59.503845
-0.3373811940183461,14.536100300517862,2025-09-30 10:56:59.503845
0.6633378382564489,14.526199814858208,2025-09-30 10:56:59.503845
1.5599904093136447,14.832068680391627,2025-09-30 10:56:59.503845
-1.029220179870405,14.430714981355319,2025-09-30 10:56:59.503845
-0.5055721219701876,13.971700351792407,2025-09-30 10:56:59.503845
0.4744163089779524,14.207302898359549,2025-09-30 10:56:59.503845
0.919141922953686,14.456327052109875,2025-09-30 10:56:59.503845
-0.7285929813974374,14.759061572132758,2025-09-30 10:56:59.503845
-0.07329959481778021,15.490647703382086,2025-09-30 10:56:59.503845
-1.1823628404755702,15.185161092678305,2025-09-30 10:56:59.503845
-0.7211207159237523,14.316274861947004,2025-09-30 10:56:59.503845
0.3049830418450237,15.528429809382784,2025-09-30 10:56:59.503845
0.13989859193235568,15.19787222001651,2025-09-30 10:56:59.503845
0.7631174286965409,15.042989746629665,2025-09-30 10:56:59.503845
0.5420082538105087,14.921611987358348,2025-09-30 10:56:59.503845
1.4022541147780294,14.846333567105312,2025-09-30 10:56:59.503845
2.239253635214151,15.462932500188876,2025-09-30 10:56:59.503845
-1.330878809608561,14.937014175110637,2025-09-30 10:56:59.503845
0.6673275520415184,14.499314966484206,2025-09-30 10:56:59.503845
0.26040035020145447,14.585197927534717,2025-09-30 10:56:59.503845
1.5646694455931063,15.034117135593153,2025-09-30 10:56:59.503845
-0.9399251246273993,14.704772329914205,2025-09-30 10:56:59.503845
-0.3775400071861446,14.183111311179106,2025-09-30 10:56:59.503845
1.2442716799081126,14.608219717791545,2025-09-30 10:56:59.503845
1.5240316427605411,14.749379573046959,2025-09-30 10:56:59.503845
-0.9755615971416205,14.97279396968604,2025-09-30 10:56:59.503845
-1.482756335459184,15.175739773246994,2025-09-30 10:56:59.503845
-1.0196292429174307,14.42704015563977,2025-09-30 10:56:59.503845
-0.732915647433509,15.50281800379006,2025-09-30 10:56:59.503845
-0.2802940501126882,14.5782361022032,2025-09-30 10:56:59.503845
1.5503424590914816,14.714300951352163,2025-09-30 10:56:59.503845
-1.816141167520094,14.871131621494765,2025-09-30 10:56:59.503845
0.8474099626782297,15.49374551097379,2025-09-30 10:56:59.503845
1.633158771380473,14.462409776746311,2025-09-30 10:56:59.503845
0.3625248443612404,14.470087208766602,2025-09-30 10:56:59.503845
0.992363494152909,13.879079654234705,2025-09-30 10:56:59.503845
-0.492731621102568,13.818479082037555,2025-09-30 10:56:59.503845
1.2710880077339102,14.998909287192346,2025-09-30 10:56:59.503845
0.4256562871948162,15.496758349405551,2025-09-30 10:56:59.503845
-0.2522176611847054,14.496068151155942,2025-09-30 10:56:59.503845
-0.7475732340432314,14.973425600826625,2025-09-30 10:56:59.503845
-0.7731797770037674,15.761787588730659,2025-09-30 10:56:59.503845
-0.25534751128255617,15.021253287303452,2025-09-30 10:56:59.503845
-0.5135430959045897,14.370511107091382,2025-09-30 10:56:59.503845
-0.30780880467754346,14.972796605712668,2025-09-30 10:56:59.503845
-0.7952268856670172,14.505150191251332,2025-09-30 10:56:59.503845
0.5492755889868517,14.491612571542344,2025-09-30 10:56:59.503845
-0.10793695205141764,14.720901945185467,2025-09-30 10:56:59.503845
1.9707387268322814,14.492574229599624,2025-09-30 10:56:59.503845
1.1318226165967995,15.433107970471317,2025-09-30 10:56:59.503845
1.4339671520384714,14.043524911383695,2025-09-30 10:56:59.503845
-1.3899741870764029,14.660181540593483,2025-09-30 10:56:59.503845
1.0306735332255055,14.128784963159234,2025-09-30 10:56:59.503845
-0.0013038199550899907,14.333027496333093,2025-09-30 10:56:59.503845
-1.5501275961101662,15.986953719073869,2025-09-30 10:56:59.503845
0.6604506667290587,14.716582774985303,2025-09-30 10:56:59.503845
0.21319115595668583,14.705271257949919,2025-09-30 10:56:59.503845
1.699508934090669,15.244437743379187,2025-09-30 10:56:59.503845
-1.4197921485336438,13.971822534902284,2025-09-30 10:56:59.503845
-0.8946936342099018,14.439570759097661,2025-09-30 10:56:59.503845
-0.49918603863915983,14.622655391400171,2025-09-30 10:56:59.503845
-0.19258354508003944,15.513252650763128,2025-09-30 10:56:59.503845
-0.7791185462373762,14.018584841870833,2025-09-30 10:56:59.503845
1.5418100509372137,15.108505597538608,2025-09-30 10:56:59.503845
0.17989066631591427,15.204271348705499,2025-09-30 10:56:59.503845
0.8709025743040392,14.437964415583409,2025-09-30 10:56:59.503845
0.9875902499302653,14.542214972306489,2025-09-30 10:56:59.503845
1.5128810732326283,14.979562987205055,2025-09-30 10:56:59.503845
-0.2806084511811765,14.438942967851629,2025-09-30 10:56:59.503845
0.4618919039053038,14.7281060650641,2025-09-30 10:56:59.503845
-0.9890025307006308,15.132941877477132,2025-09-30 10:56:59.503845
-2.2137234593320736,15.073221405963565,2025-09-30 10:56:59.503845
-1.1050351489426111,15.205487169411478,2025-09-30 10:56:59.503845
0.8652148698463925,14.231702051854233,2025-09-30 10:56:59.503845
-0.673866946838516,14.025687988110667,2025-09-30 10:56:59.503845
-0.40626615417241657,14.717837718640205,2025-09-30 10:56:59.503845
0.22806501218011074,14.941837894342985,2025-09-30 10:56:59.503845
0.3107541330444379,14.034055763416747,2025-09-30 10:56:59.503845
-1.278365870223084,15.00642421684382,2025-09-30 10:56:59.503845
0.011168736422067083,14.76565253273898,2025-09-30 10:56:59.503845
0.04322457591913719,15.210989382652146,2025-09-30 10:56:59.503845
-0.8620541155533673,14.123461279198212,2025-09-30 10:56:59.503845
-0.24683056170202336,14.921604757184763,2025-09-30 10:56:59.503845
-1.227734642738624,15.192558129453584,2025-09-30 10:56:59.503845
-1.844811076778662,15.619242039534551,2025-09-30 10:56:59.503845
0.29572939349056565,14.659609734713376,2025-09-30 10:56:59.503845
1.8399080883733545,14.492278951494518,2025-09-30 10:56:59.503845
-2.5504281885179054,15.368539531333866,2025-09-30 10:56:59.503845
0.16009851496023308,14.36061076266518,2025-09-30 10:56:59.503845
-0.06563201408516064,15.400722964330471,2025-09-30 10:56:59.503845
0.25369264150828513,14.32009107516055,2025-09-30 10:56:59.503845
0.4144901992025256,14.929578448050373,2025-09-30 10:56:59.503845
-0.07333597719146545,15.167891297774121,2025-09-30 10:56:59.503845
0.3281591411989352,14.97190931616818,2025-09-30 10:56:59.503845
-1.1433366016433737,15.080217392266775,2025-09-30 10:56:59.503845
2.0794233134555027,14.552640438747767,2025-09-30 10:56:59.503845
1.453887845654663,14.984344659007455,2025-09-30 10:56:59.503845
-0.6735137560804181,14.723711300935399,2025-09-30 10:56:59.503845
-0.17672676927557196,14.103628854386294,2025-09-30 10:56:59.503845
0.3754397096643131,14.125359191869798,2025-09-30 10:56:59.503845
0.38321154942026936,14.685138585645815,2025-09-30 10:56:59.503845
2.075635313821339,14.72122761514365,2025-09-30 10:56:59.503845
-1.8061149823861493,15.50928203534646,2025-09-30 10:56:59.503845
-1.3659993365717773,14.886196568996246,2025-09-30 10:56:59.503845
0.5449767385368881,14.956145328160122,2025-09-30 10:56:59.503845
-1.7061996441486333,15.061716830778646,2025-09-30 10:56:59.503845
1.69334833494555,14.090797340529903,2025-09-30 10:56:59.503845
-0.7101338666587601,14.822016123326815,2025-09-30 10:56:59.503845
0.26260585375179385,14.744292936646234,2025-09-30 10:56:59.503845
-0.458394221774744,14.73210249560288,2025-09-30 10:56:59.503845
-1.5584189703437563,14.617527969639408,2025-09-30 10:56:59.503845
0.5250891043464253,14.606423106906133,2025-09-30 10:56:59.503845
-0.8869028664082809,14.304716209527362,2025-09-30 10:56:59.503845
-0.5154973614355808,14.922597890682448,2025-09-30 10:56:59.503845
-0.8549848625744426,14.981732358712149,2025-09-30 10:56:59.503845
0.3979177433723663,14.363734848442048,2025-09-30 10:56:59.503845
1.562129499974786,14.952401979809805,2025-09-30 10:56:59.503845
-1.0328605440082572,14.28479596003239,2025-09-30 10:56:59.503845
-1.3543862356626264,14.642455318886363,2025-09-30 10:56:59.503845
1.0959190870200854,14.791919690582729,2025-09-30 10:56:59.503845
1.26327193612208,16.183960254182487,2025-09-30 10:56:59.503845
-0.03203211297701012,14.424959643992795,2025-09-30 10:56:59.503845
0.8497308988282972,14.330465848980138,2025-09-30 10:56:59.503845
-0.26479861509316416,14.456103514917098,2025-09-30 10:56:59.503845
-1.44976219673609,13.666374323979682,2025-09-30 10:56:59.503845
-1.116292262972878,14.501766884024843,2025-09-30 10:56:59.503845
-0.5695373326783341,15.711971629015874,2025-09-30 10:56:59.503845
-1.6574096045139424,14.291793733120354,2025-09-30 10:56:59.503845
0.5386173929257457,14.387273375648634,2025-09-30 10:56:59.503845
0.5981348236078107,14.448722399290684,2025-09-30 10:56:59.503845
-0.3968872837632555,14.360303616680962,2025-09-30 10:56:59.503845
-0.9513668611296836,14.390411168191791,2025-09-30 10:56:59.503845
-0.2121420859055627,14.303085624484305,2025-09-30 10:56:59.503845
-0.9261564027090513,14.893309786282675,2025-09-30 10:56:59.503845
-0.6271371923070669,15.538029189190883,2025-09-30 10:56:59.503845
-0.06307465862599941,14.788863097000865,2025-09-30 10:56:59.503845
-0.2791374311313736,14.394541076886787,2025-09-30 10:56:59.503845
-0.8479022802993403,14.748949218580952,2025-09-30 10:56:59.503845
-0.08027872261071257,15.166198409467766,2025-09-30 10:56:59.503845
0.21005056314809137,14.551226840311603,2025-09-30 10:56:59.503845
0.27122602518404626,14.498131597448328,2025-09-30 10:56:59.503845
0.879105180949682,15.019734614582578,2025-09-30 10:56:59.503845
0.32556874342368014,15.131996399343384,2025-09-30 10:56:59.503845
-0.9984642082755666,14.370863495092756,2025-09-30 10:56:59.503845
-0.2632464577562701,15.609475181770993,2025-09-30 10:56:59.503845
2.116194697475122,14.882584704225037,2025-09-30 10:56:59.503845
0.03591769627669092,15.026675173616544,2025-09-30 10:56:59.503845
-0.8686773267083207,13.92157244469676,2025-09-30 10:56:59.503845
-0.7203339795015485,14.738584322264945,2025-09-30 10:56:59.503845
0.7261071043440476,14.942567618011575,2025-09-30 10:56:59.503845
0.37838446490379124,14.00058556691878,2025-09-30 10:56:59.503845
-0.5101030168113919,14.206127260274215,2025-09-30 10:56:59.503845
0.8095133990831361,15.110915577026338,2025-09-30 10:56:59.503845
-0.5877444333404276,14.514231366157693,2025-09-30 10:56:59.503845
1.1506034550228041,14.971078271665737,2025-09-30 10:56:59.503845
-1.2228388437587487,14.626494932555715,2025-09-30 10:56:59.503845
0.22471518729337733,14.800739997812203,2025-09-30 10:56:59.503845
0.24623026142267493,15.194464925079105,2025-09-30 10:56:59.503845
0.46226384005271853,14.69468112313719,2025-09-30 10:56:59.503845
1.835257160975495,14.624169846304882,2025-09-30 10:56:59.503845
0.4294975563025676,15.575521467630121,2025-09-30 10:56:59.503845
-0.6960277547173648,15.049571651115386,2025-09-30 10:56:59.503845
1.3803265550283048,13.952415486215305,2025-09-30 10:56:59.503845
0.8722135271197483,14.799064200049374,2025-09-30 10:56:59.503845
-0.5934038369589082,15.25916652950182,2025-09-30 10:56:59.503845
1.072253074682035,14.821905458785436,2025-09-30 10:56:59.503845
-0.3951219037183742,14.251453494961952,2025-09-30 10:56:59.503845
0.6634120993166333,14.074390534744435,2025-09-30 10:56:59.503845
0.8642388064989097,15.050986253719156,2025-09-30 10:56:59.503845
0.11780150707192347,15.015261639629479,2025-09-30 10:56:59.503845
0.03382354067904846,15.100408019465387,2025-09-30 10:56:59.503845
-1.7286154689216846,14.965986985393558,2025-09-30 10:56:59.503845
-0.15555331327680139,15.141129122508662,2025-09-30 10:56:59.503845
-1.1417497089590973,15.45090725716781,2025-09-30 10:56:59.503845
1.0063200988726155,14.466993938726144,2025-09-30 10:56:59.503845
0.2987551501800952,15.556132437040336,2025-09-30 10:56:59.503845
-0.8863829152133417,15.727993442034258,2025-09-30 10:56:59.503845
-0.7462958636519467,15.67863789600732,2025-09-30 10:56:59.503845
0.39126664285774293,14.225333619999791,2025-09-30 10:56:59.503845
0.3000603088286142,14.107503462843935,2025-09-30 10:56:59.503845
0.6972533846660391,14.568163445035035,2025-09-30 10:56:59.503845
-0.3077157615261626,14.91025381549068,2025-09-30 10:56:59.503845
-0.3926242973828751,14.406910280294708,2025-09-30 10:56:59.503845
0.6049796131337627,14.779557426423274,2025-09-30 10:56:59.503845
-0.3749394129076404,14.03238426068329,2025-09-30 10:56:59.503845
-0.22450952688074438,14.80796459459261,2025-09-30 10:56:59.503845
0.02430418515744991,14.655019476328984,2025-09-30 10:56:59.503845
-0.10963122327081493,15.009756076659675,2025-09-30 10:56:59.503845
1.5714482823069869,15.03022575580581,2025-09-30 10:56:59.503845
-0.47522136513648655,14.781348176051738,2025-09-30 10:56:59.503845
0.28135612957008876,14.246942799481607,2025-09-30 10:56:59.503845
0.5687264722048249,14.44496076543344,2025-09-30 10:56:59.503845
-0.865896947930362,14.783142743448566,2025-09-30 10:56:59.503845
-1.0524868876589384,14.961768026359206,2025-09-30 10:56:59.503845
0.9360477396001569,14.866494047610454,2025-09-30 10:56:59.503845
0.5003714457510418,15.256821119917902,2025-09-30 10:56:59.503845
1.0822305033214676,14.707522431418889,2025-09-30 10:56:59.503845
-1.0643606111894703,14.866378689721385,2025-09-30 10:56:59.503845
-1.1399430684922778,15.004791269412626,2025-09-30 10:56:59.503845
-1.497843953000547,15.064252440336128,2025-09-30 10:56:59.503845
-1.6130914855200433,14.781249619646958,2025-09-30 10:56:59.503845
-0.29088851196597765,15.303034268102657,2025-09-30 10:56:59.503845
-1.5432533267406565,14.598156632456144,2025-09-30 10:56:59.503845
-0.1571105631130506,15.827238779571767,2025-09-30 10:56:59.503845
-1.5503898197515666,14.950348687207685,2025-09-30 10:56:59.503845
-0.4592530314386637,14.979922795583159,2025-09-30 10:56:59.503845
1.0037518608683356,15.612004476049094,2025-09-30 10:56:59.503845
0.3922857704191163,14.944376022164754,2025-09-30 10:56:59.503845
1.2577563659619246,14.871064088950382,2025-09-30 10:56:59.503845
2.606846093466598,15.103737897440148,2025-09-30 10:56:59.503845
1.4100734742790195,15.039261989545492,2025-09-30 10:56:59.503845
-0.7750404027160593,14.616320526338042,2025-09-30 10:56:59.503845
-0.3260447061403841,15.087897666447695,2025-09-30 10:56:59.503845
1.265585690596771,13.968138910397137,2025-09-30 10:56:59.503845
-0.30089136135497585,14.628200491025028,2025-09-30 10:56:59.503845
-0.6099954534107398,15.310014960779409,2025-09-30 10:56:59.503845
-0.7345368566469664,14.843485314742495,2025-09-30 10:56:59.503845
-0.3180222245724782,14.172409349130808,2025-09-30 10:56:59.503845
0.1770016438465916,13.527634331547471,2025-09-30 10:56:59.503845
-1.41671379275213,14.714723396482654,2025-09-30 10:56:59.503845
-2.2503548341403117,15.301269494975639,2025-09-30 10:56:59.503845
0.7617456955467017,15.245456734675518,2025-09-30 10:56:59.503845
-2.3017085826580876,14.356637020622331,2025-09-30 10:56:59.503845
0.07543007257148861,14.4460013256686,2025-09-30 10:56:59.503845
1.7354743529807268,15.153568363622348,2025-09-30 10:56:59.503845
2.5504001862107537,15.448463817179617,2025-09-30 10:56:59.503845
0.11223062600751713,14.960653695455164,2025-09-30 10:56:59.503845
0.6937470565369949,14.387477061121723,2025-09-30 10:56:59.503845
-0.7482507037824002,15.174960222056807,2025-09-30 10:56:59.503845
0.6723514944561234,14.309865018907761,2025-09-30 10:56:59.503845
0.9057910041882137,14.951842372774195,2025-09-30 10:56:59.503845
-0.20137718292623308,14.463555876207714,2025-09-30 10:56:59.503845
-0.09553365820956085,15.314365986724559,2025-09-30 10:56:59.503845
0.3538589606533061,14.943990070849631,2025-09-30 10:56:59.503845
-1.0251923977762756,14.028588566661854,2025-09-30 10:56:59.503845
-1.0001903047039995,14.045202485541898,2025-09-30 10:56:59.503845
1.3179136471648412,14.614197173272563,2025-09-30 10:56:59.503845
0.4672547030744979,14.824538626785762,2025-09-30 10:56:59.503845
-1.1714856077987865,14.770335249834543,2025-09-30 10:56:59.503845
0.13299993427504486,14.641669780135969,2025-09-30 10:56:59.503845
-1.3332410776141939,13.51820312063608,2025-09-30 10:56:59.503845
-1.0921409789722591,15.129981854510413,2025-09-30 10:56:59.503845
0.003324837196327744,14.111218619380224,2025-09-30 10:56:59.503845
-0.5081254648157116,15.053782156647996,2025-09-30 10:56:59.503845
0.037295070257493165,15.03870488375917,2025-09-30 10:56:59.503845
0.6078505973049854,15.61228577764984,2025-09-30 10:56:59.503845
0.5792152931839656,14.999466435568156,2025-09-30 10:56:59.503845
-1.5289238043410605,13.675331349759482,2025-09-30 10:56:59.503845
1.5335318738765127,14.886469772976353,2025-09-30 10:56:59.503845
0.17199283148835665,15.564737725894544,2025-09-30 10:56:59.503845
1.0589580343633131,14.21962062991959,2025-09-30 10:56:59.503845
-0.665278144253039,14.395226906357516,2025-09-30 10:56:59.503845
-0.05385478518764384,14.373285287613454,2025-09-30 10:56:59.503845
0.2272855311276154,13.958437416874439,2025-09-30 10:56:59.503845
-1.7424469603593802,14.18518319067449,2025-09-30 10:56:59.503845
-1.1219250294537975,16.162866693092756,2025-09-30 10:56:59.503845
-0.7077538519731857,15.186290306092696,2025-09-30 10:56:59.503845
0.7603271474267121,14.521898729559798,2025-09-30 10:56:59.503845
0.37608396483097567,14.798093130557115,2025-09-30 10:56:59.503845
1.7393192690444328,14.459530211385976,2025-09-30 10:56:59.503845
1.371200580998037,14.796566206437667,2025-09-30 10:56:59.503845
0.8428385124204004,15.115172030494387,2025-09-30 10:56:59.503845
-1.3687046067944877,15.709196408992117,2025-09-30 10:56:59.503845
2.113840952162878,14.796397217838225,2025-09-30 10:56:59.503845
0.4393663192991,14.413148522764187,2025-09-30 10:56:59.503845
1.5105958345134831,15.162232438179812,2025-09-30 10:56:59.503845
-0.38503418502019326,15.028399544555738,2025-09-30 10:56:59.503845
1.0802589277446397,14.883716847901258,2025-09-30 10:56:59.503845
0.2974023999431032,15.642728308007127,2025-09-30 10:56:59.503845
0.7085075619730755,14.4307991006862,2025-09-30 10:56:59.503845
-1.2121177699628978,14.53697677348183,2025-09-30 10:56:59.503845
-1.4731488651285556,14.885720909529953,2025-09-30 10:56:59.503845
-2.1932217468019077,14.919627310997097,2025-09-30 10:56:59.503845
-0.2075095195972254,14.90388151338674,2025-09-30 10:56:59.503845
1.2606706358703883,15.70528176949375,2025-09-30 10:56:59.503845
0.5703423679187326,14.288875845190091,2025-09-30 10:56:59.503845
2.0645072225203536,14.472650410826482,2025-09-30 10:56:59.503845
0.28924972098866725,14.710256728348094,2025-09-30 10:56:59.503845
0.41363342135255,14.224540889843043,2025-09-30 10:56:59.503845
1.2208162062456602,15.003784512486561,2025-09-30 10:56:59.503845
-0.4679770825077229,14.813052403013042,2025-09-30 10:56:59.503845
1.863602099799199,14.961052954715052,2025-09-30 10:56:59.503845
-0.47512599846915315,13.480497167840896,2025-09-30 10:56:59.503845
2.1313843927939957,14.67818294516091,2025-09-30 10:56:59.503845
-0.4675733108748366,15.27783454281107,2025-09-30 10:56:59.503845
2.2978347770818766,14.728544307033491,2025-09-30 10:56:59.503845
-0.45860552315780795,13.74395897961731,2025-09-30 10:56:59.503845
1.4980458866448723,14.83727280042032,2025-09-30 10:56:59.503845
-1.3655369223257363,14.129339269696688,2025-09-30 10:56:59.503845
-0.6505326506955864,15.673141321738992,2025-09-30 10:56:59.503845
1.375904960381403,14.93000986852678,2025-09-30 10:56:59.503845
-1.4992852897870834,14.778837391189379,2025-09-30 10:56:59.503845
0.2542805451426386,15.25360287151796,2025-09-30 10:56:59.503845
2.3533686466097063,15.101181790134245,2025-09-30 10:56:59.503845
2.235414889026023,15.176585996511065,2025-09-30 10:56:59.503845
-0.7841311589715514,14.75640957637597,2025-09-30 10:56:59.503845
-2.0594091206714156,14.441717853670625,2025-09-30 10:56:59.503845
-1.4927494861198403,14.458245677992101,2025-09-30 10:56:59.503845
-0.032988521004775485,14.642261923268483,2025-09-30 10:56:59.503845
0.6260711246015616,15.227499933817993,2025-09-30 10:56:59.503845
-0.4160634097060186,15.512649828087232,2025-09-30 10:56:59.503845
0.967743193754599,14.39619379408458,2025-09-30 10:56:59.503845
0.36909066483228364,14.856532956453716,2025-09-30 10:56:59.503845
-0.7529175715019976,14.59690826067902,2025-09-30 10:56:59.503845
-0.052730199293041666,15.364848188145947,2025-09-30 10:56:59.503845
-0.37347450778626284,14.375090944577428,2025-09-30 10:56:59.503845
0.7173121293526524,14.458813893620098,2025-09-30 10:56:59.503845
1.2348018005573504,14.353815932379925,2025-09-30 10:56:59.503845
0.5660794347929736,13.846048433304897,2025-09-30 10:56:59.503845
-0.6973488262429861,15.054956252426203,2025-09-30 10:56:59.503845
-0.402753498192001,14.419334848960135,2025-09-30 10:56:59.503845
-2.018440305213188,15.210420488883264,2025-09-30 10:56:59.503845
-0.10535706960696363,15.448481724636244,2025-09-30 10:56:59.503845
-0.1865607977698358,15.48859459507761,2025-09-30 10:56:59.503845
0.6452368124129827,14.548058159387892,2025-09-30 10:56:59.503845
1.779144835595594,14.393701730201492,2025-09-30 10:56:59.503845
0.35141775146317694,14.924830155363036,2025-09-30 10:56:59.503845
0.07451796450659816,15.42794747351022,2025-09-30 10:56:59.503845
0.3733871535846021,15.244834670475582,2025-09-30 10:56:59.503845
0.6655338001397549,14.414276108247481,2025-09-30 10:56:59.503845
-1.249461327888538,14.461228799179892,2025-09-30 10:56:59.503845
0.06699928104841597,15.232611102242005,2025-09-30 10:56:59.503845
0.712617327312405,14.788553983049361,2025-09-30 10:56:59.503845
-0.4563854090895551,15.136002775283742,2025-09-30 10:56:59.503845
-1.2170312652412845,15.453250661703603,2025-09-30 10:56:59.503845
0.7020706772635785,14.682878083430204,2025-09-30 10:56:59.503845
0.5455251944372345,15.483418422697298,2025-09-30 10:56:59.503845
0.2492726771494337,15.655329013660435,2025-09-30 10:56:59.503845
0.8112533814596277,15.43185750722151,2025-09-30 10:56:59.503845
-0.4152013148176757,14.700221786019666,2025-09-30 10:56:59.503845
-1.115529479934025,15.114398182927165,2025-09-30 10:56:59.503845
-2.0334944156598342,15.026692181909251,2025-09-30 10:56:59.503845
-0.024829932700236815,15.060381977668309,2025-09-30 10:56:59.503845
0.9711371426342947,14.446021963293154,2025-09-30 10:56:59.503845
0.881630237118553,14.778463781428213,2025-09-30 10:56:59.503845
-0.917811833466605,13.21305623465302,2025-09-30 10:56:59.503845
0.8650470447878537,14.740681692541084,2025-09-30 10:56:59.503845
0.4785012320900561,14.693691698180533,2025-09-30 10:56:59.503845
-0.9155052167153174,14.08638147592725,2025-09-30 10:56:59.503845
-0.7731884499203404,14.814305565910043,2025-09-30 10:56:59.503845
0.3687965745063056,14.639211899096617,2025-09-30 10:56:59.503845
1.8097421722338274,14.624113816082682,2025-09-30 10:56:59.503845
-1.7097798091213754,15.022698524732034,2025-09-30 10:56:59.503845
0.04324205887707543,15.253378427258525,2025-09-30 10:56:59.503845
-0.7898779983898014,15.219788711446752,2025-09-30 10:56:59.503845
-1.9550621324651163,15.07877523827072,2025-09-30 10:56:59.503845
0.037036456655560844,15.442173038904725,2025-09-30 10:56:59.503845
0.7112721987389982,14.778396470921045,2025-09-30 10:56:59.503845
0.8265100949064099,14.403083387241047,2025-09-30 10:56:59.503845
-1.6185808373102635,14.518830959019134,2025-09-30 10:56:59.503845
-0.017346842555474494,14.351132315324955,2025-09-30 10:56:59.503845
0.6141292914117447,15.199059003097913,2025-09-30 10:56:59.503845
-0.6410742568453366,14.21736365428032,2025-09-30 10:56:59.503845
0.5792709591216978,14.105998438666733,2025-09-30 10:56:59.503845
0.3833378639293945,14.221119858123096,2025-09-30 10:56:59.503845
-0.9976553711930981,15.263361722538702,2025-09-30 10:56:59.503845
0.4710103495908098,14.010869735774863,2025-09-30 10:56:59.503845
-0.20226839528859758,15.776258800310533,2025-09-30 10:56:59.503845
-0.6693853330584908,14.969265148798105,2025-09-30 10:56:59.503845
1.2159817202920338,14.72346757344628,2025-09-30 10:56:59.503845
-0.14954269697416547,15.077937793676728,2025-09-30 10:56:59.503845
0.16380191904454694,14.436506225457723,2025-09-30 10:56:59.503845
-1.141730560722994,14.291062157359406,2025-09-30 10:56:59.503845
-0.41857557950288476,14.46072416640902,2025-09-30 10:56:59.503845
-1.1902184133961893,14.29158525210165,2025-09-30 10:56:59.503845
-0.5507318892414608,14.777771804082395,2025-09-30 10:56:59.503845
1.175798860997112,15.257941752198835,2025-09-30 10:56:59.503845
0.8491043477364659,15.402415490343856,2025-09-30 10:56:59.503845
-0.15275666824297215,14.389221660538977,2025-09-30 10:56:59.503845
-0.012032552762935607,15.177089664753742,2025-09-30 10:56:59.503845
1.1620545592351097,15.320616580921625,2025-09-30 10:56:59.503845
-0.46586383244422985,15.069906454180998,2025-09-30 10:56:59.503845
0.06852678998941938,15.291220362776441,2025-09-30 10:56:59.503845
1.0646847919497806,15.690880663487327,2025-09-30 10:56:59.503845
1.3930234742594234,15.503934483257977,2025-09-30 10:56:59.503845
-1.2918890943309147,15.007409993400465,2025-09-30 10:56:59.503845
-0.32482047099086064,15.231907324204023,2025-09-30 10:56:59.503845
-0.3391888193628732,14.489538631344342,2025-09-30 10:56:59.503845
-1.2352429855212543,15.16026406187187,2025-09-30 10:56:59.503845
0.2729396262583986,14.64654380646664,2025-09-30 10:56:59.503845
1.1310250710204204,14.59386505086052,2025-09-30 10:56:59.503845
-1.059042943787971,14.98253211348016,2025-09-30 10:56:59.503845
0.1443358162380018,14.390845683381738,2025-09-30 10:56:59.503845
-0.03508419036725781,14.804138254664533,2025-09-30 10:56:59.503845
-0.2844963866955777,14.220625295023197,2025-09-30 10:56:59.503845
-0.7568336051518595,15.013386494707186,2025-09-30 10:56:59.503845
1.0713722984568435,14.962507069656356,2025-09-30 10:56:59.503845
-1.2353035052688754,15.489668363477369,2025-09-30 10:56:59.503845
-0.7246123821645238,15.198612493046317,2025-09-30 10:56:59.503845
1.1037703437371509,14.261333872373667,2025-09-30 10:56:59.503845
-0.5246626673602396,14.22375792318345,2025-09-30 10:56:59.503845
-0.4670486517538902,14.390827539856584,2025-09-30 10:56:59.503845
0.2601402185070935,14.676269466225316,2025-09-30 10:56:59.503845
-0.8889204942359537,13.970068826344512,2025-09-30 10:56:59.503845
0.08097175490187958,14.402216060427655,2025-09-30 10:56:59.503845
-1.8489570003191171,14.425821608187979,2025-09-30 10:56:59.503845
-0.5500141339965959,14.851658460750594,2025-09-30 10:56:59.503845
-1.4323175205044203,15.140181091476787,2025-09-30 10:56:59.503845
-0.8634835741829827,14.98392442273137,2025-09-30 10:56:59.503845
-1.87805781542465,15.293924757196724,2025-09-30 10:56:59.503845
0.33166986442119734,14.364468107757368,2025-09-30 10:56:59.503845
0.10403496444885445,13.756347045874211,2025-09-30 10:56:59.503845
0.4051559316119483,15.177107838996951,2025-09-30 10:56:59.503845
0.6565025915696067,14.113530146532636,2025-09-30 10:56:59.503845
0.21600941792555967,15.165407033213707,2025-09-30 10:56:59.503845
-1.5472563649935334,14.568030459507828,2025-09-30 10:56:59.503845
0.7926353755635094,15.212603927059671,2025-09-30 10:56:59.503845
-0.3570361107190748,14.490175827532013,2025-09-30 10:56:59.503845
-0.5335958376244855,13.639279149840162,2025-09-30 10:56:59.503845
0.8755316891962109,14.44674302211179,2025-09-30 10:56:59.503845
-1.3091222776176843,14.702381009554275,2025-09-30 10:56:59.503845
-1.6313739713623758,14.273406876691668,2025-09-30 10:56:59.503845
1.5678632831319923,15.081889110482976,2025-09-30 10:56:59.503845
0.376074125197364,14.43727328189761,2025-09-30 10:56:59.503845
-1.662160169177688,15.151732619168614,2025-09-30 10:56:59.503845
-0.6755435830671378,15.75656410020377,2025-09-30 10:56:59.503845
-0.007881337531748188,14.973473803818884,2025-09-30 10:56:59.503845
0.1807260195885133,14.28481825777642,2025-09-30 10:56:59.503845
2.08816401340023,15.328972771019833,2025-09-30 10:56:59.503845
-1.9920190428946312,14.183124424339862,2025-09-30 10:56:59.503845
-0.3815081121936496,15.385516799996296,2025-09-30 10:56:59.503845
0.16245899764617738,15.21147515601205,2025-09-30 10:56:59.503845
-1.720863444227368,14.819104661893215,2025-09-30 10:56:59.503845
0.8560768217228448,14.674988225815772,2025-09-30 10:56:59.503845
1.0875394984345743,15.063287606576422,2025-09-30 10:56:59.503845
-1.7347402031602999,14.122292375453453,2025-09-30 10:56:59.503845
-0.32226576620944,14.931765644260668,2025-09-30 10:56:59.503845
1.9872351010150457,14.851590714137222,2025-09-30 10:56:59.503845
-0.0829885132639761,15.454071478755095,2025-09-30 10:56:59.503845
0.7627918563925048,14.909553388717486,2025-09-30 10:56:59.503845
1.2188548814340263,14.276746385411336,2025-09-30 10:56:59.503845
-0.028701374101516672,15.04457529933733,2025-09-30 10:56:59.503845
0.8848909251029936,15.30778260393912,2025-09-30 10:56:59.503845
0.7058624444882458,14.519629402352402,2025-09-30 10:56:59.503845
0.7322527100743413,14.828857683228922,2025-09-30 10:56:59.503845
-0.3473047516016396,14.571257346217985,2025-09-30 10:56:59.503845
1.696881800245097,14.687508312880041,2025-09-30 10:56:59.503845
0.6698774757601154,15.299436528963405,2025-09-30 10:56:59.503845
-0.2982987232053362,14.320567114199012,2025-09-30 10:56:59.503845
0.9493829884157883,14.98461946996548,2025-09-30 10:56:59.503845
1.3622732315032526,14.334752165959406,2025-09-30 10:56:59.503845
0.03154835509541304,14.771468918209345,2025-09-30 10:56:59.503845
-2.6469279576777054,15.256257828852807,2025-09-30 10:56:59.503845
0.56203487215134,13.796982857242162,2025-09-30 10:56:59.503845
0.85255437279048,15.677351259598638,2025-09-30 10:56:59.503845
-0.5354802174502562,14.557404583349346,2025-09-30 10:56:59.503845
-0.17337233145782838,14.879271625565869,2025-09-30 10:56:59.503845
1.3876051338237456,15.301261404095678,2025-09-30 10:56:59.503845
-2.799479812525982,14.42760803248453,2025-09-30 10:56:59.503845
-0.05134820746744659,15.505506045338487,2025-09-30 10:56:59.503845
0.797330839865781,14.751147734893385,2025-09-30 10:56:59.503845
0.15374542955744835,14.528015386812676,2025-09-30 10:56:59.503845
-0.3461374097321044,14.875430449607533,2025-09-30 10:56:59.503845
0.16386136372227025,14.231539539066524,2025-09-30 10:56:59.503845
0.7002620061022166,15.000395895918544,2025-09-30 10:56:59.503845
-0.6562052817608303,15.133372062037337,2025-09-30 10:56:59.503845
-0.06658253583544513,14.600031045522089,2025-09-30 10:56:59.503845
-1.5891675614317278,15.256867685970198,2025-09-30 10:56:59.503845
-1.2716966078383625,14.258270594043882,2025-09-30 10:56:59.503845
-0.8906787462508623,15.310136603150225,2025-09-30 10:56:59.503845
0.08661459150835815,15.026751908587102,2025-09-30 10:56:59.503845
-0.9564504018322183,14.781965646404963,2025-09-30 10:56:59.503845
-0.03419623345832961,15.377602044803723,2025-09-30 10:56:59.503845
-0.21386944608534508,15.134322916759887,2025-09-30 10:56:59.503845
0.30241901243928687,15.66544877628609,2025-09-30 10:56:59.503845
-0.6168835897608306,14.590858809534485,2025-09-30 10:56:59.503845
0.5700752236100397,14.94138371062063,2025-09-30 10:56:59.503845
-0.0424886255327448,14.596367088793837,2025-09-30 10:56:59.503845
-0.3576873988273892,14.469898741537794,2025-09-30 10:56:59.503845
-0.37521106383220226,13.78711316721973,2025-09-30 10:56:59.503845
1.0933967120785832,14.602535341338214,2025-09-30 10:56:59.503845
-0.38774788460659143,14.399423924362493,2025-09-30 10:56:59.503845
-0.31653438464247785,14.614013517359188,2025-09-30 10:56:59.503845
-1.118206560869948,14.678886154403719,2025-09-30 10:56:59.503845
-1.4109939513914174,14.980156746602797,2025-09-30 10:56:59.503845
0.9787098362379233,14.756906863022918,2025-09-30 10:56:59.503845
-1.3057034601052677,15.735879902194574,2025-09-30 10:56:59.503845
-0.7731787092547301,15.257979060202956,2025-09-30 10:56:59.503845
0.4307386713686451,14.728933012163756,2025-09-30 10:56:59.503845
0.6883447878109016,15.090170184591738,2025-09-30 10:56:59.503845
1.9030409761498748,14.53332955087582,2025-09-30 10:56:59.503845
0.6183932950526606,14.95979338160429,2025-09-30 10:56:59.503845
0.4608658406795684,14.865524339159194,2025-09-30 10:56:59.503845
0.7152008096758279,15.5340720119406,2025-09-30 10:56:59.503845
0.4480094270571704,15.789959487187941,2025-09-30 10:56:59.503845
0.35938076706907557,14.68325420361392,2025-09-30 10:56:59.503845
0.19866376143005138,14.782806477593688,2025-09-30 10:56:59.503845
1.5114667621423663,14.310638523239287,2025-09-30 10:56:59.503845
-0.7401631575142014,14.821060132040268,2025-09-30 10:56:59.503845
0.18363325173951595,14.542001743092612,2025-09-30 10:56:59.503845
-0.7436457590895716,13.780622589121297,2025-09-30 10:56:59.503845
-0.9156845208569028,14.435375720321455,2025-09-30 10:56:59.503845
-1.196732628551334,14.339786592684503,2025-09-30 10:56:59.503845
0.24459351960360462,15.110413310415453,2025-09-30 10:56:59.503845
2.0319306013519625,14.564697362728326,2025-09-30 10:56:59.503845
1.1851978740043156,14.796845163099603,2025-09-30 10:56:59.503845
-0.2397629267587459,15.427047277394603,2025-09-30 10:56:59.503845
1.0620743219937274,14.906983991474437,2025-09-30 10:56:59.503845
-0.08370403316591653,14.738880973783662,2025-09-30 10:56:59.503845
-0.45507885834116124,15.156567255587516,2025-09-30 10:56:59.503845
-0.5025106731448727,14.821733882274081,2025-09-30 10:56:59.503845
1.4103694370181108,14.289186231882011,2025-09-30 10:56:59.503845
-0.8889978625215252,15.108507746306973,2025-09-30 10:56:59.503845
0.7950743929562402,14.842254035759685,2025-09-30 10:56:59.503845
-0.5670233218543177,15.259280537205752,2025-09-30 10:56:59.503845
-0.143093679652719,14.627699482791154,2025-09-30 10:56:59.503845
-1.5849302975966677,14.254099217968923,2025-09-30 10:56:59.503845
-0.5354984970550603,14.978902945036683,2025-09-30 10:56:59.503845
1.1186357969101017,14.71605310450623,2025-09-30 10:56:59.503845
-1.6911953566762932,14.692308883180775,2025-09-30 10:56:59.503845
-1.052202564582189,14.922153916792123,2025-09-30 10:56:59.503845
0.45775132869165275,14.886679320175867,2025-09-30 10:56:59.503845
-0.3522980830254225,15.544592425388029,2025-09-30 10:56:59.503845
0.40079978645856534,14.62137247047804,2025-09-30 10:56:59.503845
-0.0060900792062482546,14.83572846950216,2025-09-30 10:56:59.503845
-1.2007708982028105,15.220837948090365,2025-09-30 10:56:59.503845
1.412267532535796,15.07503152631052,2025-09-30 10:56:59.503845
-1.2839689973604291,14.167450441294484,2025-09-30 10:56:59.503845
-0.21219163774548708,15.03387276623817,2025-09-30 10:56:59.503845
-1.0940485999559013,15.39736146802767,2025-09-30 10:56:59.503845
1.8131720163323766,15.018663794951642,2025-09-30 10:56:59.503845
-2.432423021643291,14.98000584790781,2025-09-30 10:56:59.503845
-0.3279300976538713,14.391987374608652,2025-09-30 10:56:59.503845
0.36897747885811705,14.390521600394331,2025-09-30 10:56:59.503845
0.23208951643141418,15.138970251957682,2025-09-30 10:56:59.503845
-1.1267970789574497,14.593030342104965,2025-09-30 10:56:59.503845
0.030109062113215675,15.030155566988972,2025-09-30 10:56:59.503845
-0.10791365966381467,13.981017921391068,2025-09-30 10:56:59.503845
0.4839822858396979,14.549411736947068,2025-09-30 10:56:59.503845
0.34123985202319146,15.042084112125243,2025-09-30 10:56:59.503845
0.8305859759032622,15.563629155344163,2025-09-30 10:56:59.503845
-0.3559081908736259,14.376676303771728,2025-09-30 10:56:59.503845
0.7510028966034438,14.934964345226968,2025-09-30 10:56:59.503845
-0.600216104429883,14.474946329047022,2025-09-30 10:56:59.503845
-1.5401828620323974,14.0779379775404,2025-09-30 10:56:59.503845
-0.34872928735793896,14.535781652514638,2025-09-30 10:56:59.503845
0.2542622159599142,15.42009310823267,2025-09-30 10:56:59.503845
-0.4571588928976978,15.131242813759233,2025-09-30 10:56:59.503845
0.3151033843033417,14.190558435027935,2025-09-30 10:56:59.503845
-0.5330428218926122,14.878647580438606,2025-09-30 10:56:59.503845
0.27418273262638543,14.43951727045448,2025-09-30 10:56:59.503845
-2.003519149606909,14.987420253283943,2025-09-30 10:56:59.503845
0.10319788364934937,15.127955961513173,2025-09-30 10:56:59.503845
0.9068793932088357,14.81495434670904,2025-09-30 10:56:59.503845
-0.1260558596342296,15.24122468352204,2025-09-30 10:56:59.503845
-0.23321869620179106,14.914363680211602,2025-09-30 10:56:59.503845
0.41367482930307486,15.30871203410295,2025-09-30 10:56:59.503845
0.9528006228512973,15.09219074800085,2025-09-30 10:56:59.503845
-1.2266246991606804,14.86100251137832,2025-09-30 10:56:59.503845
-0.5716529267488705,14.066932326982737,2025-09-30 10:56:59.503845
-1.2234393073287113,14.685542404011658,2025-09-30 10:56:59.503845
-0.4546873422145809,14.683332500530925,2025-09-30 10:56:59.503845
-0.8969489332130032,14.281316718853237,2025-09-30 10:56:59.503845
1.6531226649330528,15.092203048919473,2025-09-30 10:56:59.503845
0.15094605629833407,15.097894017280742,2025-09-30 10:56:59.503845
0.3095289183870998,14.936430681227735,2025-09-30 10:56:59.503845
0.10977290634251696,13.912795288306093,2025-09-30 10:56:59.503845
-0.3168420439157203,15.323401608206886,2025-09-30 10:56:59.503845
-0.8768250336610983,14.922022014482451,2025-09-30 10:56:59.503845
-0.09223270635755192,14.13600463004345,2025-09-30 10:56:59.503845
1.2787738350340885,15.452942281394236,2025-09-30 10:56:59.503845
-0.6660638490833355,15.20366069473696,2025-09-30 10:56:59.503845
0.3415638089871096,14.744363884232477,2025-09-30 10:56:59.503845
-0.6284068109369825,14.67803609264783,2025-09-30 10:56:59.503845
0.5169218392023253,15.074237330255912,2025-09-30 10:56:59.503845
-1.7400386178763845,13.607777517619821,2025-09-30 10:56:59.503845
-0.5961203479732433,14.487228806099884,2025-09-30 10:56:59.503845
0.066129731115851,14.89065832820494,2025-09-30 10:56:59.503845
0.44858355743610095,14.596892126413278,2025-09-30 10:56:59.503845
-0.7591980010247392,14.94734815103124,2025-09-30 10:56:59.503845
0.2932743432013083,15.205646669226244,2025-09-30 10:56:59.503845
-0.6201069514904749,14.215263462454189,2025-09-30 10:56:59.503845
0.30972150236831053,14.815162073444794,2025-09-30 10:56:59.503845
-0.6704877698369732,14.394473755804649,2025-09-30 10:56:59.503845
0.23582490790345628,14.692950158699619,2025-09-30 10:56:59.503845
-0.4829394712206862,14.78839979327446,2025-09-30 10:56:59.503845
0.2028877215437452,13.903306969453002,2025-09-30 10:56:59.503845
-1.2591042537983907,14.258744469558815,2025-09-30 10:56:59.503845
-0.45740050145674677,14.120853309832487,2025-09-30 10:56:59.503845
-0.6012488442147411,14.940917656229734,2025-09-30 10:56:59.503845
0.4146246073793635,14.293943376722149,2025-09-30 10:56:59.503845
1.0772761572896017,15.36540002609437,2025-09-30 10:56:59.503845
-0.5132520975632404,14.275185448519789,2025-09-30 10:56:59.503845
0.6155812685861202,15.131042595181794,2025-09-30 10:56:59.503845
0.3076977196649761,13.884674505553111,2025-09-30 10:56:59.503845
-1.4528281874749815,14.498935061414498,2025-09-30 10:56:59.503845
-0.2422341910545587,14.527811074148792,2025-09-30 10:56:59.503845
-0.48447930214912593,15.197935231050854,2025-09-30 10:56:59.503845
1.4698858971797575,14.687959062032393,2025-09-30 10:56:59.503845
1.1734159439253984,14.363598124835299,2025-09-30 10:56:59.503845
1.3433797496885498,15.155970840121821,2025-09-30 10:56:59.503845
1.3415600727782573,14.90438191852706,2025-09-30 10:56:59.503845
0.853921068581646,15.51557492810775,2025-09-30 10:56:59.503845
0.7129829698549187,14.62493673328927,2025-09-30 10:56:59.503845
0.8085980559960096,15.1022537507707,2025-09-30 10:56:59.503845
0.30996455467271056,14.754690299144011,2025-09-30 10:56:59.503845
0.21172365769366894,15.635173072254618,2025-09-30 10:56:59.503845
-0.3964871374682563,14.009522122022553,2025-09-30 10:56:59.503845
0.6433332856618392,14.686432986875204,2025-09-30 10:56:59.503845
-2.4015867816926675,14.401266513228135,2025-09-30 10:56:59.503845
0.46903373568151746,14.900579908152944,2025-09-30 10:56:59.503845
1.2761244083855379,14.998685287961772,2025-09-30 10:56:59.503845
0.7897339056570433,14.243304066560398,2025-09-30 10:56:59.503845
-0.04997341082912215,14.565861933481624,2025-09-30 10:56:59.503845
-1.5066514677432035,14.694599573368341,2025-09-30 10:56:59.503845
1.6702648398821172,14.4827413964381,2025-09-30 10:56:59.503845
1.0652654692568697,14.939531562917171,2025-09-30 10:56:59.503845
-1.4695076587032827,14.71595616524946,2025-09-30 10:56:59.503845
1.6033824683865463,15.127009771828426,2025-09-30 10:56:59.503845
0.8602678896395527,14.766217174918975,2025-09-30 10:56:59.503845
2.0567578707074263,14.651845925942434,2025-09-30 10:56:59.503845
0.22882690027873095,14.877408154376017,2025-09-30 10:56:59.503845
0.4340455768552909,15.235602705073275,2025-09-30 10:56:59.503845
-0.36052821228528653,15.178175009718531,2025-09-30 10:56:59.503845
-1.3586174133078022,15.057511313619083,2025-09-30 10:56:59.503845
0.5238102381025161,15.214987471887788,2025-09-30 10:56:59.503845
-1.1688918789249076,14.656127723551826,2025-09-30 10:56:59.503845
-0.5508577463117327,14.649954031533365,2025-09-30 10:56:59.503845
-0.8348793544175098,14.070568148518328,2025-09-30 10:56:59.503845
1.3274643969584112,15.086314188362506,2025-09-30 10:56:59.503845
-0.16066266525701853,14.27981037896394,2025-09-30 10:56:59.503845
-1.1235628753944849,15.032731116286126,2025-09-30 10:56:59.503845
0.9173585101382882,14.439836047229164,2025-09-30 10:56:59.503845
0.5466790688082334,14.305627496866519,2025-09-30 10:56:59.503845
-1.304773792346436,15.22257041680975,2025-09-30 10:56:59.503845
-0.43991978087889483,14.960722898466587,2025-09-30 10:56:59.503845
0.25315226468265006,14.90447661299598,2025-09-30 10:56:59.503845
-0.14329303390306716,14.195339103025873,2025-09-30 10:56:59.503845
0.7781458523954775,14.716343192161444,2025-09-30 10:56:59.503845
1.185588558539086,14.941119535587578,2025-09-30 10:56:59.503845
1.3562097980301044,14.819588180811945,2025-09-30 10:56:59.503845
-1.2195599333338745,14.565597924913906,2025-09-30 10:56:59.503845
-0.11137867499576873,14.679885823663831,2025-09-30 10:56:59.503845
0.6984438372897449,14.327552826048823,2025-09-30 10:56:59.503845
0.6354240511369168,15.214299311293864,2025-09-30 10:56:59.503845
-0.4408043747257855,14.107095500605828,2025-09-30 10:56:59.503845
1.7815330177476723,15.63478434368694,2025-09-30 10:56:59.503845
0.15454668347902642,13.899117638573575,2025-09-30 10:56:59.503845
-0.0741812412918643,14.585089821523862,2025-09-30 10:56:59.503845
0.4653354571478065,14.547395649519963,2025-09-30 10:56:59.503845
-1.6953141820266926,14.18561062879593,2025-09-30 10:56:59.503845
-0.6178105784141183,14.337161057923694,2025-09-30 10:56:59.503845
0.957588645057995,14.54356101643149,2025-09-30 10:56:59.503845
0.5412374153864632,14.98277739080014,2025-09-30 10:56:59.503845
-0.9266109004319045,15.065923134273326,2025-09-30 10:56:59.503845
-0.5564745700832767,14.185779793436645,2025-09-30 10:56:59.503845
0.845441616792555,13.543265033016793,2025-09-30 10:56:59.503845
-0.45316769145694785,14.220585343835966,2025-09-30 10:56:59.503845
0.2269921191507446,14.461448327076594,2025-09-30 10:56:59.503845
0.14259482327271875,14.31952903441229,2025-09-30 10:56:59.503845
-1.2041690264278675,14.039194829186524,2025-09-30 10:56:59.503845
-0.7604547254539946,15.124116857265392,2025-09-30 10:56:59.503845
1.0980942012522124,15.250147838652213,2025-09-30 10:56:59.503845
-0.7377164734578727,14.563078114753022,2025-09-30 10:56:59.503845
0.7858503630280818,14.742053218624147,2025-09-30 10:56:59.503845
-0.16395369549896502,15.086413855517366,2025-09-30 10:56:59.503845
1.1753911146299771,14.29705031612642,2025-09-30 10:56:59.503845
-0.492203835712526,14.318907715873904,2025-09-30 10:56:59.503845
-0.29013057089781147,15.15951838719296,2025-09-30 10:56:59.503845
-0.8984724652213935,14.269957062103389,2025-09-30 10:56:59.503845
-0.9285211635416801,14.045158116904139,2025-09-30 10:56:59.503845
-0.7243150078130556,14.95405027589084,2025-09-30 10:56:59.503845
0.9939957833752894,14.107416819806888,2025-09-30 10:56:59.503845
-0.2837610244705602,14.489705900028188,2025-09-30 10:56:59.503845
-0.13926506008474923,14.717331314695091,2025-09-30 10:56:59.503845
0.15627026408803008,15.029196906385504,2025-09-30 10:56:59.503845
-0.6230975869238066,14.388926249461766,2025-09-30 10:56:59.503845
-0.9295971443672514,14.542976548019498,2025-09-30 10:56:59.503845
0.8852677052892589,14.751737106833604,2025-09-30 10:56:59.503845
0.4973564512200215,14.831183269479965,2025-09-30 10:56:59.503845
0.49944497638673224,14.121346611219412,2025-09-30 10:56:59.503845
-0.9280514707591146,14.63829628518634,2025-09-30 10:56:59.503845
0.530229213113807,14.51691848165261,2025-09-30 10:56:59.503845
0.45603868554909105,14.541921264998575,2025-09-30 10:56:59.503845
-0.22226944760544817,14.762315140824894,2025-09-30 10:56:59.503845
0.06441786323179481,15.410256920676831,2025-09-30 10:56:59.503845
-0.6044642291064896,13.743737859730938,2025-09-30 10:56:59.503845
0.4148361076631447,14.392806151184482,2025-09-30 10:56:59.503845
-0.14808808835327092,14.879372456068287,2025-09-30 10:56:59.503845
-0.03068307562549358,14.745141263389167,2025-09-30 10:56:59.503845
-0.7648819429476174,15.16740950333133,2025-09-30 10:56:59.503845
-1.1472559142053205,15.475203721467128,2025-09-30 10:56:59.503845
-0.45735990721625613,14.247162952386914,2025-09-30 10:56:59.503845
-0.8848292865889663,14.581945556217397,2025-09-30 10:56:59.503845
0.5911108936461791,14.810485247961646,2025-09-30 10:56:59.503845
-0.1266372614493626,14.805284269468478,2025-09-30 10:56:59.503845
1.889696599520491,14.98584942732331,2025-09-30 10:56:59.503845
-1.4200790767605118,14.598543669386363,2025-09-30 10:56:59.503845
-0.9056353828015901,15.075407843581615,2025-09-30 10:56:59.503845
0.1896465722276621,14.133897502283043,2025-09-30 10:56:59.503845
0.481640832026472,14.38279695797456,2025-09-30 10:56:59.503845
-0.366259624183797,15.334840985803265,2025-09-30 10:56:59.503845
1.5467311242161872,14.15677316977487,2025-09-30 10:56:59.503845
1.727143911624707,14.76772734346418,2025-09-30 10:56:59.503845
-0.1533332062802061,14.758560035173197,2025-09-30 10:56:59.503845
0.39232841419922143,15.126914525183658,2025-09-30 10:56:59.503845
0.07629869162524663,14.574676766289059,2025-09-30 10:56:59.503845
2.4012450026955587,14.901924255943515,2025-09-30 10:56:59.503845
-0.025136014531791165,14.877858151676916,2025-09-30 10:56:59.503845
-0.6474923779214692,14.631680166523779,2025-09-30 10:56:59.503845
-2.360533455254816,15.034104650252917,2025-09-30 10:56:59.503845
-0.5175114042147726,14.308538611580932,2025-09-30 10:56:59.503845
-0.5329072928583878,13.938608820958162,2025-09-30 10:56:59.503845
-0.15070376869981283,14.149602999028453,2025-09-30 10:56:59.503845
0.7677762630726688,14.860798727497675,2025-09-30 10:56:59.503845
-3.6509081757848736,15.283822893574012,2025-09-30 10:56:59.503845
1.5428754786930592,15.543980305337909,2025-09-30 10:56:59.503845
-0.4331743594739485,15.354258552484795,2025-09-30 10:56:59.503845
-0.5701041583171066,15.159804965367696,2025-09-30 10:56:59.503845
-0.07385065816417169,15.07520868734302,2025-09-30 10:56:59.503845
-0.09349402089305392,14.730599429360987,2025-09-30 10:56:59.503845
0.1050198354966725,14.449285402190423,2025-09-30 10:56:59.503845
-0.2290042996594717,14.30137605370078,2025-09-30 10:56:59.503845
-1.9533877624743539,13.419842595566937,2025-09-30 10:56:59.503845
0.013672731026286841,14.827782419533797,2025-09-30 10:56:59.503845
-0.01736955256577687,14.4557228093223,2025-09-30 10:56:59.503845
-0.21777441433383773,14.452097733105854,2025-09-30 10:56:59.503845
0.4748087236051969,15.200407429098515,2025-09-30 10:56:59.503845
-1.448199151604586,14.502871491577006,2025-09-30 10:56:59.503845
-0.3579059223734433,14.848442725197717,2025-09-30 10:56:59.503845
0.22294276731821272,14.422510155961895,2025-09-30 10:56:59.503845
1.337692920372562,14.191445631204626,2025-09-30 10:56:59.503845
-0.15226825583407505,13.724163477810992,2025-09-30 10:56:59.503845
0.6958656970085044,14.408081077274153,2025-09-30 10:56:59.503845
0.30522552617563525,15.433487243674007,2025-09-30 10:56:59.503845
1.139160008765387,15.590629152881093,2025-09-30 10:56:59.503845
-2.1467901810277827,15.121182101740613,2025-09-30 10:56:59.503845
-0.1892187299704412,14.916616550450307,2025-09-30 10:56:59.503845
-0.21959115074898347,14.127010664501864,2025-09-30 10:56:59.503845
1.619863929347013,15.163253504848772,2025-09-30 10:56:59.503845
-0.034085899372556294,15.592299027362372,2025-09-30 10:56:59.503845
-2.08848380752979,14.875032684100304,2025-09-30 10:56:59.503845
1.3834855214355015,14.341396681559907,2025-09-30 10:56:59.503845
0.5536271532826941,15.083956828037952,2025-09-30 10:56:59.503845
-0.9304457066548356,15.69387894599911,2025-09-30 10:56:59.503845
-1.4218582948882406,15.130205510040877,2025-09-30 10:56:59.503845
-1.5558039867997355,15.432701149083908,2025-09-30 10:56:59.503845
-0.08533726071744842,14.70525699801735,2025-09-30 10:56:59.503845
-1.2035700929234103,15.2021854077283,2025-09-30 10:56:59.503845
0.23612994044930166,14.344839770048422,2025-09-30 10:56:59.503845
2.0827901891667873,15.14336750312128,2025-09-30 10:56:59.503845
0.5607957114783902,14.1320128747284,2025-09-30 10:56:59.503845
-0.06038393805781776,14.674885763244218,2025-09-30 10:56:59.503845
-0.022707190127595846,14.633089278530912,2025-09-30 10:56:59.503845
2.5044948468833166,15.0405380718285,2025-09-30 10:56:59.503845
-1.6093298757084928,14.637096811734883,2025-09-30 10:56:59.503845
-0.3785300792877888,14.753981439790662,2025-09-30 10:56:59.503845
1.2474197290116174,14.637019226899056,2025-09-30 10:56:59.503845
-1.2505303332629276,15.478501338941395,2025-09-30 10:56:59.503845
0.15974882648790106,15.593252006887068,2025-09-30 10:56:59.503845
-0.3040676251436666,15.057489790502883,2025-09-30 10:56:59.503845
-0.7921831721813137,15.78009249849103,2025-09-30 10:56:59.503845
1.8799680104788765,14.32376375629794,2025-09-30 10:56:59.503845
0.18529016251387428,14.780117666510648,2025-09-30 10:56:59.503845
0.6275493557034527,15.330205768687767,2025-09-30 10:56:59.503845
-0.016609959749318108,14.528521054576933,2025-09-30 10:56:59.503845
-0.3879102263173475,15.7490115597145,2025-09-30 10:56:59.503845
1.9505445263247507,15.652899141998642,2025-09-30 10:56:59.503845
-1.2972768903739211,15.53681427636068,2025-09-30 10:56:59.503845
-0.5505631126398903,14.329852197393063,2025-09-30 10:56:59.503845
1.6202913296320893,14.357758065256583,2025-09-30 10:56:59.503845
0.6558789811059176,14.752615218686296,2025-09-30 10:56:59.503845
-0.5078235448942919,13.82257569031314,2025-09-30 10:56:59.503845
-0.7323714743200205,14.432093506304303,2025-09-30 10:56:59.503845
-0.012394705775185906,15.077303059430033,2025-09-30 10:56:59.503845
-0.6543195785128891,14.60879832322926,2025-09-30 10:56:59.503845
-2.2958663083399817,14.976188099523407,2025-09-30 10:56:59.503845
-0.5207726199693076,13.91428143515894,2025-09-30 10:56:59.503845
0.5191661805730893,14.374790868002501,2025-09-30 10:56:59.503845
1.2096573161316064,14.652694414843637,2025-09-30 10:56:59.503845
-1.1108406936415791,15.294729923449502,2025-09-30 10:56:59.503845
0.5888001031869498,15.270971450878795,2025-09-30 10:56:59.503845
-1.5813885592493169,14.677767597648726,2025-09-30 10:56:59.503845
0.4550674476238044,14.820198738953055,2025-09-30 10:56:59.503845
-0.5661992698717961,14.67302830438583,2025-09-30 10:56:59.503845
-0.34170877188536525,14.903711497023007,2025-09-30 10:56:59.503845
-0.34009619023408083,14.791236374255753,2025-09-30 10:56:59.503845
-1.0420719413438078,14.905316729398633,2025-09-30 10:56:59.503845
-0.22938960621021132,14.432739519306734,2025-09-30 10:56:59.503845
-1.4724243975044082,15.204282000902513,2025-09-30 10:56:59.503845
-1.1544663195735376,14.692834285976174,2025-09-30 10:56:59.503845
-0.9461828370298082,14.692077063404664,2025-09-30 10:56:59.503845
-0.25790878903286685,15.413935318767143,2025-09-30 10:56:59.503845
-0.3781181855087205,14.853366352593584,2025-09-30 10:56:59.503845
-0.8137898911120829,14.96462351066888,2025-09-30 10:56:59.503845
0.7827600207502714,14.762547426148439,2025-09-30 10:56:59.503845
0.04100486094085526,15.313692435280203,2025-09-30 10:56:59.503845
-1.2745503939912637,14.857418651147082,2025-09-30 10:56:59.503845
0.6182232469826796,14.383476538457156,2025-09-30 10:56:59.503845
-1.732465660239929,14.970803607059375,2025-09-30 10:56:59.503845
-0.29237256403573103,14.982216356070058,2025-09-30 10:56:59.503845
-1.5531975272587235,14.78456985242144,2025-09-30 10:56:59.503845
0.9060507139993962,14.44576195968177,2025-09-30 10:56:59.503845
-1.0247668804400358,14.459512692538846,2025-09-30 10:56:59.503845
-0.0274981761816716,14.40702804253129,2025-09-30 10:56:59.503845
-0.5243822566516122,14.977560867992576,2025-09-30 10:56:59.503845
-0.38782587132395646,14.922332864992168,2025-09-30 10:56:59.503845
-0.3690581140892367,14.972764893359699,2025-09-30 10:56:59.503845
0.5933953444149799,15.337289139845604,2025-09-30 10:56:59.503845
-1.403304806148181,15.028851803854334,2025-09-30 10:56:59.503845
-0.02836463711330787,14.217743425528036,2025-09-30 10:56:59.503845
0.8653179120649968,14.82294267927093,2025-09-30 10:56:59.503845
-1.2549198365593115,14.808033325919094,2025-09-30 10:56:59.503845
0.7643337913328401,15.060044762389033,2025-09-30 10:56:59.503845
-0.2975022899813512,15.047285031644728,2025-09-30 10:56:59.503845
-1.1105418914832141,14.98425270190462,2025-09-30 10:56:59.503845
0.8418094431449781,15.240805853957022,2025-09-30 10:56:59.503845
0.9877764329164856,14.343725185248143,2025-09-30 10:56:59.503845
-0.026650611036791158,14.695519552118684,2025-09-30 10:56:59.503845
1.746274915694743,14.48332850156774,2025-09-30 10:56:59.503845
-0.26030518813130515,15.76080080416174,2025-09-30 10:56:59.503845
-0.7079312363319529,14.418876270250166,2025-09-30 10:56:59.503845
-0.4705325819822461,15.201730878202191,2025-09-30 10:56:59.503845
-0.5890871704095045,15.014748149079693,2025-09-30 10:56:59.503845
-0.8584112676208017,14.437360452505475,2025-09-30 10:56:59.503845
2.323803039888143,13.909289732578571,2025-09-30 10:56:59.503845
-0.3330351651313485,14.230080014975751,2025-09-30 10:56:59.503845
1.0477105552091546,14.03076964492022,2025-09-30 10:56:59.503845
0.5771783318233724,15.65140491205416,2025-09-30 10:56:59.503845
-0.9852374501177399,14.563681309859087,2025-09-30 10:56:59.503845
-2.2919136167992624,14.762246367433956,2025-09-30 10:56:59.503845
0.8910057357309837,13.871768611662109,2025-09-30 10:56:59.503845
-2.058497105928939,14.834277155803322,2025-09-30 10:56:59.503845
-0.15400717933026245,15.136302120464624,2025-09-30 10:56:59.503845
0.7696766460059846,14.370187708247137,2025-09-30 10:56:59.503845
0.5873193855028228,14.417844045357734,2025-09-30 10:56:59.503845
0.5849842430942556,14.62154656047503,2025-09-30 10:56:59.503845
0.7361367189611169,14.643236483763317,2025-09-30 10:56:59.503845
-0.22975378561664878,15.174494911449095,2025-09-30 10:56:59.503845
0.21771315579512493,14.922548846939444,2025-09-30 10:56:59.503845
-0.359615734748954,15.538016724219645,2025-09-30 10:56:59.503845
-0.6697149820639384,15.370855787659165,2025-09-30 10:56:59.503845
-0.38525124056635623,14.882446622504762,2025-09-30 10:56:59.503845
1.231964709213662,15.184636174337207,2025-09-30 10:56:59.503845
-0.6896509410298033,15.025430566073961,2025-09-30 10:56:59.503845
-0.6545055045947581,14.499820908171406,2025-09-30 10:56:59.503845
1.109837989261068,15.495683364501708,2025-09-30 10:56:59.503845
0.9210716144478871,14.847987213290624,2025-09-30 10:56:59.503845
0.6939868774306411,15.145195897596608,2025-09-30 10:56:59.503845
-0.48798978731772324,14.752073376241617,2025-09-30 10:56:59.503845
-0.1037600058926551,14.506903237925888,2025-09-30 10:56:59.503845
0.0739349673817924,14.597451715250841,2025-09-30 10:56:59.503845
0.056882748961112437,14.322507452753376,2025-09-30 10:56:59.503845
-1.618463351020858,14.001315820741802,2025-09-30 10:56:59.503845
-0.7798721720580121,14.43128888367277,2025-09-30 10:56:59.503845
0.14499344525321703,14.750677607944967,2025-09-30 10:56:59.503845
0.3241580441043911,15.337427050149426,2025-09-30 10:56:59.503845
0.5899529744518962,13.993800094443051,2025-09-30 10:56:59.503845
0.9326465717693851,14.450849707026936,2025-09-30 10:56:59.503845
2.380868365016845,14.09347918427722,2025-09-30 10:56:59.503845
0.30739749973289654,14.7521913736657,2025-09-30 10:56:59.503845
-1.3290617838927645,15.546050267178499,2025-09-30 10:56:59.503845
-0.34533948708917295,15.205319342355297,2025-09-30 10:56:59.503845
-0.7112027771295937,14.312394702389506,2025-09-30 10:56:59.503845
0.18710341309644735,15.154065453223483,2025-09-30 10:56:59.503845
-0.29333384828254677,14.428081833316961,2025-09-30 10:56:59.503845
0.11205182478415421,15.078116204104623,2025-09-30 10:56:59.503845
-1.7674865466875018,15.160838822808156,2025-09-30 10:56:59.503845
1.7969758858639686,15.469561119013902,2025-09-30 10:56:59.503845
-0.48199679446243704,14.659054111712164,2025-09-30 10:56:59.503845
1.7741375950151148,15.192072048959405,2025-09-30 10:56:59.503845
-0.4794445612853326,14.775696898418973,2025-09-30 10:56:59.503845
1.175516954422331,14.346370043882999,2025-09-30 10:56:59.503845
-0.9151435470760761,14.770563677344411,2025-09-30 10:56:59.503845
1.015760355155059,14.72369915863102,2025-09-30 10:56:59.503845
0.07866433198609914,14.769125757399166,2025-09-30 10:56:59.503845
-0.21919307764688897,14.73993998140165,2025-09-30 10:56:59.503845
-0.2078466969844939,15.100043721199677,2025-09-30 10:56:59.503845
0.11147904254575436,14.423120750915913,2025-09-30 10:56:59.503845
-1.7339380841763912,14.338615756363431,2025-09-30 10:56:59.503845
-0.32699890105910484,14.106552667863628,2025-09-30 10:56:59.503845
1.1042404358065014,14.402048203298483,2025-09-30 10:56:59.503845
-0.84204930627311,14.816004136222304,2025-09-30 10:56:59.503845
0.6992901601146323,14.526187848642493,2025-09-30 10:56:59.503845
-0.055483795740057795,15.254620366985105,2025-09-30 10:56:59.503845
1.679494381377826,14.753639118880574,2025-09-30 10:56:59.503845
2.14046015110915,13.855931538791225,2025-09-30 10:56:59.503845
1.8195012604480831,14.773626241562738,2025-09-30 10:56:59.503845
-0.07822090173457266,14.729606059056678,2025-09-30 10:56:59.503845
0.7406357664887577,14.395494011258377,2025-09-30 10:56:59.503845
0.49278521024978134,14.773667770976147,2025-09-30 10:56:59.503845
-0.724356190212667,14.743281537387713,2025-09-30 10:56:59.503845
0.37542658721681554,15.262141110309308,2025-09-30 10:56:59.503845
0.4776269160389827,14.19392072210906,2025-09-30 10:56:59.503845
-0.7792769964335388,15.03307906471364,2025-09-30 10:56:59.503845
-0.18018255993507398,14.100322220730495,2025-09-30 10:56:59.503845
-0.33764704388217726,15.083292978482676,2025-09-30 10:56:59.503845
0.39835647602107416,14.6973343354516,2025-09-30 10:56:59.503845
-0.6801741174194981,14.480250496232866,2025-09-30 10:56:59.503845
2.0057247304172354,13.99626039508569,2025-09-30 10:56:59.503845
-0.21390799710539507,15.00846494994305,2025-09-30 10:56:59.503845
0.15992542248971753,14.695773122678748,2025-09-30 10:56:59.503845
-0.4240033392852503,14.913832266128153,2025-09-30 10:56:59.503845
-2.56879131661415,14.997933417644987,2025-09-30 10:56:59.503845
-0.7296651640825675,15.172007983738066,2025-09-30 10:56:59.503845
-2.0507166370557757,13.942434759388943,2025-09-30 10:56:59.503845
-0.038914697178884954,14.85802884129179,2025-09-30 10:56:59.503845
0.4001238410195384,14.349357763110959,2025-09-30 10:56:59.503845
-0.6772591575007647,14.3957282281149,2025-09-30 10:56:59.503845
-0.08281855395825331,14.98703791776954,2025-09-30 10:56:59.503845
0.7297973303826686,14.868845088260285,2025-09-30 10:56:59.503845
-1.2333436874956776,15.00651713573304,2025-09-30 10:56:59.503845
1.3823526776114554,14.398125717677216,2025-09-30 10:56:59.503845
1.0195483218380719,14.492138414182008,2025-09-30 10:56:59.503845
0.37989142526249475,14.824409092829908,2025-09-30 10:56:59.503845
1.1771822763570818,14.749703733383832,2025-09-30 10:56:59.503845
-0.3160008859584768,14.707748201398305,2025-09-30 10:56:59.503845
0.6437008122978948,13.8516202381173,2025-09-30 10:56:59.503845
-1.34201471490304,15.045781024377364,2025-09-30 10:56:59.503845
-0.756518398453896,14.85114872138145,2025-09-30 10:56:59.503845
-2.355506950945169,14.316933253553334,2025-09-30 10:56:59.503845
-0.17443444684769324,15.16014106295866,2025-09-30 10:56:59.503845
-0.27958240113947763,14.569548709674804,2025-09-30 10:56:59.503845
0.47755723868704497,14.20235824243914,2025-09-30 10:56:59.503845
-1.1931666778971193,15.01220029401729,2025-09-30 10:56:59.503845
1.487206216258278,14.356888299549308,2025-09-30 10:56:59.503845
-0.12721697210926905,14.53482698689206,2025-09-30 10:56:59.503845
-0.6424882661884639,15.184723427921972,2025-09-30 10:56:59.503845
2.607624918001138,15.214829431363821,2025-09-30 10:56:59.503845
0.25436190289976435,15.114186979209135,2025-09-30 10:56:59.503845
1.5414860196782185,15.095891200336961,2025-09-30 10:56:59.503845
-1.1252909993855857,14.36151330107671,2025-09-30 10:56:59.503845
-0.012554875770137962,15.328022205573813,2025-09-30 10:56:59.503845
-0.15654056273837366,14.981728757492473,2025-09-30 10:56:59.503845
0.042768305868341336,15.460366794209557,2025-09-30 10:56:59.503845
-0.22815193907694908,15.056435997960994,2025-09-30 10:56:59.503845
1.608509734184845,15.593425581319261,2025-09-30 10:56:59.503845
0.24765824493259436,14.368668317692242,2025-09-30 10:56:59.503845
0.2194665592888802,15.715235774564896,2025-09-30 10:56:59.503845
0.7105484258499029,14.62676466619791,2025-09-30 10:56:59.503845
-1.3840022577211315,14.776979985843383,2025-09-30 10:56:59.503845
0.02118144456141549,14.70566008576816,2025-09-30 10:56:59.503845
-0.8470365789533802,14.26846016053628,2025-09-30 10:56:59.503845
-0.3474698217371037,15.159874867430707,2025-09-30 10:56:59.503845
0.15901548136659133,14.13681864780913,2025-09-30 10:56:59.503845
-0.8436888266356984,14.733905776232474,2025-09-30 10:56:59.503845
-1.3354317972327232,14.910557740702588,2025-09-30 10:56:59.503845
-0.8071395684181508,14.120177301593738,2025-09-30 10:56:59.503845
-0.14175142306186664,14.404471903469206,2025-09-30 10:56:59.503845
-0.1556780330423986,15.101868163701566,2025-09-30 10:56:59.503845
0.43130249003561943,14.74012956289009,2025-09-30 10:56:59.503845
0.8276651540223682,14.075873493083844,2025-09-30 10:56:59.503845
0.6984639848114347,14.504802476234005,2025-09-30 10:56:59.503845
0.4642446616909228,15.14694441744343,2025-09-30 10:56:59.503845
-0.3807369244878402,14.616767494752862,2025-09-30 10:56:59.503845
-0.39165688724025033,14.246267556593791,2025-09-30 10:56:59.503845
1.1347700134002587,15.285192601919892,2025-09-30 10:56:59.503845
-1.051230749179606,15.424333524464968,2025-09-30 10:56:59.503845
0.8801284409702607,15.134294390737004,2025-09-30 10:56:59.503845
-1.3331389829144737,14.627033017257322,2025-09-30 10:56:59.503845
0.4840285677552137,14.28873331065996,2025-09-30 10:56:59.503845
-0.006543111249562698,14.94075940910688,2025-09-30 10:56:59.503845
-0.7108233930070025,14.87429137334623,2025-09-30 10:56:59.503845
-1.717927168191382,14.257420735734211,2025-09-30 10:56:59.503845
0.671494041306921,14.93878289249194,2025-09-30 10:56:59.503845
1.1510906976406623,14.701951114841393,2025-09-30 10:56:59.503845
0.12593091461825667,15.979783027055523,2025-09-30 10:56:59.503845
-0.8533520083005672,14.8984064809426,2025-09-30 10:56:59.503845
-1.0494654941114634,14.718048737809323,2025-09-30 10:56:59.503845
-0.2748543706980888,14.929043153372456,2025-09-30 10:56:59.503845
0.9813843699471427,14.86298860718953,2025-09-30 10:56:59.503845
-0.4936992003586551,14.05851650011284,2025-09-30 10:56:59.503845
0.20205712378236315,14.181556626128707,2025-09-30 10:56:59.503845
-0.16529561657961503,14.785119838712884,2025-09-30 10:56:59.503845
-0.6671681193204967,14.571055249508944,2025-09-30 10:56:59.503845
-1.287962922738618,14.218155312618084,2025-09-30 10:56:59.503845
0.44868883592308634,14.256370196807474,2025-09-30 10:56:59.503845
-0.2168374545356753,14.446641318354601,2025-09-30 10:56:59.503845
-0.25719774548696583,14.280915874139632,2025-09-30 10:56:59.503845
0.8562533240204337,14.86799256785876,2025-09-30 10:56:59.503845
0.10822742986200568,14.862536072370473,2025-09-30 10:56:59.503845
-1.5698531042109518,14.54424552553905,2025-09-30 10:56:59.503845
-0.8553344231536887,15.496965512508847,2025-09-30 10:56:59.503845
1.3059085444314817,14.222112885177195,2025-09-30 10:56:59.503845
1.0491843583982998,15.20539791091591,2025-09-30 10:56:59.503845
0.29136908219014407,14.200565344265355,2025-09-30 10:56:59.503845
-1.3480432899762163,15.159534993319685,2025-09-30 10:56:59.503845
0.25293453390401804,14.166980628928405,2025-09-30 10:56:59.503845
-1.07877643641557,14.203530615456664,2025-09-30 10:56:59.503845
0.6284497953311203,14.8062238422766,2025-09-30 10:56:59.503845
-1.0344270925174115,14.563782360184616,2025-09-30 10:56:59.503845
-0.15615988769574007,15.072792361575514,2025-09-30 10:56:59.503845
1.0230070877127426,14.701641324261976,2025-09-30 10:56:59.503845
0.13601721889109233,14.477553938168809,2025-09-30 10:56:59.503845
2.1993932352547167,14.567325429185384,2025-09-30 10:56:59.503845
0.8927573953361195,15.291443600210318,2025-09-30 10:56:59.503845
-0.9736430409231595,15.174863566461047,2025-09-30 10:56:59.503845
0.7481654470652372,14.779216043872106,2025-09-30 10:56:59.503845
2.4231561549692753,15.069243935956775,2025-09-30 10:56:59.503845
-0.05697385605388092,14.558333315587973,2025-09-30 10:56:59.503845
0.6279137977765927,14.306441955019128,2025-09-30 10:56:59.503845
-1.2709415304908556,14.475719254435283,2025-09-30 10:56:59.503845
0.9578147154916655,14.19150276554383,2025-09-30 10:56:59.503845
1.2314219129626205,14.799500212911227,2025-09-30 10:56:59.503845
0.5783961669161926,14.378247413876295,2025-09-30 10:56:59.503845
-0.8122221313254202,14.72660991668356,2025-09-30 10:56:59.503845
0.7124112472310575,13.989827506807078,2025-09-30 10:56:59.503845
-2.4201840704373,15.610651878151996,2025-09-30 10:56:59.503845
-0.8754824884760686,14.794524547865999,2025-09-30 10:56:59.503845
0.783091794893834,14.983337991050991,2025-09-30 10:56:59.503845
-0.6345585386941788,14.622424171973936,2025-09-30 10:56:59.503845
-0.562283509916334,15.702165680608468,2025-09-30 10:56:59.503845
0.10641955313323156,14.160236073508873,2025-09-30 10:56:59.503845
0.10956210009301491,14.887678475078214,2025-09-30 10:56:59.503845
0.1277370580890183,14.782175645409554,2025-09-30 10:56:59.503845
1.804292521155612,14.647786084779668,2025-09-30 10:56:59.503845
0.15725571789700732,14.209624639970901,2025-09-30 10:56:59.503845
-0.4155186171424216,15.129652836876403,2025-09-30 10:56:59.503845
1.0320804203249354,15.699972068787797,2025-09-30 10:56:59.503845
1.0650875779820226,15.58272177085091,2025-09-30 10:56:59.503845
-0.7308253749955292,13.662486070912298,2025-09-30 10:56:59.503845
0.41392350234895864,14.998070396864728,2025-09-30 10:56:59.503845
-0.5080596887302231,13.640842848611664,2025-09-30 10:56:59.503845
-0.0862337715424487,14.036185227964173,2025-09-30 10:56:59.503845
1.093037639044555,14.758862526618907,2025-09-30 10:56:59.503845
2.2461817093818355,15.725791667335356,2025-09-30 10:56:59.503845
-1.8454010371368348,14.796833199348297,2025-09-30 10:56:59.503845
-1.1088058368673455,14.763308866658527,2025-09-30 10:56:59.503845
0.03422733879965308,14.718438734581017,2025-09-30 10:56:59.503845
-0.19237457343002184,14.701051510267792,2025-09-30 10:56:59.503845
0.9871843892782262,14.706032619638728,2025-09-30 10:56:59.503845
0.6388005675707705,15.195062960681584,2025-09-30 10:56:59.503845
-0.08558486961884865,13.998274377186101,2025-09-30 10:56:59.503845
-0.8959627679393273,14.856016139399058,2025-09-30 10:56:59.503845
1.4773444430210756,14.37955620960008,2025-09-30 10:56:59.503845
-1.0472910197317327,14.4751898336928,2025-09-30 10:56:59.503845
1.4768495208906114,14.494150931987615,2025-09-30 10:56:59.503845
-0.7216186184024693,14.734046431027979,2025-09-30 10:56:59.503845
-0.10578465819216548,15.218232542386703,2025-09-30 10:56:59.503845
1.4926058276475942,14.74886108012172,2025-09-30 10:56:59.503845
2.2041169053678717,15.055858623040832,2025-09-30 10:56:59.503845
0.07243885124496995,13.784943257652415,2025-09-30 10:56:59.503845
0.22795477558149482,14.88867161546564,2025-09-30 10:56:59.503845
0.382078218200338,14.30583814089677,2025-09-30 10:56:59.503845
-2.1379622875201356,15.830051233306726,2025-09-30 10:56:59.503845
0.25210930462032677,14.991766406360357,2025-09-30 10:56:59.503845
-0.838466426111079,14.400242050655306,2025-09-30 10:56:59.503845
1.4262884763694683,14.526137224006318,2025-09-30 10:56:59.503845
-1.776188278105309,14.996562509615973,2025-09-30 10:56:59.503845
-0.7674071604103265,14.69177298809778,2025-09-30 10:56:59.503845
0.580840146390237,15.390607380752623,2025-09-30 10:56:59.503845
0.371273281652342,15.137204575839156,2025-09-30 10:56:59.503845
-0.7677785998506091,14.7120318723509,2025-09-30 10:56:59.503845
0.6432601753200147,15.65142400812659,2025-09-30 10:56:59.503845
0.051347726530870524,15.412869909183312,2025-09-30 10:56:59.503845
0.12425812793906917,15.428518707220274,2025-09-30 10:56:59.503845
-1.92853527437456,14.32381479102943,2025-09-30 10:56:59.503845
0.10000473501587054,14.32611288586794,2025-09-30 10:56:59.503845
0.36871125456577863,14.626257716711905,2025-09-30 10:56:59.503845
-0.38180206911820364,15.214428065413111,2025-09-30 10:56:59.503845
0.46548573900537793,14.146359312294862,2025-09-30 10:56:59.503845
0.3189438602914854,14.487935086296657,2025-09-30 10:56:59.503845
0.04518581845614241,14.776142517290541,2025-09-30 10:56:59.503845
-0.6406057718299298,15.377682906669124,2025-09-30 10:56:59.503845
0.3548290259975151,14.908309609852171,2025-09-30 10:56:59.503845
0.7046559592469755,14.642433461356562,2025-09-30 10:56:59.503845
-0.45786780812961353,15.315817994787675,2025-09-30 10:56:59.503845
1.3669036123720189,15.20764669301517,2025-09-30 10:56:59.503845
-0.38252673754097133,14.861599714170882,2025-09-30 10:56:59.503845
0.4950187183831334,15.574583032665306,2025-09-30 10:56:59.503845
0.0016648212140476962,13.989946768426893,2025-09-30 10:56:59.503845
-0.46579189414775246,15.193146422092935,2025-09-30 10:56:59.503845
1.7077996727662579,14.797507060888131,2025-09-30 10:56:59.503845
0.2515503465775541,15.243647265455502,2025-09-30 10:56:59.503845
-1.258053138152982,14.848690157591115,2025-09-30 10:56:59.503845
0.7528695427552051,14.065489988223138,2025-09-30 10:56:59.503845
1.144384772305101,14.62155003513975,2025-09-30 10:56:59.503845
-0.8281293710612045,14.513299479678604,2025-09-30 10:56:59.503845
-0.10880891109970238,14.022587394729126,2025-09-30 10:56:59.503845
2.2357372067320425,14.164960413035283,2025-09-30 10:56:59.503845
-0.2339878745794597,14.5729529828806,2025-09-30 10:56:59.503845
2.441211887525301,14.807263384643587,2025-09-30 10:56:59.503845
-1.4191196508949446,14.537303751739426,2025-09-30 10:56:59.503845
-0.6716097299081824,14.12051370284952,2025-09-30 10:56:59.503845
-1.4979547057463884,14.305218979337328,2025-09-30 10:56:59.503845
-1.2303192093416655,14.286031658692693,2025-09-30 10:56:59.503845
0.8275159992264072,14.65653013646538,2025-09-30 10:56:59.503845
0.6786491004903582,14.988010658557677,2025-09-30 10:56:59.503845
-0.3179142351423096,14.576759840075338,2025-09-30 10:56:59.503845
1.3216615641926777,14.891046210470174,2025-09-30 10:56:59.503845
-0.18964321280096716,14.917305078825516,2025-09-30 10:56:59.503845
1.9015742610437758,14.45803225343609,2025-09-30 10:56:59.503845
-1.2263542572051658,14.928856685317989,2025-09-30 10:56:59.503845
-0.29669513913373574,15.152806783751185,2025-09-30 10:56:59.503845
0.7741162788240928,14.53365716560305,2025-09-30 10:56:59.503845
-0.750908264436463,15.094916871600319,2025-09-30 10:56:59.503845
0.5503607337722113,15.061628534654155,2025-09-30 10:56:59.503845
-0.3653691170865033,14.753416848684095,2025-09-30 10:56:59.503845
0.4652471436943192,15.205346504153962,2025-09-30 10:56:59.503845
2.101966741560168,14.572046150818744,2025-09-30 10:56:59.503845
1.462838844295824,15.577381567646379,2025-09-30 10:56:59.503845
0.13086868050569098,14.836264257701224,2025-09-30 10:56:59.503845
-0.5800994355137905,15.185097275219405,2025-09-30 10:56:59.503845
-0.2719491486842542,15.109991759373392,2025-09-30 10:56:59.503845
-1.5326823770991655,15.16327908279258,2025-09-30 10:56:59.503845
0.40528049864437815,14.645495805834045,2025-09-30 10:56:59.503845
0.09862129457461394,14.949887611898756,2025-09-30 10:56:59.503845
-0.8883432477063621,15.649773682246735,2025-09-30 10:56:59.503845
0.881670359612645,15.012557572888756,2025-09-30 10:56:59.503845
-2.440621589570431,14.913652305803051,2025-09-30 10:56:59.503845
0.9433745651884131,14.29309133833783,2025-09-30 10:56:59.503845
0.42765367264364734,14.48788878060697,2025-09-30 10:56:59.503845
-1.229215004456989,14.408168080380248,2025-09-30 10:56:59.503845
1.0658758019705021,14.63249084183534,2025-09-30 10:56:59.503845
-0.6608734588057277,14.637419030107063,2025-09-30 10:56:59.503845
0.47036332198946423,14.544232916705875,2025-09-30 10:56:59.503845
-0.12342249440427358,14.408440983688754,2025-09-30 10:56:59.503845
-1.5558822917252972,15.320841927990564,2025-09-30 10:56:59.503845
1.1416863272059574,14.982489089109624,2025-09-30 10:56:59.503845
-0.047193758598898815,14.500030188688875,2025-09-30 10:56:59.503845
-0.5845211958901755,14.194998285639066,2025-09-30 10:56:59.503845
-0.7372342832938262,15.72777161531463,2025-09-30 10:56:59.503845
0.2687761810050383,14.35366099222319,2025-09-30 10:56:59.503845
0.4868024275031415,14.553740281352578,2025-09-30 10:56:59.503845
-0.20545620389026287,14.566381178552101,2025-09-30 10:56:59.503845
-1.2383553898894413,15.39466386263463,2025-09-30 10:56:59.503845
-0.39901109857297845,15.486643270909559,2025-09-30 10:56:59.503845
0.49684067906280066,14.681927039458142,2025-09-30 10:56:59.503845
1.277438825374444,14.185819077888626,2025-09-30 10:56:59.503845
-0.08367629625233095,15.034726785753712,2025-09-30 10:56:59.503845
1.2468019476782046,15.005057950846293,2025-09-30 10:56:59.503845
-0.10674073675522064,15.399776463742453,2025-09-30 10:56:59.503845
0.17472437650497105,15.271786796141532,2025-09-30 10:56:59.503845
-0.650564394825462,15.129745453155525,2025-09-30 10:56:59.503845
-0.1279476160655944,14.727604953005267,2025-09-30 10:56:59.503845
-0.7446741860490722,14.558914967158072,2025-09-30 10:56:59.503845
0.3698511439947078,14.730529474215462,2025-09-30 10:56:59.503845
-1.398528823428912,14.740435508950451,2025-09-30 10:56:59.503845
0.23863000246382965,14.121053200828479,2025-09-30 10:56:59.503845
-0.4939915143646681,15.174067120231587,2025-09-30 10:56:59.503845
0.15427110768999772,13.895228722835833,2025-09-30 10:56:59.503845
-0.06892369735513129,14.801833416319978,2025-09-30 10:56:59.503845
-0.3625954258252527,14.44110923809721,2025-09-30 10:56:59.503845
-0.5814451343952146,15.415338261316316,2025-09-30 10:56:59.503845
-0.6250338585409784,15.15417730502067,2025-09-30 10:56:59.503845
-0.7131600865528952,15.229374555230203,2025-09-30 10:56:59.503845
0.39250108471269973,15.002467938678569,2025-09-30 10:56:59.503845
-0.70453979180961,14.840641223511566,2025-09-30 10:56:59.503845
-1.0075349709693522,15.07205520879671,2025-09-30 10:56:59.503845
-0.771700538038599,14.739365222013838,2025-09-30 10:56:59.503845
-1.3847465160694525,14.72432518054515,2025-09-30 10:56:59.503845
-0.05902887217926766,14.718383153148567,2025-09-30 10:56:59.503845
0.16189627592922215,14.659114303183483,2025-09-30 10:56:59.503845
-0.8626954242034504,14.646721194705847,2025-09-30 10:56:59.503845
0.1738255832156923,13.838068312264888,2025-09-30 10:56:59.503845
1.374702327494531,14.417955682995972,2025-09-30 10:56:59.503845
0.2543404580355924,14.146835077505143,2025-09-30 10:56:59.503845
-0.18906553521139505,15.45675907576084,2025-09-30 10:56:59.503845
-0.46328397810055977,14.710312049874949,2025-09-30 10:56:59.503845
-1.166894724981931,14.503034339688398,2025-09-30 10:56:59.503845
1.0788415784307146,14.89653516460264,2025-09-30 10:56:59.503845
-0.19405032210379478,14.535890922196886,2025-09-30 10:56:59.503845
-1.914180959487025,14.843704862929833,2025-09-30 10:56:59.503845
0.6756788664428687,14.296581453051422,2025-09-30 10:56:59.503845
0.16858044111857043,14.625064721574423,2025-09-30 10:56:59.503845
1.07370751336788,14.437883376867545,2025-09-30 10:56:59.503845
0.6029748308076162,15.233231128568992,2025-09-30 10:56:59.503845
-1.4307977710155757,14.43415707720723,2025-09-30 10:56:59.503845
-1.1702610790323484,13.696087286790911,2025-09-30 10:56:59.503845
-0.7993569863266101,15.143161672265988,2025-09-30 10:56:59.503845
-0.27672707060707574,14.537249915778379,2025-09-30 10:56:59.503845
-0.7694133020741943,14.28517467095496,2025-09-30 10:56:59.503845
0.29374643934046,13.752997687100088,2025-09-30 10:56:59.503845
-1.3740770338050456,15.85339854766075,2025-09-30 10:56:59.503845
-1.1870553285260812,15.205530564075413,2025-09-30 10:56:59.503845
0.08788389250745043,14.99340435056572,2025-09-30 10:56:59.503845
-0.4830010106165047,15.294712055277039,2025-09-30 10:56:59.503845
-2.0579833578745834,14.668601942637785,2025-09-30 10:56:59.503845
-0.12170546334113107,14.526969838169073,2025-09-30 10:56:59.503845
-1.6503890395392558,14.672513129538032,2025-09-30 10:56:59.503845
-1.086458324450843,14.693065531624935,2025-09-30 10:56:59.503845
-0.4184966078964681,14.485610427484037,2025-09-30 10:56:59.503845
-0.4140825472860689,14.757474251340161,2025-09-30 10:56:59.503845
-1.3033404590680113,14.665553567246633,2025-09-30 10:56:59.503845
-1.3973717667583017,14.772984252420157,2025-09-30 10:56:59.503845
-0.0019669796190793635,14.793669609393604,2025-09-30 10:56:59.503845
1.1860181520334174,14.239165891522084,2025-09-30 10:56:59.503845
1.6652059100714658,14.713787852058877,2025-09-30 10:56:59.503845
0.7842485925294573,14.840093519558708,2025-09-30 10:56:59.503845
0.23063813531208857,14.047686281442349,2025-09-30 10:56:59.503845
0.9915241833556662,14.741054137591082,2025-09-30 10:56:59.503845
-0.7267894924320399,14.962009358451645,2025-09-30 10:56:59.503845
-1.7499293147557127,14.321298986972959,2025-09-30 10:56:59.503845
-1.1781359668508222,14.375143770680491,2025-09-30 10:56:59.503845
1.5293937799243889,14.50264548099126,2025-09-30 10:56:59.503845
0.18037295343254278,14.701483077164488,2025-09-30 10:56:59.503845
-1.5207317176481767,13.760526216513128,2025-09-30 10:56:59.503845
0.33021448220031824,14.760497644518724,2025-09-30 10:56:59.503845
-0.6308457464900458,14.343804356828322,2025-09-30 10:56:59.503845
-1.0875708447471801,15.240791374329293,2025-09-30 10:56:59.503845
-1.5448542312025442,15.141696535185032,2025-09-30 10:56:59.503845
-0.3737761635026975,15.05391860499117,2025-09-30 10:56:59.503845
-2.2816795063094433,14.829015521593938,2025-09-30 10:56:59.503845
1.4873994861964093,14.622173691692229,2025-09-30 10:56:59.503845
-0.30868295144855135,15.202120673093788,2025-09-30 10:56:59.503845
-0.5474542013717317,15.10610924572784,2025-09-30 10:56:59.503845
-1.2166628707036249,14.627794999567742,2025-09-30 10:56:59.503845
-1.18789029375618,14.128126793551798,2025-09-30 10:56:59.503845
1.6696802201506802,13.959216332240299,2025-09-30 10:56:59.503845
-0.3695008956705425,14.812931454353796,2025-09-30 10:56:59.503845
-0.8270746093641885,15.272113518520948,2025-09-30 10:56:59.503845
-1.1320992657304187,14.792976127326503,2025-09-30 10:56:59.503845
-0.9432772221914342,14.768513010482819,2025-09-30 10:56:59.503845
-0.13001957143820206,15.248689648155255,2025-09-30 10:56:59.503845
0.6989154222664135,14.53526893719023,2025-09-30 10:56:59.503845
-0.3636431309669273,14.722360600639956,2025-09-30 10:56:59.503845
0.06337204969523909,14.947876290966564,2025-09-30 10:56:59.503845
1.3096695033835806,14.626246436255897,2025-09-30 10:56:59.503845
1.7055656375960067,14.272580359969515,2025-09-30 10:56:59.503845
1.9222926339195874,14.843485382339784,2025-09-30 10:56:59.503845
0.04811719916404547,14.826185666199349,2025-09-30 10:56:59.503845
0.24158890710234865,15.451259903661983,2025-09-30 10:56:59.503845
0.3218391683077985,15.700131315796527,2025-09-30 10:56:59.503845
0.005571611929256204,15.337716226337044,2025-09-30 10:56:59.503845
-1.0622242374848447,14.486886525553524,2025-09-30 10:56:59.503845
0.09194794373405987,14.8302738152459,2025-09-30 10:56:59.503845
0.006836382435089818,14.747960965319415,2025-09-30 10:56:59.503845
0.4536706219139138,14.832659078035068,2025-09-30 10:56:59.503845
0.37204255312483103,14.751130143261257,2025-09-30 10:56:59.503845
0.7580482407012106,15.546406195743108,2025-09-30 10:56:59.503845
0.3337634851421286,15.110242664120953,2025-09-30 10:56:59.503845
1.597243193271441,15.322896518610836,2025-09-30 10:56:59.503845
-0.3410964918989973,14.822617251940583,2025-09-30 10:56:59.503845
1.1804490404137526,14.595688420107457,2025-09-30 10:56:59.503845
-1.845847601162393,14.819258078879301,2025-09-30 10:56:59.503845
-1.0042294289148006,15.327357319025095,2025-09-30 10:56:59.503845
1.1682803119505933,14.185135619451525,2025-09-30 10:56:59.503845
-1.0070897888578925,14.748188651998579,2025-09-30 10:56:59.503845
0.9027548536425881,14.828203083126096,2025-09-30 10:56:59.503845
-1.231922392315324,14.732687733959189,2025-09-30 10:56:59.503845
0.13204370784467093,14.420958531980578,2025-09-30 10:56:59.503845
-1.4025035826663044,15.285253484613921,2025-09-30 10:56:59.503845
-1.0792770034233186,14.235946431051074,2025-09-30 10:56:59.503845
0.753422725984786,14.727486222836594,2025-09-30 10:56:59.503845
-0.40245165619843815,16.111315774644332,2025-09-30 10:56:59.503845
1.7857023677574684,15.136472324572805,2025-09-30 10:56:59.503845
-1.0427884684030824,14.547079422079594,2025-09-30 10:56:59.503845
-0.15490958886113096,14.799949086459778,2025-09-30 10:56:59.503845
0.4405103326504072,14.322657043158648,2025-09-30 10:56:59.503845
-0.5607476988074902,14.6668906552398,2025-09-30 10:56:59.503845
0.8399749436896256,15.001169731619777,2025-09-30 10:56:59.503845
1.1531818890499343,14.62048283777195,2025-09-30 10:56:59.503845
-0.5256110332820254,14.64737421483995,2025-09-30 10:56:59.503845
0.9232041382867197,14.48494500233537,2025-09-30 10:56:59.503845
1.0240525266617855,14.205814884053545,2025-09-30 10:56:59.503845
0.11469061432959113,14.63056251577198,2025-09-30 10:56:59.503845
0.5391416228166088,14.530241625428483,2025-09-30 10:56:59.503845
3.0818776455084413,14.990819814478478,2025-09-30 10:56:59.503845
0.8505609560120897,15.282679423421909,2025-09-30 10:56:59.503845
-0.3823900616047377,14.843462965143546,2025-09-30 10:56:59.503845
0.04979274039226388,14.82284774036752,2025-09-30 10:56:59.503845
0.80163023962561,13.890798544470204,2025-09-30 10:56:59.503845
-0.36878262820754587,14.910845425802126,2025-09-30 10:56:59.503845
0.06620820004239769,14.701833358475643,2025-09-30 10:56:59.503845
-0.1913573340378577,14.320770321554942,2025-09-30 10:56:59.503845
0.7134254296087547,14.643347478688204,2025-09-30 10:56:59.503845
0.23424378824979805,13.969606953404321,2025-09-30 10:56:59.503845
-0.0646576247891215,14.566397327918109,2025-09-30 10:56:59.503845
0.378858954047635,14.879276426277633,2025-09-30 10:56:59.503845
-0.1988544374325862,14.729466318855112,2025-09-30 10:56:59.503845
0.14853308966289086,14.732689543199228,2025-09-30 10:56:59.503845
0.39553748246744996,14.200670986708108,2025-09-30 10:56:59.503845
-0.3209870709170319,15.2304722326375,2025-09-30 10:56:59.503845
-0.351236232055287,14.476701075518408,2025-09-30 10:56:59.503845
0.4330736046775051,14.393183053187133,2025-09-30 10:56:59.503845
0.4972980444599653,14.268696434998516,2025-09-30 10:56:59.503845
0.3299528474637336,14.524586796921259,2025-09-30 10:56:59.503845
1.8208985784668028,14.61623631508723,2025-09-30 10:56:59.503845
-0.8242053454586605,14.303913367343526,2025-09-30 10:56:59.503845
0.35226007322339237,15.029118880453808,2025-09-30 10:56:59.503845
-0.8138862015683136,14.450622576037441,2025-09-30 10:56:59.503845
2.039974136664118,15.24946281039998,2025-09-30 10:56:59.503845
1.7286325112577952,15.032436997137987,2025-09-30 10:56:59.503845
-0.8328150053656462,14.68142846235362,2025-09-30 10:56:59.503845
1.240150032370227,14.349081224199992,2025-09-30 10:56:59.503845
1.0453633547551289,15.101354192037858,2025-09-30 10:56:59.503845
0.10993108542111618,14.953663230264862,2025-09-30 10:56:59.503845
-0.6961711054696751,14.485248437932997,2025-09-30 10:56:59.503845
-0.8569867193696321,14.78324239352848,2025-09-30 10:56:59.503845
0.3347136920802641,15.165914540124565,2025-09-30 10:56:59.503845
-0.09544490476787054,15.27515497202831,2025-09-30 10:56:59.503845
0.22088844354259926,14.836501071766854,2025-09-30 10:56:59.503845
0.031568216039871824,13.755116458483359,2025-09-30 10:56:59.503845
0.42943440945596845,14.241813921707646,2025-09-30 10:56:59.503845
0.34628527506245194,15.10831077502629,2025-09-30 10:56:59.503845
-0.2934183296950964,14.693514336595353,2025-09-30 10:56:59.503845
1.3011391135777204,14.462674425008538,2025-09-30 10:56:59.503845
2.271913576193692,15.167302519307063,2025-09-30 10:56:59.503845
0.43583374263537467,14.594841139856811,2025-09-30 10:56:59.503845
-0.5532917128608065,15.00050677846045,2025-09-30 10:56:59.503845
-0.4830955666030613,14.405657597327725,2025-09-30 10:56:59.503845
-0.891481326402775,15.372753973252738,2025-09-30 10:56:59.503845
0.11729271413025871,14.40685624103164,2025-09-30 10:56:59.503845
-0.6230962133221266,15.37425354205956,2025-09-30 10:56:59.503845
-0.7835097854130136,15.558779349878199,2025-09-30 10:56:59.503845
1.336396445479517,14.869381079516522,2025-09-30 10:56:59.503845
-0.96958190256852,15.343251735486382,2025-09-30 10:56:59.503845
-0.474297429191154,14.60977911664828,2025-09-30 10:56:59.503845
-1.3163971546667035,14.629883927884354,2025-09-30 10:56:59.503845
-0.6306246246264354,14.947032385621027,2025-09-30 10:56:59.503845
0.1108961881236213,14.443191323132677,2025-09-30 10:56:59.503845
1.3625853535661259,14.204076596061785,2025-09-30 10:56:59.503845
0.5705731499677589,15.249836072841962,2025-09-30 10:56:59.503845
0.664776525264928,14.30632283163816,2025-09-30 10:56:59.503845
-1.7841615938620172,14.588348532142748,2025-09-30 10:56:59.503845
-0.9458503357798006,14.19843878707157,2025-09-30 10:56:59.503845
1.224133646798135,14.485971746077587,2025-09-30 10:56:59.503845
-1.5269289205204108,14.412261269128027,2025-09-30 10:56:59.503845
0.9243791550958353,14.598342092260376,2025-09-30 10:56:59.503845
-0.6797022034111669,15.274300031713603,2025-09-30 10:56:59.503845
-0.2862731973891579,15.432240566562008,2025-09-30 10:56:59.503845
1.8388225672037144,15.262226311239553,2025-09-30 10:56:59.503845
1.035722604296048,14.17516757031043,2025-09-30 10:56:59.503845
-0.17688889853466674,14.106566722781794,2025-09-30 10:56:59.503845
0.5417025282035647,14.695837215058086,2025-09-30 10:56:59.503845
1.7829157386174417,14.398513640324087,2025-09-30 10:56:59.503845
-0.8611638409117175,14.677631281508,2025-09-30 10:56:59.503845
-1.7863711830789284,14.075273974300016,2025-09-30 10:56:59.503845
0.4271584721694313,14.645562984529167,2025-09-30 10:56:59.503845
0.12231317382777745,14.965405669188717,2025-09-30 10:56:59.503845
-1.396720490679269,14.96289884094295,2025-09-30 10:56:59.503845
-0.03166215133618496,14.153336342650434,2025-09-30 10:56:59.503845
-1.9329315555224185,14.462815573793911,2025-09-30 10:56:59.503845
0.58701496200057,14.929952669165592,2025-09-30 10:56:59.503845
0.9818190172311633,14.720005968477075,2025-09-30 10:56:59.503845
2.0810976287072465,14.896401835632718,2025-09-30 10:56:59.503845
0.7445358189798482,14.829053558885079,2025-09-30 10:56:59.503845
-0.726797826391033,14.439150442589893,2025-09-30 10:56:59.503845
0.5132032979983704,14.923048475563524,2025-09-30 10:56:59.503845
0.6964290204895248,14.19250958816291,2025-09-30 10:56:59.503845
0.47114324466777974,14.130692385978325,2025-09-30 10:56:59.503845
0.11639254528523149,15.23131811221116,2025-09-30 10:56:59.503845
-0.16267334224139718,15.340046096527656,2025-09-30 10:56:59.503845
-0.48362147345209766,15.234579816232323,2025-09-30 10:56:59.503845
0.9027170501935102,14.991307374115872,2025-09-30 10:56:59.503845
-0.8249083437692489,15.057177265347974,2025-09-30 10:56:59.503845
0.9388597950179468,14.832274467761275,2025-09-30 10:56:59.503845
0.04686340079511807,15.087985109059021,2025-09-30 10:56:59.503845
0.8815485808297109,14.546732812516305,2025-09-30 10:56:59.503845
-0.606810434752664,14.36265445883737,2025-09-30 10:56:59.503845
1.1284483449081757,14.17368881841805,2025-09-30 10:56:59.503845
1.417461629550948,14.684243133372426,2025-09-30 10:56:59.503845
-1.0982172758668303,14.620734478131787,2025-09-30 10:56:59.503845
-0.6938610926894406,14.51582226869799,2025-09-30 10:56:59.503845
0.047726923487275676,15.235222857523036,2025-09-30 10:56:59.503845
1.9723062990641158,14.839440218465102,2025-09-30 10:56:59.503845
1.84926201069189,14.545006893696257,2025-09-30 10:56:59.503845
0.9437952873429033,14.767856883961842,2025-09-30 10:56:59.503845
-0.7094610916122039,14.946561020149046,2025-09-30 10:56:59.503845
-0.9112255047837763,14.796904909937636,2025-09-30 10:56:59.503845
-1.1787429388291413,15.052642116497795,2025-09-30 10:56:59.503845
0.5025183505256707,14.099316352082557,2025-09-30 10:56:59.503845
0.8118362474556629,14.415514691816005,2025-09-30 10:56:59.503845
-0.8734887512942925,14.456163463815734,2025-09-30 10:56:59.503845
-0.06370311182116534,13.971895672317249,2025-09-30 10:56:59.503845
-0.8363261441506896,14.76210631085525,2025-09-30 10:56:59.503845
-0.30228440026447867,14.417161789497007,2025-09-30 10:56:59.503845
0.7555773723957879,14.237529482266549,2025-09-30 10:56:59.503845
0.3827560344666129,14.973746086682103,2025-09-30 10:56:59.503845
-0.6894075147315404,14.0636468960244,2025-09-30 10:56:59.503845
-0.596341496659705,15.572912332779747,2025-09-30 10:56:59.503845
0.9012089754220614,14.984752703578025,2025-09-30 10:56:59.503845
0.5187007628424041,14.69736626837083,2025-09-30 10:56:59.503845
-0.6146359095258,14.770293072713027,2025-09-30 10:56:59.503845
-0.33666722988553244,14.46539745211518,2025-09-30 10:56:59.503845
0.9845630711027415,15.072532776564886,2025-09-30 10:56:59.503845
0.7951393680062887,14.658724062403122,2025-09-30 10:56:59.503845
0.003722098834408578,15.140039332682928,2025-09-30 10:56:59.503845
-0.5736676938754315,15.046927306317151,2025-09-30 10:56:59.503845
-0.1367881017101594,14.556912534173868,2025-09-30 10:56:59.503845
-0.5994140246808897,15.249580191029999,2025-09-30 10:56:59.503845
1.7867541934589455,14.605292882161809,2025-09-30 10:56:59.503845
0.33111286639822657,15.255571384346633,2025-09-30 10:56:59.503845
1.1909205458374679,15.003912443320285,2025-09-30 10:56:59.503845
-0.007454429524730372,14.289612982541943,2025-09-30 10:56:59.503845
1.1025418863329193,14.402845529383153,2025-09-30 10:56:59.503845
0.8508660624211499,14.611444860863157,2025-09-30 10:56:59.503845
0.739659747240856,14.678909969556322,2025-09-30 10:56:59.503845
-1.258699283084272,15.484018178499449,2025-09-30 10:56:59.503845
-2.1677178154953602,14.291187713335272,2025-09-30 10:56:59.503845
-0.3293511986919484,13.883977611415066,2025-09-30 10:56:59.503845
0.1479286250715355,15.114387867085801,2025-09-30 10:56:59.503845
0.018522977386269932,14.89155189540224,2025-09-30 10:56:59.503845
-0.6445092208127408,14.869204649941214,2025-09-30 10:56:59.503845
-0.34056519878633595,14.62000503769345,2025-09-30 10:56:59.503845
0.5736568903537193,14.793288209427589,2025-09-30 10:56:59.503845
1.1559212551130893,14.884734429773966,2025-09-30 10:56:59.503845
1.5422815600005537,14.845444171345958,2025-09-30 10:56:59.503845
0.08858423032374982,14.973215063491496,2025-09-30 10:56:59.503845
-0.369953074171592,14.275754936404125,2025-09-30 10:56:59.503845
-0.7394991195741962,14.729686814279324,2025-09-30 10:56:59.503845
-0.8960974814153376,14.853721850723291,2025-09-30 10:56:59.503845
0.9214373005217177,15.286720330133143,2025-09-30 10:56:59.503845
-0.38730515075919764,15.351969552414209,2025-09-30 10:56:59.503845
0.06768368233423228,14.266899854755554,2025-09-30 10:56:59.503845
2.408083033752373,15.579997443613102,2025-09-30 10:56:59.503845
0.1773896458966257,14.934152893912973,2025-09-30 10:56:59.503845
-1.6965920496218034,14.378970107893146,2025-09-30 10:56:59.503845
1.392090471600437,14.271017875013767,2025-09-30 10:56:59.503845
-1.1312914216712524,14.847093035012922,2025-09-30 10:56:59.503845
1.76283824828527,14.590093866230948,2025-09-30 10:56:59.503845
-0.42923879436376955,14.904031134851575,2025-09-30 10:56:59.503845
-1.528252707243053,14.482784791502159,2025-09-30 10:56:59.503845
-0.5257649468275523,15.379829331707887,2025-09-30 10:56:59.503845
-0.5194827153960365,15.114989418944944,2025-09-30 10:56:59.503845
-0.7481763118752429,13.839802418799149,2025-09-30 10:56:59.503845
-1.779018692753295,14.770023859878616,2025-09-30 10:56:59.503845
-1.1289288675460905,14.673012468988917,2025-09-30 10:56:59.503845
-1.7139111042142816,14.267524521228292,2025-09-30 10:56:59.503845
0.03736365327329754,14.653383197803363,2025-09-30 10:56:59.503845
0.1635858306877668,14.787819373767471,2025-09-30 10:56:59.503845
-0.29240918569338675,15.027795497737586,2025-09-30 10:56:59.503845
0.13926984601137943,15.15810198638067,2025-09-30 10:56:59.503845
-0.3941534573417768,14.83714904355093,2025-09-30 10:56:59.503845
-0.1691522910161201,14.789413315600072,2025-09-30 10:56:59.503845
-1.4440046437768665,14.612613876555484,2025-09-30 10:56:59.503845
-0.7577103605760672,14.684284105938605,2025-09-30 10:56:59.503845
0.8387306925690148,15.612031673689115,2025-09-30 10:56:59.503845
-1.5829910591947012,14.534285386772007,2025-09-30 10:56:59.503845
-0.677436312354401,14.709713774834182,2025-09-30 10:56:59.503845
0.5447004241333054,14.63075280708649,2025-09-30 10:56:59.503845
1.131694761260582,14.436858980380732,2025-09-30 10:56:59.503845
-0.14803064864483495,15.30665213227457,2025-09-30 10:56:59.503845
-0.3656564744142091,14.995841694931885,2025-09-30 10:56:59.503845
-0.16919015725881217,14.094241636178234,2025-09-30 10:56:59.503845
0.2533717486161563,14.359656811674103,2025-09-30 10:56:59.503845
0.05342613093522131,14.571570430422565,2025-09-30 10:56:59.503845
-0.2541209328095871,15.60037687055657,2025-09-30 10:56:59.503845
0.054232753386905905,15.177238163239082,2025-09-30 10:56:59.503845
1.062686032699585,14.900948347999647,2025-09-30 10:56:59.503845
0.2375329453206251,14.294859294356225,2025-09-30 10:56:59.503845
-0.04607053005357326,15.203712611082404,2025-09-30 10:56:59.503845
-0.229854820142017,14.615995497483757,2025-09-30 10:56:59.503845
0.2111787694430698,14.101043306188647,2025-09-30 10:56:59.503845
-0.5590260015003973,14.852068988144689,2025-09-30 10:56:59.503845
-1.2548938226295507,14.828726296717706,2025-09-30 10:56:59.503845
0.28194570775613736,14.719658382634705,2025-09-30 10:56:59.503845
0.36366377286300655,14.830603747984322,2025-09-30 10:56:59.503845
0.4285273801427005,14.850857971838542,2025-09-30 10:56:59.503845
0.22187649942925305,15.799677981978283,2025-09-30 10:56:59.503845
1.5796224851867502,15.055770128530824,2025-09-30 10:56:59.503845
0.32288865723862425,15.040671511910944,2025-09-30 10:56:59.503845
0.17755318688380775,14.530658256312272,2025-09-30 10:56:59.503845
-0.5261880065864609,14.885983758196971,2025-09-30 10:56:59.503845
-0.15351781992729893,15.357014768067945,2025-09-30 10:56:59.503845
0.7371863080558184,14.191556205654129,2025-09-30 10:56:59.503845
-0.05751832659803622,14.787693159001346,2025-09-30 10:56:59.503845
0.6295658173934677,15.604873431635337,2025-09-30 10:56:59.503845
-0.6504695472869911,15.091954620808622,2025-09-30 10:56:59.503845
0.45204800349337343,14.847710685083483,2025-09-30 10:56:59.503845
-1.2299078949059723,14.97640992194144,2025-09-30 10:56:59.503845
-1.2686318175461375,15.63327341390098,2025-09-30 10:56:59.503845
-0.4513520234008398,15.003586283030499,2025-09-30 10:56:59.503845
-0.40973741567240457,14.707837323364656,2025-09-30 10:56:59.503845
0.7597847957022543,15.298689354176368,2025-09-30 10:56:59.503845
-0.23219574247339286,14.105694881152155,2025-09-30 10:56:59.503845
-0.07408920210129814,13.879276236144392,2025-09-30 10:56:59.503845
0.7013680289070493,14.91540817947438,2025-09-30 10:56:59.503845
-0.4145483225518164,14.701365625769071,2025-09-30 10:56:59.503845
0.3180728294664283,14.7528826327463,2025-09-30 10:56:59.503845
0.33778916593310565,14.974506975046603,2025-09-30 10:56:59.503845
-0.2336953759715284,14.595066241295097,2025-09-30 10:56:59.503845
0.1324275632998279,14.678259636253081,2025-09-30 10:56:59.503845
-0.2436994391983889,14.784447940245315,2025-09-30 10:56:59.503845
0.6850320987787439,14.543733956464688,2025-09-30 10:56:59.503845
-0.23326808320725756,15.581513592884331,2025-09-30 10:56:59.503845
0.1762233073855064,15.161422493914452,2025-09-30 10:56:59.503845
-0.7663992244179239,14.450695744713999,2025-09-30 10:56:59.503845
-1.2072729214852014,14.064697501378893,2025-09-30 10:56:59.503845
1.1505093775416364,14.276466880180072,2025-09-30 10:56:59.503845
0.4869731141282612,14.778165059519663,2025-09-30 10:56:59.503845
-1.5831366892106824,14.752432189592541,2025-09-30 10:56:59.503845
-0.03643579169883794,14.477866868663272,2025-09-30 10:56:59.503845
1.0163849643881464,14.843238652733824,2025-09-30 10:56:59.503845
-0.3185473554135429,14.778281107025027,2025-09-30 10:56:59.503845
1.0106804508812004,14.81587687031451,2025-09-30 10:56:59.503845
0.6092752408604873,15.223171684968879,2025-09-30 10:56:59.503845
-3.159839218188105,14.742600060358644,2025-09-30 10:56:59.503845
1.168014641486607,15.111888820337084,2025-09-30 10:56:59.503845
-0.5241018315405049,15.038872033326152,2025-09-30 10:56:59.503845
0.04281374945414387,15.054332376699433,2025-09-30 10:56:59.503845
1.803774785416629,14.89301519822077,2025-09-30 10:56:59.503845
-0.05646939588317595,14.960390517846134,2025-09-30 10:56:59.503845
0.4177770706505061,15.183280505116212,2025-09-30 10:56:59.503845
-0.5097478784565527,14.815491905420856,2025-09-30 10:56:59.503845
1.281488870228606,14.47584535749145,2025-09-30 10:56:59.503845
-1.981086854902682,15.036891868724709,2025-09-30 10:56:59.503845
-0.2844200046899055,14.732977464702106,2025-09-30 10:56:59.503845
-1.284754458854425,15.01369932569828,2025-09-30 10:56:59.503845
-0.6839797981494444,14.568618503467665,2025-09-30 10:56:59.503845
-1.3914974554755961,14.825164534708838,2025-09-30 10:56:59.503845
-1.050301175589174,14.813173455315871,2025-09-30 10:56:59.503845
-0.14368076946599465,14.777501935874902,2025-09-30 10:56:59.503845
-0.8841550415737761,14.924233430860385,2025-09-30 10:56:59.503845
-0.11977971059050765,14.726239332116918,2025-09-30 10:56:59.503845
-1.5134168089787556,14.708344509831065,2025-09-30 10:56:59.503845
-0.8497251620758829,14.921506075196227,2025-09-30 10:56:59.503845
-0.04625182073815077,15.130724644761221,2025-09-30 10:56:59.503845
0.5764468768179026,14.35477836261623,2025-09-30 10:56:59.503845
0.38936904416055595,14.138960066741689,2025-09-30 10:56:59.503845
-1.485732632900619,14.581746488928905,2025-09-30 10:56:59.503845
1.4716906870001347,14.357462265273263,2025-09-30 10:56:59.503845
-0.00815522714145286,14.329942443893696,2025-09-30 10:56:59.503845
0.22044167226334924,14.350615613894202,2025-09-30 10:56:59.503845
0.868044346623999,14.25724714109905,2025-09-30 10:56:59.503845
-0.014970287934960625,14.758518872395129,2025-09-30 10:56:59.503845
1.646133737860956,14.5839671128921,2025-09-30 10:56:59.503845
-0.21408738522774615,14.407363819749971,2025-09-30 10:56:59.503845
-0.16624371644594166,15.60119137042453,2025-09-30 10:56:59.503845
2.478044341976846,14.35977938347967,2025-09-30 10:56:59.503845
1.491874466203533,15.058580381317208,2025-09-30 10:56:59.503845
0.8191997937396351,14.179274027321416,2025-09-30 10:56:59.503845
-0.7467703321391393,15.327488697395681,2025-09-30 10:56:59.503845
-0.988636874938411,14.858034791342552,2025-09-30 10:56:59.503845
0.24562313459763058,15.134313915629413,2025-09-30 10:56:59.503845
-1.1972588750615833,13.322331978420028,2025-09-30 10:56:59.503845
1.17043051144455,14.969256119626252,2025-09-30 10:56:59.503845
-0.3148396530542713,14.717175263962615,2025-09-30 10:56:59.503845
1.5061453845720527,14.602743262547987,2025-09-30 10:56:59.503845
0.2386409856859807,15.397287769492072,2025-09-30 10:56:59.503845
-0.6363230979166533,14.95482334358101,2025-09-30 10:56:59.503845
1.0211681919486113,14.637113265682535,2025-09-30 10:56:59.503845
1.7418593957428588,14.604934992931804,2025-09-30 10:56:59.503845
-0.9088535715713297,15.247382251358786,2025-09-30 10:56:59.503845
0.35473140319508745,14.649085983387023,2025-09-30 10:56:59.503845
-0.9420607803178007,14.61274287045777,2025-09-30 10:56:59.503845
-1.2971380231973575,14.223026246004618,2025-09-30 10:56:59.503845
0.35257444333377214,14.291065090146702,2025-09-30 10:56:59.503845
0.41703623091530995,14.253962093493406,2025-09-30 10:56:59.503845
-3.3843143061972034,14.666206979572085,2025-09-30 10:56:59.503845
0.9769397732160697,14.030233253435371,2025-09-30 10:56:59.503845
-0.7690051948733185,14.440436213596561,2025-09-30 10:56:59.503845
-1.063738261438701,15.927084976277385,2025-09-30 10:56:59.503845
-0.36425095356090464,14.821735224530006,2025-09-30 10:56:59.503845
-0.3115105965266425,14.656690206940846,2025-09-30 10:56:59.503845
-0.2679765486424186,14.916449192537454,2025-09-30 10:56:59.503845
0.6145670286449613,14.057753360446211,2025-09-30 10:56:59.503845
1.2308039933996793,15.356242141232155,2025-09-30 10:56:59.503845
0.3277452407071572,14.685657117604276,2025-09-30 10:56:59.503845
1.2718489406202247,14.74891176602688,2025-09-30 10:56:59.503845
0.6022686660159459,14.742471108108775,2025-09-30 10:56:59.503845
0.3444324372286787,15.038844724148028,2025-09-30 10:56:59.503845
-1.6998039023190092,14.570488982842484,2025-09-30 10:56:59.503845
-1.0882453923388868,15.66219464882423,2025-09-30 10:56:59.503845
-0.1069086300782492,15.089903423315207,2025-09-30 10:56:59.503845
-1.0620833465325863,13.628075072035314,2025-09-30 10:56:59.503845
0.24740387180200832,14.808147385519275,2025-09-30 10:56:59.503845
0.20948265944369335,14.843820690618164,2025-09-30 10:56:59.503845
-0.3842061925405403,14.95780743582786,2025-09-30 10:56:59.503845
0.10510322587947689,13.478734011675234,2025-09-30 10:56:59.503845
1.127634753859386,15.294955294384147,2025-09-30 10:56:59.503845
-1.2029200972184857,14.037865141973928,2025-09-30 10:56:59.503845
-0.9803689830370214,14.85960907935317,2025-09-30 10:56:59.503845
1.1047245508679033,14.472044295885377,2025-09-30 10:56:59.503845
0.05097861914452955,13.65449603518102,2025-09-30 10:56:59.503845
-0.5695222608644249,14.763018129300066,2025-09-30 10:56:59.503845
0.2245473736239723,14.693308851160328,2025-09-30 10:56:59.503845
0.414996561662946,15.079783389991402,2025-09-30 10:56:59.503845
-0.4294674084994419,15.062918391714748,2025-09-30 10:56:59.503845
0.41272565241885384,15.345808704316926,2025-09-30 10:56:59.503845
-0.30102207881330434,15.029479955543728,2025-09-30 10:56:59.503845
1.2577745333137897,13.905118116536482,2025-09-30 10:56:59.503845
-0.5864569914565124,14.6096738998015,2025-09-30 10:56:59.503845
-1.264167968489498,14.558056878410946,2025-09-30 10:56:59.503845
0.38659742142549713,14.644881369727946,2025-09-30 10:56:59.503845
-1.4043844772851801,15.262733566407405,2025-09-30 10:56:59.503845
-0.8337770729740706,14.600188559291666,2025-09-30 10:56:59.503845
1.046157960682356,14.630654240796538,2025-09-30 10:56:59.503845
0.8924778212129153,15.05341333336371,2025-09-30 10:56:59.503845
1.2373929993812607,15.673737320473856,2025-09-30 10:56:59.503845
-1.1524736069878125,14.6248452735497,2025-09-30 10:56:59.503845
-0.0788268622895676,15.00740256943979,2025-09-30 10:56:59.503845
0.7315438794233942,14.822186276002718,2025-09-30 10:56:59.503845
-2.90533930926108,15.538753220156932,2025-09-30 10:56:59.503845
1.0561179234437574,14.713526798942922,2025-09-30 10:56:59.503845
-0.7180286001046087,14.882684495847995,2025-09-30 10:56:59.503845
-0.10680220322054892,14.679494510662744,2025-09-30 10:56:59.503845
0.9578839504937634,15.229344139698718,2025-09-30 10:56:59.503845
-1.7228211065574544,14.747590004029634,2025-09-30 10:56:59.503845
-0.15716819568726778,13.919336394273193,2025-09-30 10:56:59.503845
-1.102524991576386,15.147971354728295,2025-09-30 10:56:59.503845
-1.0656727124793355,14.646776943480175,2025-09-30 10:56:59.503845
-1.0060572731722839,14.720233873103382,2025-09-30 10:56:59.503845
-0.3551585541221404,14.892771346492855,2025-09-30 10:56:59.503845
0.15141683504500358,14.791397971084479,2025-09-30 10:56:59.503845
1.220764390947319,15.003774586092588,2025-09-30 10:56:59.503845
-0.9947148627957718,15.121903233634296,2025-09-30 10:56:59.503845
-0.9233751144926082,14.582937814976228,2025-09-30 10:56:59.503845
-0.5836656557425718,14.801724358580712,2025-09-30 10:56:59.503845
-1.0981245573582097,14.450014467861454,2025-09-30 10:56:59.503845
-1.2865570111391844,14.761036463701776,2025-09-30 10:56:59.503845
-0.26534123600669457,15.404964277375921,2025-09-30 10:56:59.503845
0.11202095129959115,14.8149188433772,2025-09-30 10:56:59.503845
2.2205232717526444,14.532660151847034,2025-09-30 10:56:59.503845
0.6762112712505092,14.60957059042277,2025-09-30 10:56:59.503845
-0.12132917346499404,14.746399950147348,2025-09-30 10:56:59.503845
-0.10984775364930903,15.15895662795273,2025-09-30 10:56:59.503845
-0.6051389797334954,14.465009593466323,2025-09-30 10:56:59.503845
-1.1551792031108594,14.301022512262824,2025-09-30 10:56:59.503845
-1.4797518280167372,14.83834689243898,2025-09-30 10:56:59.503845
1.1475487524991377,14.941678575937129,2025-09-30 10:56:59.503845
2.0462652983101663,14.140853915290933,2025-09-30 10:56:59.503845
1.4799745469106955,13.751463175640191,2025-09-30 10:56:59.503845
0.29463058872793685,14.156194577194233,2025-09-30 10:56:59.503845
0.023443128321057716,14.240234142887875,2025-09-30 10:56:59.503845
1.0486226547465622,14.641275171228395,2025-09-30 10:56:59.503845
0.6404846758527029,14.352766262471022,2025-09-30 10:56:59.503845
-0.5072665891868573,14.799986968930991,2025-09-30 10:56:59.503845
0.263172807985823,14.217430403195626,2025-09-30 10:56:59.503845
-0.22362536887212547,14.70390113357579,2025-09-30 10:56:59.503845
-2.293215621328904,14.91447210259882,2025-09-30 10:56:59.503845
-0.6932265820184611,15.062306142515414,2025-09-30 10:56:59.503845
0.06992062282865853,14.65656207646326,2025-09-30 10:56:59.503845
-0.22258727291787275,14.889160958922206,2025-09-30 10:56:59.503845
-0.6416748350757752,14.423211202667005,2025-09-30 10:56:59.503845
-1.6771511404618749,14.305896458082625,2025-09-30 10:56:59.503845
-0.5990373962550061,14.421391033470243,2025-09-30 10:56:59.503845
0.04725504836913665,15.815288403975291,2025-09-30 10:56:59.503845
0.7249290153841654,14.576844711196438,2025-09-30 10:56:59.503845
0.967044245908814,14.976596943911868,2025-09-30 10:56:59.503845
-0.8693013206408414,15.369994658081042,2025-09-30 10:56:59.503845
-1.113493865627049,15.121412099765399,2025-09-30 10:56:59.503845
-0.008868370153507589,15.086009753137702,2025-09-30 10:56:59.503845
-0.8475228394453372,14.672364253927107,2025-09-30 10:56:59.503845
-0.34637906528049417,14.43077498082926,2025-09-30 10:56:59.503845
-0.4844398869341658,14.317266389210415,2025-09-30 10:56:59.503845
-0.4812815220543272,14.83882026280663,2025-09-30 10:56:59.503845
1.9059122918087954,14.058350811288513,2025-09-30 10:56:59.503845
0.4044586786049332,14.829231546887973,2025-09-30 10:56:59.503845
-1.2736411773968606,14.489875809597626,2025-09-30 10:56:59.503845
-1.6936607344326073,15.132154689093483,2025-09-30 10:56:59.503845
-0.25707569552885595,14.73991199439768,2025-09-30 10:56:59.503845
1.4505871933510401,14.795802714161681,2025-09-30 10:56:59.503845
-0.8555357759541394,14.386746941871865,2025-09-30 10:56:59.503845
-0.7921832931407079,15.083472560517386,2025-09-30 10:56:59.503845
-0.6141201291535968,14.630369294355587,2025-09-30 10:56:59.503845
-0.8050854457053396,14.423011937502492,2025-09-30 10:56:59.503845
0.4750158883565114,14.18962319313421,2025-09-30 10:56:59.503845
-2.1216801940533827,14.92086995009097,2025-09-30 10:56:59.503845
0.6294530072782619,14.345822392204626,2025-09-30 10:56:59.503845
-0.650062243279942,14.47185571277343,2025-09-30 10:56:59.503845
-0.9813875069056796,14.874094857201843,2025-09-30 10:56:59.503845
-0.08758300476171385,14.620144323553298,2025-09-30 10:56:59.503845
-0.8784837111438737,15.93536622753846,2025-09-30 10:56:59.503845
-1.682448627991034,14.661200185003572,2025-09-30 10:56:59.503845
0.2282949753073413,14.86911489580973,2025-09-30 10:56:59.503845
0.5349197818476764,15.181264065802917,2025-09-30 10:56:59.503845
-0.1603535814673754,14.593996207629406,2025-09-30 10:56:59.503845
0.8428024903592857,14.887978772803319,2025-09-30 10:56:59.503845
0.5285815455675527,14.506595962894028,2025-09-30 10:56:59.503845
0.24331750448254746,14.879480429861964,2025-09-30 10:56:59.503845
0.6811983856953601,14.995609318491114,2025-09-30 10:56:59.503845
1.0520834946685436,15.281528229579452,2025-09-30 10:56:59.503845
0.5710306381461296,14.795441389664662,2025-09-30 10:56:59.503845
-0.3633346549581214,15.406709302543948,2025-09-30 10:56:59.503845
1.2749052417415354,14.300909685816897,2025-09-30 10:56:59.503845
-1.4378054271274523,14.753888428516374,2025-09-30 10:56:59.503845
0.28183349296991006,14.569422031822919,2025-09-30 10:56:59.503845
0.1239593117647887,14.628103892734844,2025-09-30 10:56:59.503845
0.7297492142996964,14.843841084113695,2025-09-30 10:56:59.503845
0.6744462040021466,14.555409223711578,2025-09-30 10:56:59.503845
0.4251324373397696,14.487403396276843,2025-09-30 10:56:59.503845
-0.5589357422740301,14.13847220255297,2025-09-30 10:56:59.503845
-1.0085064104319237,15.870740512670443,2025-09-30 10:56:59.503845
-2.3083192016649723,14.59250881664665,2025-09-30 10:56:59.503845
-0.20017358989319353,14.911879703032762,2025-09-30 10:56:59.503845
1.6260268708075793,15.109190878458199,2025-09-30 10:56:59.503845
-0.17290849501612315,14.515801253601316,2025-09-30 10:56:59.503845
0.1490588611717211,14.63359358673988,2025-09-30 10:56:59.503845
0.7435470270666568,14.40578037933241,2025-09-30 10:56:59.503845
-0.7106291698383178,15.675232425219976,2025-09-30 10:56:59.503845
0.8996177494386973,13.968460043927921,2025-09-30 10:56:59.503845
0.41901096233723306,15.153240826542797,2025-09-30 10:56:59.503845
-0.44861919074405804,14.934309332387976,2025-09-30 10:56:59.503845
-0.28235231271596356,15.028541936420265,2025-09-30 10:56:59.503845
0.6205484364060581,14.771315993135415,2025-09-30 10:56:59.503845
-0.4912120279836698,13.948269929114174,2025-09-30 10:56:59.503845
-1.1140662220130648,14.575880573068961,2025-09-30 10:56:59.503845
-1.1379451111591143,15.814890862937695,2025-09-30 10:56:59.503845
-0.2946601909577527,14.778285231169116,2025-09-30 10:56:59.503845
-0.577472653709044,14.155136939867523,2025-09-30 10:56:59.503845
1.9127369073731255,14.484605723302815,2025-09-30 10:56:59.503845
0.43533962645033397,15.508534317699857,2025-09-30 10:56:59.503845
-0.3172354783582118,15.257843601372356,2025-09-30 10:56:59.503845
1.4174429448723513,14.990659101697387,2025-09-30 10:56:59.503845
0.7696306557991455,15.327873612131322,2025-09-30 10:56:59.503845
-0.46102458312446937,14.875255725438995,2025-09-30 10:56:59.503845
1.5311475981774838,13.83230432749796,2025-09-30 10:56:59.503845
0.03580704151172221,15.648506520228263,2025-09-30 10:56:59.503845
-1.7252426806715009,14.680088921689048,2025-09-30 10:56:59.503845
1.2301407258620423,13.577348702551122,2025-09-30 10:56:59.503845
1.0472902281643157,14.108082488039793,2025-09-30 10:56:59.503845
0.1680077850180837,14.97651458240013,2025-09-30 10:56:59.503845
-0.49899478581213663,14.958110904323677,2025-09-30 10:56:59.503845
-0.09630232329170196,15.674366327024986,2025-09-30 10:56:59.503845
0.2781605588423855,14.305281500461712,2025-09-30 10:56:59.503845
0.5292858783758481,14.692127188589254,2025-09-30 10:56:59.503845
2.1411265431375566,15.182368876096755,2025-09-30 10:56:59.503845
-0.6998822699020383,15.287452460742744,2025-09-30 10:56:59.503845
-0.4154475617374626,14.37786770017702,2025-09-30 10:56:59.503845
-0.23466036219447675,15.837489411351642,2025-09-30 10:56:59.503845
-1.223101806791086,14.439009882667934,2025-09-30 10:56:59.503845
-1.1944496799893034,15.239113311133238,2025-09-30 10:56:59.503845
-0.3705100208443557,15.663336284542511,2025-09-30 10:56:59.503845
-0.06949427411498882,14.40316377138638,2025-09-30 10:56:59.503845
0.23501594539693157,14.38279641870627,2025-09-30 10:56:59.503845
-1.0712929327755507,14.628314315579134,2025-09-30 10:56:59.503845
0.6172749884976371,14.670934376175948,2025-09-30 10:56:59.503845
0.26096767189162234,14.384580286190339,2025-09-30 10:56:59.503845
-0.6607660576040342,14.635064236652196,2025-09-30 10:56:59.503845
0.49550825683257704,14.399638724351849,2025-09-30 10:56:59.503845
0.3120052835700212,14.32540794343166,2025-09-30 10:56:59.503845
-0.9929228933465852,15.945522049993137,2025-09-30 10:56:59.503845
-0.8502078975042824,14.279918428408095,2025-09-30 10:56:59.503845
0.686998831800714,13.936786670839602,2025-09-30 10:56:59.503845
-0.38669426612527,14.568973705320605,2025-09-30 10:56:59.503845
-1.3203544867852934,14.395206207408805,2025-09-30 10:56:59.503845
-1.929651843693983,14.892605178754891,2025-09-30 10:56:59.503845
0.31030619358775174,14.237126695222223,2025-09-30 10:56:59.503845
-0.5331065780018907,14.692580809933185,2025-09-30 10:56:59.503845
0.6419514957175376,15.29653330789695,2025-09-30 10:56:59.503845
0.8958229844707306,15.065048494871164,2025-09-30 10:56:59.503845
0.6533600915023399,15.755186321458611,2025-09-30 10:56:59.503845
-1.559507650681478,15.109348686092206,2025-09-30 10:56:59.503845
0.4002969321789271,15.235409351466945,2025-09-30 10:56:59.503845
-0.19064381921986898,15.00671187457945,2025-09-30 10:56:59.503845
-0.14588244791182448,14.211678656170706,2025-09-30 10:56:59.503845
-0.6931596777638602,14.505138927323138,2025-09-30 10:56:59.503845
2.5164171743160586,14.794733602323447,2025-09-30 10:56:59.503845
-1.0179257729517994,13.686225617340853,2025-09-30 10:56:59.503845
-0.775124147588145,14.855476103269487,2025-09-30 10:56:59.503845
-0.5796021548163643,14.914719333339825,2025-09-30 10:56:59.503845
-2.197357690218937,15.569418764231067,2025-09-30 10:56:59.503845
-1.0258150716133603,13.00029539893017,2025-09-30 10:56:59.503845
-1.063971493248055,14.329824034058301,2025-09-30 10:56:59.503845
0.36006416450764284,14.920309033707142,2025-09-30 10:56:59.503845
-0.7368489251025659,15.01170234800631,2025-09-30 10:56:59.503845
0.1428371610709318,15.096316810208215,2025-09-30 10:56:59.503845
0.9261724724134289,14.564206865366186,2025-09-30 10:56:59.503845
-1.2856171661290956,14.947584344404618,2025-09-30 10:56:59.503845
-1.651637765202478,14.45708603778291,2025-09-30 10:56:59.503845
0.4007617981629493,14.464556514715532,2025-09-30 10:56:59.503845
0.006791319739088619,14.3902400559972,2025-09-30 10:56:59.503845
-1.5613137854950416,13.990030560805035,2025-09-30 10:56:59.503845
0.8015471441467129,14.737801224228745,2025-09-30 10:56:59.503845
1.6738455588878605,14.64085468797934,2025-09-30 10:56:59.503845
0.058642564331192845,13.761954736917163,2025-09-30 10:56:59.503845
-0.23643073283330884,14.729632056927805,2025-09-30 10:56:59.503845
-0.9840224202864326,14.11701711602462,2025-09-30 10:56:59.503845
1.7706817284899594,14.476738450234022,2025-09-30 10:56:59.503845
0.9951169695304598,14.545735089162207,2025-09-30 10:56:59.503845
-1.1805929268753848,15.05468088926579,2025-09-30 10:56:59.503845
0.36032424171901056,14.884268136699616,2025-09-30 10:56:59.503845
0.6620421984072953,14.766428096490584,2025-09-30 10:56:59.503845
1.3813428643161072,15.098959940460045,2025-09-30 10:56:59.503845
-1.4988149544549676,14.310910921453724,2025-09-30 10:56:59.503845
-0.995214979305945,14.401087622738844,2025-09-30 10:56:59.503845
-0.19744481860721377,14.891057916027231,2025-09-30 10:56:59.503845
0.3255002431652188,14.146290672747517,2025-09-30 10:56:59.503845
1.0421382695562535,14.268269717435388,2025-09-30 10:56:59.503845
0.40521824480001395,14.314894375614136,2025-09-30 10:56:59.503845
1.4071012683888298,14.038579345825655,2025-09-30 10:56:59.503845
0.1257892805012521,14.127464710095527,2025-09-30 10:56:59.503845
-0.7372247162539094,15.458167972348502,2025-09-30 10:56:59.503845
-0.4992793901745894,15.12598628021804,2025-09-30 10:56:59.503845
-1.5936556388406897,14.694906481019267,2025-09-30 10:56:59.503845
0.6554962664047389,14.651774866318984,2025-09-30 10:56:59.503845
0.5052367371197719,14.417000293970878,2025-09-30 10:56:59.503845
0.8699197435992918,14.975508521427773,2025-09-30 10:56:59.503845
-0.12233308467186813,14.851051925877696,2025-09-30 10:56:59.503845
0.11630980275178482,14.818075744950606,2025-09-30 10:56:59.503845
-0.9033846314558711,15.036243682934321,2025-09-30 10:56:59.503845
-0.5415322801268937,14.17840765835647,2025-09-30 10:56:59.503845
-1.469157876762135,14.907015180511427,2025-09-30 10:56:59.503845
0.5224777052981393,14.938231555831129,2025-09-30 10:56:59.503845
0.49658451399000003,14.575561134640223,2025-09-30 10:56:59.503845
0.03496709239910569,15.026819842400084,2025-09-30 10:56:59.503845
-0.3836621458115072,14.926960712345721,2025-09-30 10:56:59.503845
0.7682306783620391,15.759201956470577,2025-09-30 10:56:59.503845
1.7259449969922696,14.826844487963625,2025-09-30 10:56:59.503845
-0.8650616452986558,14.302551036920859,2025-09-30 10:56:59.503845
-1.2855098929669233,13.539262974280023,2025-09-30 10:56:59.503845
-0.42297254482425783,14.866340848666164,2025-09-30 10:56:59.503845
-0.3426020492389003,15.453146596160462,2025-09-30 10:56:59.503845
1.0979066637809356,15.327242851383097,2025-09-30 10:56:59.503845
0.3498647498493205,15.300975786229976,2025-09-30 10:56:59.503845
0.7315642297358294,14.203007981292869,2025-09-30 10:56:59.503845
-0.8486334630100035,14.705126666938739,2025-09-30 10:56:59.503845
-0.6885649338296046,14.940244448321545,2025-09-30 10:56:59.503845
0.6148005975591447,14.817134092154888,2025-09-30 10:56:59.503845
-1.6432277512466296,15.047708213076591,2025-09-30 10:56:59.503845
-0.8841350378942532,14.943994432546534,2025-09-30 10:56:59.503845
-1.9327027775693313,15.76588936310605,2025-09-30 10:56:59.503845
1.4112086340015346,14.695025258347057,2025-09-30 10:56:59.503845
-0.3477328589983014,14.94137001507604,2025-09-30 10:56:59.503845
0.8015899273878666,14.36241545896239,2025-09-30 10:56:59.503845
-0.34691595337696995,15.120304488900397,2025-09-30 10:56:59.503845
1.170156455979243,15.044085268954282,2025-09-30 10:56:59.503845
-1.7974028109160398,15.075375599572585,2025-09-30 10:56:59.503845
-0.8936186527599647,14.285470478637055,2025-09-30 10:56:59.503845
-1.5063312398739002,14.853352480214934,2025-09-30 10:56:59.503845
-1.653574211015606,15.387100707583917,2025-09-30 10:56:59.503845
0.007563893978308327,14.286825673200775,2025-09-30 10:56:59.503845
-0.17348302311250308,14.707121045179735,2025-09-30 10:56:59.503845
-0.8568962798766483,15.356387740967541,2025-09-30 10:56:59.503845
1.4361453928321855,15.458179566578162,2025-09-30 10:56:59.503845
1.216813390921054,14.332793019058878,2025-09-30 10:56:59.503845
-1.5271293821510703,15.461526837745012,2025-09-30 10:56:59.503845
-0.47919261048907785,14.981214985472105,2025-09-30 10:56:59.503845
0.12481183915064503,14.369927710297368,2025-09-30 10:56:59.503845
2.9430907605676215,14.7228084857859,2025-09-30 10:56:59.503845
-1.373880481301054,14.59359726379533,2025-09-30 10:56:59.503845
1.0343650927726937,15.032293921286511,2025-09-30 10:56:59.503845
0.2068017125262393,14.288732387052843,2025-09-30 10:56:59.503845
-0.19680878674752017,14.966581010327912,2025-09-30 10:56:59.503845
-1.5015977640355755,14.699814755717957,2025-09-30 10:56:59.503845
-0.559923704428367,13.999717005124094,2025-09-30 10:56:59.503845
2.367600361421533,15.322066123607739,2025-09-30 10:56:59.503845
0.7456197407288285,14.433054925972145,2025-09-30 10:56:59.503845
-0.7518169820105804,14.92639891604182,2025-09-30 10:56:59.503845
-1.0500271005534387,15.140020459702438,2025-09-30 10:56:59.503845
0.9121744534481669,15.346117726902602,2025-09-30 10:56:59.503845
-0.08077169791123773,14.076317717063953,2025-09-30 10:56:59.503845
-0.3153486449589293,14.570913324785742,2025-09-30 10:56:59.503845
-0.755508006328585,14.759225711069162,2025-09-30 10:56:59.503845
-1.5893669336963725,15.160827085717845,2025-09-30 10:56:59.503845
1.580142142911484,14.886431104416681,2025-09-30 10:56:59.503845
0.6456624439366667,14.448918505631923,2025-09-30 10:56:59.503845
1.2281179320538163,14.221652613801574,2025-09-30 10:56:59.503845
-0.22951297779436747,15.368827048003123,2025-09-30 10:56:59.503845
0.31520120890612013,13.72191079475236,2025-09-30 10:56:59.503845
0.7802833247281014,14.855963926305664,2025-09-30 10:56:59.503845
1.0798362069287992,15.073670176298377,2025-09-30 10:56:59.503845
0.6523918101705707,14.110096546745671,2025-09-30 10:56:59.503845
-0.419847450222939,14.784816057793913,2025-09-30 10:56:59.503845
1.45975584965383,15.00697744855094,2025-09-30 10:56:59.503845
-0.41519639759584687,14.117494642699459,2025-09-30 10:56:59.503845
-0.2895969813367474,14.802522544718737,2025-09-30 10:56:59.503845
1.8331656050642149,14.568345288451752,2025-09-30 10:56:59.503845
1.565877273716011,14.149021313252899,2025-09-30 10:56:59.503845
0.25480958849994817,14.90850439771534,2025-09-30 10:56:59.503845
-0.5400262469403637,13.492151184023504,2025-09-30 10:56:59.503845
0.9629533050270919,14.882791187333288,2025-09-30 10:56:59.503845
2.584232315667686,15.388814739010199,2025-09-30 10:56:59.503845
2.4102943595702597,14.406609726658125,2025-09-30 10:56:59.503845
0.5618282117029508,14.425304603637949,2025-09-30 10:56:59.503845
0.3394754557430872,14.775596928270112,2025-09-30 10:56:59.503845
1.1564480737288054,14.289360033220108,2025-09-30 10:56:59.503845
-0.8626798127537412,14.678788010398367,2025-09-30 10:56:59.503845
0.13786654340522544,14.965092428925331,2025-09-30 10:56:59.503845
-0.4705975039032565,15.026614905616142,2025-09-30 10:56:59.503845
0.6270906452572791,14.998145202829225,2025-09-30 10:56:59.503845
-0.7462130162056927,14.330279429532004,2025-09-30 10:56:59.503845
-1.7778537800416185,15.531998934309751,2025-09-30 10:56:59.503845
0.7320786047128603,15.558847379445018,2025-09-30 10:56:59.503845
-1.6462838024848876,14.732010660023471,2025-09-30 10:56:59.503845
0.151805069256266,14.160985223650096,2025-09-30 10:56:59.503845
0.7269995120300706,15.206943884972606,2025-09-30 10:56:59.503845
-0.713803734737438,14.661989799453595,2025-09-30 10:56:59.503845
-0.09923313536406546,15.321176977199778,2025-09-30 10:56:59.503845
-0.11232386253834364,14.339939842989105,2025-09-30 10:56:59.503845
-0.5738066514250508,14.804348848264114,2025-09-30 10:56:59.503845
1.5593934177988715,14.931778760401327,2025-09-30 10:56:59.503845
0.9305523340472155,15.08488262426213,2025-09-30 10:56:59.503845
0.966871158536991,14.953787258042263,2025-09-30 10:56:59.503845
-0.3410348571557105,14.555908029903597,2025-09-30 10:56:59.503845
1.0172210705427336,14.636296256497312,2025-09-30 10:56:59.503845
-0.47672177274718885,15.176950717501926,2025-09-30 10:56:59.503845
-0.9985935977761669,14.990139544320014,2025-09-30 10:56:59.503845
0.044025284322088465,15.216553085168858,2025-09-30 10:56:59.503845
0.0035802726857096343,15.302209726831215,2025-09-30 10:56:59.503845
1.5193699245045909,15.16384740945712,2025-09-30 10:56:59.503845
0.6629800288780747,14.454683754824623,2025-09-30 10:56:59.503845
0.7381958488074968,15.461081542870073,2025-09-30 10:56:59.503845
-1.1401232980150313,14.24354578511435,2025-09-30 10:56:59.503845
0.774433380709062,14.836198889239235,2025-09-30 10:56:59.503845
0.4501236456470974,14.468961243079516,2025-09-30 10:56:59.503845
-0.13446842392847028,14.938151913648595,2025-09-30 10:56:59.503845
1.9600319886898414,15.049375143022948,2025-09-30 10:56:59.503845
0.3120143904419911,15.462648732049956,2025-09-30 10:56:59.503845
-0.4131280790350212,14.602160761468271,2025-09-30 10:56:59.503845
1.2336694063339388,14.556229320431195,2025-09-30 10:56:59.503845
0.48795752329178593,14.65901900606038,2025-09-30 10:56:59.503845
0.8311289645714818,15.01264038603573,2025-09-30 10:56:59.503845
-0.3785354601530523,14.550239215324925,2025-09-30 10:56:59.503845
-1.2687234549671584,14.611380651170458,2025-09-30 10:56:59.503845
1.0562695895682852,13.695788496821539,2025-09-30 10:56:59.503845
0.44868905370285017,15.05165059636047,2025-09-30 10:56:59.503845
-0.2789050530544717,15.784707305036989,2025-09-30 10:56:59.503845
-1.5316767280523125,15.279620415215748,2025-09-30 10:56:59.503845
-1.5433812961036837,15.186548872236799,2025-09-30 10:56:59.503845
-1.7901881240174813,15.111506086807225,2025-09-30 10:56:59.503845
-0.14241658390461187,15.015151564907384,2025-09-30 10:56:59.503845
-1.4463090241050442,13.473733284141565,2025-09-30 10:56:59.503845
-2.5725227316868784,14.410410552322977,2025-09-30 10:56:59.503845
-0.04743189685266736,15.146566348294582,2025-09-30 10:56:59.503845
0.17233718859466726,14.142330174111866,2025-09-30 10:56:59.503845
-0.8383327281716556,15.363656932676687,2025-09-30 10:56:59.503845
1.2137039383050605,15.131338612153227,2025-09-30 10:56:59.503845
1.0371588832809557,14.86029121770306,2025-09-30 10:56:59.503845
-0.6319433570754553,14.91117539282592,2025-09-30 10:56:59.503845
0.42633954628215953,14.694229982631876,2025-09-30 10:56:59.503845
0.036688243286069164,14.509296889304082,2025-09-30 10:56:59.503845
0.44121203649402735,14.568951224034802,2025-09-30 10:56:59.503845
-1.0683005602123943,14.849245224305397,2025-09-30 10:56:59.503845
-0.1326686743096412,15.022086798043015,2025-09-30 10:56:59.503845
-1.9319521385467735,14.43949731720065,2025-09-30 10:56:59.503845
-0.12705283230521852,15.304437523207524,2025-09-30 10:56:59.503845
-0.5092981847523437,14.867341794937083,2025-09-30 10:56:59.503845
0.28419959818630547,15.713464040226137,2025-09-30 10:56:59.503845
1.9973876817935992,14.709065418819534,2025-09-30 10:56:59.503845
-0.8501091035583669,14.266310785255916,2025-09-30 10:56:59.503845
0.16545663293877513,14.452528997268715,2025-09-30 10:56:59.503845
-0.059192113939646296,14.173676372712592,2025-09-30 10:56:59.503845
0.12196656894401225,14.923250271173796,2025-09-30 10:56:59.503845
0.6279758954523887,14.496275913206278,2025-09-30 10:56:59.503845
1.149866296642765,15.03352252402318,2025-09-30 10:56:59.503845
-0.836891841274218,14.74721302515019,2025-09-30 10:56:59.503845
-1.303625311017155,14.11953664562075,2025-09-30 10:56:59.503845
-1.2844196222691517,15.013311901940558,2025-09-30 10:56:59.503845
1.2184598353969538,14.8121850766881,2025-09-30 10:56:59.503845
0.8629009048366864,15.326442613923026,2025-09-30 10:56:59.503845
-1.2637267062175028,15.865745382213458,2025-09-30 10:56:59.503845
-2.2801114941035467,14.514079106029909,2025-09-30 10:56:59.503845
-1.1183999319449092,14.508698991698262,2025-09-30 10:56:59.503845
1.8649884159667571,15.595914537090348,2025-09-30 10:56:59.503845
-0.9066533384206176,13.99104781243825,2025-09-30 10:56:59.503845
0.42403444311378263,15.030352418917465,2025-09-30 10:56:59.503845
-0.7607512526162706,14.177113887668398,2025-09-30 10:56:59.503845
0.89050978317416,14.761039529084693,2025-09-30 10:56:59.503845
-0.9629412747534646,14.042748459472959,2025-09-30 10:56:59.503845
-0.9349133615105063,14.572628648945756,2025-09-30 10:56:59.503845
-0.855356069329579,15.147859129501219,2025-09-30 10:56:59.503845
-0.9838917701627091,15.006932309520211,2025-09-30 10:56:59.503845
1.8775378417797766,14.65837056794622,2025-09-30 10:56:59.503845
0.42742425829961606,13.945423947809314,2025-09-30 10:56:59.503845
0.33077636121944237,14.944934527548089,2025-09-30 10:56:59.503845
-0.06722844077028813,15.249494599427317,2025-09-30 10:56:59.503845
-1.412461766346647,14.981762216215465,2025-09-30 10:56:59.503845
-1.654470030236303,14.941802862802176,2025-09-30 10:56:59.503845
0.38680074178558377,14.738977527188377,2025-09-30 10:56:59.503845
-2.229257086828283,15.139839124285364,2025-09-30 10:56:59.503845
-1.0894938600034407,14.193436174255622,2025-09-30 10:56:59.503845
0.628900302752668,14.436208499112066,2025-09-30 10:56:59.503845
-0.573433599966983,14.419654232543111,2025-09-30 10:56:59.503845
0.17052582036443273,14.892699954235798,2025-09-30 10:56:59.503845
0.36966380578116864,14.608008079330247,2025-09-30 10:56:59.503845
-0.2684863735602107,13.987010950870356,2025-09-30 10:56:59.503845
1.1374009285857083,14.888400859732837,2025-09-30 10:56:59.503845
-2.341793344030597,14.995303522268603,2025-09-30 10:56:59.503845
-0.2332311328793753,14.32466942507489,2025-09-30 10:56:59.503845
-0.8540512411626772,14.975294127301323,2025-09-30 10:56:59.503845
1.7219302015724074,14.652202322956946,2025-09-30 10:56:59.503845
-0.29440355436555454,14.627059032259934,2025-09-30 10:56:59.503845
-1.186310464389691,13.939475746109999,2025-09-30 10:56:59.503845
-0.9052323267413032,14.764606953485416,2025-09-30 10:56:59.503845
0.08203085416429418,14.746134356443367,2025-09-30 10:56:59.503845
-0.6928427101256726,14.805792217281354,2025-09-30 10:56:59.503845
0.39259113265590967,15.385091364194478,2025-09-30 10:56:59.503845
0.20526780702044667,14.443330861614657,2025-09-30 10:56:59.503845
-1.82335126890923,14.72386808874187,2025-09-30 10:56:59.503845
0.19442018159105265,14.474019788255278,2025-09-30 10:56:59.503845
0.7372384853971324,14.210617794795361,2025-09-30 10:56:59.503845
1.2185228578498677,14.831986925699232,2025-09-30 10:56:59.503845
1.253622623456979,14.780179349579711,2025-09-30 10:56:59.503845
-0.9240536681645464,14.54879597693494,2025-09-30 10:56:59.503845
0.4624856328551582,15.24860697820264,2025-09-30 10:56:59.503845
-0.28673318542895676,14.546306171894322,2025-09-30 10:56:59.503845
0.03433935069172673,14.437100296220269,2025-09-30 10:56:59.503845
0.11429980618721683,14.732370671974662,2025-09-30 10:56:59.503845
0.17159281256260103,14.591025763109542,2025-09-30 10:56:59.503845
-0.27376526869290213,14.689796214577507,2025-09-30 10:56:59.503845
0.8223402408722414,14.697319559700787,2025-09-30 10:56:59.503845
-1.1060953920261378,15.129148043354837,2025-09-30 10:56:59.503845
-0.8741028564200187,14.184114885186952,2025-09-30 10:56:59.503845
-1.2458644561691377,14.478944964848804,2025-09-30 10:56:59.503845
1.1336996953781129,14.860508665744275,2025-09-30 10:56:59.503845
0.8878985774332745,14.948688765452848,2025-09-30 10:56:59.503845
1.659492504964296,14.075310721569759,2025-09-30 10:56:59.503845
1.9163026935754193,14.820522816732906,2025-09-30 10:56:59.503845
0.21348222670481667,14.422558581879564,2025-09-30 10:56:59.503845
2.3233850663025315,15.330454804265642,2025-09-30 10:56:59.503845
0.1101979621996607,15.268770126054912,2025-09-30 10:56:59.503845
0.5855470839351988,15.079798219754625,2025-09-30 10:56:59.503845
-0.7143770686499583,14.913268721259179,2025-09-30 10:56:59.503845
-0.05986622437706551,14.083927985954244,2025-09-30 10:56:59.503845
-0.9467291564701207,14.598731643711737,2025-09-30 10:56:59.503845
0.0627191560843166,14.990046382539454,2025-09-30 10:56:59.503845
0.674500405821186,15.066205332098928,2025-09-30 10:56:59.503845
-1.0400307478946451,14.965805761383825,2025-09-30 10:56:59.503845
0.7704341101807788,14.35892125801293,2025-09-30 10:56:59.503845
-0.5220020595603264,15.541623817873038,2025-09-30 10:56:59.503845
1.5529477636720983,14.389291940704409,2025-09-30 10:56:59.503845
-0.40974467871868725,15.170591954485491,2025-09-30 10:56:59.503845
1.7305444260596858,14.96425824808372,2025-09-30 10:56:59.503845
1.3736325474110958,15.274470205877003,2025-09-30 10:56:59.503845
-1.0533664152759274,14.279924460630655,2025-09-30 10:56:59.503845
0.4628630040818624,14.922664570741267,2025-09-30 10:56:59.503845
-0.22467697750550142,14.199557543922971,2025-09-30 10:56:59.503845
1.125901700554092,14.082110760498967,2025-09-30 10:56:59.503845
-1.7296399873715047,15.108800763855722,2025-09-30 10:56:59.503845
-0.36253408646887314,14.625936365670732,2025-09-30 10:56:59.503845
-2.016337822585683,14.622652636433308,2025-09-30 10:56:59.503845
1.1113218563914777,15.189259918648,2025-09-30 10:56:59.503845
1.9403118161011454,14.668584385438567,2025-09-30 10:56:59.503845
-0.5069748629339029,15.497775170277086,2025-09-30 10:56:59.503845
0.08230822833993179,14.547267821495886,2025-09-30 10:56:59.503845
-0.24593096082326887,14.681008705094552,2025-09-30 10:56:59.503845
-0.7799356275161236,14.46135454219965,2025-09-30 10:56:59.503845
-0.23309307782518285,14.248635346430488,2025-09-30 10:56:59.503845
-1.8145716859477334,14.851640097014712,2025-09-30 10:56:59.503845
-0.910446303006019,14.318786878685104,2025-09-30 10:56:59.503845
-0.9498381679575721,14.443423755820294,2025-09-30 10:56:59.503845
1.3619384822400158,14.785974896170663,2025-09-30 10:56:59.503845
0.0888826668116971,14.124412504434863,2025-09-30 10:56:59.503845
0.3821251429788466,14.661433155709412,2025-09-30 10:56:59.503845
0.0030126668171523282,13.74524170420821,2025-09-30 10:56:59.503845
-0.6395945664887513,14.432618390948523,2025-09-30 10:56:59.503845
-0.6457592083638249,14.159533178255712,2025-09-30 10:56:59.503845
0.5338549029112385,15.046867055382865,2025-09-30 10:56:59.503845
-0.8221200716526973,15.447299224508134,2025-09-30 10:56:59.503845
2.8116079742706264,15.00609759504934,2025-09-30 10:56:59.503845
0.09884969702851977,14.395703348377879,2025-09-30 10:56:59.503845
1.3921197578309623,14.602381921475365,2025-09-30 10:56:59.503845
-0.5951630297449796,15.108780488729925,2025-09-30 10:56:59.503845
-0.03351689877019983,13.64213499402584,2025-09-30 10:56:59.503845
1.8628015177179702,15.220890191920757,2025-09-30 10:56:59.503845
-1.2817843741185277,15.073696425271823,2025-09-30 10:56:59.503845
-0.5537773230446912,15.42127124796747,2025-09-30 10:56:59.503845
0.1359898949386298,14.936579207605444,2025-09-30 10:56:59.503845
1.3299834842448761,14.349436150643438,2025-09-30 10:56:59.503845
-0.13385053560111443,15.661915348698553,2025-09-30 10:56:59.503845
1.4082633157548115,14.58374319298016,2025-09-30 10:56:59.503845
-0.02884955376495295,13.604841952002388,2025-09-30 10:56:59.503845
-1.9612906123609068,14.756886630127193,2025-09-30 10:56:59.503845
-0.13440041811671016,14.36854031620958,2025-09-30 10:56:59.503845
0.12030765680864869,14.26496569751524,2025-09-30 10:56:59.503845
0.8630766407429037,14.983027694095869,2025-09-30 10:56:59.503845
0.7546169214525104,14.537710836396661,2025-09-30 10:56:59.503845
0.9940469279931461,14.50478536859233,2025-09-30 10:56:59.503845
-1.2453870121315516,15.458571814870648,2025-09-30 10:56:59.503845
-0.592943899033596,14.998306760942341,2025-09-30 10:56:59.503845
0.6006789671954917,14.861399340912948,2025-09-30 10:56:59.503845
-0.4705228630495614,14.205323361022199,2025-09-30 10:56:59.503845
-0.880364820651913,15.412748777543786,2025-09-30 10:56:59.503845
-1.3168528275701288,14.270188766382091,2025-09-30 10:56:59.503845
-1.6434101981298268,14.754857722138857,2025-09-30 10:56:59.503845
-0.32745874535890657,15.19589945855126,2025-09-30 10:56:59.503845
-1.2496388505278877,14.834424062354344,2025-09-30 10:56:59.503845
0.7676369905141346,14.881421997166905,2025-09-30 10:56:59.503845
-1.8169603766129825,14.601732058328208,2025-09-30 10:56:59.503845
1.2324271813416174,14.148812466722616,2025-09-30 10:56:59.503845
-1.1026061044946167,15.095901781887793,2025-09-30 10:56:59.503845
0.5897547415766728,15.246895265065987,2025-09-30 10:56:59.503845
1.0712540600699005,14.723793445192474,2025-09-30 10:56:59.503845
0.42914107493651366,14.994615772961675,2025-09-30 10:56:59.503845
0.10616533793487616,14.834840197661393,2025-09-30 10:56:59.503845
-0.2095787007971554,14.742344141824562,2025-09-30 10:56:59.503845
1.0268217245416016,14.772635225682597,2025-09-30 10:56:59.503845
0.7364688141748142,14.824547745947418,2025-09-30 10:56:59.503845
1.6445845962407415,14.803441589766335,2025-09-30 10:56:59.503845
2.209280014911262,14.768222491923241,2025-09-30 10:56:59.503845
0.005885075208844031,14.805184708978302,2025-09-30 10:56:59.503845
-1.1867323206619163,14.123578317511164,2025-09-30 10:56:59.503845
0.0337676534332801,15.492133193114181,2025-09-30 10:56:59.503845
-1.4239938309736062,14.599403173198134,2025-09-30 10:56:59.503845
-0.41016187139695454,14.43523712132746,2025-09-30 10:56:59.503845
-1.630114864206921,15.065075515245258,2025-09-30 10:56:59.503845
0.3161184476621347,15.183803365681758,2025-09-30 10:56:59.503845
0.30343577669300537,14.531164990357148,2025-09-30 10:56:59.503845
-1.1401198343882264,15.436415102206597,2025-09-30 10:56:59.503845
1.039158427746728,14.653845257736048,2025-09-30 10:56:59.503845
0.9175090946653771,14.583205368806706,2025-09-30 10:56:59.503845
-1.122714913708321,15.590026521225855,2025-09-30 10:56:59.503845
1.298434325305332,14.178513095722579,2025-09-30 10:56:59.503845
-0.29010592376249494,13.976435306202834,2025-09-30 10:56:59.503845
0.41913857843860747,14.971280546819425,2025-09-30 10:56:59.503845
-0.8886162897247761,15.213107601151094,2025-09-30 10:56:59.503845
0.0746865536253011,14.193395293571227,2025-09-30 10:56:59.503845
-1.857146080465017,13.710871939851057,2025-09-30 10:56:59.503845
0.7911202292599786,14.946683023432492,2025-09-30 10:56:59.503845
-1.8523625002344024,14.608053624455003,2025-09-30 10:56:59.503845
0.7022554365206901,14.636457729048912,2025-09-30 10:56:59.503845
0.08092617636341592,14.646390827590203,2025-09-30 10:56:59.503845
-0.4792139417289776,14.866662065508056,2025-09-30 10:56:59.503845
-0.3028184628149144,14.347513867327423,2025-09-30 10:56:59.503845
-1.0337593335288544,14.988147075237022,2025-09-30 10:56:59.503845
0.46249891414812583,15.04853722838438,2025-09-30 10:56:59.503845
0.17398580902443053,14.563858366714543,2025-09-30 10:56:59.503845
-0.6410054717775602,14.679988077015762,2025-09-30 10:56:59.503845
0.36179274583751997,14.688634166820536,2025-09-30 10:56:59.503845
-0.1788794550075219,14.920945834534164,2025-09-30 10:56:59.503845
-1.6549071353670501,15.750327699698328,2025-09-30 10:56:59.503845
0.3396441611239708,15.467260981160639,2025-09-30 10:56:59.503845
-1.0322479262097608,15.105815171776735,2025-09-30 10:56:59.503845
-1.1288933126829155,14.355132498734216,2025-09-30 10:56:59.503845
-0.5400018522593443,15.150679132596872,2025-09-30 10:56:59.503845
-1.4707531230037016,14.186935284610575,2025-09-30 10:56:59.503845
-0.27689397908536356,14.222494233238498,2025-09-30 10:56:59.503845
1.5464142671606287,14.547441272056357,2025-09-30 10:56:59.503845
0.40272837000812967,15.339672768015287,2025-09-30 10:56:59.503845
1.5189795234038477,14.832255918546208,2025-09-30 10:56:59.503845
0.2206840556513843,15.017195283824556,2025-09-30 10:56:59.503845
-1.3915571896367311,14.551986772815237,2025-09-30 10:56:59.503845
1.3723373255021856,14.340625419923795,2025-09-30 10:56:59.503845
0.4864791998691728,14.663776008064922,2025-09-30 10:56:59.503845
0.13656848525886886,14.461632304173168,2025-09-30 10:56:59.503845
1.527017959508436,14.203883661339791,2025-09-30 10:56:59.503845
0.5640924666665693,14.704845999619678,2025-09-30 10:56:59.503845
-1.0830029318932397,14.16079106421615,2025-09-30 10:56:59.503845
1.526405777361838,14.579344129850684,2025-09-30 10:56:59.503845
0.7668741412055413,15.00586026115746,2025-09-30 10:56:59.503845
0.12041596154939889,14.588937130594179,2025-09-30 10:56:59.503845
0.054825582146703945,13.944338727743041,2025-09-30 10:56:59.503845
-1.2499513997428884,15.595856806952394,2025-09-30 10:56:59.503845
-1.7147872881661461,13.84947994543212,2025-09-30 10:56:59.503845
0.2506885195802937,15.065477544938936,2025-09-30 10:56:59.503845
-0.7910162251223711,14.95975377577879,2025-09-30 10:56:59.503845
-0.26531126686826895,14.800160638896214,2025-09-30 10:56:59.503845
0.6486082029074716,15.073043671218153,2025-09-30 10:56:59.503845
-0.8434501903682805,15.355689412692408,2025-09-30 10:56:59.503845
-0.6631884139470942,14.503423636002717,2025-09-30 10:56:59.503845
1.9129602820015623,14.702765200999412,2025-09-30 10:56:59.503845
0.37820736959965057,14.147205254401573,2025-09-30 10:56:59.503845
-1.4745307282434008,15.652501723468033,2025-09-30 10:56:59.503845
-2.591585633078708,14.902876784356994,2025-09-30 10:56:59.503845
-1.2344909118384437,14.75039029375467,2025-09-30 10:56:59.503845
0.2724798368478367,14.947384921605618,2025-09-30 10:56:59.503845
0.5471105164530263,15.052587685114311,2025-09-30 10:56:59.503845
-0.6313254189449481,14.63200480658671,2025-09-30 10:56:59.503845
0.22431800310516642,14.993185946570605,2025-09-30 10:56:59.503845
-1.9194554647785609,15.34999399835554,2025-09-30 10:56:59.503845
0.08407341548498926,14.997562511900027,2025-09-30 10:56:59.503845
-0.7112161093791782,14.377688371428102,2025-09-30 10:56:59.503845
-0.5394528889148538,14.878399640063332,2025-09-30 10:56:59.503845
-0.3232754215914408,15.107132124328022,2025-09-30 10:56:59.503845
-0.7728967767776691,14.865033262280189,2025-09-30 10:56:59.503845
-1.251661559373015,14.928942288319128,2025-09-30 10:56:59.503845
-1.1514603893860262,15.070819698184467,2025-09-30 10:56:59.503845
-1.085406377312326,14.73448339878229,2025-09-30 10:56:59.503845
-0.5556353833950821,14.662952338628104,2025-09-30 10:56:59.503845
-1.1283899915082423,14.73028397734533,2025-09-30 10:56:59.503845
0.6240015917324341,15.06021306609857,2025-09-30 10:56:59.503845
0.9810496259123771,15.315049886783202,2025-09-30 10:56:59.503845
-0.43546739878911345,15.067761621015347,2025-09-30 10:56:59.503845
0.9792034679571204,14.729505985618452,2025-09-30 10:56:59.503845
-0.3316056701801248,14.471121994554736,2025-09-30 10:56:59.503845
-2.2430403525006004,14.305751503225206,2025-09-30 10:56:59.503845
-0.07496834884788729,13.80907965409098,2025-09-30 10:56:59.503845
-0.6145880624504954,15.089854238334809,2025-09-30 10:56:59.503845
0.32985328223261645,14.445213852432037,2025-09-30 10:56:59.503845
-1.1977505592741893,15.158599732610181,2025-09-30 10:56:59.503845
0.04956863602967034,14.990067111386828,2025-09-30 10:56:59.503845
0.9364262583136121,14.5666431232102,2025-09-30 10:56:59.503845
-1.2634800341066534,14.592999059943752,2025-09-30 10:56:59.503845
1.3611501530478034,14.84613463276267,2025-09-30 10:56:59.503845
0.18639804967065068,14.799556635459044,2025-09-30 10:56:59.503845
0.20164503550067825,15.044981257628205,2025-09-30 10:56:59.503845
-1.0922526142678581,14.2298477117786,2025-09-30 10:56:59.503845
1.1913484421615663,15.218916697564259,2025-09-30 10:56:59.503845
0.415381353326958,15.644848436591788,2025-09-30 10:56:59.503845
-1.4409518064621494,14.816331688352257,2025-09-30 10:56:59.503845
-0.7111618709595019,14.52045184773947,2025-09-30 10:56:59.503845
-1.6888793340430914,15.541594807387373,2025-09-30 10:56:59.503845
0.8550172022466224,15.08658683486619,2025-09-30 10:56:59.503845
0.010852076799691643,15.325521445495259,2025-09-30 10:56:59.503845
-1.1756753092127967,14.629900132777342,2025-09-30 10:56:59.503845
-1.152377749535751,14.986165433963476,2025-09-30 10:56:59.503845
-0.9083323810797778,15.170885029182347,2025-09-30 10:56:59.503845
-1.1257421099110023,15.33644340630901,2025-09-30 10:56:59.503845
0.46218687228054955,14.310644147659241,2025-09-30 10:56:59.503845
-0.653714566881932,14.665096545915882,2025-09-30 10:56:59.503845
0.19231229590023446,14.658116336127708,2025-09-30 10:56:59.503845
-1.4258312356607745,14.779018381890957,2025-09-30 10:56:59.503845
-0.7092312453677775,14.524721941724406,2025-09-30 10:56:59.503845
-0.21076351538860152,14.95811201301213,2025-09-30 10:56:59.503845
0.407607673417413,14.428554298106711,2025-09-30 10:56:59.503845
0.1252265786221723,14.447852567189312,2025-09-30 10:56:59.503845
1.6385116649231948,14.940700688103878,2025-09-30 10:56:59.503845
-1.5958004374488548,14.395507391800255,2025-09-30 10:56:59.503845
0.4971580562347944,15.108934884800616,2025-09-30 10:56:59.503845
-0.23509320398004882,14.635993203610763,2025-09-30 10:56:59.503845
-0.4239556423143258,15.034378107677375,2025-09-30 10:56:59.503845
-0.042934040092456154,14.690183514060053,2025-09-30 10:56:59.503845
0.6189669883659529,15.045731540945328,2025-09-30 10:56:59.503845
0.9375397020905616,14.636606335965965,2025-09-30 10:56:59.503845
-0.16203590977056712,14.724914523258244,2025-09-30 10:56:59.503845
0.9175098367236394,14.838320306068763,2025-09-30 10:56:59.503845
0.4419040652477083,14.433952611322022,2025-09-30 10:56:59.503845
0.628566857194535,14.522734941271791,2025-09-30 10:56:59.503845
0.5684969581194592,14.94253217271736,2025-09-30 10:56:59.503845
-0.5136385244306202,14.406398945777363,2025-09-30 10:56:59.503845
-0.7677533606342818,14.410475851480488,2025-09-30 10:56:59.503845
-0.18418214924504914,15.069599634200339,2025-09-30 10:56:59.503845
0.27743331392931847,15.265545320212368,2025-09-30 10:56:59.503845
-0.18874810352729343,15.23911392513118,2025-09-30 10:56:59.503845
1.4970216371387268,15.356727791953697,2025-09-30 10:56:59.503845
1.1045040418340766,14.053165672418245,2025-09-30 10:56:59.503845
0.7988809536566378,14.849233138947747,2025-09-30 10:56:59.503845
-0.42712349859637827,14.516004533180649,2025-09-30 10:56:59.503845
1.448566304585028,14.710852897104314,2025-09-30 10:56:59.503845
0.09295969978202005,13.798372198726756,2025-09-30 10:56:59.503845
0.34150798601608334,14.346526574523118,2025-09-30 10:56:59.503845
2.1243627461752377,14.923765001529404,2025-09-30 10:56:59.503845
0.15086577029616796,15.180870753143594,2025-09-30 10:56:59.503845
0.31647761891310694,15.473012800966618,2025-09-30 10:56:59.503845
-0.7245306057674755,13.829298028008486,2025-09-30 10:56:59.503845
0.5218676323267905,15.08960138965688,2025-09-30 10:56:59.503845
-0.14683964057351123,15.457301198704094,2025-09-30 10:56:59.503845
-0.6060481208979348,14.300415636997844,2025-09-30 10:56:59.503845
0.9417781795782219,15.079365737384485,2025-09-30 10:56:59.503845
-2.371998272933475,15.113915977453473,2025-09-30 10:56:59.503845
-0.670102250692289,14.525205045876525,2025-09-30 10:56:59.503845
1.68253820855034,14.167036115614986,2025-09-30 10:56:59.503845
1.1959906187147937,15.224393451782834,2025-09-30 10:56:59.503845
-0.8223825032411408,14.843213820887394,2025-09-30 10:56:59.503845
0.15627475551547526,14.99624533232464,2025-09-30 10:56:59.503845
-0.6055215775429131,15.29042993086642,2025-09-30 10:56:59.503845
-1.2192227298723928,13.818962153839193,2025-09-30 10:56:59.503845
-1.9589626208531303,15.083297613749597,2025-09-30 10:56:59.503845
0.3482289870858546,14.280844934176365,2025-09-30 10:56:59.503845
-0.40857383877982534,14.659004154035854,2025-09-30 10:56:59.503845
0.1650005676244033,14.317969021383007,2025-09-30 10:56:59.503845
0.34099441985716494,15.50734576130742,2025-09-30 10:56:59.503845
1.8382637406553888,14.683330125952716,2025-09-30 10:56:59.503845
0.5633378579532484,15.08921534365928,2025-09-30 10:56:59.503845
0.5063680740031381,15.523971468069286,2025-09-30 10:56:59.503845
0.1039913106974751,16.22485191141923,2025-09-30 10:56:59.503845
-0.22985729310514566,14.052357475219825,2025-09-30 10:56:59.503845
-1.1132468579451429,15.49618613135699,2025-09-30 10:56:59.503845
-0.4825012662719535,15.508129419241472,2025-09-30 10:56:59.503845
-0.9344336168105578,14.15901249664363,2025-09-30 10:56:59.503845
0.047445696182724414,14.29100164070987,2025-09-30 10:56:59.503845
-0.731382710877838,14.60054857163228,2025-09-30 10:56:59.503845
0.04967494491666246,15.139421290495795,2025-09-30 10:56:59.503845
-0.18676298122381382,14.62032916735811,2025-09-30 10:56:59.503845
-0.9417608558116729,15.080905207087032,2025-09-30 10:56:59.503845
-1.1155326069412193,15.404991781161357,2025-09-30 10:56:59.503845
-1.4185853449539285,15.203986642688568,2025-09-30 10:56:59.503845
-1.2303022965272743,14.738453043331889,2025-09-30 10:56:59.503845
-1.1459610377199214,15.420115343465131,2025-09-30 10:56:59.503845
-1.6853710447147443,14.796807465939914,2025-09-30 10:56:59.503845
-0.02391785749489917,14.836217118745662,2025-09-30 10:56:59.503845
-0.7299264555339242,14.497178628944619,2025-09-30 10:56:59.503845
0.39397239070043816,14.502568786806613,2025-09-30 10:56:59.503845
0.1449202251539254,14.89287847725875,2025-09-30 10:56:59.503845
-0.9196762628270909,14.838383155965696,2025-09-30 10:56:59.503845
-0.42979063134269285,14.811705054734855,2025-09-30 10:56:59.503845
0.5071696045077879,14.966501637077169,2025-09-30 10:56:59.503845
0.6501472496365209,14.347666244079228,2025-09-30 10:56:59.503845
-0.1725799302705583,14.949238411405366,2025-09-30 10:56:59.503845
-0.8828980646308687,15.240859003756523,2025-09-30 10:56:59.503845
0.5074559650885483,14.484072851781423,2025-09-30 10:56:59.503845
-1.008579451333178,15.254597536414348,2025-09-30 10:56:59.503845
-0.9853972511494292,14.649681012902896,2025-09-30 10:56:59.503845
-0.7007353214704837,14.487467512870007,2025-09-30 10:56:59.503845
-0.408261322304472,14.6341036106468,2025-09-30 10:56:59.503845
0.27653667985345165,14.738722856740576,2025-09-30 10:56:59.503845
-0.8041869419238057,14.444654702488151,2025-09-30 10:56:59.503845
1.1274380761717904,15.105153678451021,2025-09-30 10:56:59.503845
-1.2756353327602168,14.846619746091223,2025-09-30 10:56:59.503845
0.6798791176272341,15.037485096984929,2025-09-30 10:56:59.503845
-1.382512931062275,14.760007754250726,2025-09-30 10:56:59.503845
1.7654802187687428,15.088626690658822,2025-09-30 10:56:59.503845
-0.6114979304599502,14.028105085755241,2025-09-30 10:56:59.503845
0.000543600669319511,14.37688470787742,2025-09-30 10:56:59.503845
0.570680120064749,14.011692398380548,2025-09-30 10:56:59.503845
-0.9587358023097512,15.007845514037522,2025-09-30 10:56:59.503845
-0.8749723005212697,14.133084789166091,2025-09-30 10:56:59.503845
-0.3068704650813308,14.888307192989847,2025-09-30 10:56:59.503845
0.7551378261578232,15.151382523404504,2025-09-30 10:56:59.503845
0.044836449715352125,14.483028441208738,2025-09-30 10:56:59.503845
0.32728556146974724,14.273865523296422,2025-09-30 10:56:59.503845
-1.4564637080338316,14.137845655423074,2025-09-30 10:56:59.503845
-0.899755967469366,14.343132123733776,2025-09-30 10:56:59.503845
0.12876754096661527,14.919289375913374,2025-09-30 10:56:59.503845
-0.19665994069347117,14.869639112785707,2025-09-30 10:56:59.503845
0.428211975564529,14.393438121814967,2025-09-30 10:56:59.503845
0.24674966548546465,14.688516339899438,2025-09-30 10:56:59.503845
-0.34654089272528504,15.589676984246728,2025-09-30 10:56:59.503845
-1.0723282789328472,14.635017758195124,2025-09-30 10:56:59.503845
0.6296694326702247,15.108500335165054,2025-09-30 10:56:59.503845
-0.4779327050625007,15.418494181322414,2025-09-30 10:56:59.503845
-0.23297024431160837,14.915111170196733,2025-09-30 10:56:59.503845
-1.1584867184247687,14.409445970700439,2025-09-30 10:56:59.503845
0.9193366319335592,14.47499220783126,2025-09-30 10:56:59.503845
0.3179753323955814,14.803895600357334,2025-09-30 10:56:59.503845
-0.6771547016423329,14.333820901676237,2025-09-30 10:56:59.503845
1.7360597654858927,15.388238196766947,2025-09-30 10:56:59.503845
-0.3533740629335719,15.711286257647886,2025-09-30 10:56:59.503845
-0.8610323672279713,14.42707675693861,2025-09-30 10:56:59.503845
-0.8136797355130042,14.660689311310165,2025-09-30 10:56:59.503845
0.12679398624410335,14.804379427712501,2025-09-30 10:56:59.503845
-0.5007516658904897,13.644024257955788,2025-09-30 10:56:59.503845
1.0386965952793734,14.625267255859805,2025-09-30 10:56:59.503845
-2.4028089058456255,14.42053599450947,2025-09-30 10:56:59.503845
0.3441675668739819,14.999226015986988,2025-09-30 10:56:59.503845
-0.8345795497669714,14.819179463217564,2025-09-30 10:56:59.503845
-0.5478740358575098,14.836165291304386,2025-09-30 10:56:59.503845
-0.3464231239438398,15.10269474617969,2025-09-30 10:56:59.503845
0.22445203458010676,14.892050273448449,2025-09-30 10:56:59.503845
-0.7138237179024068,15.053267667212404,2025-09-30 10:56:59.503845
-0.40980116701014596,15.356963496848445,2025-09-30 10:56:59.503845
-0.329321109837595,14.825410694226568,2025-09-30 10:56:59.503845
-0.8880789950636871,14.796200632288743,2025-09-30 10:56:59.503845
0.5682523596922257,14.668123440427474,2025-09-30 10:56:59.503845
-0.06285830292105016,14.7893383062571,2025-09-30 10:56:59.503845
-0.23488246806535495,14.929403702755193,2025-09-30 10:56:59.503845
-1.1332076578504147,14.382838516613678,2025-09-30 10:56:59.503845
-1.2065556386061778,15.005545022292528,2025-09-30 10:56:59.503845
-0.028544481759376822,14.503901524181233,2025-09-30 10:56:59.503845
1.8706762983659506,14.885364583309965,2025-09-30 10:56:59.503845
-0.2060592313936978,14.579227999228065,2025-09-30 10:56:59.503845
0.6497708444989764,15.198810870036386,2025-09-30 10:56:59.503845
0.7386937231437132,14.768831778691746,2025-09-30 10:56:59.503845
0.5251341598940451,14.83292544762934,2025-09-30 10:56:59.503845
-1.3470585716996708,14.646430657568533,2025-09-30 10:56:59.503845
0.32501375189663884,14.91653783293106,2025-09-30 10:56:59.503845
-0.6938628323519707,15.475815395545052,2025-09-30 10:56:59.503845
-0.573911353554501,14.098216361912685,2025-09-30 10:56:59.503845
0.7473918565960769,14.657119051337547,2025-09-30 10:56:59.503845
-0.2738973349186983,15.098183149532467,2025-09-30 10:56:59.503845
0.3004221236725656,15.373951583383775,2025-09-30 10:56:59.503845
-0.0593248862134213,14.38016443495593,2025-09-30 10:56:59.503845
-1.5727702191851864,15.142401804584143,2025-09-30 10:56:59.503845
0.9750125878680526,15.208598560665193,2025-09-30 10:56:59.503845
-1.5302039568105676,14.872479178663434,2025-09-30 10:56:59.503845
2.788209687471216,14.126774314345184,2025-09-30 10:56:59.503845
0.7143779538906354,13.901930277036206,2025-09-30 10:56:59.503845
-0.9556064520772038,14.50920703413804,2025-09-30 10:56:59.503845
1.268416886604163,14.993962149003574,2025-09-30 10:56:59.503845
0.7845860875441714,14.773666209960238,2025-09-30 10:56:59.503845
-1.6264325868390501,15.013142657058225,2025-09-30 10:56:59.503845
0.21754361908038553,15.63985936847784,2025-09-30 10:56:59.503845
-0.6932726537715981,14.906899126539026,2025-09-30 10:56:59.503845
-0.17475921215789245,14.349428048784807,2025-09-30 10:56:59.503845
0.7595017191940426,15.072514522091472,2025-09-30 10:56:59.503845
-0.026248396923900148,14.494449124656583,2025-09-30 10:56:59.503845
0.04175537714523643,14.933452318208092,2025-09-30 10:56:59.503845
-0.025470988715115755,14.923833896402472,2025-09-30 10:56:59.503845
-0.5125048835541014,14.619247121205676,2025-09-30 10:56:59.503845
-1.1869908612318807,14.647067838164903,2025-09-30 10:56:59.503845
1.3051377715052186,14.369538807649464,2025-09-30 10:56:59.503845
1.7046447858653577,14.797108290771467,2025-09-30 10:56:59.503845
1.46502248782664,14.929222526336668,2025-09-30 10:56:59.503845
-0.46179309407630165,14.303485915064606,2025-09-30 10:56:59.503845
2.4727423746875163,15.443665059190709,2025-09-30 10:56:59.503845
-1.2217124901988783,14.530055923916997,2025-09-30 10:56:59.503845
-0.8199756694986581,14.901364653011566,2025-09-30 10:56:59.503845
-0.6133233883570584,14.668497155006458,2025-09-30 10:56:59.503845
-1.5518085670681623,14.58761152701412,2025-09-30 10:56:59.503845
0.3506237046738827,14.586796987532969,2025-09-30 10:56:59.503845
-0.0928750444442315,15.355932860352732,2025-09-30 10:56:59.503845
0.8760910989903379,14.722330194818813,2025-09-30 10:56:59.503845
-1.0213833473164953,14.586098027999341,2025-09-30 10:56:59.503845
1.3462556435308695,14.660029135280775,2025-09-30 10:56:59.503845
-0.8619406246568422,15.043126111342275,2025-09-30 10:56:59.503845
0.19155537586763355,14.43372184689149,2025-09-30 10:56:59.503845
-0.6255679914876047,14.30761446262546,2025-09-30 10:56:59.503845
-0.18141827568898503,14.681789574338044,2025-09-30 10:56:59.503845
0.8964114863450848,15.301263281933522,2025-09-30 10:56:59.503845
1.059705371362401,15.36767620349622,2025-09-30 10:56:59.503845
-1.0762072227237405,15.269427122948906,2025-09-30 10:56:59.503845
-1.2435611928617343,14.64393643753693,2025-09-30 10:56:59.503845
0.5421815415087832,14.63809720084671,2025-09-30 10:56:59.503845
2.0739825824505207,15.092519384644122,2025-09-30 10:56:59.503845
0.8034380644628335,15.431292849210578,2025-09-30 10:56:59.503845
0.45955146728949947,15.22552860266044,2025-09-30 10:56:59.503845
-0.2857098202322133,15.352307055798994,2025-09-30 10:56:59.503845
0.654324104455272,14.75155130707145,2025-09-30 10:56:59.503845
-1.6471594121196167,14.617428975416034,2025-09-30 10:56:59.503845
0.08241151374410757,15.21857055873257,2025-09-30 10:56:59.503845
1.687236988458676,15.790918699401455,2025-09-30 10:56:59.503845
1.6901970722803465,14.652941921568956,2025-09-30 10:56:59.503845
-0.658012339029134,15.16349286360478,2025-09-30 10:56:59.503845
-0.2493755832255428,14.78398061038199,2025-09-30 10:56:59.503845
2.208409882781188,15.258883420450774,2025-09-30 10:56:59.503845
-0.8949570644325072,14.857658649343147,2025-09-30 10:56:59.503845
1.0343749119164956,15.16137945123271,2025-09-30 10:56:59.503845
-1.442736688664921,14.226740140015272,2025-09-30 10:56:59.503845
-0.3556184278738105,15.950197029878261,2025-09-30 10:56:59.503845
0.3939839072724253,15.063953032765124,2025-09-30 10:56:59.503845
0.2965713463064118,14.370090301006647,2025-09-30 10:56:59.503845
-0.9383827167609713,14.974783951947975,2025-09-30 10:56:59.503845
-0.0005245421245195957,13.618257284752794,2025-09-30 10:56:59.503845
-3.0391115585872366,14.64969869918086,2025-09-30 10:56:59.503845
0.38405880525952557,15.171237515780446,2025-09-30 10:56:59.503845
-0.01876625409364378,15.294608066576224,2025-09-30 10:56:59.503845
1.094539960721092,15.078282672551605,2025-09-30 10:56:59.503845
-1.2256229352881465,14.653700275269902,2025-09-30 10:56:59.503845
-0.7150947773178046,15.292855245978984,2025-09-30 10:56:59.503845
-0.6371073998621367,14.601400398038281,2025-09-30 10:56:59.503845
-0.17176833562754287,14.911261465922797,2025-09-30 10:56:59.503845
-0.9308398776479464,14.844380422019526,2025-09-30 10:56:59.503845
-1.2185298009232473,14.6303101348074,2025-09-30 10:56:59.503845
-0.8678492991299172,15.323258921994675,2025-09-30 10:56:59.503845
0.8627883233328721,14.663292350564465,2025-09-30 10:56:59.503845
-1.5591814240622397,14.708299274884476,2025-09-30 10:56:59.503845
1.5388311826313759,14.45645695752503,2025-09-30 10:56:59.503845
-1.6631691746616257,15.037029139667212,2025-09-30 10:56:59.503845
-0.4745695189017364,14.760365483857926,2025-09-30 10:56:59.503845
1.7969542862290888,14.310547624854024,2025-09-30 10:56:59.503845
2.2292500910899187,15.169722043434321,2025-09-30 10:56:59.503845
1.43571560122795,15.483717912263112,2025-09-30 10:56:59.503845
0.2584580459009698,14.462105302637788,2025-09-30 10:56:59.503845
0.8277266394802476,14.471024803699466,2025-09-30 10:56:59.503845
0.8780522943686103,15.329629352677978,2025-09-30 10:56:59.503845
-0.8989151498248252,13.907863029344375,2025-09-30 10:56:59.503845
0.3238464766309915,14.909196816242142,2025-09-30 10:56:59.503845
-1.604013911583304,14.993841498486344,2025-09-30 10:56:59.503845
0.21933821735416148,14.446666946670286,2025-09-30 10:56:59.503845
-0.18505460605268206,15.021386793483883,2025-09-30 10:56:59.503845
0.09516170629030594,14.42157075488365,2025-09-30 10:56:59.503845
1.8710711519397365,15.611134177282587,2025-09-30 10:56:59.503845
0.1425322165167327,14.657788495377398,2025-09-30 10:56:59.503845
0.3660248571022396,14.2899012396542,2025-09-30 10:56:59.503845
1.4553347202838334,15.250137867093436,2025-09-30 10:56:59.503845
-0.34269237394314045,14.470638185844674,2025-09-30 10:56:59.503845
0.02531715152795493,13.950156133751312,2025-09-30 10:56:59.503845
-1.317031391526049,14.831077666351854,2025-09-30 10:56:59.503845
-0.863002833872571,14.133926513965164,2025-09-30 10:56:59.503845
-1.0351707937856425,14.680907830916201,2025-09-30 10:56:59.503845
1.1052649168118824,15.087402258746906,2025-09-30 10:56:59.503845
0.3376135137361317,15.418888470692464,2025-09-30 10:56:59.503845
1.1986766816548438,14.66201986298222,2025-09-30 10:56:59.503845
-1.0666717088225157,15.307826525616782,2025-09-30 10:56:59.503845
-1.897040312608857,14.324189362735058,2025-09-30 10:56:59.503845
-2.0445017943745007,14.892458013590531,2025-09-30 10:56:59.503845
0.2807745776625862,14.332281418699605,2025-09-30 10:56:59.503845
-0.9074086706995729,14.608151518450294,2025-09-30 10:56:59.503845
-1.508615327482201,14.594750903943197,2025-09-30 10:56:59.503845
0.9152564097343325,14.492754937881584,2025-09-30 10:56:59.503845
0.2475090260087325,14.623034937497907,2025-09-30 10:56:59.503845
-1.81502600462299,14.946991454485406,2025-09-30 10:56:59.503845
0.8359584354452915,14.419603132083134,2025-09-30 10:56:59.503845
-0.00903209588637628,14.994322523905211,2025-09-30 10:56:59.503845
0.42433784164882143,15.384636642130042,2025-09-30 10:56:59.503845
-1.7258234862621356,14.557189974000519,2025-09-30 10:56:59.503845
0.3851775008395416,14.96718206747233,2025-09-30 10:56:59.503845
0.14163882098610978,14.427867614511284,2025-09-30 10:56:59.503845
-0.9516413586900874,15.152336849526176,2025-09-30 10:56:59.503845
0.9856034396900609,15.002265194151505,2025-09-30 10:56:59.503845
0.015506103279469205,14.559216336021388,2025-09-30 10:56:59.503845
-1.667988593748059,14.920889907424906,2025-09-30 10:56:59.503845
0.16996938431084657,15.114894937227772,2025-09-30 10:56:59.503845
-1.9819738638707152,15.044948179530161,2025-09-30 10:56:59.503845
2.014730955873179,14.70689262847381,2025-09-30 10:56:59.503845
1.7125915812865269,14.202356507594374,2025-09-30 10:56:59.503845
-0.745667250025235,16.02672605634838,2025-09-30 10:56:59.503845
0.5576691191083871,14.38006020207614,2025-09-30 10:56:59.503845
1.4157011387430842,15.28910935585694,2025-09-30 10:56:59.503845
-0.13585300154646868,14.318017769088476,2025-09-30 10:56:59.503845
-0.9107577408382913,13.839182430351723,2025-09-30 10:56:59.503845
-0.8957017019180289,14.506815547102477,2025-09-30 10:56:59.503845
0.8434760679888412,13.925768312558283,2025-09-30 10:56:59.503845
0.6507305276833205,15.405996998734937,2025-09-30 10:56:59.503845
-2.386947177575076,15.024984437572869,2025-09-30 10:56:59.503845
-0.7463067330084027,14.65365610351466,2025-09-30 10:56:59.503845
-0.5729065893757306,14.568548524255204,2025-09-30 10:56:59.503845
-1.6693528582545896,14.776813733698258,2025-09-30 10:56:59.503845
0.8340138848890493,14.706023837904338,2025-09-30 10:56:59.503845
-0.36601841280000613,14.816468894656772,2025-09-30 10:56:59.503845
-2.346371712360466,14.477237322980447,2025-09-30 10:56:59.503845
-0.3425325429395024,14.319692080093446,2025-09-30 10:56:59.503845
0.3907935952613403,14.580540183912648,2025-09-30 10:56:59.503845
0.9459287944680171,15.004594371031851,2025-09-30 10:56:59.503845
1.1585557383556373,14.844491944131203,2025-09-30 10:56:59.503845
-1.621315642467531,15.079361840932144,2025-09-30 10:56:59.503845
1.81998996770128,14.709216736961482,2025-09-30 10:56:59.503845
0.36510135502443564,14.391672980095665,2025-09-30 10:56:59.503845
0.3587887270397795,15.104824810171431,2025-09-30 10:56:59.503845
-0.4461552321546481,14.834871819714502,2025-09-30 10:56:59.503845
0.15307490035286903,14.682313145006544,2025-09-30 10:56:59.503845
-1.3190340063200034,15.010177942953582,2025-09-30 10:56:59.503845
0.14587908095465085,14.547767022648934,2025-09-30 10:56:59.503845
-0.6987237831506883,13.770511956027816,2025-09-30 10:56:59.503845
-0.006650068336792737,15.136832881458574,2025-09-30 10:56:59.503845
2.585140634815944,14.04528899072392,2025-09-30 10:56:59.503845
-0.9220605140534438,14.824217370822037,2025-09-30 10:56:59.503845
1.2303726952804517,14.079040210619208,2025-09-30 10:56:59.503845
1.0689657261330763,14.219353826073107,2025-09-30 10:56:59.503845
-0.18885885032569794,15.075081296097752,2025-09-30 10:56:59.503845
0.9093272607009438,14.441991328263812,2025-09-30 10:56:59.503845
0.7983832146667494,14.454943224184664,2025-09-30 10:56:59.503845
0.11587377365172337,14.857260964102206,2025-09-30 10:56:59.503845
-0.22108355517175032,15.216538460827344,2025-09-30 10:56:59.503845
-0.16060266634559076,15.426247501219743,2025-09-30 10:56:59.503845
0.7156563177051259,14.508138511542349,2025-09-30 10:56:59.503845
-1.6377345366144314,15.041157592815232,2025-09-30 10:56:59.503845
-0.7208851559224079,14.804751172221037,2025-09-30 10:56:59.503845
1.370850150792465,15.233005791802725,2025-09-30 10:56:59.503845
0.5312356594040817,13.856459664925598,2025-09-30 10:56:59.503845
0.7427247091825533,14.486523733634636,2025-09-30 10:56:59.503845
-0.8098834220440103,15.019137431705007,2025-09-30 10:56:59.503845
0.32557031605143655,15.316686031259037,2025-09-30 10:56:59.503845
0.08187186078680346,16.268102762038726,2025-09-30 10:56:59.503845
0.4714650676018319,14.58316607375073,2025-09-30 10:56:59.503845
-0.877295613835901,14.46715791813768,2025-09-30 10:56:59.503845
-0.7555948468699228,15.70065284746375,2025-09-30 10:56:59.503845
0.8799428413626004,14.09698777689779,2025-09-30 10:56:59.503845
-0.7180963921882411,14.917220483846535,2025-09-30 10:56:59.503845
0.8835804615616583,13.655761776384889,2025-09-30 10:56:59.503845
-0.21658608391842343,15.140438777670578,2025-09-30 10:56:59.503845
0.6852879957153168,14.315270138549108,2025-09-30 10:56:59.503845
0.007103388016726182,15.016348854058386,2025-09-30 10:56:59.503845
1.183623330428092,14.607684735261012,2025-09-30 10:56:59.503845
-0.8361052389558143,13.856165572785201,2025-09-30 10:56:59.503845
-1.0094814305654192,14.855225466268555,2025-09-30 10:56:59.503845
-0.42646183123501424,15.455684423645069,2025-09-30 10:56:59.503845
0.1743597895092547,14.81809957224965,2025-09-30 10:56:59.503845
1.4934263294712355,15.157097437115755,2025-09-30 10:56:59.503845
-0.3299041505577867,15.165898490717431,2025-09-30 10:56:59.503845
0.08323563353173173,14.279001577396697,2025-09-30 10:56:59.503845
0.505186044930756,14.081963614458445,2025-09-30 10:56:59.503845
0.029070582147595926,15.401169741796625,2025-09-30 10:56:59.503845
0.0494097469345737,14.93975702618895,2025-09-30 10:56:59.503845
-0.2291385570536633,14.848748292234458,2025-09-30 10:56:59.503845
1.4067648815624492,14.587287936437107,2025-09-30 10:56:59.503845
-1.0849692087134146,14.10870591567518,2025-09-30 10:56:59.503845
0.44255908308897257,15.423418107624045,2025-09-30 10:56:59.503845
-0.19203093461239237,15.376378181389365,2025-09-30 10:56:59.503845
-0.7266497719627947,15.069906145485426,2025-09-30 10:56:59.503845
1.9136216845578953,14.564871773489134,2025-09-30 10:56:59.503845
-0.43272835776960566,15.112939015746651,2025-09-30 10:56:59.503845
1.164604564427795,14.215082655428601,2025-09-30 10:56:59.503845
-0.06198359362923764,14.376783312239212,2025-09-30 10:56:59.503845
-0.04731516272112736,14.86550119161113,2025-09-30 10:56:59.503845
-0.6741293173377592,14.446483981471777,2025-09-30 10:56:59.503845
-0.5464064721363389,15.38147021161133,2025-09-30 10:56:59.503845
-1.016127950229641,15.42303948900309,2025-09-30 10:56:59.503845
0.8751147633963314,14.76826963913462,2025-09-30 10:56:59.503845
1.2994699421022629,15.25579447132078,2025-09-30 10:56:59.503845
-0.961511900872873,15.34239272810598,2025-09-30 10:56:59.503845
1.231380453857443,15.136551551567754,2025-09-30 10:56:59.503845
0.4070305246711401,14.159988264419809,2025-09-30 10:56:59.503845
-0.3718852261985998,14.228279005797377,2025-09-30 10:56:59.503845
-0.505507414420034,15.214920038117512,2025-09-30 10:56:59.503845
-1.0240161192343804,15.09022582682095,2025-09-30 10:56:59.503845
0.30492084964159016,14.700641442744342,2025-09-30 10:56:59.503845
-0.16654828990862394,15.19903655395179,2025-09-30 10:56:59.503845
-1.2649269879548102,14.536167499385591,2025-09-30 10:56:59.503845
-0.4974592921137913,15.590484019365773,2025-09-30 10:56:59.503845
-1.3803359645266677,14.99824507170027,2025-09-30 10:56:59.503845
0.5965397084097278,15.247830440382238,2025-09-30 10:56:59.503845
-0.1488205421562298,14.078226327136962,2025-09-30 10:56:59.503845
-0.06952477345221647,15.057156847832356,2025-09-30 10:56:59.503845
-0.9114333921360066,15.512268687465268,2025-09-30 10:56:59.503845
-2.3070760533758095,15.200841480490654,2025-09-30 10:56:59.503845
0.7305146571289867,14.341670846632695,2025-09-30 10:56:59.503845
0.7820033845766846,14.800178838295244,2025-09-30 10:56:59.503845
-0.37572886745995515,15.697460208428685,2025-09-30 10:56:59.503845
-1.6148939859355345,15.20591889660813,2025-09-30 10:56:59.503845
0.03861758038104283,15.13486451899526,2025-09-30 10:56:59.503845
1.0562509725708522,13.986686093947505,2025-09-30 10:56:59.503845
-1.3923097258818988,14.343785544013054,2025-09-30 10:56:59.503845
-1.5993395863333772,15.179193149433843,2025-09-30 10:56:59.503845
-0.20870669402639022,15.117905031689153,2025-09-30 10:56:59.503845
2.067638660652659,14.592044480232842,2025-09-30 10:56:59.503845
-0.11454442179263595,14.697884361965581,2025-09-30 10:56:59.503845
-0.4228961248227837,14.343450748583141,2025-09-30 10:56:59.503845
1.0799859209740557,15.623785804377263,2025-09-30 10:56:59.503845
-0.4343842561636106,14.742418180605913,2025-09-30 10:56:59.503845
0.8485024690003248,14.358921740788034,2025-09-30 10:56:59.503845
-0.3658332205867439,14.8958755922867,2025-09-30 10:56:59.503845
-0.19204511198549035,14.509707293947178,2025-09-30 10:56:59.503845
-1.6465091986809148,14.640126629619695,2025-09-30 10:56:59.503845
-0.5903246487092453,14.470236237725503,2025-09-30 10:56:59.503845
0.0379590577174502,14.663751568112453,2025-09-30 10:56:59.503845
-0.32295075658897665,14.73707096010513,2025-09-30 10:56:59.503845
0.4165637043620847,14.177206243206209,2025-09-30 10:56:59.503845
0.13064295518441918,14.610556184999318,2025-09-30 10:56:59.503845
0.8436374894878134,14.96587043958509,2025-09-30 10:56:59.503845
0.19866896354442118,15.035236347884027,2025-09-30 10:56:59.503845
1.4307173470926895,14.240207403327382,2025-09-30 10:56:59.503845
2.0258447306059235,14.85285805462373,2025-09-30 10:56:59.503845
-0.12006947073116159,14.458708352899208,2025-09-30 10:56:59.503845
-1.6924538683598427,14.421350733513147,2025-09-30 10:56:59.503845
1.2495657037307206,13.991122476330421,2025-09-30 10:56:59.503845
-0.5555543178506809,14.958695042708927,2025-09-30 10:56:59.503845
-1.0054684538229286,14.554714462223762,2025-09-30 10:56:59.503845
0.09956310433995574,15.092682618041044,2025-09-30 10:56:59.503845
-1.453352709806034,14.951376955975649,2025-09-30 10:56:59.503845
-0.7006850516472168,14.7119207697467,2025-09-30 10:56:59.503845
0.8917352336642912,15.290101889882411,2025-09-30 10:56:59.503845
-0.3553052693636444,13.93163386313956,2025-09-30 10:56:59.503845
0.9883831702069505,14.55927441402819,2025-09-30 10:56:59.503845
-1.2651355630346992,14.62962782482514,2025-09-30 10:56:59.503845
0.2944980677261287,14.699807737208495,2025-09-30 10:56:59.503845
1.1645127525969472,14.94927310560089,2025-09-30 10:56:59.503845
-0.10205310851351951,14.627981277333667,2025-09-30 10:56:59.503845
-0.32558817582721833,14.78247079844761,2025-09-30 10:56:59.503845
-1.198940720891306,13.962122112721056,2025-09-30 10:56:59.503845
1.363419737762109,14.446740590453302,2025-09-30 10:56:59.503845
-0.3120669815775185,15.561754370351474,2025-09-30 10:56:59.503845
-0.25965119796955394,14.164207484919528,2025-09-30 10:56:59.503845
0.5252272880311307,15.062433293547286,2025-09-30 10:56:59.503845
0.16150012184911194,15.07296899118474,2025-09-30 10:56:59.503845
0.751478505202644,14.55763398091499,2025-09-30 10:56:59.503845
0.5395645345227962,14.631327380201855,2025-09-30 10:56:59.503845
0.7052610320086384,14.522263928763861,2025-09-30 10:56:59.503845
-0.38123408610652365,14.22554494956701,2025-09-30 10:56:59.503845
0.13589256616054676,14.765060330782626,2025-09-30 10:56:59.503845
-0.9221542630765868,15.013713243612461,2025-09-30 10:56:59.503845
-0.04884821996506258,14.708804529042625,2025-09-30 10:56:59.503845
-1.4057891071278137,15.32801962234828,2025-09-30 10:56:59.503845
1.2198035650794297,14.057996497158783,2025-09-30 10:56:59.503845
0.09997192176841481,14.97567264330394,2025-09-30 10:56:59.503845
0.12781526610971797,14.966743193046874,2025-09-30 10:56:59.503845
-0.455814937824327,15.922196393946471,2025-09-30 10:56:59.503845
-0.5056810969616985,14.61593400064097,2025-09-30 10:56:59.503845
1.916999092788209,14.677943413999534,2025-09-30 10:56:59.503845
-1.2297295888348054,14.673429674014292,2025-09-30 10:56:59.503845
0.4666636101762902,14.38462198339735,2025-09-30 10:56:59.503845
1.4455181163253028,14.15654294102479,2025-09-30 10:56:59.503845
-0.37838427222893795,13.810282556376928,2025-09-30 10:56:59.503845
-0.407799466792258,13.501485603451219,2025-09-30 10:56:59.503845
0.5449503544690014,13.644046458732582,2025-09-30 10:56:59.503845
-0.1485847837226942,14.684685639239326,2025-09-30 10:56:59.503845
-1.3205226201701075,14.560928408666477,2025-09-30 10:56:59.503845
-2.4870866534609952,14.537713279143587,2025-09-30 10:56:59.503845
-1.2361914098304654,16.012522447818185,2025-09-30 10:56:59.503845
0.02641781660912483,14.234635874715494,2025-09-30 10:56:59.503845
-0.8889830117463295,14.5171981539777,2025-09-30 10:56:59.503845
1.4072226317621874,15.262146817274513,2025-09-30 10:56:59.503845
0.2446785734967713,14.890817840790827,2025-09-30 10:56:59.503845
-2.277664981535873,14.976308306990337,2025-09-30 10:56:59.503845
-0.8129638423122889,15.136622369377625,2025-09-30 10:56:59.503845
-0.8306677932782642,14.883507275340614,2025-09-30 10:56:59.503845
-0.4414985685168166,14.7530428784308,2025-09-30 10:56:59.503845
1.2213287606713916,15.285676492397664,2025-09-30 10:56:59.503845
-0.21102499734260083,14.827698497136684,2025-09-30 10:56:59.503845
2.030429693341046,14.393275755022103,2025-09-30 10:56:59.503845
0.6678387335463457,14.92973875495962,2025-09-30 10:56:59.503845
-0.9926095414276772,14.577529672392025,2025-09-30 10:56:59.503845
-0.5664902432039096,14.226522728013636,2025-09-30 10:56:59.503845
-1.1301618498157295,15.078384368514818,2025-09-30 10:56:59.503845
-0.7681437103035885,13.80492390613263,2025-09-30 10:56:59.503845
-0.9776456975427161,14.764048450051533,2025-09-30 10:56:59.503845
1.0974871618686468,14.988675884439353,2025-09-30 10:56:59.503845
-1.5503763895250038,14.81514201942044,2025-09-30 10:56:59.503845
0.5186809180272762,14.627188216285488,2025-09-30 10:56:59.503845
1.2637630999616556,14.976343102429144,2025-09-30 10:56:59.503845
-0.5931549917594975,15.61337694263752,2025-09-30 10:56:59.503845
0.6432040760331738,13.51804972232473,2025-09-30 10:56:59.503845
0.9488217933565007,14.882545379182774,2025-09-30 10:56:59.503845
2.0993380352212694,14.322588125303295,2025-09-30 10:56:59.503845
1.0705980326982159,15.374129789481222,2025-09-30 10:56:59.503845
0.07101919268834281,15.004835965631301,2025-09-30 10:56:59.503845
-0.3187866076546209,15.065425569127337,2025-09-30 10:56:59.503845
0.016096938255747845,14.225397233354853,2025-09-30 10:56:59.503845
1.6834884141461155,14.588237803896664,2025-09-30 10:56:59.503845
0.6650060288658263,15.606886452595845,2025-09-30 10:56:59.503845
1.2740261582917445,15.684858508994616,2025-09-30 10:56:59.503845
-2.012384302646258,14.58610654097234,2025-09-30 10:56:59.503845
2.1339719665618326,14.216484771171599,2025-09-30 10:56:59.503845
0.7979573028317662,14.021662860174763,2025-09-30 10:56:59.503845
-1.0139240007479786,14.708937754540795,2025-09-30 10:56:59.503845
0.08184761237808194,15.603401765236924,2025-09-30 10:56:59.503845
-0.18437685625777217,15.209691224251493,2025-09-30 10:56:59.503845
-0.23863966325672537,14.568631375774107,2025-09-30 10:56:59.503845
-0.7178763711325857,14.823859165850825,2025-09-30 10:56:59.503845
-2.1012413367213973,14.834328665410956,2025-09-30 10:56:59.503845
-0.16442718658065916,15.069184739208875,2025-09-30 10:56:59.503845
-0.3314209247819184,15.538315669203081,2025-09-30 10:56:59.503845
0.8677174847440402,15.390211477826549,2025-09-30 10:56:59.503845
0.22637772708595774,15.238447084945097,2025-09-30 10:56:59.503845
0.3900720325598086,15.141211421985355,2025-09-30 10:56:59.503845
-1.2349427088197267,14.536000457422903,2025-09-30 10:56:59.503845
0.3457873543319672,14.403523549870604,2025-09-30 10:56:59.503845
-0.1411389280374632,15.48676109426339,2025-09-30 10:56:59.503845
0.0025054941539841263,15.291381198799067,2025-09-30 10:56:59.503845
0.50549640230221,14.316049356958006,2025-09-30 10:56:59.503845
0.2727331795114778,14.77797652110369,2025-09-30 10:56:59.503845
-0.6964037241664437,14.210424313228673,2025-09-30 10:56:59.503845
0.34742468035848056,15.576544972445111,2025-09-30 10:56:59.503845
-0.16291106873233585,15.252098952131382,2025-09-30 10:56:59.503845
-0.4290980029985821,14.272525180204541,2025-09-30 10:56:59.503845
0.2703302775242086,15.224599939872792,2025-09-30 10:56:59.503845
0.9879230138409313,14.737737218125497,2025-09-30 10:56:59.503845
-0.257181368426246,14.862101205046287,2025-09-30 10:56:59.503845
0.6251434493292762,15.300804473073626,2025-09-30 10:56:59.503845
1.1024531947199872,15.250608066714129,2025-09-30 10:56:59.503845
0.24209419026757323,14.80683261087854,2025-09-30 10:56:59.503845
-0.1966371832557452,13.89939713469122,2025-09-30 10:56:59.503845
0.6578329178167874,14.721977760567157,2025-09-30 10:56:59.503845
-0.36818348778348775,14.888552846197584,2025-09-30 10:56:59.503845
-0.3741506349495536,14.560608624989166,2025-09-30 10:56:59.503845
1.330307753338047,14.864540406085512,2025-09-30 10:56:59.503845
-0.2926765457882369,15.486141346658735,2025-09-30 10:56:59.503845
1.037687146342878,14.168139298536811,2025-09-30 10:56:59.503845
1.0072877393925295,14.831981325967925,2025-09-30 10:56:59.503845
1.3748179690384588,14.530593508365623,2025-09-30 10:56:59.503845
1.9901754091610688,14.878337917536282,2025-09-30 10:56:59.503845
0.44243995257738405,14.71785319645614,2025-09-30 10:56:59.503845
-0.16629132838312957,14.232709012324541,2025-09-30 10:56:59.503845
-0.3312797063951574,14.368431958504459,2025-09-30 10:56:59.503845
0.9789647578690048,14.09473183503843,2025-09-30 10:56:59.503845
-0.2311261278783661,14.707697787989726,2025-09-30 10:56:59.503845
2.401002902104329,14.546491238610416,2025-09-30 10:56:59.503845
-1.1203934156525936,14.99346274706041,2025-09-30 10:56:59.503845
-1.0220521626431314,14.943791958724768,2025-09-30 10:56:59.503845
0.9050276926405125,14.468410990849833,2025-09-30 10:56:59.503845
0.0972979932763495,15.011901389280426,2025-09-30 10:56:59.503845
0.5987357862773742,14.660109235132772,2025-09-30 10:56:59.503845
-0.9294915182389629,14.88403418674672,2025-09-30 10:56:59.503845
0.3970445291255891,15.494946404881553,2025-09-30 10:56:59.503845
1.649781303412845,14.04880708377581,2025-09-30 10:56:59.503845
1.296721645080171,15.072694938414166,2025-09-30 10:56:59.503845
-1.0015379807401537,14.918886694240467,2025-09-30 10:56:59.503845
0.8041344489870331,15.42765137136418,2025-09-30 10:56:59.503845
0.37953827402625934,14.841526307568882,2025-09-30 10:56:59.503845
-0.32426870777528366,14.589411312477521,2025-09-30 10:56:59.503845
-0.8186378981787596,14.78092102209661,2025-09-30 10:56:59.503845
-2.322643419637688,15.07752682229115,2025-09-30 10:56:59.503845
-0.0022756684279172336,15.224939516512853,2025-09-30 10:56:59.503845
-0.8952253589995524,14.836156498968434,2025-09-30 10:56:59.503845
1.3351170071965144,14.363167936584446,2025-09-30 10:56:59.503845
-0.2780118525343223,14.688211589570452,2025-09-30 10:56:59.503845
1.095214047854196,14.897851452883819,2025-09-30 10:56:59.503845
-1.4915299664501924,14.137250687594408,2025-09-30 10:56:59.503845
-0.43880139872151,14.68077600674132,2025-09-30 10:56:59.503845
0.7487576268526234,14.163605758652581,2025-09-30 10:56:59.503845
-0.37779868188220206,13.964598919200908,2025-09-30 10:56:59.503845
0.6634874769295387,14.721219617177907,2025-09-30 10:56:59.503845
0.9148173468098512,15.118795185630239,2025-09-30 10:56:59.503845
-0.0831525935645904,13.89016828474226,2025-09-30 10:56:59.503845
-0.7559012626852644,14.47514843979593,2025-09-30 10:56:59.503845
0.4931185884403654,15.091351227124122,2025-09-30 10:56:59.503845
0.4929095494411643,13.812103821004076,2025-09-30 10:56:59.503845
-1.2989375963822882,15.149005824328208,2025-09-30 10:56:59.503845
-0.49033347471945365,14.418104643053844,2025-09-30 10:56:59.503845
-0.9316379490088492,15.741502036512243,2025-09-30 10:56:59.503845
0.9828599120030049,15.31154118802153,2025-09-30 10:56:59.503845
0.7900486968809916,14.980486181116326,2025-09-30 10:56:59.503845
-0.12437224731665669,14.63544056218066,2025-09-30 10:56:59.503845
1.1467241859139579,14.985531410783762,2025-09-30 10:56:59.503845
-1.036989963961738,14.636685595857909,2025-09-30 10:56:59.503845
-0.14819610532378022,14.914247632599297,2025-09-30 10:56:59.503845
0.9781039837725342,14.648934724686791,2025-09-30 10:56:59.503845
0.4854672333947146,14.505993791581217,2025-09-30 10:56:59.503845
0.6217248240456339,15.10039716284287,2025-09-30 10:56:59.503845
0.40501873887216566,14.240140806434665,2025-09-30 10:56:59.503845
-0.7801360016237868,14.775986591779494,2025-09-30 10:56:59.503845
0.3371309374189303,14.721215649720008,2025-09-30 10:56:59.503845
0.37239150723515874,14.775380642130381,2025-09-30 10:56:59.503845
-0.14380596104883683,14.869674730366441,2025-09-30 10:56:59.503845
-0.17413798262959113,14.729328044747898,2025-09-30 10:56:59.503845
-1.3826826284989036,14.801999285597542,2025-09-30 10:56:59.503845
0.23042051122475019,13.718678200779703,2025-09-30 10:56:59.503845
0.9553535138898422,15.176462676515783,2025-09-30 10:56:59.503845
0.5571686457698861,14.824484980427973,2025-09-30 10:56:59.503845
0.8706214591921696,13.960324818095485,2025-09-30 10:56:59.503845
0.7800575132900399,15.162161835274905,2025-09-30 10:56:59.503845
0.08622903775967707,14.142042218066806,2025-09-30 10:56:59.503845
-0.5716378686221777,14.947744662242883,2025-09-30 10:56:59.503845
-2.71836676827145,14.61718768745649,2025-09-30 10:56:59.503845
-0.3717694729689701,14.67085040893528,2025-09-30 10:56:59.503845
-1.06390109642371,15.173608614332577,2025-09-30 10:56:59.503845
1.078131162815764,15.506775732696621,2025-09-30 10:56:59.503845
-0.48878424188887387,15.110198355595635,2025-09-30 10:56:59.503845
0.686722369104085,14.577530422348907,2025-09-30 10:56:59.503845
-0.07230919423676162,13.427655726723435,2025-09-30 10:56:59.503845
-0.512823892774027,15.140116727020033,2025-09-30 10:56:59.503845
0.08584050447877126,15.15626768086504,2025-09-30 10:56:59.503845
2.535331280697624,15.055746388420102,2025-09-30 10:56:59.503845
-0.6892824543129933,14.86685754549966,2025-09-30 10:56:59.503845
-0.2289708357639166,15.220791203134374,2025-09-30 10:56:59.503845
0.05597421905544551,15.237275805764694,2025-09-30 10:56:59.503845
-0.49354183085282943,14.390767485372194,2025-09-30 10:56:59.503845
0.1129309049072464,14.719029145367827,2025-09-30 10:56:59.503845
-1.044985960223006,14.913212659383406,2025-09-30 10:56:59.503845
1.3200482882234479,15.833944885271457,2025-09-30 10:56:59.503845
-1.3945744476302755,14.121241478573383,2025-09-30 10:56:59.503845
1.3376124172570227,14.048884304863043,2025-09-30 10:56:59.503845
-0.328026173047955,14.316530142514818,2025-09-30 10:56:59.503845
-1.0674415565455917,13.862332251195065,2025-09-30 10:56:59.503845
0.5130116369359023,14.18052402231626,2025-09-30 10:56:59.503845
-0.18075447242287918,14.379058094917225,2025-09-30 10:56:59.503845
-0.7470907871857064,14.934129728535677,2025-09-30 10:56:59.503845
0.195769283646814,14.233977838337953,2025-09-30 10:56:59.503845
-0.1806705746470635,15.361959643396167,2025-09-30 10:56:59.503845
-0.17417975613061923,15.238358555741238,2025-09-30 10:56:59.503845
1.6234349713255911,15.085898169789179,2025-09-30 10:56:59.503845
-0.6449883441792732,16.113868172717293,2025-09-30 10:56:59.503845
-0.6327874681625584,14.940663774192227,2025-09-30 10:56:59.503845
-1.725212811366071,14.430243277093258,2025-09-30 10:56:59.503845
-0.5941011212344905,14.743236920510844,2025-09-30 10:56:59.503845
0.43187268928331196,13.692500612894406,2025-09-30 10:56:59.503845
0.5192077525176125,13.961600803396127,2025-09-30 10:56:59.503845
1.9431766251723064,14.36295938646408,2025-09-30 10:56:59.503845
0.10455906629272595,14.184019240959193,2025-09-30 10:56:59.503845
-2.5853989877476633,14.791308409876523,2025-09-30 10:56:59.503845
-0.2345666868778793,15.027065346668875,2025-09-30 10:56:59.503845
0.8543512708520202,15.437653759751763,2025-09-30 10:56:59.503845
-0.6560960468350341,14.6222582764215,2025-09-30 10:56:59.503845
1.101603028582764,14.507893038798988,2025-09-30 10:56:59.503845
-0.8007389530777821,14.613196655119818,2025-09-30 10:56:59.503845
0.5599135977896887,14.713132604392646,2025-09-30 10:56:59.503845
1.722204300969546,14.95433435615168,2025-09-30 10:56:59.503845
-0.3230642823407136,14.618397534621897,2025-09-30 10:56:59.503845
0.5073785720591846,14.770338313392399,2025-09-30 10:56:59.503845
-0.2895688158915619,14.0901830281188,2025-09-30 10:56:59.503845
0.4027169328712572,15.060691535916954,2025-09-30 10:56:59.503845
-0.8562045208985447,15.141070679649888,2025-09-30 10:56:59.503845
-0.14552852465539198,15.194909073133868,2025-09-30 10:56:59.503845
0.7735964686081002,14.13328824257485,2025-09-30 10:56:59.503845
0.39281595523652485,13.973497972132105,2025-09-30 10:56:59.503845
0.9738805249823057,15.16808395663546,2025-09-30 10:56:59.503845
-1.2227516363565665,14.715347373511369,2025-09-30 10:56:59.503845
2.7120471227093077,14.083167277709261,2025-09-30 10:56:59.503845
-0.09342055842252045,15.053697553841507,2025-09-30 10:56:59.503845
-0.13948649495667395,14.437730635495736,2025-09-30 10:56:59.503845
-1.356297712153825,15.493521556287469,2025-09-30 10:56:59.503845
-1.3534195014208668,13.959218692935206,2025-09-30 10:56:59.503845
0.2882259708519047,14.409670647499366,2025-09-30 10:56:59.503845
0.1677668614429083,14.745994261952065,2025-09-30 10:56:59.503845
-0.7226896667746782,15.147235929472782,2025-09-30 10:56:59.503845
-1.7033584206932826,15.485740569328362,2025-09-30 10:56:59.503845
0.6580399184403634,14.942862815623524,2025-09-30 10:56:59.503845
1.2922951710501878,14.62603184175995,2025-09-30 10:56:59.503845
0.13466384565720677,14.80392916003883,2025-09-30 10:56:59.503845
-0.41343139562646547,15.190619590176228,2025-09-30 10:56:59.503845
-0.9026743696645946,14.46760077310027,2025-09-30 10:56:59.503845
-0.6113172111649725,15.563161348029658,2025-09-30 10:56:59.503845
-0.1425458640402121,14.824169187122193,2025-09-30 10:56:59.503845
-0.12520708488517784,14.79504241669185,2025-09-30 10:56:59.503845
1.2225327664946681,14.196853165051285,2025-09-30 10:56:59.503845
-0.5099825130792484,14.721512192233508,2025-09-30 10:56:59.503845
-1.5987187098544984,14.997634719064843,2025-09-30 10:56:59.503845
1.4689360414883368,14.55538845855425,2025-09-30 10:56:59.503845
0.7989065802200569,14.9021110962689,2025-09-30 10:56:59.503845
-0.34248677989954895,14.809410214450955,2025-09-30 10:56:59.503845
0.25186123854011777,14.39513588515037,2025-09-30 10:56:59.503845
2.4174595435201027,14.997283710744666,2025-09-30 10:56:59.503845
2.504139968537331,15.167526403581263,2025-09-30 10:56:59.503845
-0.018220393471083982,14.892911905242782,2025-09-30 10:56:59.503845
-0.1336318987567809,14.890364377394361,2025-09-30 10:56:59.503845
-0.44090846685309426,14.989522032402242,2025-09-30 10:56:59.503845
-2.206671307476282,15.032379351322874,2025-09-30 10:56:59.503845
-0.9316700213687543,15.324437122379104,2025-09-30 10:56:59.503845
-0.7739418949505794,14.762486983022185,2025-09-30 10:56:59.503845
-0.27854856573101094,15.865774805694343,2025-09-30 10:56:59.503845
0.9811824374957482,15.060992138349413,2025-09-30 10:56:59.503845
-0.37173246856276404,14.68225056830832,2025-09-30 10:56:59.503845
-0.8083589550126206,14.435795585631205,2025-09-30 10:56:59.503845
0.353977456091463,14.920806635003135,2025-09-30 10:56:59.503845
0.2876906161731745,15.13422270618999,2025-09-30 10:56:59.503845
0.07481552825332716,13.430228103193318,2025-09-30 10:56:59.503845
0.2983341130650628,14.739781315746173,2025-09-30 10:56:59.503845
0.8667885734630716,14.335242096193591,2025-09-30 10:56:59.503845
0.28329016453047134,14.917618664564078,2025-09-30 10:56:59.503845
0.159671146079733,14.59588623195794,2025-09-30 10:56:59.503845
-0.46745463030289214,14.656286539849773,2025-09-30 10:56:59.503845
0.7632552259912843,14.293022821384218,2025-09-30 10:56:59.503845
-0.07260192499577463,15.563666943283073,2025-09-30 10:56:59.503845
0.34769098515962554,14.687519551263996,2025-09-30 10:56:59.503845
0.2802545600690066,14.99765272264017,2025-09-30 10:56:59.503845
0.8112765020210339,15.126637305618862,2025-09-30 10:56:59.503845
-1.6115730735842588,14.230773121621521,2025-09-30 10:56:59.503845
-0.49904755046822485,15.556742688066048,2025-09-30 10:56:59.503845
-0.4767269652325395,15.475870137678603,2025-09-30 10:56:59.503845
-0.1485853838589772,14.645254203548951,2025-09-30 10:56:59.503845
0.47222761252248324,14.62386235693697,2025-09-30 10:56:59.503845
-0.38805004834330725,14.848955515401466,2025-09-30 10:56:59.503845
1.2626557928159046,14.051790859914659,2025-09-30 10:56:59.503845
-1.984290998351658,15.227015013772737,2025-09-30 10:56:59.503845
-0.6778286745868747,15.267542406311353,2025-09-30 10:56:59.503845
1.7420675003981623,14.819378526990807,2025-09-30 10:56:59.503845
-0.19478131318929504,14.694181396886329,2025-09-30 10:56:59.503845
-0.726439776050794,14.75000488778661,2025-09-30 10:56:59.503845
0.5154296084152501,15.713690009193938,2025-09-30 10:56:59.503845
-0.40227022080902497,13.853058580894317,2025-09-30 10:56:59.503845
1.9241022617334498,15.128541009365748,2025-09-30 10:56:59.503845
-1.345860211196057,14.53603555096398,2025-09-30 10:56:59.503845
0.7757807464634662,14.2163560866462,2025-09-30 10:56:59.503845
0.044256052856653544,14.801045201889298,2025-09-30 10:56:59.503845
-0.5858016747378905,14.538595999217186,2025-09-30 10:56:59.503845
0.022821681231060736,15.175671705348485,2025-09-30 10:56:59.503845
-0.3473064992018808,14.806790528481523,2025-09-30 10:56:59.503845
-0.2618885560978226,14.578692144008023,2025-09-30 10:56:59.503845
-0.8194140554354826,14.378385144432034,2025-09-30 10:56:59.503845
0.339992408387737,14.457474622847746,2025-09-30 10:56:59.503845
0.2234927256341127,15.048370128846488,2025-09-30 10:56:59.503845
-0.5099513932606842,14.33139557431101,2025-09-30 10:56:59.503845
-2.1516226278851143,14.660197897013457,2025-09-30 10:56:59.503845
-1.1714296876829602,15.481853468783854,2025-09-30 10:56:59.503845
1.5325764136197375,14.2939325056828,2025-09-30 10:56:59.503845
-1.1016722113566795,15.157680486666887,2025-09-30 10:56:59.503845
-0.39473333790930093,15.408898908486238,2025-09-30 10:56:59.503845
0.5329261898700564,15.644284170124081,2025-09-30 10:56:59.503845
1.8397366353637634,14.085288545472105,2025-09-30 10:56:59.503845
1.170137478857978,15.198317691450512,2025-09-30 10:56:59.503845
-0.9018539365457424,14.68489840696754,2025-09-30 10:56:59.503845
0.6087523470350066,15.016667544416606,2025-09-30 10:56:59.503845
0.4051947677687959,15.035882604204433,2025-09-30 10:56:59.503845
-1.1424174068664836,14.306826819078047,2025-09-30 10:56:59.503845
-0.37066003105940004,14.433654377061597,2025-09-30 10:56:59.503845
1.0484871090903927,14.921564959628682,2025-09-30 10:56:59.503845
-0.46810696288133985,14.74626514372675,2025-09-30 10:56:59.503845
0.27676751415545453,14.09705476521393,2025-09-30 10:56:59.503845
-0.27976108077698797,15.123914826819387,2025-09-30 10:56:59.503845
-1.0388580565766956,14.616934033223307,2025-09-30 10:56:59.503845
0.20704091770614363,15.600747658463327,2025-09-30 10:56:59.503845
0.5957515459506652,14.176919898309835,2025-09-30 10:56:59.503845
0.16200008259246046,15.198098228225767,2025-09-30 10:56:59.503845
0.5545454554269439,14.109385536685595,2025-09-30 10:56:59.503845
-0.39111829182884755,15.045641797837874,2025-09-30 10:56:59.503845
0.4955924905202685,14.751838938799795,2025-09-30 10:56:59.503845
1.5684813941988545,15.413265312200737,2025-09-30 10:56:59.503845
-0.6996614954534538,14.125446498065589,2025-09-30 10:56:59.503845
1.7692258076495042,14.973080498806752,2025-09-30 10:56:59.503845
0.5721019534260648,14.075863296563606,2025-09-30 10:56:59.503845
-0.11655595961890139,14.656400373583377,2025-09-30 10:56:59.503845
-0.90238943269995,14.761168354962576,2025-09-30 10:56:59.503845
-0.7778340726716677,15.187907175989467,2025-09-30 10:56:59.503845
1.0735008987693009,14.68693839686417,2025-09-30 10:56:59.503845
-1.6052375025724852,14.755056809963834,2025-09-30 10:56:59.503845
0.12564584794505995,14.257718561579098,2025-09-30 10:56:59.503845
0.6517373727558539,14.76538147382996,2025-09-30 10:56:59.503845
0.4913885694883786,14.404919324255138,2025-09-30 10:56:59.503845
1.1829427284235339,14.761644522723913,2025-09-30 10:56:59.503845
0.8276354872194915,14.992198899184398,2025-09-30 10:56:59.503845
-0.8528614501354826,14.162977763372371,2025-09-30 10:56:59.503845
-0.6859372160839674,14.955627221810236,2025-09-30 10:56:59.503845
-1.4171016244090684,14.484969061890416,2025-09-30 10:56:59.503845
-0.44155899124624437,14.85928854179394,2025-09-30 10:56:59.503845
-0.6222472362399145,14.072093333530551,2025-09-30 10:56:59.503845
-0.03405321123332577,14.757637003983339,2025-09-30 10:56:59.503845
-0.05063828982707082,13.99793618932597,2025-09-30 10:56:59.503845
0.7793527711528,14.439895621083636,2025-09-30 10:56:59.503845
-0.08523915299525607,14.59422983900979,2025-09-30 10:56:59.503845
-0.6283327035340568,15.047882230232618,2025-09-30 10:56:59.503845
1.760102485657771,15.06102867451503,2025-09-30 10:56:59.503845
-0.23099300642369375,15.283826867377359,2025-09-30 10:56:59.503845
1.2642649182311945,14.710432032841954,2025-09-30 10:56:59.503845
-0.029316549027086757,15.567375663096357,2025-09-30 10:56:59.503845
-0.21959721963093615,14.593047499062605,2025-09-30 10:56:59.503845
-0.05193664439780803,14.552805256022342,2025-09-30 10:56:59.503845
0.010580100786572722,15.137360365933537,2025-09-30 10:56:59.503845
0.8645859692826793,14.835683143972547,2025-09-30 10:56:59.503845
1.026083923289149,14.770828709533198,2025-09-30 10:56:59.503845
-0.9257110789835917,15.217004243775666,2025-09-30 10:56:59.503845
0.23134614282230262,14.565799773464544,2025-09-30 10:56:59.503845
-0.142254705455536,14.700992356237151,2025-09-30 10:56:59.503845
0.3324117707319113,15.302959296797654,2025-09-30 10:56:59.503845
-0.8302069700648431,14.517190595509375,2025-09-30 10:56:59.503845
1.1302220217380499,14.55292954861552,2025-09-30 10:56:59.503845
0.1555050572977749,15.512225321984056,2025-09-30 10:56:59.503845
-0.928471737540149,15.409190478099202,2025-09-30 10:56:59.503845
-1.3779388206228624,14.510095628540585,2025-09-30 10:56:59.503845
0.34952380451055043,15.235741342577304,2025-09-30 10:56:59.503845
1.735886594730075,14.865266322332738,2025-09-30 10:56:59.503845
-0.6614998477980432,15.163537441104987,2025-09-30 10:56:59.503845
-0.644992275435461,14.289686282947821,2025-09-30 10:56:59.503845
-1.7764146177344917,14.920715603807777,2025-09-30 10:56:59.503845
-1.232488800488023,15.372018149941667,2025-09-30 10:56:59.503845
0.7785803646356493,14.398909140537548,2025-09-30 10:56:59.503845
-0.4680049539914322,15.221445433081417,2025-09-30 10:56:59.503845
1.4720786535698527,14.807136695279675,2025-09-30 10:56:59.503845
-1.1509381566366428,14.605151134354006,2025-09-30 10:56:59.503845
0.5094643950892518,14.548022531565294,2025-09-30 10:56:59.503845
0.41271629249666736,14.95330864665751,2025-09-30 10:56:59.503845
0.2425154938841134,14.527180404573315,2025-09-30 10:56:59.503845
0.4875110538699258,14.504865006494143,2025-09-30 10:56:59.503845
0.5545824235682308,14.446257741089246,2025-09-30 10:56:59.503845
-0.17126650920250813,14.563475174875768,2025-09-30 10:56:59.503845
1.1606337066942545,14.703023684332358,2025-09-30 10:56:59.503845
0.5675146546064151,14.642539753567789,2025-09-30 10:56:59.503845
1.1880366803971272,14.759436011167555,2025-09-30 10:56:59.503845
0.5197714320330988,14.273901346571233,2025-09-30 10:56:59.503845
1.1681417067976272,14.750750700587826,2025-09-30 10:56:59.503845
-0.8208875315929391,14.76617390333348,2025-09-30 10:56:59.503845
-0.20712916403429207,14.6331920512842,2025-09-30 10:56:59.503845
-0.35452143743136644,14.315862176632148,2025-09-30 10:56:59.503845
1.1819638468394251,14.742883208987243,2025-09-30 10:56:59.503845
-0.2871061208929347,15.332616353892549,2025-09-30 10:56:59.503845
-0.3682139641048535,14.659017892682844,2025-09-30 10:56:59.503845
-0.022491903658524288,14.448740496714576,2025-09-30 10:56:59.503845
-1.319408368518929,15.59177141595291,2025-09-30 10:56:59.503845
-0.5494113338319911,15.078059366220305,2025-09-30 10:56:59.503845
-0.6460374584974957,14.564900856254903,2025-09-30 10:56:59.503845
0.21564247337020417,15.477473626480355,2025-09-30 10:56:59.503845
0.29447510922332326,14.734407706719264,2025-09-30 10:56:59.503845
0.1423786122882509,14.695402080204223,2025-09-30 10:56:59.503845
0.3034510295390547,14.237463667125603,2025-09-30 10:56:59.503845
1.4984870941742907,14.939104741788226,2025-09-30 10:56:59.503845
-1.9681591968848369,14.61192538513815,2025-09-30 10:56:59.503845
-0.9428611853544678,15.196304262816298,2025-09-30 10:56:59.503845
1.8237507316711803,15.372807326066807,2025-09-30 10:56:59.503845
-1.1600521497072454,14.879030941059177,2025-09-30 10:56:59.503845
-1.2809178502363774,13.41055718315446,2025-09-30 10:56:59.503845
0.4198304819635922,14.932771266523872,2025-09-30 10:56:59.503845
2.4462774521367123,14.841607391558096,2025-09-30 10:56:59.503845
0.9256048048451296,14.558136264067771,2025-09-30 10:56:59.503845
-0.04129487940187385,14.467031071396699,2025-09-30 10:56:59.503845
1.333548755904444,14.492979933975404,2025-09-30 10:56:59.503845
0.9985294468356251,14.205723256705339,2025-09-30 10:56:59.503845
-2.429619284436949,14.55453128086494,2025-09-30 10:56:59.503845
-1.0771642944608117,15.680213290302738,2025-09-30 10:56:59.503845
0.6787693220897953,15.072428296733614,2025-09-30 10:56:59.503845
-0.4547048809710741,14.374720772220098,2025-09-30 10:56:59.503845
-0.6346171438253971,15.48035211283376,2025-09-30 10:56:59.503845
1.1352406130415813,14.854673919690775,2025-09-30 10:56:59.503845
0.9657953910227276,14.345927334826367,2025-09-30 10:56:59.503845
-0.8356033099128164,14.691398685392807,2025-09-30 10:56:59.503845
0.5398925065049824,14.810604635429987,2025-09-30 10:56:59.503845
0.8861998736054358,14.318596488028057,2025-09-30 10:56:59.503845
-0.49890913941505405,15.283616598343812,2025-09-30 10:56:59.503845
-0.26771102332581254,14.449501998379219,2025-09-30 10:56:59.503845
0.4689969564949581,15.151032912306938,2025-09-30 10:56:59.503845
-1.61034899057623,14.614287637757018,2025-09-30 10:56:59.503845
0.33628187575207263,14.265250735320485,2025-09-30 10:56:59.503845
-0.7487603769395835,14.74834065856281,2025-09-30 10:56:59.503845
0.09209353837618542,14.565067462852381,2025-09-30 10:56:59.503845
0.032359428132232804,15.55291145861891,2025-09-30 10:56:59.503845
0.11673210076874341,14.970612415638909,2025-09-30 10:56:59.503845
-0.3809290956519708,14.316827785691125,2025-09-30 10:56:59.503845
-1.1157603289377984,15.544309814644338,2025-09-30 10:56:59.503845
0.7167168328968335,15.047609320533638,2025-09-30 10:56:59.503845
-1.4550520144308376,14.771763068473827,2025-09-30 10:56:59.503845
-0.5824579136138542,14.285361102916266,2025-09-30 10:56:59.503845
0.1608137756724647,14.876398336512164,2025-09-30 10:56:59.503845
2.3964034354992245,14.120075076035908,2025-09-30 10:56:59.503845
-0.5505908591869504,14.901486654855852,2025-09-30 10:56:59.503845
0.8834437742499985,14.16637225463803,2025-09-30 10:56:59.503845
0.2950150611255776,14.389603695293602,2025-09-30 10:56:59.503845
0.3541548701884329,14.568259812665527,2025-09-30 10:56:59.503845
-0.8308559259925024,13.944990485023478,2025-09-30 10:56:59.503845
0.10946437082771124,15.025403327789899,2025-09-30 10:56:59.503845
0.9920534321841344,14.636544531359004,2025-09-30 10:56:59.503845
0.4455538922686358,14.344082874618971,2025-09-30 10:56:59.503845
0.7011756942607411,14.944194196562941,2025-09-30 10:56:59.503845
0.4983223349914163,15.075981085668781,2025-09-30 10:56:59.503845
0.3038239096641592,15.973675685625665,2025-09-30 10:56:59.503845
0.9711404275639551,14.477140672264126,2025-09-30 10:56:59.503845
-1.0124295981332896,14.109202816352436,2025-09-30 10:56:59.503845
-0.46218813847266355,15.246032324582842,2025-09-30 10:56:59.503845
0.5279500226920081,14.49721577666737,2025-09-30 10:56:59.503845
-1.2396262824216142,15.015810510441774,2025-09-30 10:56:59.503845
1.0881263707433264,14.979377651289312,2025-09-30 10:56:59.503845
-0.3085531187263791,14.688950326458134,2025-09-30 10:56:59.503845
-0.7616383395234673,15.137677359699575,2025-09-30 10:56:59.503845
0.6088933919151858,14.359278151695703,2025-09-30 10:56:59.503845
-0.7283364198460641,14.474320980435987,2025-09-30 10:56:59.503845
0.49601037796181163,15.059180414073804,2025-09-30 10:56:59.503845
-0.8453016653182479,15.98582915706132,2025-09-30 10:56:59.503845
-0.16162159497012654,14.52555193837809,2025-09-30 10:56:59.503845
-0.8977412141303649,14.422094207628172,2025-09-30 10:56:59.503845
0.8021983881682009,15.105445665401682,2025-09-30 10:56:59.503845
-0.051885234104795765,16.101515652479527,2025-09-30 10:56:59.503845
1.1735339594242282,15.045139224738966,2025-09-30 10:56:59.503845
-0.7593076232255377,14.233061030015884,2025-09-30 10:56:59.503845
0.5366812115484862,14.170013123831525,2025-09-30 10:56:59.503845
-0.18148491546189405,15.365798248274645,2025-09-30 10:56:59.503845
0.038647108818964195,15.540365871560576,2025-09-30 10:56:59.503845
-0.13838968874971536,14.522334469787403,2025-09-30 10:56:59.503845
0.33669383597458863,15.450420175904915,2025-09-30 10:56:59.503845
-0.46549069614090455,14.139973762559716,2025-09-30 10:56:59.503845
0.6640725165707173,14.958898770404423,2025-09-30 10:56:59.503845
-0.11544164549978476,15.192376652210887,2025-09-30 10:56:59.503845
-1.3691212335336902,15.654806235445244,2025-09-30 10:56:59.503845
-0.9737835024843913,15.087133559035676,2025-09-30 10:56:59.503845
0.6963848217822047,13.912576387930613,2025-09-30 10:56:59.503845
-1.81572347192613,14.929925232838109,2025-09-30 10:56:59.503845
0.08701718236315574,15.247796739390667,2025-09-30 10:56:59.503845
0.696185363014644,14.821915043580768,2025-09-30 10:56:59.503845
-1.2036123246005466,14.223008819909968,2025-09-30 10:56:59.503845
0.034264417859839094,14.484095387866,2025-09-30 10:56:59.503845
0.9281963565322976,15.39898272033572,2025-09-30 10:56:59.503845
-1.244040896124744,15.17962738755385,2025-09-30 10:56:59.503845
0.005613459911164184,14.246233321514781,2025-09-30 10:56:59.503845
0.46314657586033187,14.747415498218855,2025-09-30 10:56:59.503845
0.2688983466292635,14.318258866778507,2025-09-30 10:56:59.503845
-0.7792685834620185,14.944732964250417,2025-09-30 10:56:59.503845
0.6951879832184881,15.336233394559189,2025-09-30 10:56:59.503845
-0.47526490001377897,14.9444809610382,2025-09-30 10:56:59.503845
0.04928232000001655,14.45827239911759,2025-09-30 10:56:59.503845
0.034469848609682406,14.574852835619582,2025-09-30 10:56:59.503845
-1.149540727042832,14.4213767790751,2025-09-30 10:56:59.503845
-0.17080309810359837,14.31439884882446,2025-09-30 10:56:59.503845
-0.9228265615822421,14.883605406054976,2025-09-30 10:56:59.503845
-0.5700981435352209,14.449244507807357,2025-09-30 10:56:59.503845
0.4964420769406894,15.181623966884315,2025-09-30 10:56:59.503845
0.12808217373947128,14.499291523258506,2025-09-30 10:56:59.503845
-0.9420033515428364,14.663504224379052,2025-09-30 10:56:59.503845
1.2773912762174295,14.34661659764289,2025-09-30 10:56:59.503845
0.573457104356507,14.474430836939609,2025-09-30 10:56:59.503845
-0.2255863402783649,14.817914867156787,2025-09-30 10:56:59.503845
-0.20598437103892417,14.616956822871105,2025-09-30 10:56:59.503845
-0.8708578170529805,15.060990973919468,2025-09-30 10:56:59.503845
0.5140645972770803,15.414891713602358,2025-09-30 10:56:59.503845
-0.33389908165569204,15.44265222648367,2025-09-30 10:56:59.503845
0.7759505226522678,15.24916668226134,2025-09-30 10:56:59.503845
1.0516630886079144,15.611134264130163,2025-09-30 10:56:59.503845
1.137218238377758,15.202433180340293,2025-09-30 10:56:59.503845
0.7590993730343382,14.142033243181142,2025-09-30 10:56:59.503845
-0.6466257354117233,14.74629624171411,2025-09-30 10:56:59.503845
2.2532143086688103,13.864388069264114,2025-09-30 10:56:59.503845
-0.9601410988366276,14.667010359912018,2025-09-30 10:56:59.503845
0.18017074179977016,15.099750664018968,2025-09-30 10:56:59.503845
-1.2409433117143571,14.753560375228911,2025-09-30 10:56:59.503845
2.4113443315583942,14.346748115143505,2025-09-30 10:56:59.503845
-1.3915230881894154,14.748014290992312,2025-09-30 10:56:59.503845
-0.5242164229378986,14.787609323738469,2025-09-30 10:56:59.503845
0.5856386226370651,14.57065907261833,2025-09-30 10:56:59.503845
1.0582081986199632,14.334597898966983,2025-09-30 10:56:59.503845
-0.8628114889394838,14.720314447098676,2025-09-30 10:56:59.503845
0.4362794250816824,15.10484717053593,2025-09-30 10:56:59.503845
0.627840471270383,14.754820391023838,2025-09-30 10:56:59.503845
0.20401630554241237,14.806186059302535,2025-09-30 10:56:59.503845
0.8622213243481923,14.471501352581962,2025-09-30 10:56:59.503845
-1.474249787816645,14.898918178948684,2025-09-30 10:56:59.503845
-0.03807175255551827,15.230313919971385,2025-09-30 10:56:59.503845
-0.1406609020946937,14.368877270460025,2025-09-30 10:56:59.503845
0.3482659518299439,15.192024066513412,2025-09-30 10:56:59.503845
0.634506962163044,15.614523946100483,2025-09-30 10:56:59.503845
0.5829375231384103,14.470299737407261,2025-09-30 10:56:59.503845
0.0994702725474987,14.32799593967745,2025-09-30 10:56:59.503845
-1.530666451601814,14.839214323632381,2025-09-30 10:56:59.503845
0.5329812875555544,14.701197334135193,2025-09-30 10:56:59.503845
-0.029954679987509322,15.091668249598209,2025-09-30 10:56:59.503845
0.8286945006490576,14.53571175431179,2025-09-30 10:56:59.503845
0.9278188778472092,15.374732737394025,2025-09-30 10:56:59.503845
-1.7176143191438844,15.132888821148612,2025-09-30 10:56:59.503845
1.0679869796979435,15.205632081748828,2025-09-30 10:56:59.503845
-1.3590981471300634,14.210046709643068,2025-09-30 10:56:59.503845
1.8390498429716051,14.672300475642288,2025-09-30 10:56:59.503845
-0.4211963202681573,15.045499749994647,2025-09-30 10:56:59.503845
0.763798155269964,15.058075318298492,2025-09-30 10:56:59.503845
-1.286363199274245,14.784339065280713,2025-09-30 10:56:59.503845
1.9795255265057152,14.515646657503028,2025-09-30 10:56:59.503845
0.6386987742489154,14.29727684726723,2025-09-30 10:56:59.503845
2.5500541783391513,14.369334830873106,2025-09-30 10:56:59.503845
0.29181823657470035,15.196375093014622,2025-09-30 10:56:59.503845
1.3091143363063675,15.099479643025164,2025-09-30 10:56:59.503845
0.8717647325264224,14.767104399977608,2025-09-30 10:56:59.503845
-0.21532617265469747,15.570392005171799,2025-09-30 10:56:59.503845
-0.612570362940514,14.40929464604128,2025-09-30 10:56:59.503845
0.6979593146240035,13.731839472868172,2025-09-30 10:56:59.503845
-0.01280398679551008,13.847236593859806,2025-09-30 10:56:59.503845
1.465934948326192,15.157078764961227,2025-09-30 10:56:59.503845
1.399950305509286,15.445004320763275,2025-09-30 10:56:59.503845
1.323599488846903,15.190066302901753,2025-09-30 10:56:59.503845
-0.8110268142037611,15.004055456460565,2025-09-30 10:56:59.503845
0.3867543334488578,15.587606663222154,2025-09-30 10:56:59.503845
-0.7257218224111378,15.157839071267587,2025-09-30 10:56:59.503845
-2.078184400476696,15.046257228432268,2025-09-30 10:56:59.503845
-1.2162570922280118,14.744517605884655,2025-09-30 10:56:59.503845
-1.3181820721625026,15.471745932586234,2025-09-30 10:56:59.503845
0.9821888272876692,13.969556707348893,2025-09-30 10:56:59.503845
1.834816795206979,14.581468099314304,2025-09-30 10:56:59.503845
0.42460370591170377,15.062686729571428,2025-09-30 10:56:59.503845
1.0798008479289063,14.11984400701534,2025-09-30 10:56:59.503845
-2.052375348978256,14.355461183762552,2025-09-30 10:56:59.503845
-0.1268814410910396,13.959624967202984,2025-09-30 10:56:59.503845
-0.486232782714389,14.700691960062521,2025-09-30 10:56:59.503845
0.3990842629823495,14.399259735920095,2025-09-30 10:56:59.503845
-0.7091008638373317,14.59359738372475,2025-09-30 10:56:59.503845
1.080155644421162,14.524417648603501,2025-09-30 10:56:59.503845
1.9325760651135775,15.262469640645294,2025-09-30 10:56:59.503845
-0.6332053815306345,14.201677278073545,2025-09-30 10:56:59.503845
-2.192305839528055,14.548061512378407,2025-09-30 10:56:59.503845
-0.8073355675596701,15.045762782330469,2025-09-30 10:56:59.503845
2.308554009431064,15.00115284134181,2025-09-30 10:56:59.503845
0.10578478972715133,15.245995015622457,2025-09-30 10:56:59.503845
1.4334546059162738,15.342110938672338,2025-09-30 10:56:59.503845
1.786271096790395,14.401916064657266,2025-09-30 10:56:59.503845
0.7766637655313781,15.469849861899496,2025-09-30 10:56:59.503845
0.8899505414596472,14.442133772061743,2025-09-30 10:56:59.503845
-0.6019107882355548,14.517471473336576,2025-09-30 10:56:59.503845
1.0471173256451907,15.057730156716039,2025-09-30 10:56:59.503845
-0.9435234790521005,15.06579356067582,2025-09-30 10:56:59.503845
-0.948923968123466,15.267128317037455,2025-09-30 10:56:59.503845
0.5053205289566213,15.075788975193657,2025-09-30 10:56:59.503845
-0.31540214456115623,15.009120121861425,2025-09-30 10:56:59.503845
-0.49874173330431315,14.478503347553305,2025-09-30 10:56:59.503845
-0.8582103019294194,15.09820689628405,2025-09-30 10:56:59.503845
-0.22717405488770298,14.69502426449276,2025-09-30 10:56:59.503845
-0.14876026528457265,14.292521515862763,2025-09-30 10:56:59.503845
-0.052307988556187145,14.459511426389664,2025-09-30 10:56:59.503845
1.03564315334582,15.059826898200999,2025-09-30 10:56:59.503845
0.5472033663075667,14.279964715024901,2025-09-30 10:56:59.503845
0.9981335651734597,14.297049642170629,2025-09-30 10:56:59.503845
0.9255120173222303,15.060640239961765,2025-09-30 10:56:59.503845
-0.5068772784008276,14.993736127725317,2025-09-30 10:56:59.503845
-1.6349474923569935,15.727497200028854,2025-09-30 10:56:59.503845
-1.2679750045227376,15.750870348546506,2025-09-30 10:56:59.503845
1.3747204436051668,14.950439273129964,2025-09-30 10:56:59.503845
0.48114820539680336,15.215069806652888,2025-09-30 10:56:59.503845
-0.4420840524288591,14.073955071939634,2025-09-30 10:56:59.503845
2.0317107907196497,14.38610159644866,2025-09-30 10:56:59.503845
-0.14045109130249447,15.120665972168101,2025-09-30 10:56:59.503845
-0.6659963295412644,14.388742277553408,2025-09-30 10:56:59.503845
0.2586043046822479,14.452428619832983,2025-09-30 10:56:59.503845
0.19171038123362394,14.728771208456845,2025-09-30 10:56:59.503845
-1.1570795490658805,14.765632867405618,2025-09-30 10:56:59.503845
-0.34876763198590843,15.079131686602558,2025-09-30 10:56:59.503845
-0.21596726139619382,14.069302518833048,2025-09-30 10:56:59.503845
0.09919406243824987,14.142480812192034,2025-09-30 10:56:59.503845
-1.873174499379908,15.100532425997075,2025-09-30 10:56:59.503845
1.246024332247497,14.443453593482726,2025-09-30 10:56:59.503845
0.14156201609331628,14.866108464579218,2025-09-30 10:56:59.503845
1.6455971836408358,14.57166808105015,2025-09-30 10:56:59.503845
-0.9563655399265064,14.943233423874878,2025-09-30 10:56:59.503845
0.8006217436893722,14.718976142663426,2025-09-30 10:56:59.503845
-0.7454211559175056,14.97302678485864,2025-09-30 10:56:59.503845
-0.8511466512752983,14.243710343378588,2025-09-30 10:56:59.503845
0.6010752428478281,14.963836928460758,2025-09-30 10:56:59.503845
-0.4803374457333735,15.182540219744846,2025-09-30 10:56:59.503845
2.5263226222307775,14.905334933015718,2025-09-30 10:56:59.503845
-0.08188987135703261,14.505024640190232,2025-09-30 10:56:59.503845
-0.13286976854557894,14.772811325375121,2025-09-30 10:56:59.503845
-1.350175423614872,15.20524576875614,2025-09-30 10:56:59.503845
1.1561440712940987,14.797073194159712,2025-09-30 10:56:59.503845
0.29652995596159476,14.482969368093457,2025-09-30 10:56:59.503845
-1.7113114210058422,13.96384402052612,2025-09-30 10:56:59.503845
-0.26250988565495254,14.281895934485021,2025-09-30 10:56:59.503845
-0.9248452606124188,14.568951266361134,2025-09-30 10:56:59.503845
-0.9696220747425279,14.082261879201038,2025-09-30 10:56:59.503845
1.4858130357802086,14.696701671084154,2025-09-30 10:56:59.503845
0.017598299709369516,15.270563992115726,2025-09-30 10:56:59.503845
0.6048919373083524,14.59933229969458,2025-09-30 10:56:59.503845
0.18801133746949367,15.263346391065584,2025-09-30 10:56:59.503845
-0.7591445883150839,14.193968695276974,2025-09-30 10:56:59.503845
0.539055056610068,14.250519282276766,2025-09-30 10:56:59.503845
-0.34043748159509374,14.893611061137017,2025-09-30 10:56:59.503845
-0.5165228923357544,14.600579591016563,2025-09-30 10:56:59.503845
1.7376619405906815,14.546217000588557,2025-09-30 10:56:59.503845
1.086763098741699,14.047132677521068,2025-09-30 10:56:59.503845
-0.24227134955377885,13.715204999811267,2025-09-30 10:56:59.503845
0.055490313032069784,14.819046336082843,2025-09-30 10:56:59.503845
0.29788037656969757,14.421565183821913,2025-09-30 10:56:59.503845
-0.17388664413821553,14.081634804980233,2025-09-30 10:56:59.503845
-0.9946167439494317,15.103819618769915,2025-09-30 10:56:59.503845
-1.7050454436280431,14.294001332009117,2025-09-30 10:56:59.503845
0.4086651364146099,14.68229745025596,2025-09-30 10:56:59.503845
-1.1352206820431232,14.988185363738262,2025-09-30 10:56:59.503845
-1.1657090622366242,13.648693171665405,2025-09-30 10:56:59.503845
0.1948337460312705,15.400254999720392,2025-09-30 10:56:59.503845
-0.7419490489075012,14.780148861401441,2025-09-30 10:56:59.503845
-0.5322878124457071,14.850339870784927,2025-09-30 10:56:59.503845
-0.6387561358063719,14.18342939390489,2025-09-30 10:56:59.503845
1.370730745244391,14.984390591201864,2025-09-30 10:56:59.503845
0.0635718579227054,14.670924058664358,2025-09-30 10:56:59.503845
-0.17481008835730882,14.333716320946644,2025-09-30 10:56:59.503845
0.6263168941886504,14.029915209704052,2025-09-30 10:56:59.503845
-0.5313147961285819,14.802375271740273,2025-09-30 10:56:59.503845
1.5434583504791894,14.392264192718931,2025-09-30 10:56:59.503845
2.5706157456658274,14.502715601259567,2025-09-30 10:56:59.503845
-0.47677601563999666,14.3468448986973,2025-09-30 10:56:59.503845
-0.8636017314294722,14.565946376332509,2025-09-30 10:56:59.503845
1.020418434136037,14.125657758453716,2025-09-30 10:56:59.503845
-0.7876835216837228,14.251616756817869,2025-09-30 10:56:59.503845
-1.6626699469341868,13.973330659435488,2025-09-30 10:56:59.503845
0.4125065568100782,14.986127877611477,2025-09-30 10:56:59.503845
2.26780954229069,14.835813749921165,2025-09-30 10:56:59.503845
1.0887735168441164,15.148667906085862,2025-09-30 10:56:59.503845
0.42017512245124206,15.356551389157039,2025-09-30 10:56:59.503845
-0.6995386118192355,14.890407925413099,2025-09-30 10:56:59.503845
-0.09246883037468877,15.114638194062639,2025-09-30 10:56:59.503845
1.2963156130613827,14.21109427934683,2025-09-30 10:56:59.503845
1.209873291158749,13.957879111736124,2025-09-30 10:56:59.503845
-0.49910348014563627,15.383707766521852,2025-09-30 10:56:59.503845
0.56992878209436,14.377761393041075,2025-09-30 10:56:59.503845
0.4424034392986949,15.456634129859111,2025-09-30 10:56:59.503845
-0.4184123708703439,14.278190768507931,2025-09-30 10:56:59.503845
-0.006904945866465257,14.344294247112174,2025-09-30 10:56:59.503845
1.3122713935840862,15.34615285070928,2025-09-30 10:56:59.503845
-1.4660894131697062,14.551512852993659,2025-09-30 10:56:59.503845
2.222041659243332,14.856286785212307,2025-09-30 10:56:59.503845
0.745153591111147,14.463166549849754,2025-09-30 10:56:59.503845
0.5247993501408328,14.397053129837404,2025-09-30 10:56:59.503845
-0.10772780885657415,14.695951319670199,2025-09-30 10:56:59.503845
0.00022365826432398997,14.616873300065944,2025-09-30 10:56:59.503845
2.0015031348271797,15.171650525670893,2025-09-30 10:56:59.503845
0.8327039896964769,15.724641039972333,2025-09-30 10:56:59.503845
0.6228628512513282,15.646148336234486,2025-09-30 10:56:59.503845
0.7270947908013299,14.615836316777878,2025-09-30 10:56:59.503845
-0.32268875774698796,15.163166902271229,2025-09-30 10:56:59.503845
1.478248980123083,15.076064661489927,2025-09-30 10:56:59.503845
0.07124859851173543,14.853311094477457,2025-09-30 10:56:59.503845
0.37937221448432157,15.034385862263516,2025-09-30 10:56:59.503845
-2.4463415545986464,14.775865273005644,2025-09-30 10:56:59.503845
-0.4239124085115683,14.340868806739074,2025-09-30 10:56:59.503845
-1.1405204060245038,14.934415841735502,2025-09-30 10:56:59.503845
0.7196302350754914,14.475681572411142,2025-09-30 10:56:59.503845
0.08662649095873684,14.95125570466987,2025-09-30 10:56:59.503845
-0.9535572849458684,14.149206045546284,2025-09-30 10:56:59.503845
-0.12669831167344067,14.987812604825304,2025-09-30 10:56:59.503845
0.29266612913940737,14.034171666635705,2025-09-30 10:56:59.503845
-0.7534468593562322,14.717637666650164,2025-09-30 10:56:59.503845
-0.7427089707434564,14.870016639062646,2025-09-30 10:56:59.503845
1.0586341240472452,15.184883319060388,2025-09-30 10:56:59.503845
-0.3140140320542834,15.106673780832363,2025-09-30 10:56:59.503845
-0.18788897139410687,14.245710746498462,2025-09-30 10:56:59.503845
0.4726255235319036,14.009391419067475,2025-09-30 10:56:59.503845
1.9392830340930398,15.05032492935476,2025-09-30 10:56:59.503845
-1.3904849851109145,15.59136555811263,2025-09-30 10:56:59.503845
1.391458856719131,14.823812926913114,2025-09-30 10:56:59.503845
-0.3629480334176099,14.570780467806907,2025-09-30 10:56:59.503845
-0.1431344842375153,14.241947603543023,2025-09-30 10:56:59.503845
1.2093588083524722,15.019546458319805,2025-09-30 10:56:59.503845
0.6351406032432414,15.14647704244522,2025-09-30 10:56:59.503845
0.0011281898670158466,14.938323091980193,2025-09-30 10:56:59.503845
0.3751570827114893,14.481611380228603,2025-09-30 10:56:59.503845
0.4395252897272284,14.519915089942783,2025-09-30 10:56:59.503845
-0.27769884312261506,14.792640543822968,2025-09-30 10:56:59.503845
0.3092639305251121,14.15312743401681,2025-09-30 10:56:59.503845
0.15404001167895434,15.044858396386013,2025-09-30 10:56:59.503845
-0.6341782895258417,14.705915939127504,2025-09-30 10:56:59.503845
0.4311137659612012,15.439427577591601,2025-09-30 10:56:59.503845
-0.7503370716232515,15.610155111105119,2025-09-30 10:56:59.503845
-1.0647234015737947,13.96335103513617,2025-09-30 10:56:59.503845
0.9632141041482176,14.441153564681672,2025-09-30 10:56:59.503845
-0.4300168433469052,15.1976691209234,2025-09-30 10:56:59.503845
-0.23565036482644094,15.218440586815927,2025-09-30 10:56:59.503845
0.13643903091606185,15.145708000462776,2025-09-30 10:56:59.503845
-0.8965753248569228,14.626863825110654,2025-09-30 10:56:59.503845
-1.2844939727579925,14.691333659394903,2025-09-30 10:56:59.503845
-0.5106374637607958,15.252970023042016,2025-09-30 10:56:59.503845
0.41734092676552403,14.762743332710597,2025-09-30 10:56:59.503845
2.8223215209778503,14.507351419355686,2025-09-30 10:56:59.503845
-1.3037778312651553,14.737955807546033,2025-09-30 10:56:59.503845
0.42528261488951186,15.52841720851503,2025-09-30 10:56:59.503845
-1.490497977660314,14.375521776944893,2025-09-30 10:56:59.503845
0.3205682871940483,14.636733782310952,2025-09-30 10:56:59.503845
0.16716197583419623,14.901793479953168,2025-09-30 10:56:59.503845
0.062316046879418135,14.500737136819636,2025-09-30 10:56:59.503845
-0.6612399432298094,14.815791039972332,2025-09-30 10:56:59.503845
