potencia_data,spindle_entrada_data,spindle_saida_data,timestamp
2.3247986905190077,56.322812730528355,400.5442998404599,2025-09-30 10:56:59.503845
2.2849156944695945,53.5167450817673,399.8867755666774,2025-09-30 10:56:59.503845
2.3455375137060583,52.27832406991043,400.1651198682388,2025-09-30 10:56:59.503845
2.1114931070664307,55.08613051832363,400.3765264845178,2025-09-30 10:56:59.503845
2.3267775402900805,53.215954678949586,399.4676901876916,2025-09-30 10:56:59.503845
2.243638932819684,59.87999248351735,400.3495346330246,2025-09-30 10:56:59.503845
2.3163837357766295,47.342987733199806,399.9824097143696,2025-09-30 10:56:59.503845
2.53126781238133,44.53360254187485,400.28969159734123,2025-09-30 10:56:59.503845
2.351566665596492,51.692433761711655,399.29570860878715,2025-09-30 10:56:59.503845
2.284062209758915,56.17178090321542,398.8369079171916,2025-09-30 10:56:59.503845
2.2241768173197003,55.05362853628525,398.35380504463626,2025-09-30 10:56:59.503845
2.226739221465699,53.88579455453109,399.8987199952521,2025-09-30 10:56:59.503845
2.407714716960857,52.127953643193905,401.78343307065103,2025-09-30 10:56:59.503845
2.2869942448333873,56.324709819889705,399.999677664522,2025-09-30 10:56:59.503845
2.264283641575895,57.934044647081414,399.6619630917294,2025-09-30 10:56:59.503845
2.384441408448767,50.54878450612465,400.3702981794764,2025-09-30 10:56:59.503845
2.237321712689286,49.670961154927255,400.4836588207565,2025-09-30 10:56:59.503845
2.3160099966492123,48.50740347508746,400.39912519981357,2025-09-30 10:56:59.503845
2.183716044821576,54.95659777721308,400.06232564940115,2025-09-30 10:56:59.503845
2.3657535915243684,57.01293615347392,400.69063196061,2025-09-30 10:56:59.503845
2.3625466560056876,57.896766015646094,400.11557941972467,2025-09-30 10:56:59.503845
2.323844345541438,56.85055185071522,400.0628786659857,2025-09-30 10:56:59.503845
2.2549652975702497,51.03324870889743,398.55556403100655,2025-09-30 10:56:59.503845
2.273954489972557,51.71512844551531,399.7191325396286,2025-09-30 10:56:59.503845
2.1446008424905805,54.62232156272229,399.3054129950772,2025-09-30 10:56:59.503845
2.277974011248362,49.70168774713713,399.5096393645819,2025-09-30 10:56:59.503845
2.409960313039193,49.004812287964285,399.7876446990968,2025-09-30 10:56:59.503845
2.3627114681773804,68.0755290641345,401.29215850488896,2025-09-30 10:56:59.503845
2.4205873414122747,53.13676555063401,398.6230292625217,2025-09-30 10:56:59.503845
2.2647304974492983,52.45885593124811,399.42035223312297,2025-09-30 10:56:59.503845
2.41127778597863,48.71210467330083,399.19801507289986,2025-09-30 10:56:59.503845
2.2153027341080636,53.98218540277165,399.50009795768057,2025-09-30 10:56:59.503845
2.384403741090368,50.50341718196256,400.9603126415096,2025-09-30 10:56:59.503845
2.271758952073193,50.601956614907984,401.45698416153607,2025-09-30 10:56:59.503845
2.3312836178563416,56.673127863050816,400.27951993690715,2025-09-30 10:56:59.503845
2.081183952111945,44.38843242763427,401.1660334129768,2025-09-30 10:56:59.503845
2.3001928580936886,59.04919908416135,400.9070434936295,2025-09-30 10:56:59.503845
2.4008897382492083,55.674450406593046,398.50499404924665,2025-09-30 10:56:59.503845
2.3209625054255576,57.230495472712676,399.784825805102,2025-09-30 10:56:59.503845
2.232156743100515,45.29704404495425,398.86629638998375,2025-09-30 10:56:59.503845
2.211970197347147,54.76302187540768,400.5527257573125,2025-09-30 10:56:59.503845
2.347522447552496,59.96648065649785,399.8930460004602,2025-09-30 10:56:59.503845
2.3024008874123054,49.15824347533408,398.9842768578048,2025-09-30 10:56:59.503845
2.1971453585831733,57.97160101162242,398.81595178373766,2025-09-30 10:56:59.503845
2.3731026628101572,58.21248012331792,400.34474289772425,2025-09-30 10:56:59.503845
2.196383339135749,39.37807750910728,399.90906292513955,2025-09-30 10:56:59.503845
2.325469138394635,53.082061053577,398.75359151751155,2025-09-30 10:56:59.503845
2.2989889067430473,55.06282763758349,400.40754427087614,2025-09-30 10:56:59.503845
2.0704197515622984,52.32984012159487,399.8489520026303,2025-09-30 10:56:59.503845
2.333280089205371,54.448140465098234,399.7404688245554,2025-09-30 10:56:59.503845
2.3508346587614426,59.413941590831044,399.93269289899047,2025-09-30 10:56:59.503845
2.4212790609983794,50.69277168710372,398.1175259657035,2025-09-30 10:56:59.503845
2.1167877617997726,62.31162886684852,400.6720425055223,2025-09-30 10:56:59.503845
2.159779673091947,55.53217572466948,400.1832251558067,2025-09-30 10:56:59.503845
2.2571208073629476,51.484418519174795,401.08260969996775,2025-09-30 10:56:59.503845
2.2021815172427313,61.13774901420034,399.77411276818884,2025-09-30 10:56:59.503845
2.3037444121620263,61.21916924578859,399.04471246761983,2025-09-30 10:56:59.503845
2.209422081418345,49.86132117829376,400.738652141935,2025-09-30 10:56:59.503845
2.3856296633122778,60.19323621908937,400.1554839857207,2025-09-30 10:56:59.503845
2.38859493368689,48.54090880406923,398.3942701967361,2025-09-30 10:56:59.503845
2.194122099818725,52.25032188597687,400.6650854053995,2025-09-30 10:56:59.503845
2.3553450368670554,53.3155003366355,400.2716563129348,2025-09-30 10:56:59.503845
2.258826184882696,50.664628271481014,400.43730843084035,2025-09-30 10:56:59.503845
2.2228042083485717,46.2036828325607,400.174535100421,2025-09-30 10:56:59.503845
2.3217390109375544,58.345402974315874,398.2732802456655,2025-09-30 10:56:59.503845
2.1061914217711433,62.284704048718794,400.3366226492936,2025-09-30 10:56:59.503845
2.2741914132034484,53.192377201613866,400.2557795050255,2025-09-30 10:56:59.503845
2.3087986310406037,53.98495530239601,400.00225139683107,2025-09-30 10:56:59.503845
2.183529009459693,54.61497196304776,399.27900051364134,2025-09-30 10:56:59.503845
2.246311643954323,48.01002115125107,399.1151553723638,2025-09-30 10:56:59.503845
2.3788604823774504,51.48214009976705,398.5430024830046,2025-09-30 10:56:59.503845
2.0856444716607987,53.47999154119673,399.2415445077725,2025-09-30 10:56:59.503845
2.226129171363875,59.14483755747294,400.0312427884893,2025-09-30 10:56:59.503845
2.1525437597931214,58.76722976937647,400.22606301886333,2025-09-30 10:56:59.503845
2.3207089798013008,57.3739118949028,400.29719975512086,2025-09-30 10:56:59.503845
2.15881736687015,52.43932936910168,399.9050379494231,2025-09-30 10:56:59.503845
2.3577860474242613,63.106388704635506,399.5511279130208,2025-09-30 10:56:59.503845
2.4389701942321307,49.89377630840867,399.3404111387918,2025-09-30 10:56:59.503845
2.2646687832175,55.31437021954474,400.07908011560704,2025-09-30 10:56:59.503845
2.2508121068237696,52.80318931460779,399.93435092618427,2025-09-30 10:56:59.503845
2.2001614776237157,52.15640842781614,399.272352106602,2025-09-30 10:56:59.503845
2.0963140681269383,59.23719225624111,400.3102155832019,2025-09-30 10:56:59.503845
2.3579369305410123,62.49030826576548,397.79253935496985,2025-09-30 10:56:59.503845
2.340572003471731,50.736518169046576,400.551894412446,2025-09-30 10:56:59.503845
2.3349924031985103,55.05156463752433,400.66771280647674,2025-09-30 10:56:59.503845
2.1711103965848184,46.285575736377595,400.0640719582595,2025-09-30 10:56:59.503845
2.1960278814632437,41.92510994971687,399.44794369511027,2025-09-30 10:56:59.503845
2.3387374912680374,61.35048558976592,401.215308566777,2025-09-30 10:56:59.503845
2.0706689312612228,58.29260074975446,400.25936694512194,2025-09-30 10:56:59.503845
2.3549056555418844,58.26777558708197,399.5415473914469,2025-09-30 10:56:59.503845
2.415243180166497,51.5342160203862,400.5395859897929,2025-09-30 10:56:59.503845
2.0335359433715796,51.32984269228899,400.364265018873,2025-09-30 10:56:59.503845
2.402227632751284,52.17032680818392,399.58599957818524,2025-09-30 10:56:59.503845
2.313048484260436,51.23037861892032,400.18449027209243,2025-09-30 10:56:59.503845
2.3685906245671897,50.884663528157155,399.4942172981502,2025-09-30 10:56:59.503845
2.283179703546193,53.93091257966463,399.426680355653,2025-09-30 10:56:59.503845
2.112157703602985,56.77941170589152,399.03719561115264,2025-09-30 10:56:59.503845
2.240622782528966,60.60325928374535,399.225316983735,2025-09-30 10:56:59.503845
2.3540105355317884,58.1045737062895,398.96070897655596,2025-09-30 10:56:59.503845
2.100204819329753,55.366504712932844,398.75085535981657,2025-09-30 10:56:59.503845
2.4336019537218947,46.33129359961501,401.0835928674058,2025-09-30 10:56:59.503845
2.1927690213913857,53.36600192366969,400.15366481032277,2025-09-30 10:56:59.503845
2.320307764953828,57.72648311447805,399.0316018953647,2025-09-30 10:56:59.503845
2.142714508105364,55.38455565978508,400.2822594953775,2025-09-30 10:56:59.503845
2.184653661981424,49.14678132661901,400.8567490772341,2025-09-30 10:56:59.503845
2.312638261983699,54.05313844596612,400.0035528316761,2025-09-30 10:56:59.503845
2.4113423640565874,61.87128205061052,399.22136745034317,2025-09-30 10:56:59.503845
2.222086824386009,56.01966065551729,399.18241531550524,2025-09-30 10:56:59.503845
2.2412637985743125,46.51475125217913,397.85613553345297,2025-09-30 10:56:59.503845
2.317826124845059,49.235598329999675,398.2279089834348,2025-09-30 10:56:59.503845
2.414619506062327,55.030167147516615,399.7824907116233,2025-09-30 10:56:59.503845
2.09024129867113,56.19849451479787,399.28964152276484,2025-09-30 10:56:59.503845
2.336167283386918,50.7432953578214,399.38929877372766,2025-09-30 10:56:59.503845
2.1697218399347524,56.007977493704175,400.67473362878013,2025-09-30 10:56:59.503845
2.3467533734311736,43.250436536158375,399.5899352608254,2025-09-30 10:56:59.503845
2.3375882893620488,50.65045270341423,399.4784864648705,2025-09-30 10:56:59.503845
2.1181972394114617,46.01223250506963,399.8772727823902,2025-09-30 10:56:59.503845
2.2818431597626074,58.89064284748297,399.86780520738654,2025-09-30 10:56:59.503845
1.918195234684166,49.90471282102408,399.1186968269525,2025-09-30 10:56:59.503845
2.2483735933197853,50.1909696960788,398.8833807905935,2025-09-30 10:56:59.503845
2.3115761919877693,59.96286442292705,399.48622567468175,2025-09-30 10:56:59.503845
2.3125596613636867,51.20484134441958,400.6290253439067,2025-09-30 10:56:59.503845
2.272820324879059,48.996401219607314,399.3643700247278,2025-09-30 10:56:59.503845
2.225795928079541,43.27704780034065,399.6183146927197,2025-09-30 10:56:59.503845
2.1885675184498643,55.69171003037278,398.56241184537816,2025-09-30 10:56:59.503845
2.3085536274150176,63.761970288220986,400.3834140856132,2025-09-30 10:56:59.503845
2.180813875059778,61.216701588697475,399.63951035276466,2025-09-30 10:56:59.503845
2.4934192301966505,55.287001774515595,401.65595641972027,2025-09-30 10:56:59.503845
2.2668858458044174,54.185301239280385,400.5029445571587,2025-09-30 10:56:59.503845
2.0706518912154626,55.59677599307136,399.22123218508807,2025-09-30 10:56:59.503845
2.1054140757081297,61.56312068439529,400.5153288148305,2025-09-30 10:56:59.503845
2.354976518124328,55.04372823179006,400.5379066740309,2025-09-30 10:56:59.503845
2.2763450685506306,55.28235569131832,399.1945153409889,2025-09-30 10:56:59.503845
2.224052145944448,52.27183314919041,400.60382169827125,2025-09-30 10:56:59.503845
2.1907759152465256,52.952614867154615,398.55266227268964,2025-09-30 10:56:59.503845
2.3641849016135597,55.00993196989879,399.1178904039131,2025-09-30 10:56:59.503845
2.306801378593083,57.12807117159357,400.5544919078921,2025-09-30 10:56:59.503845
2.3425195489521746,55.99360536648739,400.63616183188606,2025-09-30 10:56:59.503845
2.278490264888098,57.17698316365845,400.52729881942537,2025-09-30 10:56:59.503845
2.0959216187082603,56.288729137304095,400.3172669512765,2025-09-30 10:56:59.503845
2.1630482673154936,54.95487138361213,399.99739017875703,2025-09-30 10:56:59.503845
2.1899076867117726,55.04266329287805,399.6394762702653,2025-09-30 10:56:59.503845
2.391942432248357,53.291525500179524,399.96957679236755,2025-09-30 10:56:59.503845
2.115269097751411,56.32075723770367,399.29879422111793,2025-09-30 10:56:59.503845
2.3119219552787973,48.23139723708359,400.74835888033107,2025-09-30 10:56:59.503845
2.304831404105434,57.43636182900221,398.6718166027013,2025-09-30 10:56:59.503845
2.198492037329373,54.436472409559094,400.4289453731209,2025-09-30 10:56:59.503845
2.2378926974794773,58.94102283197181,399.4144221606206,2025-09-30 10:56:59.503845
2.39285942027081,51.44870602076986,400.72765923967575,2025-09-30 10:56:59.503845
2.1124275369771333,50.559002967359305,399.5348590033387,2025-09-30 10:56:59.503845
2.30784183438477,56.095587626768555,399.83226374239996,2025-09-30 10:56:59.503845
2.223636098273477,50.52596882235726,399.68877802926517,2025-09-30 10:56:59.503845
2.4151872740378093,55.60705192086301,399.21799076703405,2025-09-30 10:56:59.503845
2.3234727461571225,53.47993608735333,399.67339537724627,2025-09-30 10:56:59.503845
2.2431435955231427,51.62589966568075,399.7187709298805,2025-09-30 10:56:59.503845
2.257494360590225,57.265341691308265,400.29287317568094,2025-09-30 10:56:59.503845
2.3676593621464703,52.32505291738571,400.03242316244143,2025-09-30 10:56:59.503845
2.294469884554645,54.910974596463944,398.56663001294095,2025-09-30 10:56:59.503845
2.386813732405011,45.86669217188887,399.6864446818965,2025-09-30 10:56:59.503845
2.208220668903357,48.493129106344796,399.03526307814457,2025-09-30 10:56:59.503845
2.2357209481691993,54.18070571987967,399.5366719669446,2025-09-30 10:56:59.503845
2.242779896827556,45.01849068800758,399.2609055484214,2025-09-30 10:56:59.503845
2.389394505526672,55.53205050541294,399.87241053474503,2025-09-30 10:56:59.503845
2.0790189473756473,61.771359110132224,400.45120852273175,2025-09-30 10:56:59.503845
2.0905104053738293,56.27324391954239,399.463125391874,2025-09-30 10:56:59.503845
2.239866182607469,51.09113602065352,399.22958635709216,2025-09-30 10:56:59.503845
2.107903967921355,51.13529273619897,400.2339395906603,2025-09-30 10:56:59.503845
2.165569994699487,60.927327676364634,399.08685464460785,2025-09-30 10:56:59.503845
2.193446660288046,51.59260370534878,399.8992170740112,2025-09-30 10:56:59.503845
2.193669196259355,47.30563233646312,399.79365400750714,2025-09-30 10:56:59.503845
2.2197313932497487,53.1473838458508,400.3274034026119,2025-09-30 10:56:59.503845
2.3939774752576133,57.39674528724192,399.26549123138864,2025-09-30 10:56:59.503845
2.160581526034655,61.23053862722534,400.01693423879266,2025-09-30 10:56:59.503845
2.4467879986763754,46.984945726442525,400.25902901715466,2025-09-30 10:56:59.503845
2.2640702836529436,47.28820180740122,400.7899975598279,2025-09-30 10:56:59.503845
2.001123577615548,55.006828451910735,399.2770703874538,2025-09-30 10:56:59.503845
2.2121668178898144,48.34928384222238,399.1296050183361,2025-09-30 10:56:59.503845
2.2315197420558075,54.0100636457176,400.47560037301974,2025-09-30 10:56:59.503845
2.2953780696521893,54.3538603466571,399.39780909388026,2025-09-30 10:56:59.503845
2.2877155630331782,50.688726578985154,399.3239643250004,2025-09-30 10:56:59.503845
2.365149742741484,61.66811635450604,400.9343126071674,2025-09-30 10:56:59.503845
2.3608161917427397,49.83425283292519,399.10797723317495,2025-09-30 10:56:59.503845
2.2262357126743466,53.41625192187978,400.50781732641485,2025-09-30 10:56:59.503845
2.4190993356097263,45.01370131846521,400.4945699073479,2025-09-30 10:56:59.503845
2.273212256554371,47.32976624693471,397.9358568229806,2025-09-30 10:56:59.503845
2.2081075930403675,59.210054974438805,400.19043513135836,2025-09-30 10:56:59.503845
2.121281898978928,50.44543094759017,400.78356362370397,2025-09-30 10:56:59.503845
2.252259145862079,57.75049696080315,399.75070355163905,2025-09-30 10:56:59.503845
2.2471960467487246,49.19715805587517,399.8050121289096,2025-09-30 10:56:59.503845
2.266541958453479,63.32648287599571,399.8708845183659,2025-09-30 10:56:59.503845
2.16639573040086,60.49065307216063,400.3904672945385,2025-09-30 10:56:59.503845
2.2779570286507154,50.42414896759726,399.71867659128026,2025-09-30 10:56:59.503845
2.2014749746831495,54.03789065928211,399.8714264484867,2025-09-30 10:56:59.503845
2.1656702828382106,53.58676312538909,399.54780231367306,2025-09-30 10:56:59.503845
2.0815074573807366,44.14733892628372,400.1083318325148,2025-09-30 10:56:59.503845
2.1788567526473956,58.357662562660366,399.04736359909947,2025-09-30 10:56:59.503845
2.295321236560742,51.11786362344955,398.7774234591274,2025-09-30 10:56:59.503845
2.2686103255350805,54.17354997891818,399.9758599500798,2025-09-30 10:56:59.503845
2.2814464028100665,47.58582879718424,399.8630213965326,2025-09-30 10:56:59.503845
2.2911495932431487,51.78407695379615,398.9394688207035,2025-09-30 10:56:59.503845
2.209882129351877,53.64419201910494,398.88816560553175,2025-09-30 10:56:59.503845
2.267688093854566,50.66029513086494,400.24218500680644,2025-09-30 10:56:59.503845
2.133031018364419,55.835796909895045,399.4290268066261,2025-09-30 10:56:59.503845
2.161667088239346,53.408169712903955,400.90985017970365,2025-09-30 10:56:59.503845
1.9879364317492862,66.10741374515015,399.28589538100204,2025-09-30 10:56:59.503845
2.2085325488843646,50.375089730185074,401.1435858193276,2025-09-30 10:56:59.503845
2.2561473664713385,48.52349743676568,399.5013419204952,2025-09-30 10:56:59.503845
2.2330069091000113,50.27587412862223,398.38044914188725,2025-09-30 10:56:59.503845
2.352831504282776,50.90484690374871,399.5797023285366,2025-09-30 10:56:59.503845
2.203568420182283,61.97999822410983,401.112795856134,2025-09-30 10:56:59.503845
2.1301023333618523,60.85112306433995,401.2766445202458,2025-09-30 10:56:59.503845
2.2387987045447093,51.922820937535135,397.6901111303919,2025-09-30 10:56:59.503845
2.265547757570474,53.90446037453833,398.94831587196677,2025-09-30 10:56:59.503845
2.2263384783357694,55.60105472276472,399.9767709720059,2025-09-30 10:56:59.503845
2.2594854884492324,59.32905848899214,400.2690060064039,2025-09-30 10:56:59.503845
2.296225610708424,54.73091255278978,400.2006044538896,2025-09-30 10:56:59.503845
2.14110252162335,54.269556922809414,399.6814574941502,2025-09-30 10:56:59.503845
2.103569509734609,53.755600913861265,398.5669678115535,2025-09-30 10:56:59.503845
2.0984243576510306,57.54866807847535,399.62240557448814,2025-09-30 10:56:59.503845
2.362708547340283,49.35675606498771,400.4051869907427,2025-09-30 10:56:59.503845
2.306644230879396,44.20724265114554,400.56935528856945,2025-09-30 10:56:59.503845
2.2390777859735693,52.88502522904052,398.58333367153125,2025-09-30 10:56:59.503845
2.2016280677280973,56.996832175342995,401.1642753026046,2025-09-30 10:56:59.503845
2.429777546858673,52.63285254427978,398.8578907747335,2025-09-30 10:56:59.503845
2.130808988880545,56.301506423373766,398.92609248416653,2025-09-30 10:56:59.503845
2.4156286337021937,58.67508694474946,400.4496870072228,2025-09-30 10:56:59.503845
2.0644097879931795,59.324698014332064,401.0248226041712,2025-09-30 10:56:59.503845
2.304868930855079,55.63476658892317,399.9391738812393,2025-09-30 10:56:59.503845
2.324114005139781,53.680442000402316,398.95752829793514,2025-09-30 10:56:59.503845
2.1201151594025047,57.913745884721564,398.5549599482202,2025-09-30 10:56:59.503845
2.161118062763443,51.728299259292164,398.6905699337724,2025-09-30 10:56:59.503845
2.18869230667858,63.832023983878024,399.44078730701045,2025-09-30 10:56:59.503845
2.1939247839425984,59.70095435150206,399.7873499296218,2025-09-30 10:56:59.503845
2.214475759258342,54.122197811934505,400.20878062055846,2025-09-30 10:56:59.503845
2.2062039352522627,45.48571418192537,400.4690880977677,2025-09-30 10:56:59.503845
2.252089894636222,52.245325941254876,401.2951695557075,2025-09-30 10:56:59.503845
2.180715633698778,52.65328725443865,400.2508672164317,2025-09-30 10:56:59.503845
2.232277933953464,59.683167596170364,400.3280612123146,2025-09-30 10:56:59.503845
2.3227030676691918,57.0313038939102,398.94991616313706,2025-09-30 10:56:59.503845
2.344704310565363,50.78600143953672,399.8584645272662,2025-09-30 10:56:59.503845
2.24312836411554,60.41637759159001,400.8430879612451,2025-09-30 10:56:59.503845
2.2072564150064147,55.500603849078736,400.4996682505725,2025-09-30 10:56:59.503845
2.292534321220703,49.00318931669954,398.94041903645194,2025-09-30 10:56:59.503845
2.2963724681467053,53.23613327028266,400.4794285800259,2025-09-30 10:56:59.503845
2.303138465115345,54.47638403387334,401.04624067292315,2025-09-30 10:56:59.503845
1.9923274450806097,51.35952596695372,399.6599332897449,2025-09-30 10:56:59.503845
2.3283020406769994,56.87797488881499,401.17433421457866,2025-09-30 10:56:59.503845
2.3390643470004773,48.681231827168574,400.2368474180702,2025-09-30 10:56:59.503845
2.406912882363016,51.314678445521416,400.12084724804333,2025-09-30 10:56:59.503845
2.3559862402123186,53.37804432240641,398.90280599247507,2025-09-30 10:56:59.503845
2.2446694633143425,61.161341514062926,398.95737595519705,2025-09-30 10:56:59.503845
2.350086541534583,50.32553249780827,400.4440030212165,2025-09-30 10:56:59.503845
2.1966232568825705,56.866585919873515,397.3698786471049,2025-09-30 10:56:59.503845
2.36376310099927,53.73085897420475,398.7392015266612,2025-09-30 10:56:59.503845
2.2523757697821023,52.60790169960942,399.30492076772515,2025-09-30 10:56:59.503845
2.4563613194623883,58.142319428462784,398.13162563636035,2025-09-30 10:56:59.503845
2.1356029087098123,55.69285327821807,398.02514663202027,2025-09-30 10:56:59.503845
2.218924888140034,55.769243933126035,398.8956794005432,2025-09-30 10:56:59.503845
2.325531683366671,50.75829975792313,399.8136366954569,2025-09-30 10:56:59.503845
2.3936038127942085,53.759514989969816,399.242858393501,2025-09-30 10:56:59.503845
2.4206002122326256,54.787776283253216,399.99202552604294,2025-09-30 10:56:59.503845
2.3662683266161033,54.03798425426284,401.0819335057389,2025-09-30 10:56:59.503845
2.214312492724464,57.311855585922686,399.44466593922414,2025-09-30 10:56:59.503845
2.0944416472245653,53.86475060148711,398.8105475351508,2025-09-30 10:56:59.503845
2.2109583599377864,61.16727438326872,400.60093270004853,2025-09-30 10:56:59.503845
2.2744863420855057,61.16652542620508,399.53426845747947,2025-09-30 10:56:59.503845
2.311264015987462,54.44453304045849,402.0285849627149,2025-09-30 10:56:59.503845
2.20775308385359,62.73711239177111,400.80291822147376,2025-09-30 10:56:59.503845
2.2172829011413833,60.58504330578826,398.1502970365708,2025-09-30 10:56:59.503845
2.231931482686451,51.3856712933817,399.14954744034384,2025-09-30 10:56:59.503845
2.265910304638679,60.50275575400859,399.5315536166023,2025-09-30 10:56:59.503845
2.225962593518692,49.66420951127625,399.62190300011326,2025-09-30 10:56:59.503845
2.233424463540829,63.1246306222354,400.0460399819995,2025-09-30 10:56:59.503845
2.3027775653039866,56.949610633730785,398.9275017475778,2025-09-30 10:56:59.503845
2.180930542771683,48.01031870039753,400.07757526132855,2025-09-30 10:56:59.503845
2.2611379940661203,50.75353454801153,399.42118387425376,2025-09-30 10:56:59.503845
2.2556245051827206,45.63851440723009,401.26930193101714,2025-09-30 10:56:59.503845
2.2713584166379266,57.33893238119484,398.9864427993526,2025-09-30 10:56:59.503845
2.4419052774253,57.2218177641014,398.6090855279566,2025-09-30 10:56:59.503845
2.2846793388258617,46.75947412355136,399.1567998787096,2025-09-30 10:56:59.503845
2.3703678572950544,56.15858809775535,398.921495748644,2025-09-30 10:56:59.503845
2.1644161462605336,43.04420371206257,399.1348920290442,2025-09-30 10:56:59.503845
2.305780604231961,55.41892907264643,399.9412690151346,2025-09-30 10:56:59.503845
2.074043914689945,54.00457685120614,400.31553779877754,2025-09-30 10:56:59.503845
2.266216698071934,47.31471424074983,399.90470609257557,2025-09-30 10:56:59.503845
2.1738347243747778,54.14475271061738,399.5192200003619,2025-09-30 10:56:59.503845
2.2986384656654066,58.751104126613065,398.39290996271905,2025-09-30 10:56:59.503845
2.218431650754427,52.71628850631073,399.09552732248886,2025-09-30 10:56:59.503845
2.2359561358217874,58.184067215554535,399.7850327836516,2025-09-30 10:56:59.503845
2.3298660825717055,60.56282389998071,399.4762873409071,2025-09-30 10:56:59.503845
2.309897358982551,51.77892724880456,400.4603977003134,2025-09-30 10:56:59.503845
2.2685476842838526,58.72828893677063,400.2202115263677,2025-09-30 10:56:59.503845
2.2139218428571823,54.40730800930463,400.54531802458877,2025-09-30 10:56:59.503845
2.352731820128343,65.59383793494396,398.4689358081431,2025-09-30 10:56:59.503845
2.2051329301975096,60.776667583539705,399.65490729704135,2025-09-30 10:56:59.503845
2.187522325847096,38.624535587046736,400.25122812419073,2025-09-30 10:56:59.503845
2.3853364055721498,48.4552561526911,400.27840680473753,2025-09-30 10:56:59.503845
2.283360806201547,51.72308521325267,401.38930714462504,2025-09-30 10:56:59.503845
2.102725218533826,56.04890643011733,399.82057490274195,2025-09-30 10:56:59.503845
2.1587481880283756,59.322578260090395,401.1011406820978,2025-09-30 10:56:59.503845
2.2996930211756856,58.51078861656095,400.20715542010254,2025-09-30 10:56:59.503845
2.2781568281780884,59.089490567513074,400.6783275336519,2025-09-30 10:56:59.503845
2.370225786241269,48.55872338803521,400.08684179978735,2025-09-30 10:56:59.503845
2.253759724862512,57.34078941449286,399.4451602557257,2025-09-30 10:56:59.503845
2.2746369814955982,58.53589960262115,399.88342601557025,2025-09-30 10:56:59.503845
2.1584045767732833,60.09811245214276,400.10758049909685,2025-09-30 10:56:59.503845
2.182114894456669,56.9755906082469,398.4786670650983,2025-09-30 10:56:59.503845
2.1522216969188506,49.02041079956306,398.6874960211769,2025-09-30 10:56:59.503845
2.1802421205047544,55.55024408361334,399.6690775127264,2025-09-30 10:56:59.503845
2.2287386044630817,51.50135403948845,401.0834919234734,2025-09-30 10:56:59.503845
2.185000087556697,50.248289783553005,400.07742676869583,2025-09-30 10:56:59.503845
2.2671287387104724,52.99247370122865,399.74022884087196,2025-09-30 10:56:59.503845
2.4112120354896587,55.865569536454394,400.85505102059966,2025-09-30 10:56:59.503845
2.225192066430892,52.798237532414134,399.7385560353944,2025-09-30 10:56:59.503845
2.3502078209608137,57.921645318473715,400.00672036990204,2025-09-30 10:56:59.503845
2.309322432326038,49.61193387877918,400.24284237548454,2025-09-30 10:56:59.503845
2.267242991149248,51.07663085384221,397.67929120340085,2025-09-30 10:56:59.503845
2.2835464710914137,47.28223878333842,400.198081207741,2025-09-30 10:56:59.503845
2.1120005602899683,55.93854191272714,399.5204380375666,2025-09-30 10:56:59.503845
2.4419233021608435,50.698869795185935,400.6302805624924,2025-09-30 10:56:59.503845
2.157821252825195,56.39487089507982,399.0045908284154,2025-09-30 10:56:59.503845
2.2899898771922333,52.82599194640855,398.46708777403234,2025-09-30 10:56:59.503845
2.1597447026310745,48.48301257545433,399.8537986762075,2025-09-30 10:56:59.503845
2.368737024574816,55.306595380849544,398.6643277996575,2025-09-30 10:56:59.503845
2.5301684428068643,58.09809392054062,400.1921048100596,2025-09-30 10:56:59.503845
2.277356309935404,55.86540103569498,400.1329894505975,2025-09-30 10:56:59.503845
2.171726129041598,56.33909040041814,400.2231367270074,2025-09-30 10:56:59.503845
2.333459403272326,52.04062277541704,399.3506450901457,2025-09-30 10:56:59.503845
2.4391332113385356,46.44181263840633,399.01735325634104,2025-09-30 10:56:59.503845
2.4200097168363284,63.55833650774813,399.6672558675919,2025-09-30 10:56:59.503845
2.2358085401534877,59.92375703951558,400.1560500832672,2025-09-30 10:56:59.503845
2.1920941647270085,52.60655790894596,399.1800128954558,2025-09-30 10:56:59.503845
2.345919993755124,52.83053532224797,399.09979430731664,2025-09-30 10:56:59.503845
2.1915428304369016,53.13388016860302,399.4151146490584,2025-09-30 10:56:59.503845
2.1035351806308578,55.07309028873246,400.017602307821,2025-09-30 10:56:59.503845
2.3015964732124092,46.97168415733812,400.3567635861529,2025-09-30 10:56:59.503845
2.3362417374820006,55.27262709278396,397.2873316407251,2025-09-30 10:56:59.503845
2.3096157560735486,54.500250998982295,399.6580494230384,2025-09-30 10:56:59.503845
2.288317631273466,55.544843663083704,400.032777529914,2025-09-30 10:56:59.503845
2.336593569462931,42.552990235304165,399.1315155759294,2025-09-30 10:56:59.503845
2.433457996729966,52.81236157725383,399.8195577470388,2025-09-30 10:56:59.503845
2.301968976417063,54.89561216800083,399.2558987536272,2025-09-30 10:56:59.503845
2.417160368063709,61.17244533138719,400.7428299850509,2025-09-30 10:56:59.503845
2.1771633134041193,55.3220203880131,399.6136022057518,2025-09-30 10:56:59.503845
2.323709416877746,51.72230938728636,399.1132034669665,2025-09-30 10:56:59.503845
2.2000365719806574,54.41322959732131,398.8874578730539,2025-09-30 10:56:59.503845
2.3724792519668574,47.32143639206943,401.0626969601424,2025-09-30 10:56:59.503845
2.414030196329491,61.39942598635847,401.0657968685856,2025-09-30 10:56:59.503845
2.2060880638860465,53.338491785678116,400.28358968741213,2025-09-30 10:56:59.503845
2.192631168656375,63.47491195317808,399.2975503224958,2025-09-30 10:56:59.503845
2.4385765236303794,47.16534979917451,400.13694946942513,2025-09-30 10:56:59.503845
2.126162319695476,54.86091043627081,400.9766838935659,2025-09-30 10:56:59.503845
2.2186969614014203,56.719097824332984,399.04917104803684,2025-09-30 10:56:59.503845
2.310597547797992,55.233797430932626,399.5244744170599,2025-09-30 10:56:59.503845
2.3158270231428064,52.23446421456182,399.6490183727732,2025-09-30 10:56:59.503845
2.3514597357026226,63.290073984572714,399.9656209590547,2025-09-30 10:56:59.503845
2.271912830402297,57.608128991647135,399.2127289796717,2025-09-30 10:56:59.503845
2.2921461617071244,47.661478744440785,400.29584404153144,2025-09-30 10:56:59.503845
2.341388158036721,57.62509696911299,400.50858625238624,2025-09-30 10:56:59.503845
2.1823171435551156,49.57611818501798,399.08270660554354,2025-09-30 10:56:59.503845
2.2893666783924904,53.591965201833375,399.42839960187104,2025-09-30 10:56:59.503845
2.4034634799134755,53.09484246035288,400.1470656025206,2025-09-30 10:56:59.503845
2.45180818782793,56.52015358240882,399.6999381081418,2025-09-30 10:56:59.503845
2.3218309923790508,48.971344347870414,398.8581925417267,2025-09-30 10:56:59.503845
2.166049835176853,56.161789693216406,400.93860735379366,2025-09-30 10:56:59.503845
2.189998987874746,54.668455498989054,400.0826047524668,2025-09-30 10:56:59.503845
2.3554764618107114,55.809094112658315,399.618590595847,2025-09-30 10:56:59.503845
2.3438677730392246,69.77624778116191,399.3900134489984,2025-09-30 10:56:59.503845
2.3216578863450015,56.19768361194674,399.4112606907559,2025-09-30 10:56:59.503845
2.2669805276539874,70.81299655914856,399.7348979995266,2025-09-30 10:56:59.503845
2.291696204973521,47.23005493472217,400.64133705504514,2025-09-30 10:56:59.503845
2.2123823467631154,60.74866985029493,398.9723904056635,2025-09-30 10:56:59.503845
2.3493199041944703,48.981479855791065,400.29218108513606,2025-09-30 10:56:59.503845
2.33366641606924,62.770985415188605,399.8976657939861,2025-09-30 10:56:59.503845
2.1851741508760494,46.93693034641859,399.0000986726689,2025-09-30 10:56:59.503845
2.228796929232165,50.701443679279315,400.6591466998164,2025-09-30 10:56:59.503845
2.286166957422722,57.32122807346741,400.15370408154536,2025-09-30 10:56:59.503845
2.404104688183008,52.65399066817179,400.1767957750425,2025-09-30 10:56:59.503845
2.178248048244305,57.153131544259374,400.2897940325278,2025-09-30 10:56:59.503845
2.236311195246811,53.92181863529094,400.5504074495168,2025-09-30 10:56:59.503845
2.3414714788213753,57.55695571822217,399.7036376296761,2025-09-30 10:56:59.503845
2.216398900880284,50.219240952381554,401.3860604428422,2025-09-30 10:56:59.503845
2.112335535122776,50.51466819084155,398.49489228428524,2025-09-30 10:56:59.503845
2.291382459847051,51.12939865174316,399.68803893752226,2025-09-30 10:56:59.503845
2.4879029366622682,60.07923074627861,400.32648624846604,2025-09-30 10:56:59.503845
2.1450191222954293,50.3986544236009,397.3096537570621,2025-09-30 10:56:59.503845
2.220348418031461,61.215429331840916,400.3027859164154,2025-09-30 10:56:59.503845
2.2068856423351906,52.147269389636136,400.17209577977724,2025-09-30 10:56:59.503845
2.3256634490419112,52.04467813243872,399.211158278154,2025-09-30 10:56:59.503845
2.241875442997432,56.22975274851969,400.83428219977486,2025-09-30 10:56:59.503845
2.1484238945650826,61.441481510838045,400.15640862217583,2025-09-30 10:56:59.503845
2.21668168096287,45.55108822611098,400.6364876189203,2025-09-30 10:56:59.503845
2.336362539673832,57.574273107952024,398.455099749117,2025-09-30 10:56:59.503845
2.2051827616173387,50.968681576466636,400.0011161544876,2025-09-30 10:56:59.503845
2.3175777086125176,56.417540149344525,399.8421245498787,2025-09-30 10:56:59.503845
2.2462118773723545,54.523990310195224,398.39570073835574,2025-09-30 10:56:59.503845
2.3701908113746915,59.42349005033637,400.5495653933424,2025-09-30 10:56:59.503845
2.2671085632419463,54.61910289552973,398.44930797331887,2025-09-30 10:56:59.503845
2.38426665479065,53.985921932034955,399.56553299532163,2025-09-30 10:56:59.503845
2.245266193601847,54.677147437874545,401.95496453312154,2025-09-30 10:56:59.503845
2.108696040687766,54.40537179865149,399.47452023819017,2025-09-30 10:56:59.503845
2.559596717939927,43.87819156451276,399.298636284239,2025-09-30 10:56:59.503845
2.1544775482971468,50.492511263494166,400.25827443887556,2025-09-30 10:56:59.503845
2.154522823196499,57.22242922380001,398.7177946280954,2025-09-30 10:56:59.503845
2.396159116514076,48.677344240953765,402.20847702832873,2025-09-30 10:56:59.503845
2.516924113541309,52.16313169888683,399.4327853284311,2025-09-30 10:56:59.503845
2.19365279506731,51.59105187537317,399.30880517083017,2025-09-30 10:56:59.503845
2.2292007009901527,61.77923312889493,400.3789741529781,2025-09-30 10:56:59.503845
2.2180788813507735,50.5201192233746,400.0127014905822,2025-09-30 10:56:59.503845
2.301563536527858,49.50060297910793,400.3512293715867,2025-09-30 10:56:59.503845
2.4046597714349414,50.42865298057952,399.26756779914683,2025-09-30 10:56:59.503845
2.3702396252238085,45.87249629053417,399.7972420579136,2025-09-30 10:56:59.503845
2.2409410644636774,56.5521641619831,400.15124955164987,2025-09-30 10:56:59.503845
2.3444659062448885,52.29342751686085,399.92102535862807,2025-09-30 10:56:59.503845
2.4045149363697806,56.32698298032577,400.24027693213196,2025-09-30 10:56:59.503845
2.072292763556063,60.15217884759103,400.4087179314377,2025-09-30 10:56:59.503845
2.245847877250261,54.49449673529107,400.97115668050674,2025-09-30 10:56:59.503845
2.2701394140536943,58.58081958407295,400.67278759161496,2025-09-30 10:56:59.503845
2.2112484063123157,56.879272754154925,400.63958636694855,2025-09-30 10:56:59.503845
2.2583445850980826,46.58156509711769,399.10248089821,2025-09-30 10:56:59.503845
2.261769874063067,57.9101959662078,399.6682043997285,2025-09-30 10:56:59.503845
2.2494001171854294,70.96893155980104,399.6175438287308,2025-09-30 10:56:59.503845
2.2896100564981268,63.90448677365167,398.3467538752182,2025-09-30 10:56:59.503845
2.2206653858581067,62.690866271572766,400.1817127005089,2025-09-30 10:56:59.503845
2.2858241351085296,44.956992688734616,399.81042719202804,2025-09-30 10:56:59.503845
2.2570882256582907,55.99936135234483,400.0583107820786,2025-09-30 10:56:59.503845
2.209631779270481,60.01400584601542,399.41511086785226,2025-09-30 10:56:59.503845
2.416504943677048,56.65881530971821,399.96861073130526,2025-09-30 10:56:59.503845
2.102950001719717,61.66349867074508,400.30745830250873,2025-09-30 10:56:59.503845
2.2397214682549564,52.69791154584259,400.57498845842827,2025-09-30 10:56:59.503845
2.2412575889042587,52.53680233481602,399.64963004945366,2025-09-30 10:56:59.503845
2.1366874684673545,52.966554053249546,399.618597040951,2025-09-30 10:56:59.503845
2.2214000202860347,55.41372456526575,400.31748011190507,2025-09-30 10:56:59.503845
2.268830821368667,50.57204822070316,399.05012902721876,2025-09-30 10:56:59.503845
2.295020692564789,50.056685242232746,400.5830343864088,2025-09-30 10:56:59.503845
2.3139990639669255,51.20955589554851,398.82691884678667,2025-09-30 10:56:59.503845
2.1676859135091027,57.94731378783901,401.3244667019771,2025-09-30 10:56:59.503845
2.2709064979680007,45.33448768725708,401.4471919719394,2025-09-30 10:56:59.503845
2.2996723053769337,54.210889316728945,399.9102285345733,2025-09-30 10:56:59.503845
2.3878534653758985,62.57577452542905,399.8793193767436,2025-09-30 10:56:59.503845
2.183230410085743,61.768182687614654,400.481153560791,2025-09-30 10:56:59.503845
2.0597502492141677,52.42202234797255,398.62797314834097,2025-09-30 10:56:59.503845
2.2900026272782394,51.13847290140688,397.86279419668773,2025-09-30 10:56:59.503845
2.391656612634324,53.14337161308088,400.93005889653165,2025-09-30 10:56:59.503845
2.155784621618931,53.255663280492705,398.67950151497024,2025-09-30 10:56:59.503845
2.1873101206455137,51.66759842823567,399.8094525994312,2025-09-30 10:56:59.503845
2.08920071126788,48.20087000606429,399.2532966745848,2025-09-30 10:56:59.503845
2.3208056048049976,54.950575577584516,399.4521509660384,2025-09-30 10:56:59.503845
2.3209232419503905,50.795848661391226,401.4370323287556,2025-09-30 10:56:59.503845
2.1932541958712592,60.95899800080892,399.7706402960966,2025-09-30 10:56:59.503845
2.2153091392414703,57.45033558870324,399.1826499095209,2025-09-30 10:56:59.503845
2.3030141777615336,62.5978949900323,399.54607111841426,2025-09-30 10:56:59.503845
2.2321361483581317,48.66694014466673,401.121276725472,2025-09-30 10:56:59.503845
2.226732700228679,57.24181817819945,398.57867810555126,2025-09-30 10:56:59.503845
2.1268612485623986,42.70965543843569,399.3218691381435,2025-09-30 10:56:59.503845
2.2825119911621115,54.22110308851509,401.2661692571988,2025-09-30 10:56:59.503845
2.2409339041313556,49.44749809906392,400.9454279169362,2025-09-30 10:56:59.503845
2.47186485016454,42.75233060343419,398.2455223220698,2025-09-30 10:56:59.503845
2.2483774988081886,63.95531020920505,399.9201811245348,2025-09-30 10:56:59.503845
2.2874609028831894,56.087873611924195,399.2311847436605,2025-09-30 10:56:59.503845
2.1528949228754515,65.38756381174183,399.7511858795674,2025-09-30 10:56:59.503845
2.2933609067821714,55.31542631343282,398.90972754756126,2025-09-30 10:56:59.503845
2.325853021613319,53.167147195276904,399.5023226807886,2025-09-30 10:56:59.503845
2.363361733576849,57.40959826695612,400.3469836279544,2025-09-30 10:56:59.503845
2.211390536162151,63.97276199781439,400.1346226129535,2025-09-30 10:56:59.503845
2.268986675843581,54.28093606411393,398.534687039451,2025-09-30 10:56:59.503845
2.2519596476306374,54.697415369272605,400.20785053106096,2025-09-30 10:56:59.503845
2.2856638836376084,60.14132015794037,400.1653549461793,2025-09-30 10:56:59.503845
2.465710849060992,62.036071565932254,398.402027482892,2025-09-30 10:56:59.503845
2.170595453164248,50.503996646027495,399.18052180899406,2025-09-30 10:56:59.503845
2.3518506326091373,46.55374088813457,401.25270547790757,2025-09-30 10:56:59.503845
2.2330046314500414,53.62828140327807,399.77718820494715,2025-09-30 10:56:59.503845
2.2850782566366825,52.08778128001005,398.1361352961001,2025-09-30 10:56:59.503845
2.1410754970952053,50.370532455943355,399.6785763397005,2025-09-30 10:56:59.503845
2.259565398284741,60.193906920381934,398.6132111548717,2025-09-30 10:56:59.503845
2.2760553845522606,52.54645897750692,399.9102411017677,2025-09-30 10:56:59.503845
2.2192861213932877,43.78389940120417,400.6150567473262,2025-09-30 10:56:59.503845
2.179562906946081,50.61262996056538,401.02263218246475,2025-09-30 10:56:59.503845
2.1896043753041514,58.604326701211534,399.7675900409893,2025-09-30 10:56:59.503845
2.3086572448383413,57.62871592434246,398.7613249655786,2025-09-30 10:56:59.503845
2.31695932149587,46.799772908950075,399.29999658303643,2025-09-30 10:56:59.503845
2.4845916238054366,58.70786047994246,400.35285523002443,2025-09-30 10:56:59.503845
2.19810088895794,45.55308176425801,399.00614820280134,2025-09-30 10:56:59.503845
2.1856630083407924,55.0372981700612,399.24478265308414,2025-09-30 10:56:59.503845
2.213126959336167,49.6318627572883,400.7139363366735,2025-09-30 10:56:59.503845
2.3703784440022924,56.07292380728681,399.76538536551766,2025-09-30 10:56:59.503845
2.3146172655793262,48.78729267138806,400.0948388919895,2025-09-30 10:56:59.503845
2.36767979454266,53.93310170194013,399.86753654587017,2025-09-30 10:56:59.503845
2.317978416284391,54.03638106166987,400.00405738345677,2025-09-30 10:56:59.503845
2.078769283950119,55.53960688224914,398.90873757074877,2025-09-30 10:56:59.503845
2.2619571144367026,57.48549490194884,400.2071278088268,2025-09-30 10:56:59.503845
2.044942858007501,58.64226407028019,399.87264263721613,2025-09-30 10:56:59.503845
2.3003971299553148,51.38104001658277,399.7484045773791,2025-09-30 10:56:59.503845
2.3467465448279077,53.73161926328307,398.9964344394597,2025-09-30 10:56:59.503845
2.3243947120216517,43.96984082550725,398.79074556151534,2025-09-30 10:56:59.503845
2.2180825279604153,59.767842659202216,399.67421415988156,2025-09-30 10:56:59.503845
2.172085996941208,50.50171311811578,399.71772510957663,2025-09-30 10:56:59.503845
2.430274925485872,59.0349469315499,399.0008630066637,2025-09-30 10:56:59.503845
2.4165326889868686,56.15914354993813,399.717846766664,2025-09-30 10:56:59.503845
2.314604776802028,59.646136791249866,399.3832980444421,2025-09-30 10:56:59.503845
2.3819406947313992,58.99010955304,398.8980594754132,2025-09-30 10:56:59.503845
2.3036199614210138,63.769715232948855,399.50232837663106,2025-09-30 10:56:59.503845
2.1633118086943175,63.999079408920636,400.90788761103755,2025-09-30 10:56:59.503845
2.3041301706496577,54.360778614735764,400.1265634576711,2025-09-30 10:56:59.503845
2.3117128289830973,53.55112755641907,400.02461277003573,2025-09-30 10:56:59.503845
2.3231083810274007,52.295895853166016,401.54767775723843,2025-09-30 10:56:59.503845
2.2169115937304174,64.6071622822399,399.4985724011497,2025-09-30 10:56:59.503845
2.3228747433362695,62.88435446394939,399.74273480769887,2025-09-30 10:56:59.503845
2.194018643218021,56.28768608755485,399.48523251701914,2025-09-30 10:56:59.503845
2.322741831985838,54.881821854283125,399.6149004143293,2025-09-30 10:56:59.503845
2.090923752501093,60.11159116361865,399.70146326058796,2025-09-30 10:56:59.503845
2.516274563171297,52.139363316847756,400.48888740964617,2025-09-30 10:56:59.503845
2.2798619346089852,53.386766594294556,399.21290654328993,2025-09-30 10:56:59.503845
2.1876625249180206,64.786738325147,400.10998823752783,2025-09-30 10:56:59.503845
2.4007802881744373,40.71197872479371,399.4600607476845,2025-09-30 10:56:59.503845
2.1833048576511205,58.66481875747817,400.5245925978327,2025-09-30 10:56:59.503845
2.322394521946397,64.88637159077982,398.5803403406253,2025-09-30 10:56:59.503845
2.2620713750408368,56.98089937579034,400.2778544228285,2025-09-30 10:56:59.503845
2.2687303100184923,55.26461791416623,399.69805707626944,2025-09-30 10:56:59.503845
2.3074336893333096,69.86856459798689,401.1390238486385,2025-09-30 10:56:59.503845
2.473765652004736,50.291207952430646,398.2868402989358,2025-09-30 10:56:59.503845
2.069949727084947,65.01435183229343,399.8779029487135,2025-09-30 10:56:59.503845
2.3186835115932665,53.258942678287994,400.2129309277281,2025-09-30 10:56:59.503845
2.3092583499868735,42.072871291470406,399.2112770616998,2025-09-30 10:56:59.503845
2.140277956700554,55.72711719381781,397.8607859926517,2025-09-30 10:56:59.503845
2.1979543286159093,55.77559567746834,398.52221347352696,2025-09-30 10:56:59.503845
2.2909362709348304,49.356197621724256,399.78962595056265,2025-09-30 10:56:59.503845
2.1815405261093113,60.10554724226158,399.7048870729432,2025-09-30 10:56:59.503845
2.2918285001558227,56.631776983485764,398.86541886739207,2025-09-30 10:56:59.503845
2.4585342726909776,52.017596518585364,400.54613467139495,2025-09-30 10:56:59.503845
2.323718619739354,56.85540847762605,400.38721190499194,2025-09-30 10:56:59.503845
2.133076370644769,52.4881546975959,399.82354856502036,2025-09-30 10:56:59.503845
2.430504700803152,54.57490056328343,399.47536146276536,2025-09-30 10:56:59.503845
2.323448900523722,47.86988181429064,399.9674475917716,2025-09-30 10:56:59.503845
2.1756162276193907,53.258055342826964,399.9414573124511,2025-09-30 10:56:59.503845
2.2445693854467734,64.88712494437893,399.8498935266827,2025-09-30 10:56:59.503845
2.264996930052602,50.715558423106685,400.7044838133355,2025-09-30 10:56:59.503845
2.2739682186373495,53.69923661106038,398.76845486438765,2025-09-30 10:56:59.503845
2.434516416253562,50.792774334214705,400.7378235559297,2025-09-30 10:56:59.503845
2.1938717766747047,47.751567854884804,400.06179370816704,2025-09-30 10:56:59.503845
2.5670252321616176,53.96770955651436,400.1279232361193,2025-09-30 10:56:59.503845
2.457437650534876,48.722873495323896,400.20674596693095,2025-09-30 10:56:59.503845
2.450703785834921,53.42389871200403,399.92885655003045,2025-09-30 10:56:59.503845
2.1390456894719114,54.16481253395209,400.37346903877244,2025-09-30 10:56:59.503845
2.181976763269624,50.78521248396494,399.8612636509905,2025-09-30 10:56:59.503845
2.32178913052728,60.364951665874955,400.0835954523737,2025-09-30 10:56:59.503845
2.1035375578943474,50.60214003579495,400.47928240027153,2025-09-30 10:56:59.503845
2.3629808871727582,52.31823530320596,400.47441648634873,2025-09-30 10:56:59.503845
2.2557104793826457,53.47612584387443,400.5492578105176,2025-09-30 10:56:59.503845
2.205438378902176,58.49643442422995,400.27446197642564,2025-09-30 10:56:59.503845
2.295986478504599,53.81735609745043,400.13504349402115,2025-09-30 10:56:59.503845
2.199337380632742,55.27915135822043,400.3382778154848,2025-09-30 10:56:59.503845
2.3258794201419835,53.005514323453085,400.4655040067786,2025-09-30 10:56:59.503845
2.2594869044231283,50.21464213549512,400.65910528629337,2025-09-30 10:56:59.503845
2.0883588745944186,62.95280514359088,399.6249818845195,2025-09-30 10:56:59.503845
2.09626632993004,54.52934038423634,398.58729230006526,2025-09-30 10:56:59.503845
2.314125338563296,50.36605428061081,399.6958276155914,2025-09-30 10:56:59.503845
2.2474546049212445,46.483673400132375,398.5896010352177,2025-09-30 10:56:59.503845
2.2503172895029664,51.557373194893415,399.0446103352549,2025-09-30 10:56:59.503845
2.4917527045928596,48.235888198825585,400.05927924050997,2025-09-30 10:56:59.503845
2.1743110949961397,53.06917991393037,398.2362255463416,2025-09-30 10:56:59.503845
2.3876255514105247,47.19936015203807,399.40533476720293,2025-09-30 10:56:59.503845
2.259466139306905,44.52028817404017,400.2972744044959,2025-09-30 10:56:59.503845
2.273975878156163,48.69833794734646,399.2908599404399,2025-09-30 10:56:59.503845
2.2684021879791767,53.8257630005483,400.7206080777716,2025-09-30 10:56:59.503845
2.1359655141710636,48.54415450247061,400.88745315107263,2025-09-30 10:56:59.503845
2.2484489511122034,52.79196989149897,399.73989119794834,2025-09-30 10:56:59.503845
2.379737302030882,46.783713957018804,400.06613107806726,2025-09-30 10:56:59.503845
2.245199394833629,59.44118788308291,398.5020703625396,2025-09-30 10:56:59.503845
2.2600598140734984,57.719888015904814,400.1170613119367,2025-09-30 10:56:59.503845
2.3126567915809835,55.9653305053269,398.84726576266024,2025-09-30 10:56:59.503845
2.359483304264044,51.03360734745409,398.84315262466544,2025-09-30 10:56:59.503845
2.2237341762079104,56.544741006284596,401.41009860189695,2025-09-30 10:56:59.503845
2.1229518713568645,56.73177037103743,400.90208129084357,2025-09-30 10:56:59.503845
2.139192681308434,50.50740910706362,400.2126458738757,2025-09-30 10:56:59.503845
2.302200466081126,59.567236328318074,398.76384263875235,2025-09-30 10:56:59.503845
2.284125058431509,49.11784800771197,398.8936548516635,2025-09-30 10:56:59.503845
2.334558318195093,41.70276714118736,400.0521704114913,2025-09-30 10:56:59.503845
2.152296510563776,44.509631767539766,398.63015777216157,2025-09-30 10:56:59.503845
2.296008042536981,62.95594895096511,401.3169734952701,2025-09-30 10:56:59.503845
2.3530608670031103,62.35345227466275,400.63449081914627,2025-09-30 10:56:59.503845
2.2913577203082554,56.65474195000408,399.21847528044293,2025-09-30 10:56:59.503845
2.344009663709616,55.019701628251624,401.03167819110473,2025-09-30 10:56:59.503845
2.3304946542965723,59.41614387929522,400.5277292846438,2025-09-30 10:56:59.503845
2.168831809798968,54.690011861349696,397.93074745483324,2025-09-30 10:56:59.503845
2.230458030447585,46.1175563195778,399.4381270158337,2025-09-30 10:56:59.503845
2.1730105646852365,49.67443418175813,400.64237242811,2025-09-30 10:56:59.503845
2.283860419786904,55.817501776684516,399.39770731861597,2025-09-30 10:56:59.503845
2.3490839920065407,55.2932367258312,398.9525410892991,2025-09-30 10:56:59.503845
2.274692752388676,54.383518909662456,400.0134941882574,2025-09-30 10:56:59.503845
2.2511987341060564,48.66044455980944,399.72359381548455,2025-09-30 10:56:59.503845
2.296328683552641,49.553344763695016,399.2933651809437,2025-09-30 10:56:59.503845
2.2464953786908985,65.95052163974277,399.781853419745,2025-09-30 10:56:59.503845
2.289798703281397,57.84848505778763,400.0631340721821,2025-09-30 10:56:59.503845
2.5425893575349803,48.541563982502794,400.8894026235688,2025-09-30 10:56:59.503845
2.2590255160520227,58.66095651134693,400.3834558853755,2025-09-30 10:56:59.503845
2.121590332791852,57.93067699215678,400.44622495016813,2025-09-30 10:56:59.503845
2.33183017481561,56.216845519502485,400.621333334997,2025-09-30 10:56:59.503845
2.1610049212489706,50.18098684702567,398.9521601852402,2025-09-30 10:56:59.503845
2.2420889489063347,59.40452024074065,400.3911326390092,2025-09-30 10:56:59.503845
2.2881945202855842,46.566993653245746,401.30920340652443,2025-09-30 10:56:59.503845
2.371907419406066,57.4370065497705,400.497679079777,2025-09-30 10:56:59.503845
2.3699842056161864,43.46867889017875,398.18660164873023,2025-09-30 10:56:59.503845
2.2292551749957856,51.76530507849253,398.88197613544656,2025-09-30 10:56:59.503845
2.2763029961040293,54.36777771645133,402.3979055161223,2025-09-30 10:56:59.503845
2.2001893739292133,54.27317051097859,402.39512406285246,2025-09-30 10:56:59.503845
2.405453205424942,53.61253294589573,400.3483607427917,2025-09-30 10:56:59.503845
2.3649290587620087,45.519204750125795,399.5879166335238,2025-09-30 10:56:59.503845
2.2684558387999942,50.34216248112965,400.1044334037214,2025-09-30 10:56:59.503845
2.083983073425508,53.34313129216224,398.9260562348138,2025-09-30 10:56:59.503845
2.3759353351733585,52.19315418718262,400.0313930961502,2025-09-30 10:56:59.503845
2.2181754141685786,45.494973355909124,400.601240364291,2025-09-30 10:56:59.503845
2.3741465920212534,52.675795736691796,400.59209738826326,2025-09-30 10:56:59.503845
2.3229022681166684,51.544423333471926,398.4824189153557,2025-09-30 10:56:59.503845
2.252565220238905,53.63713960324589,399.1527325111599,2025-09-30 10:56:59.503845
2.019418842381834,55.518388815715106,400.0441597889757,2025-09-30 10:56:59.503845
2.3246523253196183,55.860459680201906,401.055981446435,2025-09-30 10:56:59.503845
2.3296079679352415,48.387489890967025,399.3951723216667,2025-09-30 10:56:59.503845
2.3741923371631737,55.76971648604412,400.15937753034194,2025-09-30 10:56:59.503845
2.1207793651801166,60.98670911828421,399.4568327601035,2025-09-30 10:56:59.503845
2.338637648981698,56.91544584853039,399.1613061985424,2025-09-30 10:56:59.503845
2.29930127132015,44.22859904261114,398.2093355146265,2025-09-30 10:56:59.503845
2.329818803424547,50.95091670871306,400.8431389015073,2025-09-30 10:56:59.503845
2.1397523006226877,54.44265276894905,400.26849704470374,2025-09-30 10:56:59.503845
2.3168864595548326,47.291732265224695,399.66522312461547,2025-09-30 10:56:59.503845
2.4890754726266504,46.49852711600117,400.36281126813935,2025-09-30 10:56:59.503845
2.2170845559326455,50.5315486339439,400.0546199308715,2025-09-30 10:56:59.503845
2.194340250722665,52.14010987136089,399.34655920184184,2025-09-30 10:56:59.503845
2.1106740121808625,51.97850846549093,400.26831660857073,2025-09-30 10:56:59.503845
2.2711526944793263,53.48127418998464,399.15017338684373,2025-09-30 10:56:59.503845
2.3651327625738614,58.42936610159036,401.0886997051498,2025-09-30 10:56:59.503845
2.1859772747888253,50.72496437162688,399.79302586301617,2025-09-30 10:56:59.503845
2.2146908211219656,53.51821670040663,400.98699097816467,2025-09-30 10:56:59.503845
2.259407672278951,57.267581864659164,400.68155794721633,2025-09-30 10:56:59.503845
2.311955043283959,57.58120665635977,400.7331989079816,2025-09-30 10:56:59.503845
2.2157136714340777,42.3787775574373,399.60115442560334,2025-09-30 10:56:59.503845
2.097305030919578,54.49168835766484,400.3876285911927,2025-09-30 10:56:59.503845
2.3345842900420046,57.9011741607922,398.6388851639568,2025-09-30 10:56:59.503845
2.196393330010315,50.09697198681549,399.14277205668367,2025-09-30 10:56:59.503845
2.1763107232330583,53.63197576335556,398.74551927859255,2025-09-30 10:56:59.503845
2.1779400551979133,57.3031221762976,399.6021689392878,2025-09-30 10:56:59.503845
2.1409406230113293,49.53843220546098,399.3379789638468,2025-09-30 10:56:59.503845
2.1018293980951057,53.73316058467725,399.50745846965407,2025-09-30 10:56:59.503845
2.116198339691329,61.152322136607566,398.1922603269655,2025-09-30 10:56:59.503845
2.226668691597134,56.27412934625483,398.7442053705716,2025-09-30 10:56:59.503845
2.185195201799522,54.58771486441355,399.7580232479554,2025-09-30 10:56:59.503845
2.032819195481585,59.96852864987641,399.94207725861554,2025-09-30 10:56:59.503845
2.304931020690748,56.59101547091547,400.4841985821235,2025-09-30 10:56:59.503845
2.142256044852988,48.76117535677078,401.5743778311261,2025-09-30 10:56:59.503845
2.359669615473254,60.026081170253995,400.9420631033634,2025-09-30 10:56:59.503845
2.097809034496022,55.69884216684364,400.48084444599516,2025-09-30 10:56:59.503845
2.203062577384886,53.38676393304567,399.68494159645434,2025-09-30 10:56:59.503845
2.2593392342789373,51.81183587189547,400.4406702875079,2025-09-30 10:56:59.503845
2.264890075730797,46.77819399513009,399.66522388500994,2025-09-30 10:56:59.503845
2.239156375601184,46.003314330852724,399.1166961054207,2025-09-30 10:56:59.503845
2.3235142996587106,46.10386084629525,399.3541532285845,2025-09-30 10:56:59.503845
2.139227104953656,48.11533361250658,400.6139446917922,2025-09-30 10:56:59.503845
2.264295391881056,52.55047703827521,398.56326670388,2025-09-30 10:56:59.503845
2.232089987416492,46.047070700107916,399.5601021372534,2025-09-30 10:56:59.503845
2.2502606730997528,56.62974744311088,399.5337593691434,2025-09-30 10:56:59.503845
2.2317332680551094,55.824240522009866,400.68828341397045,2025-09-30 10:56:59.503845
2.36156834307328,49.496818208438185,399.69663614001075,2025-09-30 10:56:59.503845
2.172401224365724,57.15979381525364,399.67004377546357,2025-09-30 10:56:59.503845
2.398391465374443,49.32087029684705,399.0032749103001,2025-09-30 10:56:59.503845
2.4020717425897833,57.2570509681357,397.72598123599744,2025-09-30 10:56:59.503845
2.308296691359114,50.71465351305824,399.3430029311387,2025-09-30 10:56:59.503845
2.318741566059368,54.41644357558166,400.7596075031354,2025-09-30 10:56:59.503845
2.2518600927523047,41.210240897097904,400.0074820229994,2025-09-30 10:56:59.503845
2.235635848693068,51.26349290199374,399.48046978125046,2025-09-30 10:56:59.503845
2.369941944188164,58.74221871426262,400.670752077126,2025-09-30 10:56:59.503845
2.3595134297170857,50.06762121924622,400.279421019755,2025-09-30 10:56:59.503845
2.39164133668323,51.148600845227875,398.821885650523,2025-09-30 10:56:59.503845
2.339124507440399,45.8334582236151,400.33600435419623,2025-09-30 10:56:59.503845
2.463602942498773,45.75556426848913,399.69115097523826,2025-09-30 10:56:59.503845
2.2786672411068807,42.77928409035111,399.9158346581963,2025-09-30 10:56:59.503845
2.546562650049702,55.475150777523176,400.882824646152,2025-09-30 10:56:59.503845
2.1530916476827806,62.93637387717465,399.6046538864837,2025-09-30 10:56:59.503845
2.2318464138061382,55.01414598397705,399.65626330566715,2025-09-30 10:56:59.503845
2.319557170084639,48.57167097642444,400.07398661241086,2025-09-30 10:56:59.503845
2.2610898290594594,56.506164772911966,399.04872525774323,2025-09-30 10:56:59.503845
2.2420936185646307,51.41895571389661,398.32253436699796,2025-09-30 10:56:59.503845
2.3640477363960795,60.28116543034672,398.75351034256613,2025-09-30 10:56:59.503845
2.4339669600656966,44.12659812644864,399.5736027608702,2025-09-30 10:56:59.503845
2.2412172965068464,55.70283290069419,400.1640961637114,2025-09-30 10:56:59.503845
2.1562720609652364,49.508058262622065,400.066056757291,2025-09-30 10:56:59.503845
2.2623913389871313,63.88587824624476,399.0153784655666,2025-09-30 10:56:59.503845
2.163374395619303,55.34535833462114,399.5836054312046,2025-09-30 10:56:59.503845
2.470333081789973,54.98011228132951,398.88412752612436,2025-09-30 10:56:59.503845
2.3574727948334964,51.83346029751439,400.29192749904223,2025-09-30 10:56:59.503845
2.2512847374735436,56.61531784012668,398.5099906173386,2025-09-30 10:56:59.503845
2.191158515669715,55.86139588332021,399.8797610114258,2025-09-30 10:56:59.503845
2.384463525572706,56.783081693672415,399.5179927840494,2025-09-30 10:56:59.503845
2.359784995619573,51.976369415109325,400.412709629839,2025-09-30 10:56:59.503845
2.315600566296006,61.53728534017067,401.2032404573081,2025-09-30 10:56:59.503845
2.3354544809225786,63.45882709766214,400.37860440505943,2025-09-30 10:56:59.503845
2.305418045066142,45.72285256979522,399.33183693578474,2025-09-30 10:56:59.503845
2.3632812121425335,56.24995845906385,399.7390533397721,2025-09-30 10:56:59.503845
2.3918459128967613,54.725913586083486,401.3736284195021,2025-09-30 10:56:59.503845
2.241919733078194,52.5399640205274,398.7044887244878,2025-09-30 10:56:59.503845
2.2684205164835456,60.90871919655267,401.0360418768604,2025-09-30 10:56:59.503845
2.335798164360779,54.558797949461926,399.8587741863465,2025-09-30 10:56:59.503845
2.3629577507702497,45.78879224802127,398.654652543329,2025-09-30 10:56:59.503845
2.0560384364123334,52.26182763800213,400.72349485259974,2025-09-30 10:56:59.503845
2.1921292990790113,46.44672931276638,399.6492891172929,2025-09-30 10:56:59.503845
2.3679480653829823,55.156976293956305,400.59286806975274,2025-09-30 10:56:59.503845
2.1169317872552016,50.569581208859375,397.8612854689883,2025-09-30 10:56:59.503845
2.2527938511468992,54.17233742366625,400.0517126962655,2025-09-30 10:56:59.503845
2.0280941202618936,54.36481744790255,401.51225969136254,2025-09-30 10:56:59.503845
2.3274733533633456,45.64181641324434,400.8222107746967,2025-09-30 10:56:59.503845
2.4056749352672298,56.04748129380004,399.3439706022842,2025-09-30 10:56:59.503845
2.166195041491338,54.316137016902054,399.72847369362415,2025-09-30 10:56:59.503845
2.2037547231464583,55.966824863905345,400.5524276095474,2025-09-30 10:56:59.503845
2.4037858105674355,50.46826396145527,399.0494926235751,2025-09-30 10:56:59.503845
2.2434920376917407,50.89912379494467,400.84546172323644,2025-09-30 10:56:59.503845
2.2780824081244537,46.14277112754644,398.4130847240272,2025-09-30 10:56:59.503845
2.2696196682339287,56.262304970287154,399.4465681687509,2025-09-30 10:56:59.503845
2.2852784423433934,51.955075845982584,400.0600948053762,2025-09-30 10:56:59.503845
2.2353892407144635,53.685147464194415,399.0521547881825,2025-09-30 10:56:59.503845
2.1975898381879877,51.92870508175264,399.0749868971415,2025-09-30 10:56:59.503845
2.2720361444807837,58.281751252324895,399.01749283507246,2025-09-30 10:56:59.503845
2.19997014290767,50.158882966274334,400.21973893707076,2025-09-30 10:56:59.503845
2.2458880357253954,53.7243630458687,399.8815900374873,2025-09-30 10:56:59.503845
1.9857869925570117,53.999411653658505,400.82873546887186,2025-09-30 10:56:59.503845
2.1698101551594178,56.57841656136166,399.1644773759472,2025-09-30 10:56:59.503845
2.180613497250523,55.78635456665119,398.8330695348574,2025-09-30 10:56:59.503845
2.1763070750797007,54.356177542741484,399.10555946146314,2025-09-30 10:56:59.503845
2.25618113479749,54.442408860036494,399.4106322502853,2025-09-30 10:56:59.503845
2.323235504628124,59.98861654555064,399.1692939120427,2025-09-30 10:56:59.503845
2.37193906840764,50.36602677578839,398.8382526711508,2025-09-30 10:56:59.503845
2.3646842366647216,64.14794636488213,400.004254331156,2025-09-30 10:56:59.503845
2.1376370123101798,44.55026811331186,400.018633089113,2025-09-30 10:56:59.503845
2.381136464163927,66.28097989864486,399.6887788488926,2025-09-30 10:56:59.503845
2.347871636295708,48.12734146487854,400.71253888400827,2025-09-30 10:56:59.503845
2.33913826078326,57.58757319138541,400.37474502961,2025-09-30 10:56:59.503845
2.297172425545477,52.14151245204328,399.7030187352202,2025-09-30 10:56:59.503845
2.216764365880612,50.01684982084764,399.27502332400366,2025-09-30 10:56:59.503845
2.330572254316939,52.21502419358296,399.24031051782435,2025-09-30 10:56:59.503845
2.2780182846922226,42.71140498835044,400.04125826465105,2025-09-30 10:56:59.503845
2.2723712546183004,53.663857337822954,400.56861580654163,2025-09-30 10:56:59.503845
2.379862456320059,54.672174683203615,399.92968489131084,2025-09-30 10:56:59.503845
2.1920123296421554,45.40916073020523,399.86151438487633,2025-09-30 10:56:59.503845
2.2183911413915096,52.902034035831704,399.29636030167654,2025-09-30 10:56:59.503845
2.233279126908671,53.24154245188155,399.7953728202654,2025-09-30 10:56:59.503845
2.2262632928332953,56.74693178581282,399.16706191321435,2025-09-30 10:56:59.503845
2.3758530911522677,48.18426813355016,398.876403997913,2025-09-30 10:56:59.503845
2.3039262469696875,54.04728579491246,399.4743489883212,2025-09-30 10:56:59.503845
2.2616366314167045,51.7839141607558,399.50031516004356,2025-09-30 10:56:59.503845
2.064498803367781,53.739779333775324,400.91496618527185,2025-09-30 10:56:59.503845
2.2057037893637608,60.84605551483353,400.2669742071898,2025-09-30 10:56:59.503845
2.2002762600486396,59.28814674519686,399.8111062609717,2025-09-30 10:56:59.503845
1.9782249148924382,53.24703656343751,399.7977458560186,2025-09-30 10:56:59.503845
2.43890920228308,56.71587794976983,399.5412324550618,2025-09-30 10:56:59.503845
2.3664696216610412,53.50129901819459,398.66602726290716,2025-09-30 10:56:59.503845
2.3295741339463425,50.576614089906904,399.40777340614824,2025-09-30 10:56:59.503845
2.228159068614701,58.21294375134132,399.7377157206012,2025-09-30 10:56:59.503845
2.4131867842455046,59.66600756811807,398.34714605832147,2025-09-30 10:56:59.503845
2.156881328909145,47.86254804549868,399.4502301584044,2025-09-30 10:56:59.503845
2.2640436714907892,50.58120841421485,399.76285092351156,2025-09-30 10:56:59.503845
2.181129478478338,45.84583242617267,401.1930342587167,2025-09-30 10:56:59.503845
2.1403462297773483,52.881946798161586,399.3632335879316,2025-09-30 10:56:59.503845
2.180803623220627,61.95955162074147,399.14003737328477,2025-09-30 10:56:59.503845
2.0921356077658877,56.01375971529083,400.74914073327926,2025-09-30 10:56:59.503845
2.281466176711007,56.5838794259546,400.9539947856239,2025-09-30 10:56:59.503845
2.348697107343113,55.72412328305425,400.5266732820589,2025-09-30 10:56:59.503845
2.129664365520814,53.72919672369209,401.0073058958399,2025-09-30 10:56:59.503845
2.3022462020442678,68.79454714573419,399.14154729591354,2025-09-30 10:56:59.503845
1.9479115333233163,55.1939548105334,400.22633489980956,2025-09-30 10:56:59.503845
2.328894777840771,63.36840364513358,400.65870512369344,2025-09-30 10:56:59.503845
2.3572861992679615,57.99356459255593,399.32429469363467,2025-09-30 10:56:59.503845
2.2249123505888084,58.1624997344407,400.2353467804891,2025-09-30 10:56:59.503845
2.3377690104030915,46.82517169212269,399.5573588059919,2025-09-30 10:56:59.503845
2.2607096514357754,49.59804368111432,401.6220826438076,2025-09-30 10:56:59.503845
2.2010490101302884,51.874127305223084,400.42615531612336,2025-09-30 10:56:59.503845
2.2968102886058226,50.37248969908713,400.092889176804,2025-09-30 10:56:59.503845
2.2134591159186066,53.84503703502159,399.8178581467834,2025-09-30 10:56:59.503845
2.096953786963911,48.91756282735593,400.6886396851842,2025-09-30 10:56:59.503845
2.201230734876844,49.30685191632472,398.1973082410868,2025-09-30 10:56:59.503845
2.1626961479289433,54.72934121210008,399.6535290778275,2025-09-30 10:56:59.503845
2.380284451967193,56.71508670477778,399.84656623598426,2025-09-30 10:56:59.503845
2.2054709231810974,54.10321650648735,401.5953308204472,2025-09-30 10:56:59.503845
2.1815745674558142,58.410706676587345,399.1222564448846,2025-09-30 10:56:59.503845
2.2217817289662323,53.36470311233194,399.29858158154263,2025-09-30 10:56:59.503845
2.302953239172603,54.52301056220479,398.4460284823517,2025-09-30 10:56:59.503845
2.3202052680140675,52.40133008202808,399.1706274103702,2025-09-30 10:56:59.503845
2.2618932187367418,53.81955419561962,400.16142474873817,2025-09-30 10:56:59.503845
2.3428991768479066,47.50618682022993,400.5683992618312,2025-09-30 10:56:59.503845
2.4042827003619367,49.050127374755725,399.7102118693794,2025-09-30 10:56:59.503845
2.1238781843571806,54.54123929407391,399.41212633399823,2025-09-30 10:56:59.503845
2.134896718144648,55.539736094239124,400.28894274793305,2025-09-30 10:56:59.503845
2.245379032861297,58.66150915541283,399.3656968862684,2025-09-30 10:56:59.503845
2.482273955694069,51.22892082978257,398.935756400199,2025-09-30 10:56:59.503845
2.373398606200365,48.240305945324,400.09999105147335,2025-09-30 10:56:59.503845
2.323669441010375,44.02006697925412,400.04868743336016,2025-09-30 10:56:59.503845
2.3691998117109967,57.98929892312037,398.8609621265206,2025-09-30 10:56:59.503845
2.1718368398687966,51.7238482177452,400.3542194220929,2025-09-30 10:56:59.503845
2.3491137044046932,55.26437258426522,400.1939835362584,2025-09-30 10:56:59.503845
2.3061618779391075,48.82249967281054,401.4598559254158,2025-09-30 10:56:59.503845
2.4758771434137525,60.836614863169245,400.3074887923966,2025-09-30 10:56:59.503845
2.180899200711166,54.380796717157416,398.6300333495928,2025-09-30 10:56:59.503845
2.2818970413336532,57.421167635235506,400.9538821558607,2025-09-30 10:56:59.503845
2.234932547819905,46.914958961007464,401.01767314955913,2025-09-30 10:56:59.503845
2.220647749489142,45.44866839808829,400.7087626926375,2025-09-30 10:56:59.503845
2.431394217218857,55.007664623579615,399.56164571902394,2025-09-30 10:56:59.503845
2.392940587875999,62.77077636975616,398.7847257127359,2025-09-30 10:56:59.503845
2.3190724797906466,51.50201536543703,399.99292187917945,2025-09-30 10:56:59.503845
2.3089038290299606,57.485699302128765,400.87753394208767,2025-09-30 10:56:59.503845
2.264368534416823,54.87838127809267,399.82692404295454,2025-09-30 10:56:59.503845
2.4205623684680564,52.30542416766755,398.8691502519911,2025-09-30 10:56:59.503845
2.2856546363020858,54.96617637111364,399.7613722755826,2025-09-30 10:56:59.503845
2.373942465904513,58.57901255760182,399.8979194920367,2025-09-30 10:56:59.503845
2.2403749481697575,51.90735243272815,398.7658252752375,2025-09-30 10:56:59.503845
2.248008836522373,53.879928001496225,400.07938294600774,2025-09-30 10:56:59.503845
2.199486966562957,49.543790679116995,398.29523198013703,2025-09-30 10:56:59.503845
2.3479773817518224,52.82357859162679,399.29179009585266,2025-09-30 10:56:59.503845
2.2336695796930943,53.91893945318221,400.0597109195938,2025-09-30 10:56:59.503845
2.2813854091301726,61.38107345797664,400.0192577880841,2025-09-30 10:56:59.503845
2.354780638717463,49.16647989379533,398.531519431036,2025-09-30 10:56:59.503845
2.249808792910288,52.31223827368253,398.30352760037886,2025-09-30 10:56:59.503845
2.3486610228987543,41.088556171926996,400.8723940009278,2025-09-30 10:56:59.503845
2.2062675760049184,52.77481660092243,400.0881404642973,2025-09-30 10:56:59.503845
2.2994248288856487,44.08862518187242,399.55415447177836,2025-09-30 10:56:59.503845
2.2177645338600622,61.043110900709365,400.31983148957926,2025-09-30 10:56:59.503845
2.291982320488245,52.60693663241432,398.82366589668027,2025-09-30 10:56:59.503845
2.3100365210634446,52.293790649244826,399.13696346004434,2025-09-30 10:56:59.503845
2.227679108656447,48.93808714591988,399.70063086453064,2025-09-30 10:56:59.503845
2.2680812609371195,58.22772335697519,400.1723662859725,2025-09-30 10:56:59.503845
2.355504749429551,55.04905266998727,400.6154717100378,2025-09-30 10:56:59.503845
2.210894732197546,57.37503994636996,399.9435592750125,2025-09-30 10:56:59.503845
2.312706871657424,50.379600729577916,399.81755086837796,2025-09-30 10:56:59.503845
2.206539034471656,58.81824110161961,398.5568758193081,2025-09-30 10:56:59.503845
2.3765938031425415,56.165994478140966,398.6968256947383,2025-09-30 10:56:59.503845
2.1892665865366,51.08556621651132,400.70076481837305,2025-09-30 10:56:59.503845
2.2779961049569746,50.82446603607492,400.0928111198412,2025-09-30 10:56:59.503845
2.432807688314503,51.984341732709815,399.2894598428195,2025-09-30 10:56:59.503845
2.1656765062571424,47.82125951803324,399.7078574832466,2025-09-30 10:56:59.503845
2.3652516123167704,53.464623788126964,398.8409126227857,2025-09-30 10:56:59.503845
2.2399799770916697,61.33795804026424,399.9285773144036,2025-09-30 10:56:59.503845
2.1420779171029958,56.64182842829151,399.731844331534,2025-09-30 10:56:59.503845
2.340713969857081,57.12292042182918,399.7264088581329,2025-09-30 10:56:59.503845
2.2463478437117232,48.3925689794039,400.4960236209343,2025-09-30 10:56:59.503845
2.4312997023050107,60.369082294737034,399.8278272055075,2025-09-30 10:56:59.503845
2.1138296302574537,60.61046701338817,400.1142405072087,2025-09-30 10:56:59.503845
2.2368453907040196,63.68315342612239,399.54041066701643,2025-09-30 10:56:59.503845
2.3674553203421707,60.595848168888224,400.1825166213337,2025-09-30 10:56:59.503845
2.277361017451981,57.35953973953424,400.8113594698839,2025-09-30 10:56:59.503845
2.0769448927455216,54.66074904208632,399.4075348232954,2025-09-30 10:56:59.503845
2.2087259705047164,59.95053253142563,402.35516040147854,2025-09-30 10:56:59.503845
2.4194074973990904,50.101352065344805,399.9183735061073,2025-09-30 10:56:59.503845
2.336344600743019,62.77389434054605,400.6816676730413,2025-09-30 10:56:59.503845
2.1884456740768345,56.805713003847885,400.15744750993497,2025-09-30 10:56:59.503845
2.342394894369887,54.79706949184238,400.3953649365353,2025-09-30 10:56:59.503845
2.2443088994242917,57.07845194254739,401.0911524224878,2025-09-30 10:56:59.503845
2.3199296020573,61.38414730160686,400.03829752136204,2025-09-30 10:56:59.503845
2.2133955431627608,58.58565098861235,401.53483234573906,2025-09-30 10:56:59.503845
2.4438245465010957,51.2284224158786,399.6726306970607,2025-09-30 10:56:59.503845
2.191865982810756,52.503931014573766,400.0789269116543,2025-09-30 10:56:59.503845
2.168089581806868,53.69108707699679,401.1274096986816,2025-09-30 10:56:59.503845
2.2134254048673503,44.624566651283786,400.49776920393987,2025-09-30 10:56:59.503845
2.303784906691439,55.06463293152119,399.13235796669466,2025-09-30 10:56:59.503845
2.3739985088718942,53.445380686739526,400.26525008159456,2025-09-30 10:56:59.503845
2.1892665883731817,55.714230651149066,399.87715031728595,2025-09-30 10:56:59.503845
2.4337725901235805,55.24317386511369,399.37659615065513,2025-09-30 10:56:59.503845
2.16123178270632,60.28444261491877,401.4587914209143,2025-09-30 10:56:59.503845
2.2353125446219537,55.577514089993194,400.1116615089494,2025-09-30 10:56:59.503845
2.441210431283981,47.176866970577144,399.5326363172768,2025-09-30 10:56:59.503845
2.228239080009646,53.48360367327486,399.4750733643085,2025-09-30 10:56:59.503845
2.0151125939751235,43.267416572539744,399.8607242356447,2025-09-30 10:56:59.503845
2.1626668692454603,53.85925235185415,399.1125104725847,2025-09-30 10:56:59.503845
2.458637812299448,49.535329679621995,401.947201267848,2025-09-30 10:56:59.503845
2.209852689590203,63.11095340769691,400.8603380544518,2025-09-30 10:56:59.503845
2.3937154940534935,43.1228260841258,400.5572478814575,2025-09-30 10:56:59.503845
2.3647323637560778,55.66823263815103,399.79683946805807,2025-09-30 10:56:59.503845
2.453352452205874,53.71200387790709,399.0717389406409,2025-09-30 10:56:59.503845
2.0902341979074865,54.62587224382409,399.77830001749646,2025-09-30 10:56:59.503845
2.2224951972852782,52.0736930580899,401.03080440361566,2025-09-30 10:56:59.503845
2.152632756695336,58.43100326508683,400.2647682548231,2025-09-30 10:56:59.503845
2.385868370354702,50.232711588526115,399.5004187661353,2025-09-30 10:56:59.503845
2.3568924950653285,54.69268019132663,399.43618448180615,2025-09-30 10:56:59.503845
2.41085441316164,50.00049518596637,399.0336088991456,2025-09-30 10:56:59.503845
2.412331778231887,55.162720726500126,400.6187920851686,2025-09-30 10:56:59.503845
2.3062766122224443,45.86824440643488,401.0408329514888,2025-09-30 10:56:59.503845
2.3209545099059867,53.464414988384036,400.1432991650252,2025-09-30 10:56:59.503845
2.2099298802150824,60.52960981371724,400.8059330057614,2025-09-30 10:56:59.503845
2.4411388013916673,55.210405101576356,399.8858061274403,2025-09-30 10:56:59.503845
2.205850076946914,55.65877224229605,399.94331085975716,2025-09-30 10:56:59.503845
2.210691050182076,54.89889410877315,398.4916297869872,2025-09-30 10:56:59.503845
2.1514109452014765,59.00837031379615,400.23959509909497,2025-09-30 10:56:59.503845
2.3451489485354866,48.87772520048871,399.7667472812011,2025-09-30 10:56:59.503845
2.351136060101993,53.08800832268033,400.87007128244943,2025-09-30 10:56:59.503845
2.0752598549219075,60.57157261072302,399.7454083540285,2025-09-30 10:56:59.503845
2.36783719714779,59.645651319069046,401.60340031108024,2025-09-30 10:56:59.503845
2.219058223298183,59.21373635696902,399.8208813664938,2025-09-30 10:56:59.503845
2.238230280932182,51.216450777545056,400.02623048453995,2025-09-30 10:56:59.503845
2.20734766215496,49.17647886066847,400.2433325149046,2025-09-30 10:56:59.503845
2.2913320180908503,60.13101084537548,400.51689234911777,2025-09-30 10:56:59.503845
2.252333573162427,53.41161899499232,398.8444588544185,2025-09-30 10:56:59.503845
2.2110198900526807,59.37459107816868,399.70747876605816,2025-09-30 10:56:59.503845
2.3684017999402642,53.731970387394696,399.5460577693754,2025-09-30 10:56:59.503845
2.2218351416442688,56.65804296836956,400.06396465990105,2025-09-30 10:56:59.503845
2.1809492117695375,57.47388627143334,400.24230786684,2025-09-30 10:56:59.503845
2.4019989617986988,64.65959097992882,399.3356603032893,2025-09-30 10:56:59.503845
2.370204107627704,54.22413913582423,399.9503216303871,2025-09-30 10:56:59.503845
2.2568896198740864,61.53648218708291,399.8935964623679,2025-09-30 10:56:59.503845
2.359071214618328,60.43589453354017,400.16296114539307,2025-09-30 10:56:59.503845
2.344631370366403,50.47024775174796,399.60496453095806,2025-09-30 10:56:59.503845
2.30940316421051,64.46733879041756,399.3739647274167,2025-09-30 10:56:59.503845
2.247262709427093,45.65389167256231,401.3296457051338,2025-09-30 10:56:59.503845
2.11363437965905,50.132155952655296,399.68753650100945,2025-09-30 10:56:59.503845
2.392359677768782,52.05945605151009,398.9428165797752,2025-09-30 10:56:59.503845
2.1501644065980265,53.06306661230413,400.2607758791812,2025-09-30 10:56:59.503845
2.320844037242998,47.351524314669405,399.08159948021165,2025-09-30 10:56:59.503845
2.1980240488107765,51.835807496812265,400.50806261784186,2025-09-30 10:56:59.503845
2.2127961294334315,42.317406942683746,398.4276267900709,2025-09-30 10:56:59.503845
2.2151340882682233,57.367091568093265,398.9034835422982,2025-09-30 10:56:59.503845
2.3272483990954234,53.63125962476963,400.9237027081431,2025-09-30 10:56:59.503845
2.271788183428738,51.350701724122125,399.10909364119266,2025-09-30 10:56:59.503845
2.3077705774989306,47.97860448500328,398.163433754471,2025-09-30 10:56:59.503845
2.3341381694777925,52.715588202801726,398.6382716812861,2025-09-30 10:56:59.503845
2.4293719143298125,52.0326958403769,401.0039074866838,2025-09-30 10:56:59.503845
2.3148646206374806,61.55402423022877,398.49469495024346,2025-09-30 10:56:59.503845
2.164223607958313,45.73704213019734,399.8871792388594,2025-09-30 10:56:59.503845
2.341787912711606,49.39534811719884,399.42637982421763,2025-09-30 10:56:59.503845
2.274685431943633,58.87210112527642,399.35103397737765,2025-09-30 10:56:59.503845
2.311629990236946,53.24193250061119,400.48611485855156,2025-09-30 10:56:59.503845
2.487494805343712,46.69479708597297,399.3114332814124,2025-09-30 10:56:59.503845
2.4137306881149847,41.98259498721159,400.36095951363154,2025-09-30 10:56:59.503845
2.3874874910688444,61.10601237951959,400.37715750039234,2025-09-30 10:56:59.503845
2.187327860103029,61.131473851539155,398.4228899588148,2025-09-30 10:56:59.503845
2.2365694664990543,58.874682152301645,399.33385429398453,2025-09-30 10:56:59.503845
2.2938993253696567,60.83484888907702,400.2730162730226,2025-09-30 10:56:59.503845
2.3699273304091,55.11850119381462,400.8074061670353,2025-09-30 10:56:59.503845
2.232560372662489,55.49923049837556,399.5601778580184,2025-09-30 10:56:59.503845
2.4826597220664692,50.03781042116019,400.62556976340676,2025-09-30 10:56:59.503845
2.367207696366426,49.37081616745016,400.59862991389383,2025-09-30 10:56:59.503845
2.349838444337229,56.293666348700725,399.40200220671466,2025-09-30 10:56:59.503845
2.150138536017616,46.8031674134392,399.4403888337468,2025-09-30 10:56:59.503845
2.332006978274271,58.22895932843779,399.4189160379268,2025-09-30 10:56:59.503845
2.2241949423924976,59.441113082400506,399.53631504509474,2025-09-30 10:56:59.503845
2.151509886112733,53.21726470212875,400.54560575443804,2025-09-30 10:56:59.503845
2.2891124002233054,61.83139800131906,400.2347137540903,2025-09-30 10:56:59.503845
2.0978952178965593,59.45295442737198,398.5507995255936,2025-09-30 10:56:59.503845
2.164883833943125,64.9787685959105,400.07624424370056,2025-09-30 10:56:59.503845
2.210006257002486,56.65711890846027,400.0473413322744,2025-09-30 10:56:59.503845
2.1492572612186667,54.50348019441215,399.73423147038227,2025-09-30 10:56:59.503845
2.0433101845576607,51.83523296804957,399.48392448166356,2025-09-30 10:56:59.503845
2.2666953610838347,51.099142076756415,398.5581632353211,2025-09-30 10:56:59.503845
2.3764353085721237,51.01687181269263,401.0822082169186,2025-09-30 10:56:59.503845
2.370332161160078,52.73556033812507,399.69793713343194,2025-09-30 10:56:59.503845
2.395025878613653,53.606374023062756,401.14501179228415,2025-09-30 10:56:59.503845
2.122322257875193,66.99948820649068,400.28412225600044,2025-09-30 10:56:59.503845
2.289697820145471,58.91049164914022,399.40590654207625,2025-09-30 10:56:59.503845
2.2240494988657975,45.11250871770939,399.7542391715721,2025-09-30 10:56:59.503845
2.2444357660432814,49.90046186202345,399.06185024873076,2025-09-30 10:56:59.503845
2.2353696647088817,56.398413835482856,401.091427921463,2025-09-30 10:56:59.503845
2.166544568104511,53.76153903968848,400.8083445175781,2025-09-30 10:56:59.503845
2.484167840223746,50.87760377399194,398.88590254255126,2025-09-30 10:56:59.503845
2.2616147163743445,52.05153364381752,399.5509313222869,2025-09-30 10:56:59.503845
2.2800601880474884,44.54516295634437,398.79738671741154,2025-09-30 10:56:59.503845
2.0914423475871295,49.89652066215664,398.7311560075921,2025-09-30 10:56:59.503845
2.2991809483442336,45.850092193442414,400.0408997321379,2025-09-30 10:56:59.503845
2.4376123613552494,56.4231406201696,400.23918496271466,2025-09-30 10:56:59.503845
2.3873374455415637,63.32122984350518,399.8000140840898,2025-09-30 10:56:59.503845
2.2771083139865853,54.30973957766091,399.8714930372502,2025-09-30 10:56:59.503845
2.2383533976930488,58.4143051286984,398.23883365564086,2025-09-30 10:56:59.503845
2.295044299036918,48.44689027358784,399.3334525414093,2025-09-30 10:56:59.503845
2.470084072902303,60.77245844980963,399.5075378251165,2025-09-30 10:56:59.503845
2.3520909685673206,58.38109406216867,398.73129832914583,2025-09-30 10:56:59.503845
2.305783871974348,56.36214328494373,399.5036466504312,2025-09-30 10:56:59.503845
2.403770852794618,58.67936289252255,400.62705674712487,2025-09-30 10:56:59.503845
2.2567779242388695,56.67548029159638,399.94684743559856,2025-09-30 10:56:59.503845
2.328377763690157,56.97958959293263,400.44598639065697,2025-09-30 10:56:59.503845
2.1289778313116288,58.43872426822952,398.8831106277114,2025-09-30 10:56:59.503845
2.224313104941277,54.83836142403788,400.70020165131933,2025-09-30 10:56:59.503845
2.2328144870374955,57.26170471598099,399.6171352211091,2025-09-30 10:56:59.503845
2.0665918638704754,57.29458331210704,399.3320463612751,2025-09-30 10:56:59.503845
2.371370658588779,56.49896626009745,399.2967831448266,2025-09-30 10:56:59.503845
2.422090469896174,52.24549161878234,400.58422416185607,2025-09-30 10:56:59.503845
2.206925223810356,50.09621427041037,399.88769048096896,2025-09-30 10:56:59.503845
2.255187102718795,54.776401277256255,398.73183437811315,2025-09-30 10:56:59.503845
2.190663248433414,49.87608146852457,399.2938977903812,2025-09-30 10:56:59.503845
2.21430408126035,46.795795102141795,400.0316446242624,2025-09-30 10:56:59.503845
2.3044046732623356,48.44831866295632,400.6558805635151,2025-09-30 10:56:59.503845
2.1854536786173058,41.66962566280124,400.0363497906908,2025-09-30 10:56:59.503845
2.1585066923346394,53.03300724232556,398.990675970893,2025-09-30 10:56:59.503845
2.3784824101224786,64.29818944302858,400.3477456296524,2025-09-30 10:56:59.503845
2.448768748994192,61.821985118178226,399.8245900504384,2025-09-30 10:56:59.503845
2.231584166379439,51.580719445858655,399.18990407411525,2025-09-30 10:56:59.503845
2.4108598531850296,53.00719877306025,400.82861501215194,2025-09-30 10:56:59.503845
2.2572950696978804,44.36967674896651,399.17756235441095,2025-09-30 10:56:59.503845
2.337927043435123,49.34623450756168,399.3387083035618,2025-09-30 10:56:59.503845
2.1434198309965726,53.33369574270718,400.0356252073604,2025-09-30 10:56:59.503845
2.172381640805968,63.385837072474054,398.8848547616832,2025-09-30 10:56:59.503845
2.43560768037593,52.6705534628356,398.9299282967308,2025-09-30 10:56:59.503845
2.2225201761187625,53.14737569671617,398.9013722200801,2025-09-30 10:56:59.503845
2.3573817203042946,49.65930542538145,401.0934948904432,2025-09-30 10:56:59.503845
2.2888761974108354,52.32363619461532,400.8508012018143,2025-09-30 10:56:59.503845
2.208393835595887,60.88611734815114,398.56523855487836,2025-09-30 10:56:59.503845
2.3002396206297386,64.15104242328152,398.4421150961061,2025-09-30 10:56:59.503845
2.2792410157756606,57.050892154278046,399.96594949778114,2025-09-30 10:56:59.503845
2.179948525558956,56.677654870582266,401.2228503813324,2025-09-30 10:56:59.503845
2.4228397306369973,46.157506529759786,400.77161691281873,2025-09-30 10:56:59.503845
2.3569373023733267,50.08000649516575,400.7811754341267,2025-09-30 10:56:59.503845
2.280429089288287,51.502711844051454,400.1187918474472,2025-09-30 10:56:59.503845
2.3387818862468177,53.877315185790636,400.2388603412539,2025-09-30 10:56:59.503845
2.2681598911397556,51.47358794253485,398.6278483730353,2025-09-30 10:56:59.503845
2.3753612519764036,52.652718090836856,399.36304203841314,2025-09-30 10:56:59.503845
2.1086569376749784,52.537441093947095,400.8911435884758,2025-09-30 10:56:59.503845
2.3579181666324796,56.98820756162926,399.55901250333034,2025-09-30 10:56:59.503845
2.2380594805355134,52.77316547814454,400.88247527651686,2025-09-30 10:56:59.503845
2.215451905546723,54.6860941579701,399.73422458056325,2025-09-30 10:56:59.503845
2.4231803030537997,62.075197036744164,399.43320662333986,2025-09-30 10:56:59.503845
2.0015399851649844,55.777208732573655,399.78806223991717,2025-09-30 10:56:59.503845
2.2973811132628836,52.838208142620374,400.45404410519797,2025-09-30 10:56:59.503845
2.220693656773279,59.38725497882592,399.71980872216363,2025-09-30 10:56:59.503845
2.2305398151429032,56.38689308761314,400.9663309145916,2025-09-30 10:56:59.503845
2.1205450869197895,53.136214676908864,400.5962884821345,2025-09-30 10:56:59.503845
2.238862620774671,66.75010446080121,400.7816229420928,2025-09-30 10:56:59.503845
2.366216660767339,58.735317275620424,399.2540120891042,2025-09-30 10:56:59.503845
2.3516712378942706,58.25908040046821,398.6474184370709,2025-09-30 10:56:59.503845
2.269149720968174,54.651299004088195,400.2052983349222,2025-09-30 10:56:59.503845
2.2666940184059565,50.803795300593144,399.4694321152048,2025-09-30 10:56:59.503845
2.4078154496844726,52.052558905208336,399.63801858201754,2025-09-30 10:56:59.503845
2.2533954849232,57.11177409465344,399.0244371515229,2025-09-30 10:56:59.503845
2.302675325592644,58.701958540072006,399.6429573535767,2025-09-30 10:56:59.503845
2.4054537395134927,56.00154692684801,399.0159665314482,2025-09-30 10:56:59.503845
2.3309160864088265,54.209500749179604,398.4017724216341,2025-09-30 10:56:59.503845
2.351377381840855,52.687189411672634,400.10272858420626,2025-09-30 10:56:59.503845
2.062956542997607,56.85426438031116,400.56551329478754,2025-09-30 10:56:59.503845
2.2221266546549074,55.19530921884081,399.53310562935235,2025-09-30 10:56:59.503845
2.064354937996402,54.60783684765425,399.7328187423379,2025-09-30 10:56:59.503845
2.2507467782692916,49.08392793021957,401.0736481583797,2025-09-30 10:56:59.503845
2.228533001506914,46.375718342240496,399.2568773438089,2025-09-30 10:56:59.503845
2.355943418613851,49.97450171662585,399.24745033625925,2025-09-30 10:56:59.503845
2.2511664259979205,58.436243747727566,400.4823675206483,2025-09-30 10:56:59.503845
2.335214339755993,54.824936016849094,399.27351280044115,2025-09-30 10:56:59.503845
2.024755712047504,55.143424660562424,399.5823768558625,2025-09-30 10:56:59.503845
2.198801564877879,48.138457668666724,399.8503530986141,2025-09-30 10:56:59.503845
2.30154681652555,51.59986096287478,401.1821942220866,2025-09-30 10:56:59.503845
2.1759735558929774,48.05816665566556,399.88076515088335,2025-09-30 10:56:59.503845
2.2677440423842317,49.3058681315909,399.21385436689746,2025-09-30 10:56:59.503845
2.1910263318925294,51.38217942265902,400.99705225194714,2025-09-30 10:56:59.503845
2.2137059586206655,46.248452403161906,399.024263554967,2025-09-30 10:56:59.503845
2.341184291242004,53.92253729592501,400.0622463302462,2025-09-30 10:56:59.503845
2.227039715550911,56.05308394747917,399.5140715006169,2025-09-30 10:56:59.503845
2.365934470034867,58.698462995061064,400.4769926857268,2025-09-30 10:56:59.503845
2.27209243445205,51.720820369663706,400.1591414768783,2025-09-30 10:56:59.503845
2.1310028894038275,50.50674243617858,400.6695053144775,2025-09-30 10:56:59.503845
2.192553504719709,53.44570681309779,398.5782652593761,2025-09-30 10:56:59.503845
2.1604872486667683,56.23667662628378,399.5818284287928,2025-09-30 10:56:59.503845
2.3215859426409047,43.57134343145854,400.57054629110314,2025-09-30 10:56:59.503845
2.1847970580053535,56.706664754758535,401.22514685774917,2025-09-30 10:56:59.503845
2.100691586162716,62.90937047597181,400.63625001565833,2025-09-30 10:56:59.503845
2.2335417982796675,64.39321311665094,398.78841705487116,2025-09-30 10:56:59.503845
2.3595346506521024,55.567935072344106,400.6757614424126,2025-09-30 10:56:59.503845
2.177098383000519,56.11841168808467,400.3014407244937,2025-09-30 10:56:59.503845
2.3785562475823188,57.11585843553392,399.4214659797107,2025-09-30 10:56:59.503845
2.2890322460881327,48.22717021355062,399.7525411778799,2025-09-30 10:56:59.503845
2.269579039863919,58.12484629685393,399.43925413032105,2025-09-30 10:56:59.503845
2.3870738823806996,51.73193437665895,398.8419647767543,2025-09-30 10:56:59.503845
2.2557688742701267,58.79925216073558,400.0041719342947,2025-09-30 10:56:59.503845
2.217719594894811,59.47932803921283,400.9442358246945,2025-09-30 10:56:59.503845
2.2577857683762255,55.83332814497939,399.4402968037759,2025-09-30 10:56:59.503845
2.317074361564276,63.16231664857779,398.23379137735105,2025-09-30 10:56:59.503845
2.3520621468082155,59.54179235480825,400.2468322726943,2025-09-30 10:56:59.503845
2.1983178110054777,54.82186496043288,400.910549116389,2025-09-30 10:56:59.503845
2.2416138750345147,56.45956006625631,398.4410546844721,2025-09-30 10:56:59.503845
2.2080475660001118,56.7542180527719,400.70049308171684,2025-09-30 10:56:59.503845
2.344478349522416,55.03468617583252,400.3544511594091,2025-09-30 10:56:59.503845
2.198374718968673,55.79378814549276,399.39501900943907,2025-09-30 10:56:59.503845
2.088615912202929,52.57274553948766,400.53951421758524,2025-09-30 10:56:59.503845
2.1941649837738892,60.45759473704332,400.4320087678742,2025-09-30 10:56:59.503845
2.3951163048076407,46.820965087011594,399.27911155552687,2025-09-30 10:56:59.503845
2.2524366869253982,46.707207835741755,399.7942889101373,2025-09-30 10:56:59.503845
2.3536079690320397,62.314971671375346,399.82819681078513,2025-09-30 10:56:59.503845
2.1494792521915094,54.302424127297414,398.50050356731026,2025-09-30 10:56:59.503845
2.2766822544128287,58.94065268331365,400.52497091964614,2025-09-30 10:56:59.503845
2.202229818915639,62.05378956613281,400.43676757368223,2025-09-30 10:56:59.503845
2.1995440746348836,59.58417715887886,400.7876917276202,2025-09-30 10:56:59.503845
2.239576507565069,43.85901508079294,400.16088710322475,2025-09-30 10:56:59.503845
2.2365172983378745,52.96843729372796,400.2530473794883,2025-09-30 10:56:59.503845
2.192915517851742,64.29188298393234,400.2501122833108,2025-09-30 10:56:59.503845
2.3334550494543804,52.98054517127642,401.16131295546273,2025-09-30 10:56:59.503845
2.08118422814341,41.87760389718143,400.071858202432,2025-09-30 10:56:59.503845
2.359235045772816,59.04416633820122,400.6770229209358,2025-09-30 10:56:59.503845
2.166805701138344,49.56683142202796,400.4944149162719,2025-09-30 10:56:59.503845
2.2713332058151114,58.1742881621075,400.05918462632707,2025-09-30 10:56:59.503845
2.3416453605128114,55.407270393848215,400.8124018935111,2025-09-30 10:56:59.503845
2.395350014696087,53.2784746991559,399.44235556362867,2025-09-30 10:56:59.503845
2.1569601256195687,58.59099202000958,399.9385091204582,2025-09-30 10:56:59.503845
2.15160871360401,47.55292701392317,398.5019442170097,2025-09-30 10:56:59.503845
2.3052142370840842,49.16605719978665,399.85040742830404,2025-09-30 10:56:59.503845
2.213537137576196,54.98813569703376,399.26165183882694,2025-09-30 10:56:59.503845
2.350401602399818,53.08769175655576,399.0843934549648,2025-09-30 10:56:59.503845
2.4245072072771827,53.48177022133037,400.85325218461287,2025-09-30 10:56:59.503845
2.146109385383852,46.01415832189898,398.55764241595745,2025-09-30 10:56:59.503845
2.4516700161437868,57.90258857970179,401.03165364702704,2025-09-30 10:56:59.503845
2.3838560599248724,45.7729339964592,399.53729811429827,2025-09-30 10:56:59.503845
2.150700744925543,57.53114945417401,400.5230302011444,2025-09-30 10:56:59.503845
2.2096018268452915,63.27038829454118,400.2658353304205,2025-09-30 10:56:59.503845
2.2727354235041832,58.99154012236209,400.0038400679294,2025-09-30 10:56:59.503845
2.4153484276862205,51.4571430528646,398.3835371575758,2025-09-30 10:56:59.503845
2.25421480071969,48.080692731149554,399.2564239479405,2025-09-30 10:56:59.503845
2.287538660870952,67.84646717307115,399.5518596739717,2025-09-30 10:56:59.503845
2.194519879560125,50.5128550388053,399.4070308851768,2025-09-30 10:56:59.503845
2.3202445736963826,53.19642048037251,399.1696953599852,2025-09-30 10:56:59.503845
2.206705310672214,59.44459247976219,399.8862711431439,2025-09-30 10:56:59.503845
2.2894412812444687,49.74583088624739,398.90228886680586,2025-09-30 10:56:59.503845
2.375761718239475,53.05828630722854,401.4269632690648,2025-09-30 10:56:59.503845
2.1782158089471513,52.704961303354025,399.2547611721931,2025-09-30 10:56:59.503845
2.3647049173550823,50.25890371259052,400.7908964077982,2025-09-30 10:56:59.503845
2.374372916918726,47.23111238486336,400.2770738109124,2025-09-30 10:56:59.503845
2.093832836298399,61.170825622452575,398.69047971424584,2025-09-30 10:56:59.503845
2.293531011282999,54.42469679087248,399.31689530553524,2025-09-30 10:56:59.503845
2.2844985975460075,52.166597074193284,400.91341665225235,2025-09-30 10:56:59.503845
2.1409848082077207,51.369972447503855,398.6822604017766,2025-09-30 10:56:59.503845
2.297371161723677,51.796750889932426,400.19486955810476,2025-09-30 10:56:59.503845
2.17452657401424,50.949483914991234,400.7219206420306,2025-09-30 10:56:59.503845
2.057662546208015,53.682016306022355,400.81379284116906,2025-09-30 10:56:59.503845
2.207733598932093,50.22999272536096,399.45312482744765,2025-09-30 10:56:59.503845
2.229441552803266,59.15044438759105,399.7673647484968,2025-09-30 10:56:59.503845
2.302676662895457,57.054447855245776,399.7814196824208,2025-09-30 10:56:59.503845
2.170136148521448,50.79978791227985,399.82289697666204,2025-09-30 10:56:59.503845
2.1715791717095114,63.52403185275221,399.6187667894656,2025-09-30 10:56:59.503845
2.2210551925821544,51.98230358559689,399.4169581614996,2025-09-30 10:56:59.503845
2.369257766731191,55.022802692625014,401.03067843378807,2025-09-30 10:56:59.503845
2.0817903837038494,50.804747874132694,399.94606380058707,2025-09-30 10:56:59.503845
2.1920348351112007,58.39822571874738,398.80359729051185,2025-09-30 10:56:59.503845
2.3225792778817556,51.76187914943528,399.82756594039085,2025-09-30 10:56:59.503845
2.2730996545802036,53.440042944082336,399.12274540893964,2025-09-30 10:56:59.503845
2.229787315916781,44.627119206375696,398.82571462751895,2025-09-30 10:56:59.503845
2.2264691921348447,56.33873286901053,399.3243739848531,2025-09-30 10:56:59.503845
2.1260111278534057,58.50535271905653,399.2255510063718,2025-09-30 10:56:59.503845
2.3033543506028815,48.80109542556073,400.34478185164977,2025-09-30 10:56:59.503845
2.138138384202724,56.3033444662659,399.5185048596598,2025-09-30 10:56:59.503845
2.3048684390636094,52.681931287791606,400.7203942375706,2025-09-30 10:56:59.503845
2.2876828731499805,56.773108661921185,398.92691711745084,2025-09-30 10:56:59.503845
2.1319091664447645,54.70532968257811,399.3774423075277,2025-09-30 10:56:59.503845
2.274141009201887,55.3568001539779,401.26575287068886,2025-09-30 10:56:59.503845
2.3751574628694647,50.659143354754434,400.1550476010407,2025-09-30 10:56:59.503845
2.285196845943657,54.92568605089687,399.5222110022895,2025-09-30 10:56:59.503845
2.280208029557915,56.3401538488898,399.8108039142642,2025-09-30 10:56:59.503845
2.327890530085067,60.3235319361761,398.41878940419963,2025-09-30 10:56:59.503845
2.233089507135995,52.07770452161807,399.74211386705434,2025-09-30 10:56:59.503845
2.1335160613111372,57.38442633914667,400.66373959325506,2025-09-30 10:56:59.503845
2.256380327257141,48.501837348933165,399.52378636975095,2025-09-30 10:56:59.503845
2.0562252805949073,48.03033269056622,400.50257599692054,2025-09-30 10:56:59.503845
2.297218242792008,53.23908749586805,399.49242004319495,2025-09-30 10:56:59.503845
2.2419743103823793,54.97576245887915,399.3240748811785,2025-09-30 10:56:59.503845
2.4954107025762315,57.489171156206176,399.8690251089876,2025-09-30 10:56:59.503845
2.4769938808172416,60.61585867976283,399.1787294562963,2025-09-30 10:56:59.503845
2.2786861411779804,59.055777935673945,400.7838553656007,2025-09-30 10:56:59.503845
2.3684310601484415,54.78663803627576,401.38360208992293,2025-09-30 10:56:59.503845
2.115617445407071,46.75599413564959,399.35714517481074,2025-09-30 10:56:59.503845
2.247913861940579,58.68063243794533,400.55836077936743,2025-09-30 10:56:59.503845
2.2488852665532035,52.696131359705,399.86205063658224,2025-09-30 10:56:59.503845
2.2425612776679675,45.77342999126276,400.13591763156626,2025-09-30 10:56:59.503845
2.096912852057306,50.4437347380352,398.3764339980618,2025-09-30 10:56:59.503845
2.286458875996056,66.39759231016872,399.66339696769217,2025-09-30 10:56:59.503845
2.171006067507707,50.16260682884258,400.8182463100257,2025-09-30 10:56:59.503845
2.224127953003489,68.0665613740957,398.94054989073754,2025-09-30 10:56:59.503845
2.1272457774108826,54.54526741961992,399.8079572807007,2025-09-30 10:56:59.503845
2.055957807712201,66.84334436291199,400.8166223863176,2025-09-30 10:56:59.503845
2.2371503443306424,49.518122731813044,400.58384860763374,2025-09-30 10:56:59.503845
2.175442054555342,47.37333037848391,399.46912399415913,2025-09-30 10:56:59.503845
2.264129793217845,48.44178065014623,400.4777414340358,2025-09-30 10:56:59.503845
2.380763836249104,61.22340010545945,400.81962750650507,2025-09-30 10:56:59.503845
2.3685354552135096,57.95968504076028,397.86757548374777,2025-09-30 10:56:59.503845
2.2407601365788197,54.490945739410485,399.6622758897924,2025-09-30 10:56:59.503845
2.246286871352457,57.572245673099296,398.98277951181586,2025-09-30 10:56:59.503845
2.186005863621173,49.74704919945697,400.24619010650605,2025-09-30 10:56:59.503845
2.340498003820417,62.34497332349461,399.0074022777798,2025-09-30 10:56:59.503845
2.3157172762136855,52.00479485256513,399.68932924527206,2025-09-30 10:56:59.503845
2.163881776763577,58.88443301256032,399.8528875002616,2025-09-30 10:56:59.503845
2.23546545663498,58.47819917791141,397.95175217466334,2025-09-30 10:56:59.503845
2.3391706155337393,47.52284342447348,399.6919917922141,2025-09-30 10:56:59.503845
2.3439265164329224,53.779778345360064,400.7264051073052,2025-09-30 10:56:59.503845
2.20674168937464,54.861620598661816,398.98808960917705,2025-09-30 10:56:59.503845
2.2478711525847435,50.39682074269748,399.73542511236104,2025-09-30 10:56:59.503845
2.2846540225625853,53.58664125730368,400.64439839585214,2025-09-30 10:56:59.503845
2.1678456577215495,58.00388964537245,400.0788461860668,2025-09-30 10:56:59.503845
2.2636325331327996,45.13769345851844,401.16918143712144,2025-09-30 10:56:59.503845
2.3513801770268774,52.827607256115684,399.55833129276175,2025-09-30 10:56:59.503845
2.1645967798345627,49.0547967632103,398.9143783910858,2025-09-30 10:56:59.503845
2.279820740448833,58.44527453848634,401.181411026328,2025-09-30 10:56:59.503845
2.285402004279127,56.23645586606637,400.0866079261687,2025-09-30 10:56:59.503845
2.2268800888624507,48.6768969111199,399.5054154963946,2025-09-30 10:56:59.503845
2.3294820349842085,60.22578525901536,397.87713109725166,2025-09-30 10:56:59.503845
2.2507875880845707,55.546915036404265,400.32480718956725,2025-09-30 10:56:59.503845
2.268619404078781,51.8401600947159,400.3829798007846,2025-09-30 10:56:59.503845
2.2911792552573713,47.0134489065472,399.59877154546126,2025-09-30 10:56:59.503845
2.2181597877795003,56.87129793598232,398.147094385066,2025-09-30 10:56:59.503845
2.277472062997875,50.90560044050398,399.1438278293205,2025-09-30 10:56:59.503845
2.270266824702615,50.94819411259581,400.494285669868,2025-09-30 10:56:59.503845
2.1421327656364615,53.79542696902597,400.07896748770435,2025-09-30 10:56:59.503845
2.1342244516975137,43.00781733407523,399.6761334743494,2025-09-30 10:56:59.503845
2.1535331571648952,49.60715256077674,400.76079046719804,2025-09-30 10:56:59.503845
2.1247330072548447,58.015427694679424,399.3481424522845,2025-09-30 10:56:59.503845
2.0420643304010677,51.52767341917971,400.10706181907943,2025-09-30 10:56:59.503845
2.2555758154371905,55.93102933564682,399.8768060789198,2025-09-30 10:56:59.503845
2.3204128864109106,59.35502378122113,399.6208024686512,2025-09-30 10:56:59.503845
2.259361909911493,56.0956617512629,401.12715781134364,2025-09-30 10:56:59.503845
2.313818803367844,51.96234542857796,401.5998851237172,2025-09-30 10:56:59.503845
2.050919577268043,51.7940225848195,399.20278178002417,2025-09-30 10:56:59.503845
2.2410548508531623,51.52872830696809,397.96309763503854,2025-09-30 10:56:59.503845
2.169669433971838,41.6184130450881,399.995133713835,2025-09-30 10:56:59.503845
2.311824338892992,58.0436399415771,400.14766542921546,2025-09-30 10:56:59.503845
2.3433852068350687,59.5940025027133,398.3399983945785,2025-09-30 10:56:59.503845
2.3982000887154147,47.145805694867185,400.8536217490313,2025-09-30 10:56:59.503845
2.1361058638921433,49.41979425893428,399.0113370984528,2025-09-30 10:56:59.503845
2.3110829976489504,50.303472487182404,400.4266535068685,2025-09-30 10:56:59.503845
2.2550121519413096,52.56851205559872,398.4523649261723,2025-09-30 10:56:59.503845
2.176489416867323,65.68544552030568,401.1902407982888,2025-09-30 10:56:59.503845
2.0553170266977197,57.56794006557358,400.4818682465862,2025-09-30 10:56:59.503845
2.385084207777302,55.347569412232524,400.12821304510925,2025-09-30 10:56:59.503845
2.322199170729632,44.23968816325853,399.74192636867184,2025-09-30 10:56:59.503845
2.4658377149722246,59.48981462277982,400.6160738594145,2025-09-30 10:56:59.503845
2.2875032663790638,57.548018718376575,400.2111122343589,2025-09-30 10:56:59.503845
2.201936598676763,47.202178183282754,399.5036922964464,2025-09-30 10:56:59.503845
2.3129598058100065,54.54180996902808,400.410674326094,2025-09-30 10:56:59.503845
2.084599837946434,54.65740526147212,400.6138934602343,2025-09-30 10:56:59.503845
2.176058484887167,56.3602786948211,399.6136260043071,2025-09-30 10:56:59.503845
2.2023605345768194,49.06821000973704,399.75208341097414,2025-09-30 10:56:59.503845
2.1929560175704963,54.82102197025733,399.8156293814914,2025-09-30 10:56:59.503845
2.274241839142883,49.76933887466604,400.44465153834585,2025-09-30 10:56:59.503845
2.0414178343669898,58.098053672759555,399.25487369705144,2025-09-30 10:56:59.503845
2.1411571586191256,52.588602193181075,399.1602096376815,2025-09-30 10:56:59.503845
2.2748525897238205,41.09234636422941,398.25135879178237,2025-09-30 10:56:59.503845
2.280307113581722,49.942087872322425,398.9129412850314,2025-09-30 10:56:59.503845
2.188725955846762,53.38830736559294,400.2191398152178,2025-09-30 10:56:59.503845
2.3720371368526996,48.655290719767855,400.30823902521024,2025-09-30 10:56:59.503845
2.315052746705523,51.23759681028965,400.9393215207559,2025-09-30 10:56:59.503845
2.3368364802084294,49.70059801673715,399.7498201304432,2025-09-30 10:56:59.503845
2.361480286826216,53.52163494037475,400.1688258832374,2025-09-30 10:56:59.503845
2.2112934323512885,58.441738170190526,400.49453948107,2025-09-30 10:56:59.503845
2.173794023128783,51.236754368558856,399.29192632992937,2025-09-30 10:56:59.503845
2.2163641920636334,55.16899703504523,398.61062299290467,2025-09-30 10:56:59.503845
2.1400389516387057,56.57645184172462,399.8081110939489,2025-09-30 10:56:59.503845
2.241142999969733,53.837721162591016,399.93053892042843,2025-09-30 10:56:59.503845
2.244438110173808,55.26949206213181,398.33593153211365,2025-09-30 10:56:59.503845
2.212024181304305,49.68124544470815,400.48066432246867,2025-09-30 10:56:59.503845
2.333742364741,56.03828970661883,399.79251130290265,2025-09-30 10:56:59.503845
2.31116347658275,56.61558086269189,400.53142294087013,2025-09-30 10:56:59.503845
2.422589592531775,53.11751989465837,399.9081669944943,2025-09-30 10:56:59.503845
2.208463676745358,50.853471757574276,400.42421665491264,2025-09-30 10:56:59.503845
2.043649602622769,44.74912414652337,399.2163759815961,2025-09-30 10:56:59.503845
2.249190481225498,52.23151263131125,398.68367987181045,2025-09-30 10:56:59.503845
2.3190471115244904,53.16263736757609,399.5931642151628,2025-09-30 10:56:59.503845
2.3101712349948533,48.553400120674034,397.9501069130387,2025-09-30 10:56:59.503845
2.2391058963637045,60.59812856890383,399.47982598456525,2025-09-30 10:56:59.503845
2.3290389634882516,55.260223904394735,399.39483131509826,2025-09-30 10:56:59.503845
2.0705209029735476,48.482636487399326,400.3410709779174,2025-09-30 10:56:59.503845
2.338680123363083,54.64885343349533,399.61927029577504,2025-09-30 10:56:59.503845
2.127760745327881,60.59645466906384,400.60233084169585,2025-09-30 10:56:59.503845
2.1565416294666253,58.52279791523445,399.43954066376057,2025-09-30 10:56:59.503845
2.3158942107313223,51.43663323982808,400.0184088550281,2025-09-30 10:56:59.503845
2.2548468264355055,55.340221109125984,399.6243799316149,2025-09-30 10:56:59.503845
2.1591985957774256,53.55903677070847,400.6591497525815,2025-09-30 10:56:59.503845
2.2428805594349313,61.63071320898761,398.97509866632464,2025-09-30 10:56:59.503845
2.3748161393319362,60.29817570503759,400.3642553282387,2025-09-30 10:56:59.503845
2.3552331946594007,51.81020684228688,399.0316025630287,2025-09-30 10:56:59.503845
2.30195572988536,48.21081443898254,397.79894054065477,2025-09-30 10:56:59.503845
2.0919187904003507,57.60462161496754,398.38572601927933,2025-09-30 10:56:59.503845
2.05748930714712,46.275288929718876,399.93797750492683,2025-09-30 10:56:59.503845
2.2953653671015415,43.54528791712109,401.2992272101783,2025-09-30 10:56:59.503845
2.1251786973832476,55.531787375377704,400.9130316198986,2025-09-30 10:56:59.503845
2.2776618850517956,50.107147726034086,399.55298113365393,2025-09-30 10:56:59.503845
2.234175023509202,59.91699311337072,399.0478314807939,2025-09-30 10:56:59.503845
2.361221408779238,60.36559719393872,400.8062616985312,2025-09-30 10:56:59.503845
2.3952835391458076,56.07294118424583,399.5308785677923,2025-09-30 10:56:59.503845
2.209463838317962,48.56381145716816,399.4491387694231,2025-09-30 10:56:59.503845
1.9704688634824639,55.1887786033417,400.29772853640475,2025-09-30 10:56:59.503845
2.1285051183325807,50.409742029816385,400.57818373659956,2025-09-30 10:56:59.503845
2.2993217879819428,55.4084634019907,400.98354292601124,2025-09-30 10:56:59.503845
2.118031062389016,53.6019211272577,398.6204502169438,2025-09-30 10:56:59.503845
2.203787206326895,55.62311709400206,400.7416381222156,2025-09-30 10:56:59.503845
2.2532546868905263,56.926630188838445,400.79462932725636,2025-09-30 10:56:59.503845
2.3348981231390638,49.8193373893331,399.1501408878486,2025-09-30 10:56:59.503845
2.172159276301184,62.75895649318649,400.2233189997505,2025-09-30 10:56:59.503845
2.2988953400385816,59.34677153158397,400.7530262018815,2025-09-30 10:56:59.503845
2.438776254662625,57.05463978131078,398.03181423766557,2025-09-30 10:56:59.503845
2.323817811669437,51.582944589766335,397.42339536979875,2025-09-30 10:56:59.503845
2.3477658558879164,59.2176996099027,399.59474071328026,2025-09-30 10:56:59.503845
2.3876952118254025,48.116975555260055,399.18824833371406,2025-09-30 10:56:59.503845
2.2708474665867198,54.22267184867265,401.0249232635762,2025-09-30 10:56:59.503845
2.2061564519090924,53.94595341756071,400.4546089475826,2025-09-30 10:56:59.503845
2.2688141521565988,49.855553210078945,399.8975775903901,2025-09-30 10:56:59.503845
2.302016846981323,55.947863936987666,400.91195632851685,2025-09-30 10:56:59.503845
2.335978347528177,52.942020373436435,401.0834986624837,2025-09-30 10:56:59.503845
2.181469450056691,61.65325755800274,399.4165353422419,2025-09-30 10:56:59.503845
2.108823531687889,56.71388327019817,399.7161083014518,2025-09-30 10:56:59.503845
2.3987863088187384,54.2151549353809,398.97631900968605,2025-09-30 10:56:59.503845
2.265908136838741,61.4463584430675,399.8225166913048,2025-09-30 10:56:59.503845
2.0055446539322004,56.632469506200394,399.0284322943976,2025-09-30 10:56:59.503845
2.2530136987301255,46.50991453028403,400.36744541077144,2025-09-30 10:56:59.503845
2.2832454369767947,54.436856739415234,399.5375187417807,2025-09-30 10:56:59.503845
2.3552841377616813,59.152365142976905,400.16631269808715,2025-09-30 10:56:59.503845
2.2355244127756593,51.15209647409202,398.7938480648143,2025-09-30 10:56:59.503845
2.308193336506817,51.48632060452756,399.8471732701037,2025-09-30 10:56:59.503845
2.3997880841649066,48.16826829456189,399.69904267991103,2025-09-30 10:56:59.503845
2.1806724340518007,55.43239508983232,399.2553213322452,2025-09-30 10:56:59.503845
2.383578488576092,53.112255688672995,398.56609546949886,2025-09-30 10:56:59.503845
2.306650513762052,56.58432638208872,400.190872033148,2025-09-30 10:56:59.503845
2.326119699234353,63.03851915393912,399.7526922126328,2025-09-30 10:56:59.503845
2.1180355316692308,59.72959785673917,398.7667289075939,2025-09-30 10:56:59.503845
2.239250263449625,55.047199606547885,399.2856584276497,2025-09-30 10:56:59.503845
2.1107681952749178,53.72096733955174,398.5532860286736,2025-09-30 10:56:59.503845
2.2429611752960805,54.73939085897888,400.07742643933693,2025-09-30 10:56:59.503845
2.1956803455681233,50.751224034835246,399.4831113329734,2025-09-30 10:56:59.503845
2.3091050528772357,52.73093869889402,399.52155655497614,2025-09-30 10:56:59.503845
2.3519086985874775,58.51830721263994,398.8837045229031,2025-09-30 10:56:59.503845
2.2291791005787664,51.32170328208364,400.10422954523074,2025-09-30 10:56:59.503845
2.2277102088290177,65.63479484826772,400.3413301068777,2025-09-30 10:56:59.503845
2.377729254719979,56.22021225974981,398.6744866964443,2025-09-30 10:56:59.503845
2.2736660288731896,48.147561531562566,398.5386284906741,2025-09-30 10:56:59.503845
2.1797853855912326,60.16834218599753,399.2835901876954,2025-09-30 10:56:59.503845
2.1416356151215994,60.72437372134621,400.50638852125485,2025-09-30 10:56:59.503845
2.2893400170921194,59.53493596829554,399.1896428146628,2025-09-30 10:56:59.503845
2.4016349529168415,51.45278855934131,398.37784959169386,2025-09-30 10:56:59.503845
2.455480163449244,55.217743670198345,401.51486911779244,2025-09-30 10:56:59.503845
2.319626345893403,60.807909413513286,400.57959225690155,2025-09-30 10:56:59.503845
2.0884388109446173,57.77874355803275,400.08010838243763,2025-09-30 10:56:59.503845
2.2082908697234562,44.65027679517836,400.3749391453329,2025-09-30 10:56:59.503845
2.2095040390133693,59.638945103352775,401.8378022877446,2025-09-30 10:56:59.503845
2.341162229415717,50.46031213870493,399.88597349262574,2025-09-30 10:56:59.503845
2.3542210812401714,57.01789895445017,400.8000576713799,2025-09-30 10:56:59.503845
2.484852870058625,64.59670973751999,398.97408093713807,2025-09-30 10:56:59.503845
2.3093647156375847,46.3679102412829,399.175706456481,2025-09-30 10:56:59.503845
2.37865526430207,47.94945263983088,399.4946315750225,2025-09-30 10:56:59.503845
2.3010365412322447,58.26330820881429,400.76534652783624,2025-09-30 10:56:59.503845
2.0507762244495873,55.26581098122832,400.5467690826056,2025-09-30 10:56:59.503845
2.085407864551198,47.06272116223068,400.4495358668744,2025-09-30 10:56:59.503845
2.364154008646149,47.5784059497978,398.5603011308912,2025-09-30 10:56:59.503845
2.2048963206723697,43.216528588919246,399.0256259205202,2025-09-30 10:56:59.503845
2.179561626833773,45.89294484071898,399.20012410068887,2025-09-30 10:56:59.503845
2.2461105677000535,43.303059444474194,400.2013719932371,2025-09-30 10:56:59.503845
2.195251807732333,47.90129505877675,399.6438078642541,2025-09-30 10:56:59.503845
2.2410554700247918,55.71929292400549,398.2726574182452,2025-09-30 10:56:59.503845
2.2230003339225393,58.76105991575498,399.3572326588901,2025-09-30 10:56:59.503845
2.1237034075393435,49.17778894263239,399.99847051147606,2025-09-30 10:56:59.503845
2.2807737283345544,59.21253615972847,399.389859266748,2025-09-30 10:56:59.503845
2.321092892466203,60.413697122898476,400.33279575875525,2025-09-30 10:56:59.503845
2.2756003964544584,58.90136732551695,400.12610981086937,2025-09-30 10:56:59.503845
2.369125177044685,56.56271349706241,399.58496443199715,2025-09-30 10:56:59.503845
2.4111621161402628,48.370944710833946,398.873115349252,2025-09-30 10:56:59.503845
2.0978013741739736,47.19675706109123,400.16729999427423,2025-09-30 10:56:59.503845
2.2243085832040825,61.82100785860947,399.70131516937073,2025-09-30 10:56:59.503845
2.3995466747721483,60.81830010274385,401.07497676333753,2025-09-30 10:56:59.503845
2.3710722574804777,60.50336455045563,399.3687342305628,2025-09-30 10:56:59.503845
2.218867454101626,52.13891856864121,400.97462854571995,2025-09-30 10:56:59.503845
2.2147956399333917,52.34604585593884,398.7926057311479,2025-09-30 10:56:59.503845
2.3667379190292688,51.98623263410163,399.69565707088094,2025-09-30 10:56:59.503845
2.3086271035066295,58.02850260952988,399.8922433379658,2025-09-30 10:56:59.503845
2.221598603544897,51.60261557698465,401.2777490547594,2025-09-30 10:56:59.503845
2.366976682238662,43.4282078095778,399.803569148893,2025-09-30 10:56:59.503845
2.2128917789373608,52.09199660679246,399.3854232024666,2025-09-30 10:56:59.503845
2.3126027655472687,53.558149508691336,400.17093284759136,2025-09-30 10:56:59.503845
2.2378616597708776,58.695549787682324,399.92779882557744,2025-09-30 10:56:59.503845
2.303594211079667,48.38354879454599,398.6278489314771,2025-09-30 10:56:59.503845
2.358266381815813,51.26754530799927,398.8137103739314,2025-09-30 10:56:59.503845
2.195454624120266,58.18605693654284,401.13399943064496,2025-09-30 10:56:59.503845
2.2127562107576857,53.09376679699047,400.36420705087886,2025-09-30 10:56:59.503845
2.2709097923727555,53.54876022732215,399.2032359178519,2025-09-30 10:56:59.503845
2.230950310082052,49.41874879377746,398.6252700413331,2025-09-30 10:56:59.503845
2.2956260066500747,58.05781227766293,399.5110052801258,2025-09-30 10:56:59.503845
2.382875383107352,56.69285180429202,399.37663473550316,2025-09-30 10:56:59.503845
2.4064898253312115,52.79942073605781,399.963802353515,2025-09-30 10:56:59.503845
2.3647211673607145,59.4593846371654,399.7451887228834,2025-09-30 10:56:59.503845
2.1094771953681404,47.649795116355776,399.73042077014213,2025-09-30 10:56:59.503845
2.1763330837252743,56.07640281809948,398.6470287610556,2025-09-30 10:56:59.503845
2.1216683802334155,49.5243925336064,399.01598999250893,2025-09-30 10:56:59.503845
2.4046376835222163,54.05005510095496,399.79380644202394,2025-09-30 10:56:59.503845
2.3360226315078045,52.11922692852255,400.09594278068425,2025-09-30 10:56:59.503845
2.227615522719014,53.91940455450769,398.81338315434937,2025-09-30 10:56:59.503845
2.2711857676847598,50.70085095572304,400.375737126673,2025-09-30 10:56:59.503845
2.066206731576409,47.093843032472584,398.5860108318343,2025-09-30 10:56:59.503845
2.1653558714862946,55.60536849310464,400.4298861437197,2025-09-30 10:56:59.503845
2.2527421922679625,56.34624920112851,399.2075159021563,2025-09-30 10:56:59.503845
2.1089883700980776,53.6239227672262,399.2777096880774,2025-09-30 10:56:59.503845
2.2657284666581115,46.195565558380025,399.3248746682023,2025-09-30 10:56:59.503845
2.1227614640359898,43.31371491000331,399.32894534173,2025-09-30 10:56:59.503845
2.195318880065974,52.40402212738892,400.15899125325205,2025-09-30 10:56:59.503845
2.1567824833345175,56.94186439564826,399.01085214031247,2025-09-30 10:56:59.503845
2.2672767533747566,60.37861429327706,400.73523895449176,2025-09-30 10:56:59.503845
2.4807350204572827,54.69749567228621,397.9779143747016,2025-09-30 10:56:59.503845
2.3191681065158103,58.355020812800824,399.5046680697472,2025-09-30 10:56:59.503845
2.234866797025828,56.31546632484716,401.33888370367714,2025-09-30 10:56:59.503845
2.2933461845724716,53.672098428663396,400.4939268229034,2025-09-30 10:56:59.503845
2.333270295146266,52.854485194989294,401.0217228751893,2025-09-30 10:56:59.503845
2.3235880835766256,49.30247673969798,398.9923870911739,2025-09-30 10:56:59.503845
2.2543934285921567,54.31458206492017,398.4975280583255,2025-09-30 10:56:59.503845
2.2699768328371612,60.807142588263375,401.3096497687582,2025-09-30 10:56:59.503845
2.261096935499565,50.30302717699318,399.4972982665884,2025-09-30 10:56:59.503845
2.4212314784793385,58.830406056489366,399.73125828057294,2025-09-30 10:56:59.503845
2.3511135738515003,61.93399583877484,400.32612699436766,2025-09-30 10:56:59.503845
2.297650670223514,51.79077468798241,401.9233800553698,2025-09-30 10:56:59.503845
2.308847967694756,59.635252191658196,398.2174694294222,2025-09-30 10:56:59.503845
2.2805145724453877,53.655191406432216,398.32004188284856,2025-09-30 10:56:59.503845
2.2655085219684725,58.372397252589735,400.14572797650817,2025-09-30 10:56:59.503845
2.186525193284539,51.23042942950326,399.90483552413843,2025-09-30 10:56:59.503845
2.201882954127638,46.241745470036264,397.7258805806937,2025-09-30 10:56:59.503845
2.236279485893991,46.8437195644378,399.72072519431424,2025-09-30 10:56:59.503845
2.193812300208084,56.4092888476048,399.6670234905271,2025-09-30 10:56:59.503845
2.292204937949295,71.21702471793091,399.736870406642,2025-09-30 10:56:59.503845
2.1851464239270895,47.897010496906105,400.0420292503231,2025-09-30 10:56:59.503845
2.1979226446875053,58.3482194293567,399.0925315766044,2025-09-30 10:56:59.503845
2.2067761355582967,55.40362824357244,400.35542554061175,2025-09-30 10:56:59.503845
2.2836050709751574,56.75968208528589,397.7484119078076,2025-09-30 10:56:59.503845
2.2773615152624274,54.60628468236541,398.70144165317896,2025-09-30 10:56:59.503845
2.22464674404223,54.53692620113188,400.5977872096445,2025-09-30 10:56:59.503845
2.2293656152638337,43.47908477038751,399.2056134986078,2025-09-30 10:56:59.503845
2.0124824924725813,55.67729858634649,398.6148361978516,2025-09-30 10:56:59.503845
2.215217251651529,61.741414133437495,399.19475849043084,2025-09-30 10:56:59.503845
2.284185690525983,46.810390715907,398.71820230092214,2025-09-30 10:56:59.503845
2.3903529293624994,56.35548448418461,400.50266188652836,2025-09-30 10:56:59.503845
2.192444639569243,48.036243632778515,399.1938304449179,2025-09-30 10:56:59.503845
2.1701115434351075,56.448408212135355,399.40003955726326,2025-09-30 10:56:59.503845
2.3587835952623353,54.81838079061762,398.1992558848668,2025-09-30 10:56:59.503845
2.3406599347263755,48.54139274346231,399.11100861137066,2025-09-30 10:56:59.503845
2.5248419309111334,50.44029694394751,398.0782048343275,2025-09-30 10:56:59.503845
2.371019171261002,43.80268639092945,398.27306795866633,2025-09-30 10:56:59.503845
2.4035795519386114,46.504491480072105,399.73984464432573,2025-09-30 10:56:59.503845
2.269269363064652,51.532800463159575,400.5464970063086,2025-09-30 10:56:59.503845
2.2495432628814997,55.58780378905015,399.745094868026,2025-09-30 10:56:59.503845
2.2706259101736115,51.536720997351104,398.8169163256254,2025-09-30 10:56:59.503845
2.4718748047575083,55.12687404998702,400.74690604384955,2025-09-30 10:56:59.503845
2.3706630325181477,59.37741376263425,398.99376671486016,2025-09-30 10:56:59.503845
2.164163038526711,51.15395239633026,400.07088751647245,2025-09-30 10:56:59.503845
2.3068917828198137,55.75794479299097,401.3452723595983,2025-09-30 10:56:59.503845
2.451731290405421,51.65183224112832,399.4073499867284,2025-09-30 10:56:59.503845
2.2462628944519674,54.299049055889164,399.04046460994283,2025-09-30 10:56:59.503845
2.204251890845716,54.27700650979583,399.85003567716967,2025-09-30 10:56:59.503845
2.3639816878602913,51.38712901021435,399.52744935426506,2025-09-30 10:56:59.503845
2.3059065316949585,50.6370152157053,401.59426777756244,2025-09-30 10:56:59.503845
2.2711502912989965,54.5285360083914,399.55022488509644,2025-09-30 10:56:59.503845
2.1998157296328835,53.62165260765649,400.5754986986253,2025-09-30 10:56:59.503845
2.0646353629538714,47.969235333373646,399.3681743277436,2025-09-30 10:56:59.503845
2.171820040790894,58.06572569926891,399.3415784233993,2025-09-30 10:56:59.503845
2.2279660724985404,48.28050576177858,401.4342736790261,2025-09-30 10:56:59.503845
2.1549071895502974,52.03792147168047,400.4239393433048,2025-09-30 10:56:59.503845
2.355544142588215,47.91106739262303,399.6029223086134,2025-09-30 10:56:59.503845
2.2814974293517243,51.10242597929313,401.0474962524278,2025-09-30 10:56:59.503845
2.3685658228254614,60.5785734685187,400.5890646395491,2025-09-30 10:56:59.503845
2.1834796277436346,52.066166186706134,400.57580849278,2025-09-30 10:56:59.503845
2.0969539660786003,56.535898978149696,398.3770149950575,2025-09-30 10:56:59.503845
2.1768845084387634,57.05967496597649,398.9992161863019,2025-09-30 10:56:59.503845
2.2178471512579065,52.22847783552824,399.71338834451893,2025-09-30 10:56:59.503845
2.317910865035343,56.03015425513666,399.8124010799989,2025-09-30 10:56:59.503845
2.059165885846422,44.567774900469374,399.582959356051,2025-09-30 10:56:59.503845
2.167484360783855,49.0182441280232,400.3919679158995,2025-09-30 10:56:59.503845
2.362545101731295,48.91623613845263,400.01796822674316,2025-09-30 10:56:59.503845
2.0688661529854304,53.667687306870036,400.8214553937811,2025-09-30 10:56:59.503845
2.35887404007641,62.31235370796736,399.18852731413125,2025-09-30 10:56:59.503845
2.3870662424180566,53.23209975237398,400.37745753780564,2025-09-30 10:56:59.503845
2.2600030864119653,56.399797344091745,399.8884050975438,2025-09-30 10:56:59.503845
2.2477045269113645,66.71756352271107,398.44494220080185,2025-09-30 10:56:59.503845
2.4047937331905413,50.83691604918151,400.3554796416413,2025-09-30 10:56:59.503845
2.402558842351594,50.616838259775825,398.80685667143695,2025-09-30 10:56:59.503845
2.3123834240141394,51.86807003932715,397.9122370767435,2025-09-30 10:56:59.503845
2.2726781190115064,51.87177360589574,401.65581840633934,2025-09-30 10:56:59.503845
2.301983160054225,53.675414811715626,398.96764800349536,2025-09-30 10:56:59.503845
2.1716995819786558,61.26634819248409,400.1605301376685,2025-09-30 10:56:59.503845
2.190864355833143,61.35872953325248,399.875728735515,2025-09-30 10:56:59.503845
2.2030588854310498,56.24248229617625,398.73922477296725,2025-09-30 10:56:59.503845
2.2397630121591354,60.692843159489314,400.41038403280413,2025-09-30 10:56:59.503845
2.2183031413062424,51.876638020438406,400.003176126432,2025-09-30 10:56:59.503845
2.24548544844479,48.89338940224961,399.39371704784736,2025-09-30 10:56:59.503845
2.2431834068056786,53.50871097499184,400.1162822366602,2025-09-30 10:56:59.503845
2.3268111650981553,52.85644416448815,398.9709991738553,2025-09-30 10:56:59.503845
2.2464636873955457,51.44824067451549,400.9049882485023,2025-09-30 10:56:59.503845
2.3952738243274423,57.69491302834927,398.5450321151173,2025-09-30 10:56:59.503845
2.380245782612209,53.54604720021794,398.59414013948356,2025-09-30 10:56:59.503845
2.2601655967947543,55.52333033067402,400.719499446621,2025-09-30 10:56:59.503845
2.2523218401219824,61.98749121788185,398.81085462036975,2025-09-30 10:56:59.503845
2.2369475733386794,53.382274316158586,399.9387134946498,2025-09-30 10:56:59.503845
2.4670442787928213,57.722650702880046,398.0730510999498,2025-09-30 10:56:59.503845
2.3048485403416925,56.86084410577075,398.9401167713993,2025-09-30 10:56:59.503845
2.245323772848465,42.47420349738127,399.38702198368946,2025-09-30 10:56:59.503845
2.1386172701240658,51.03388866198477,400.80506267224007,2025-09-30 10:56:59.503845
2.1494717733329343,55.57155365606159,400.4766254723505,2025-09-30 10:56:59.503845
2.369759188600185,56.289292430324146,398.8936332215473,2025-09-30 10:56:59.503845
2.2670932774623553,48.67144900130458,399.32561840813923,2025-09-30 10:56:59.503845
2.3430627919141043,51.680561690471315,400.52343604578056,2025-09-30 10:56:59.503845
2.243302924734385,52.818820112394384,400.5563777866632,2025-09-30 10:56:59.503845
2.325224431738194,54.40658238663403,399.2592327414953,2025-09-30 10:56:59.503845
2.1446351822034955,51.19139251699383,399.30074941801,2025-09-30 10:56:59.503845
2.403658924111181,51.028540222854076,399.8580193671,2025-09-30 10:56:59.503845
2.476217328387722,49.21608603989723,400.4478414694115,2025-09-30 10:56:59.503845
2.1485936620110455,65.75262475191052,400.45545684338055,2025-09-30 10:56:59.503845
2.065949070334515,49.684401915499414,401.32657784715457,2025-09-30 10:56:59.503845
2.223158840288905,61.403345815274044,398.37834461446084,2025-09-30 10:56:59.503845
2.1543108095824848,55.472109462394634,399.8910307111931,2025-09-30 10:56:59.503845
2.2005450097674104,59.50576552911927,399.2852824946837,2025-09-30 10:56:59.503845
2.264748492879354,55.696777598564324,400.12507386487266,2025-09-30 10:56:59.503845
2.1657575591624636,52.28231818162236,399.9662841900842,2025-09-30 10:56:59.503845
2.063331707692602,48.033290302014784,400.4966001819891,2025-09-30 10:56:59.503845
2.195756492482837,52.07005782124087,399.6328368724483,2025-09-30 10:56:59.503845
2.265975640745624,57.51386123860098,399.19107469323075,2025-09-30 10:56:59.503845
2.38582469824603,58.20950740912738,399.6050522177518,2025-09-30 10:56:59.503845
2.2423462556411056,61.42091014462146,398.55095275503714,2025-09-30 10:56:59.503845
2.3295958960237844,59.658348567588874,399.9217550531186,2025-09-30 10:56:59.503845
2.2576840435956793,54.39980645803801,399.4438903761617,2025-09-30 10:56:59.503845
2.1943760473318568,56.12964397669075,400.3712712528321,2025-09-30 10:56:59.503845
2.290379944084806,54.59135608135556,400.5461112468482,2025-09-30 10:56:59.503845
2.2181981139578664,54.803449944723546,400.18834048358764,2025-09-30 10:56:59.503845
2.109161445696533,61.1056576296853,398.982074417122,2025-09-30 10:56:59.503845
2.402472030126761,60.05428717422157,398.5842199531804,2025-09-30 10:56:59.503845
2.3720779497625135,51.21964029126364,398.3890473339353,2025-09-30 10:56:59.503845
2.040835245502923,49.66768026888935,400.0099543191434,2025-09-30 10:56:59.503845
2.122878034504521,55.299637896844494,399.948900261028,2025-09-30 10:56:59.503845
2.338174196266159,55.30190880829406,399.27561516496274,2025-09-30 10:56:59.503845
2.01955420841097,53.356518932635105,399.12827427939993,2025-09-30 10:56:59.503845
2.2830004444210816,51.398513649071496,398.3685764861991,2025-09-30 10:56:59.503845
1.9339177691749299,61.94238049224389,399.7310239020696,2025-09-30 10:56:59.503845
2.168798561008899,57.9530413911591,399.93997674321236,2025-09-30 10:56:59.503845
2.38071112667268,59.20494940210374,400.68686623742707,2025-09-30 10:56:59.503845
2.154431986702198,51.422390759903166,400.5917200158579,2025-09-30 10:56:59.503845
2.1838728933697498,53.134196810335176,401.71456707113083,2025-09-30 10:56:59.503845
2.246827066140188,58.92949848180568,399.10730648638673,2025-09-30 10:56:59.503845
2.335090463230408,43.82309696350217,400.9533000612094,2025-09-30 10:56:59.503845
2.4697954402077205,57.61925446091459,400.0614180041288,2025-09-30 10:56:59.503845
2.244697714723442,45.98000870851019,399.308443188734,2025-09-30 10:56:59.503845
1.9941211845704074,49.93514073829605,398.75182853234804,2025-09-30 10:56:59.503845
2.2186618164408487,49.01764055252692,399.99760465390506,2025-09-30 10:56:59.503845
2.274648761662703,45.914173772674616,400.81051501352107,2025-09-30 10:56:59.503845
2.3216598683872673,56.46668139077824,399.97901906686155,2025-09-30 10:56:59.503845
2.320461788854103,64.85560945459048,398.73724365183097,2025-09-30 10:56:59.503845
2.135081353854068,45.49753313576329,400.4749347491414,2025-09-30 10:56:59.503845
2.1862728265629845,58.54131627704492,400.2017672188822,2025-09-30 10:56:59.503845
2.151499352623098,58.24940431398366,400.11502659824146,2025-09-30 10:56:59.503845
2.53697961266646,51.25708547501503,400.76891733283566,2025-09-30 10:56:59.503845
2.324291299750028,59.0345734209879,398.53490040071654,2025-09-30 10:56:59.503845
2.255850146315457,61.924883375259896,399.9260807170888,2025-09-30 10:56:59.503845
2.2050527784545215,58.17541466575791,399.30262359707916,2025-09-30 10:56:59.503845
2.199457249355329,52.67003786254911,399.07527580657217,2025-09-30 10:56:59.503845
2.158213067065126,48.025858874664,400.4130829162182,2025-09-30 10:56:59.503845
2.309582611108947,51.55323260778453,400.2003995914758,2025-09-30 10:56:59.503845
2.3142580556994665,48.13694713594064,401.4996624269029,2025-09-30 10:56:59.503845
2.2977787468762734,54.58470096043411,399.7792722294619,2025-09-30 10:56:59.503845
2.253632351747419,45.13305165215432,397.76680685691645,2025-09-30 10:56:59.503845
2.314335694303535,60.51590401459216,397.71139899079543,2025-09-30 10:56:59.503845
2.4142269317342637,61.27118912724887,399.364885871092,2025-09-30 10:56:59.503845
2.208222103354388,58.88291573704586,400.29932039822205,2025-09-30 10:56:59.503845
2.261243961538006,49.653542635039116,398.5401840174713,2025-09-30 10:56:59.503845
1.9264056539825931,48.456087189781904,401.3011305264374,2025-09-30 10:56:59.503845
2.2739704892511687,45.69779047147532,398.35849425034195,2025-09-30 10:56:59.503845
2.135672308462209,59.727586847997095,401.5223452852003,2025-09-30 10:56:59.503845
2.3952207937362724,59.23251990206373,399.2372551424914,2025-09-30 10:56:59.503845
2.2268097001491918,50.66412915366708,400.1862007628345,2025-09-30 10:56:59.503845
2.0448089512616567,49.40500880846729,398.2110544239244,2025-09-30 10:56:59.503845
2.3419979888468254,49.35723687505636,399.4502346533988,2025-09-30 10:56:59.503845
2.2212333398429327,60.54647702407559,399.8424995981133,2025-09-30 10:56:59.503845
2.3914676659003535,48.25989647871344,399.8029897673544,2025-09-30 10:56:59.503845
2.248506806298289,61.62729532212417,399.9052872650355,2025-09-30 10:56:59.503845
2.099136576971736,51.305655123897864,400.0237059517229,2025-09-30 10:56:59.503845
2.0884266564615825,57.43442761925486,400.1212369627895,2025-09-30 10:56:59.503845
2.20585446466707,52.37652375175766,399.6288754027854,2025-09-30 10:56:59.503845
2.191312134534331,53.996466504362786,400.2275818038083,2025-09-30 10:56:59.503845
2.2564681504960538,47.83949610753307,401.11236794457903,2025-09-30 10:56:59.503845
2.3419853353170312,58.34650415845832,398.73164236788136,2025-09-30 10:56:59.503845
2.286276558147932,52.09655857280404,398.44359465625104,2025-09-30 10:56:59.503845
2.159654344391005,54.534685460199974,399.9509603743922,2025-09-30 10:56:59.503845
2.246554868617869,61.90934505833328,399.75405316055947,2025-09-30 10:56:59.503845
2.363773877702639,63.50936108210068,400.4330032684854,2025-09-30 10:56:59.503845
2.449355743272485,48.41763735743844,398.7353529413396,2025-09-30 10:56:59.503845
2.2462166685894287,59.78470494815816,399.00572400378474,2025-09-30 10:56:59.503845
2.1846859664994094,62.98954606658535,399.9955850262155,2025-09-30 10:56:59.503845
2.2933078731332164,60.95250982054092,399.1146015918142,2025-09-30 10:56:59.503845
2.3464825165053766,59.74692747430757,398.1802323912339,2025-09-30 10:56:59.503845
2.3611044337504064,55.049001551529656,400.32632538743366,2025-09-30 10:56:59.503845
2.0649523459063492,61.80788421768902,399.91998960346433,2025-09-30 10:56:59.503845
2.348415958683375,51.39749307784197,399.41956558928644,2025-09-30 10:56:59.503845
2.446602055369749,59.17095218281573,399.2906132718526,2025-09-30 10:56:59.503845
2.210154083490803,50.24935289518084,400.42447512182457,2025-09-30 10:56:59.503845
2.3384517563207066,55.690647328889476,398.3379791323152,2025-09-30 10:56:59.503845
2.200088388713092,64.67498085739035,400.357192910381,2025-09-30 10:56:59.503845
2.360096018099874,51.17518220809403,399.0023071889426,2025-09-30 10:56:59.503845
2.3390830286953994,57.75046047639455,399.3086116888829,2025-09-30 10:56:59.503845
2.263328723158618,52.25690129925504,400.37878999611564,2025-09-30 10:56:59.503845
2.353720071306283,56.33957879404856,399.15968706315743,2025-09-30 10:56:59.503845
2.2916969607580038,41.011164080251504,400.8674390070774,2025-09-30 10:56:59.503845
2.3933273151521144,57.04650871121329,400.57699650750703,2025-09-30 10:56:59.503845
2.3018835346795585,58.12173510666239,400.67132016241294,2025-09-30 10:56:59.503845
2.1785609627776203,64.98394465153177,400.8884299541018,2025-09-30 10:56:59.503845
2.1474666868869234,46.323685437199984,399.4169783029452,2025-09-30 10:56:59.503845
2.391967425656436,58.73850698526539,401.03775464516536,2025-09-30 10:56:59.503845
2.203031296100641,42.44864907221657,399.87194842967244,2025-09-30 10:56:59.503845
2.290564290307055,58.05778501207286,399.1035483904911,2025-09-30 10:56:59.503845
2.041411880236226,51.50788606609474,399.63592662061706,2025-09-30 10:56:59.503845
2.147026584554047,48.130048448390994,399.81820310620486,2025-09-30 10:56:59.503845
2.442759328435432,48.30611696798986,399.8783499541509,2025-09-30 10:56:59.503845
2.2907093725420267,57.66057879392124,399.59586352409747,2025-09-30 10:56:59.503845
2.224640027237918,55.29035032886432,400.14804418050784,2025-09-30 10:56:59.503845
2.2431921484842237,51.41953847034402,399.8442903860694,2025-09-30 10:56:59.503845
2.1986537709880065,50.16645800455921,400.82693431609493,2025-09-30 10:56:59.503845
2.0536705749517052,50.60437838980325,400.95510762286665,2025-09-30 10:56:59.503845
2.2505499760216363,48.68945974361419,400.65999551953837,2025-09-30 10:56:59.503845
2.3141547274167342,54.26393020792009,400.79143321293793,2025-09-30 10:56:59.503845
2.356572869080239,53.666752006013596,398.8761359577656,2025-09-30 10:56:59.503845
2.277922236256793,51.862913327368496,401.0838757580544,2025-09-30 10:56:59.503845
2.220062172371861,58.536236414930414,400.07453364340427,2025-09-30 10:56:59.503845
2.241635266550778,57.83374716719782,399.44491874640715,2025-09-30 10:56:59.503845
2.5127214369391297,58.4215032948574,399.69776575928,2025-09-30 10:56:59.503845
2.2511273836009837,52.6386876903575,400.29316748563946,2025-09-30 10:56:59.503845
2.197150503429149,57.73369437072305,399.1546995026558,2025-09-30 10:56:59.503845
2.259047356136494,61.62833165824721,399.9658641592135,2025-09-30 10:56:59.503845
2.3279364674640783,56.610315741998534,400.4773018308185,2025-09-30 10:56:59.503845
2.3419127724928073,61.788584648529756,400.0305719344931,2025-09-30 10:56:59.503845
2.2567099790078324,57.91984918338218,399.84944430692474,2025-09-30 10:56:59.503845
2.1441553058667235,53.45943917627377,399.09943455011364,2025-09-30 10:56:59.503845
2.329797733540815,60.250352063981595,398.8424610370942,2025-09-30 10:56:59.503845
2.203039097051987,50.46113341778366,399.8644026336914,2025-09-30 10:56:59.503845
2.2616792362773435,61.57812307851602,400.26941763340415,2025-09-30 10:56:59.503845
2.3154557252063306,53.48879905457071,400.7678177602965,2025-09-30 10:56:59.503845
2.32152846179751,56.71640816852998,399.4493014112563,2025-09-30 10:56:59.503845
2.268437649903331,50.39318995711122,399.1953560279463,2025-09-30 10:56:59.503845
2.3093105198304285,47.632532216449825,399.3933123287766,2025-09-30 10:56:59.503845
2.2643556041101007,59.44208208041857,400.0964283506067,2025-09-30 10:56:59.503845
2.385466501435721,49.29321829281715,399.16588484763565,2025-09-30 10:56:59.503845
2.0954733250267106,51.0360447411995,399.0398559522443,2025-09-30 10:56:59.503845
2.026101361353652,50.62488486237304,399.05381202762766,2025-09-30 10:56:59.503845
2.381951668511258,60.86494734199546,400.78182538334414,2025-09-30 10:56:59.503845
2.0276274718510545,60.530425993223076,398.47166706808446,2025-09-30 10:56:59.503845
2.309923392111015,54.158651115050134,398.4961256331742,2025-09-30 10:56:59.503845
2.203873377716178,62.90115796405356,398.32151876583225,2025-09-30 10:56:59.503845
2.282290973489808,51.78186588371298,399.5600858711858,2025-09-30 10:56:59.503845
2.1401609127618655,50.45407206919701,400.22696995973786,2025-09-30 10:56:59.503845
2.397786266248582,55.48694676483354,399.0615891522949,2025-09-30 10:56:59.503845
2.183225154860459,46.72626535199383,400.3202720133829,2025-09-30 10:56:59.503845
2.283171291008986,56.0319192085857,400.20406030670995,2025-09-30 10:56:59.503845
2.371918869187085,51.5838967245264,398.24269780345566,2025-09-30 10:56:59.503845
2.358276759867267,56.07324990018921,398.7700619682646,2025-09-30 10:56:59.503845
2.2949098342871825,49.96334292609763,400.08880830755066,2025-09-30 10:56:59.503845
2.282535629641774,61.86119316514886,399.9283052121432,2025-09-30 10:56:59.503845
2.2303187152063595,56.44167008720912,400.1284508617935,2025-09-30 10:56:59.503845
2.347096341377101,56.08786435861709,400.05416252913733,2025-09-30 10:56:59.503845
2.1286498049157925,58.017903549223696,399.7139025854413,2025-09-30 10:56:59.503845
2.1968365000146215,56.20039720725568,399.9985613715169,2025-09-30 10:56:59.503845
2.1847825504370726,53.11103584904933,399.12282384558563,2025-09-30 10:56:59.503845
2.2502360203671063,59.041163163894765,400.004779958326,2025-09-30 10:56:59.503845
2.2069287462481877,50.340840005548635,400.3056350861931,2025-09-30 10:56:59.503845
2.1680597416259944,68.16396750699133,398.28721653768986,2025-09-30 10:56:59.503845
2.2956887642120023,58.56128708629728,398.5933516330143,2025-09-30 10:56:59.503845
2.154320127957038,49.22412814238981,400.04650139229307,2025-09-30 10:56:59.503845
2.304033309671294,56.32875887530313,399.4510876321956,2025-09-30 10:56:59.503845
2.4528800334281757,56.527131237308865,399.2727925513794,2025-09-30 10:56:59.503845
2.4277225034016467,52.958242907436,399.6345504911857,2025-09-30 10:56:59.503845
2.2387154688467485,44.70443419014735,399.4608203607053,2025-09-30 10:56:59.503845
2.272506826275018,54.82961742007779,399.0773076653541,2025-09-30 10:56:59.503845
2.3452655029409604,49.21839012102804,398.9148596019144,2025-09-30 10:56:59.503845
2.1020356289625517,45.238712211555786,399.81792169884886,2025-09-30 10:56:59.503845
2.181656256741452,56.17256357685083,400.40989453245203,2025-09-30 10:56:59.503845
2.3211962169777163,51.53853364845571,400.1997522466864,2025-09-30 10:56:59.503845
2.3808068998716996,49.58616085349741,400.73120186874775,2025-09-30 10:56:59.503845
2.144348576043066,50.62327667582641,400.2682115049968,2025-09-30 10:56:59.503845
2.087817808964758,61.25499576242717,399.97733281662977,2025-09-30 10:56:59.503845
2.186845404948464,56.448084331574286,399.21047102538375,2025-09-30 10:56:59.503845
2.252158191278738,56.28723552510575,399.93325097099,2025-09-30 10:56:59.503845
2.23013249624581,48.16536702745774,399.6257755420344,2025-09-30 10:56:59.503845
2.200517917252526,55.651722598353864,399.06248090362476,2025-09-30 10:56:59.503845
2.281496002457267,44.56446094901592,400.02248773369723,2025-09-30 10:56:59.503845
2.2829401814339665,50.788277308047746,400.2414661893689,2025-09-30 10:56:59.503845
2.1018126414954943,57.36108845274099,398.80851792890763,2025-09-30 10:56:59.503845
2.441456536613328,48.84549615690176,400.39986435844617,2025-09-30 10:56:59.503845
2.3438772695258097,57.4424823366864,399.19569538191854,2025-09-30 10:56:59.503845
2.1570161806669024,47.85335578957523,399.0419034897646,2025-09-30 10:56:59.503845
2.2192956844143508,53.18901743950865,400.66895130699584,2025-09-30 10:56:59.503845
2.183886887426537,53.297847323212096,399.77303339905063,2025-09-30 10:56:59.503845
2.2729508394518496,56.795597704917235,400.78780660768086,2025-09-30 10:56:59.503845
2.178364212260257,52.24369325189338,399.3940674110052,2025-09-30 10:56:59.503845
2.4349106249650125,64.92044754852922,401.0463292938565,2025-09-30 10:56:59.503845
2.2208409603426125,55.996182338130694,401.38295956532687,2025-09-30 10:56:59.503845
2.18899826915548,60.889029708214565,400.2730699626486,2025-09-30 10:56:59.503845
2.2479835326783153,55.51363943998118,401.1126212784329,2025-09-30 10:56:59.503845
2.5663775482338025,61.773952928225896,401.7143505728448,2025-09-30 10:56:59.503845
2.2991367865759083,53.87990542184076,400.5013672729239,2025-09-30 10:56:59.503845
2.2843374171570408,59.39828399489416,401.24415047864716,2025-09-30 10:56:59.503845
2.3635564320821416,50.75663965535199,399.67693726761985,2025-09-30 10:56:59.503845
2.325001691080664,59.123182426443805,399.22827078782086,2025-09-30 10:56:59.503845
2.165323050999545,54.74414075460385,399.25682959238264,2025-09-30 10:56:59.503845
2.2338544927855764,54.5684464414005,398.9377183052374,2025-09-30 10:56:59.503845
2.1048823249313244,47.2870312511522,399.0636250209439,2025-09-30 10:56:59.503845
2.0977239119775777,56.858119956023316,398.86289049791355,2025-09-30 10:56:59.503845
2.2900760468025982,56.17436076084207,398.37246729280827,2025-09-30 10:56:59.503845
2.199777015424,57.507662305177504,399.237348533854,2025-09-30 10:56:59.503845
2.1224895721402857,49.720381111436375,399.7576193450994,2025-09-30 10:56:59.503845
2.1763003620691936,59.30701756715487,399.1145571993466,2025-09-30 10:56:59.503845
2.3586384232968913,53.20775316468046,398.1143046103212,2025-09-30 10:56:59.503845
2.2891959337410057,48.516669217760764,398.8332876049158,2025-09-30 10:56:59.503845
2.1751602850301053,54.66825832901372,398.39481632804365,2025-09-30 10:56:59.503845
2.3309018239232966,50.566942794358,399.00099691068715,2025-09-30 10:56:59.503845
2.310010200423306,53.97274152387825,397.95570553586293,2025-09-30 10:56:59.503845
2.1741617357746357,52.89350495413583,400.2805007455294,2025-09-30 10:56:59.503845
2.388024010980886,52.994057817085135,400.66676078661624,2025-09-30 10:56:59.503845
2.3705775400130555,57.90128494289738,400.0567582676534,2025-09-30 10:56:59.503845
2.160503466363887,50.40803789311711,400.3369530033951,2025-09-30 10:56:59.503845
2.028504164984652,51.832910445283424,400.6243231208778,2025-09-30 10:56:59.503845
2.230699536011984,55.52279667909102,398.2869340271643,2025-09-30 10:56:59.503845
2.1615865617881895,49.707845107685124,399.222894454872,2025-09-30 10:56:59.503845
2.217281456171295,47.236969809041994,400.468015761537,2025-09-30 10:56:59.503845
2.247176481190993,54.15497965951424,401.15146966957496,2025-09-30 10:56:59.503845
2.0998319571635666,53.218914741245364,399.0256554934869,2025-09-30 10:56:59.503845
2.041386815082333,61.40066138371324,400.33397189740396,2025-09-30 10:56:59.503845
2.2970105045251605,52.342041159930154,399.2220895269574,2025-09-30 10:56:59.503845
2.2352932252570077,56.27673479236671,400.3556020171568,2025-09-30 10:56:59.503845
2.2197715058723593,42.35080491811692,399.82483016495263,2025-09-30 10:56:59.503845
2.213092501718728,46.28017650260026,399.64670193757496,2025-09-30 10:56:59.503845
2.1847516053965945,53.23663372387244,398.4592038900777,2025-09-30 10:56:59.503845
2.129203146973157,51.7255791941093,400.39275597270364,2025-09-30 10:56:59.503845
2.2781310241496837,57.866146312218426,399.1964718124667,2025-09-30 10:56:59.503845
2.071081398259281,54.92933261264559,400.3293778019134,2025-09-30 10:56:59.503845
2.4129671329393543,56.930980888249714,398.7000807210168,2025-09-30 10:56:59.503845
2.3437190790546825,47.866607802919255,398.62225363861194,2025-09-30 10:56:59.503845
2.3734546723603898,51.24688146724156,400.1340038316657,2025-09-30 10:56:59.503845
2.2706921673869847,62.40987192358628,400.1882066271027,2025-09-30 10:56:59.503845
2.389817288024004,54.75099281185594,400.1044528866732,2025-09-30 10:56:59.503845
2.370513860729024,56.67778384414324,400.3503465785592,2025-09-30 10:56:59.503845
2.2281179579478034,55.556977136413806,399.8184056260176,2025-09-30 10:56:59.503845
2.306805162225586,57.7543180868436,400.7456004480147,2025-09-30 10:56:59.503845
2.278131790823941,60.1675036451081,400.32193096597547,2025-09-30 10:56:59.503845
2.2061749210271757,54.085111131137616,400.0470373285408,2025-09-30 10:56:59.503845
2.2166137388189795,49.88657169295585,398.8673462891913,2025-09-30 10:56:59.503845
2.2494080057735077,52.33538654221175,398.6214881892975,2025-09-30 10:56:59.503845
2.233760696325906,54.266858517593455,399.702993982782,2025-09-30 10:56:59.503845
2.2599320474759446,62.74386067564562,399.31306858368936,2025-09-30 10:56:59.503845
2.1760995667835132,53.88850308947512,399.93953608572,2025-09-30 10:56:59.503845
2.2634664803226348,52.55326763822886,401.2852813447431,2025-09-30 10:56:59.503845
2.209401552018867,53.06054344372395,400.51663098182354,2025-09-30 10:56:59.503845
2.281674426359052,60.91274031856692,399.20454940775386,2025-09-30 10:56:59.503845
2.2588140599704816,58.12994045080508,401.306785801386,2025-09-30 10:56:59.503845
2.037618042470393,54.2725300308517,397.7178689328906,2025-09-30 10:56:59.503845
2.5262910343525538,54.31465123743767,400.21455819893544,2025-09-30 10:56:59.503845
2.0919381033476707,57.844822172364175,399.7453485890721,2025-09-30 10:56:59.503845
2.2010218587416537,57.15169335469273,399.8484727538952,2025-09-30 10:56:59.503845
2.276141201230297,45.569696965294014,401.4628569785475,2025-09-30 10:56:59.503845
2.3573028002909218,44.45567986566658,398.6449357419433,2025-09-30 10:56:59.503845
2.2917590630499265,52.5289312228521,398.97357588161,2025-09-30 10:56:59.503845
2.3724576673007176,65.89682003271034,399.46161625303944,2025-09-30 10:56:59.503845
2.2616624879706535,49.870836585733166,397.8629398249164,2025-09-30 10:56:59.503845
2.1826027417049896,60.32552296960423,397.95715360273977,2025-09-30 10:56:59.503845
2.05176458579374,54.27337898062046,398.5182900898659,2025-09-30 10:56:59.503845
2.401087779377277,53.22723674835494,400.180409549398,2025-09-30 10:56:59.503845
2.2142536567338014,46.31758393059475,399.52031109445,2025-09-30 10:56:59.503845
2.46456944895727,61.75373839581354,399.7876415424328,2025-09-30 10:56:59.503845
2.171627601332056,65.18335083195936,398.7483401987795,2025-09-30 10:56:59.503845
2.2967432491954787,51.84624688989463,399.3446193063565,2025-09-30 10:56:59.503845
2.251376614667413,56.83764913912256,397.67850595868333,2025-09-30 10:56:59.503845
2.32291439352189,65.53304592837388,399.0482298923628,2025-09-30 10:56:59.503845
2.4189927000644205,60.48772012378253,399.8519340652232,2025-09-30 10:56:59.503845
2.3020654532912213,51.206793923930164,400.6521796619594,2025-09-30 10:56:59.503845
2.282692413993737,50.98577874206914,399.4528383973405,2025-09-30 10:56:59.503845
2.1889111411992612,54.203888041754034,399.1941506795169,2025-09-30 10:56:59.503845
2.226382834576884,48.74255466603417,399.92560148454015,2025-09-30 10:56:59.503845
2.205243439633978,59.332684176895455,400.8291246598605,2025-09-30 10:56:59.503845
2.3404746583418587,56.448399357835164,399.67153484236826,2025-09-30 10:56:59.503845
2.260234977415405,53.56188831300968,399.9749887218128,2025-09-30 10:56:59.503845
2.299914872657962,45.184907297780825,399.46604080420565,2025-09-30 10:56:59.503845
2.1987752029831635,52.9748785351164,399.51456500768165,2025-09-30 10:56:59.503845
2.341603289624022,55.22112982499459,398.3140379686233,2025-09-30 10:56:59.503845
2.1027831117625446,56.39432013099479,400.79230633359214,2025-09-30 10:56:59.503845
2.401242358574035,46.23552809553543,400.8169530776701,2025-09-30 10:56:59.503845
2.210339679867148,47.51447657064204,399.1475915732885,2025-09-30 10:56:59.503845
2.3428497341251924,54.432897884624154,400.3082547318579,2025-09-30 10:56:59.503845
2.308719334097843,58.19156446243601,401.6807798317737,2025-09-30 10:56:59.503845
2.369312374204348,59.043247747704534,399.9199716029556,2025-09-30 10:56:59.503845
2.3103876116889572,54.048887555670305,400.7562131966689,2025-09-30 10:56:59.503845
2.166478888300732,53.88704776476872,399.32799527190974,2025-09-30 10:56:59.503845
2.262653272110174,53.86093823511226,399.5762079784515,2025-09-30 10:56:59.503845
2.296140167710699,51.33730173435076,399.84219187876045,2025-09-30 10:56:59.503845
2.206009938831554,59.82134089259557,399.5237841612627,2025-09-30 10:56:59.503845
2.2520366919913304,52.319905121669876,399.4080992895324,2025-09-30 10:56:59.503845
2.337977782939869,58.757075818808026,399.65425764248334,2025-09-30 10:56:59.503845
2.2421629448933937,48.61406219724779,399.86713122592033,2025-09-30 10:56:59.503845
2.276082225480858,55.62676760913656,400.81926705509966,2025-09-30 10:56:59.503845
2.37961133944299,50.465279358290324,400.656321991592,2025-09-30 10:56:59.503845
2.334055610092685,60.37975063293905,399.70749300935665,2025-09-30 10:56:59.503845
2.301532380842893,54.04348853717008,401.6891167132552,2025-09-30 10:56:59.503845
2.142865749469746,55.22353916092597,399.3725391039169,2025-09-30 10:56:59.503845
2.2717047725210837,52.85822543590361,399.8472563572766,2025-09-30 10:56:59.503845
2.210452377350859,63.88703015560145,399.6860458704121,2025-09-30 10:56:59.503845
2.312112783368813,55.457957610145534,398.0463437839766,2025-09-30 10:56:59.503845
2.3071644675851144,60.9153421537372,400.02624053556127,2025-09-30 10:56:59.503845
2.4963427436277583,53.622343119472674,399.1387175204399,2025-09-30 10:56:59.503845
2.3122659864804933,61.96697086884828,399.46516474937727,2025-09-30 10:56:59.503845
2.195655292896178,53.76841204266253,400.7139951646978,2025-09-30 10:56:59.503845
2.1768395119347814,59.1980341158375,399.64293394279673,2025-09-30 10:56:59.503845
2.2194505569508096,53.694926539218805,399.9796633238384,2025-09-30 10:56:59.503845
2.199675228396145,58.40944679313164,398.82908489042853,2025-09-30 10:56:59.503845
2.3791006805546187,67.33063745206174,400.43312993185674,2025-09-30 10:56:59.503845
2.1693613784483965,51.08277793906131,400.19340117522876,2025-09-30 10:56:59.503845
2.1803048058405494,55.608982387245,399.029414573216,2025-09-30 10:56:59.503845
2.198559987051533,50.817862018823064,398.59608381638145,2025-09-30 10:56:59.503845
2.24444914012446,57.60760824102137,399.76879915868835,2025-09-30 10:56:59.503845
2.14578804846958,46.80102991467006,398.5811521339999,2025-09-30 10:56:59.503845
2.2070766727102873,65.94809463058127,400.4610070653733,2025-09-30 10:56:59.503845
2.201922693372693,50.70665437312682,398.9479166648633,2025-09-30 10:56:59.503845
2.225587473487568,49.76622546131164,398.44045157045446,2025-09-30 10:56:59.503845
2.319821900044395,58.94281799783471,399.3647282612643,2025-09-30 10:56:59.503845
2.442491841128063,46.27949410989214,399.4091894978187,2025-09-30 10:56:59.503845
2.2797449858554555,51.385603274669144,398.29946031038645,2025-09-30 10:56:59.503845
2.1242229368007037,52.44180908858853,399.65211157628863,2025-09-30 10:56:59.503845
2.3040974305364728,44.2751912092066,400.1463412057886,2025-09-30 10:56:59.503845
2.0503282062004295,53.17799328686773,399.44632535656865,2025-09-30 10:56:59.503845
2.2481027315394577,53.05969980088988,400.54338051536024,2025-09-30 10:56:59.503845
2.3410442454974,55.241718927721465,400.2807830535123,2025-09-30 10:56:59.503845
2.310652224954897,46.399499418516086,401.0238738288797,2025-09-30 10:56:59.503845
2.3160786261963002,53.64443997856226,398.3005767275195,2025-09-30 10:56:59.503845
2.255682906268987,55.046688214696395,399.74441966595975,2025-09-30 10:56:59.503845
2.2451474568415426,52.303761301185425,398.6756997644097,2025-09-30 10:56:59.503845
2.2490766466083136,40.99956468213822,399.88216622516796,2025-09-30 10:56:59.503845
2.412503921667329,57.065599545716125,398.55662169398255,2025-09-30 10:56:59.503845
2.2443347421120245,47.186505464956895,399.02451567373834,2025-09-30 10:56:59.503845
2.21721784590798,61.19777632834387,398.9881080335148,2025-09-30 10:56:59.503845
2.2465814538396796,61.8733424685214,398.9578514231927,2025-09-30 10:56:59.503845
2.3027250647341946,59.54778428275946,400.4753560461478,2025-09-30 10:56:59.503845
2.1413113764645586,52.45310369085311,400.0153480713197,2025-09-30 10:56:59.503845
2.215510298654363,54.99694448310611,399.205440883255,2025-09-30 10:56:59.503845
2.4954939279056596,51.445685965943866,400.6475524221648,2025-09-30 10:56:59.503845
2.1546663135452793,52.67157558653771,399.07232044933346,2025-09-30 10:56:59.503845
2.28719702587001,48.78859210262236,399.29292304671475,2025-09-30 10:56:59.503845
2.2027871181127234,49.276712681585735,399.9072238882176,2025-09-30 10:56:59.503845
2.317428799719037,62.32273029497939,400.21294363237547,2025-09-30 10:56:59.503845
2.3750790033599007,48.92747093215249,399.5222889474393,2025-09-30 10:56:59.503845
2.2067919339440847,55.37505746641764,399.429998166447,2025-09-30 10:56:59.503845
2.300173205081329,57.82580559358312,398.5715381226459,2025-09-30 10:56:59.503845
2.152151169945875,44.037232210930085,397.6379976255996,2025-09-30 10:56:59.503845
2.3061171110333807,61.903711235424254,400.2957050190487,2025-09-30 10:56:59.503845
2.2263234909863843,60.151178823326646,399.1818003884121,2025-09-30 10:56:59.503845
2.2102047264765345,57.73129180768023,400.5866083016491,2025-09-30 10:56:59.503845
2.2766112141973447,58.06714248128193,398.53329321463104,2025-09-30 10:56:59.503845
2.2016942145537914,51.07285005353165,399.46558853399927,2025-09-30 10:56:59.503845
2.362817889936835,58.24396626821657,399.5462239014539,2025-09-30 10:56:59.503845
2.3055426316678376,56.31608221492763,400.04971839026905,2025-09-30 10:56:59.503845
2.1482931177984455,56.875300336168166,400.6226769412872,2025-09-30 10:56:59.503845
2.247090550897295,44.73553555488072,401.2518993381827,2025-09-30 10:56:59.503845
2.3694727746998807,56.58482041234896,399.68729769824546,2025-09-30 10:56:59.503845
2.3601264682861975,52.06735776439125,399.9237542005301,2025-09-30 10:56:59.503845
2.4360182567252213,55.13178691979669,398.90451114352305,2025-09-30 10:56:59.503845
2.4137755749264675,58.689337373788355,400.2615348139657,2025-09-30 10:56:59.503845
2.221363517084954,45.55408149535911,400.16323862336753,2025-09-30 10:56:59.503845
2.165097031195724,56.21072560346215,399.56792473655014,2025-09-30 10:56:59.503845
2.326465036386274,53.79993841835332,398.39121848852784,2025-09-30 10:56:59.503845
2.326426462687859,58.438730013905506,400.187810542127,2025-09-30 10:56:59.503845
2.2741555153137862,58.15162400724372,398.95583479205976,2025-09-30 10:56:59.503845
2.278776308988319,57.17266976965751,399.4063017065628,2025-09-30 10:56:59.503845
2.229206293273438,61.52013578933798,399.99562230947294,2025-09-30 10:56:59.503845
2.3969172546440083,54.789934026250556,400.718478261312,2025-09-30 10:56:59.503845
2.3259827523830645,60.06723212951427,400.2645547576972,2025-09-30 10:56:59.503845
2.3023886765639925,59.910463318672335,398.874398438019,2025-09-30 10:56:59.503845
2.2501417380885957,45.279563828247674,399.04826684364195,2025-09-30 10:56:59.503845
2.1267619860010294,52.29467299390016,398.91214469550897,2025-09-30 10:56:59.503845
2.2196164853153637,48.233841553696905,399.17366662592366,2025-09-30 10:56:59.503845
2.2991793309911257,52.720089979989375,398.92180134183036,2025-09-30 10:56:59.503845
2.3925361569283847,53.28649998346639,400.04889887536336,2025-09-30 10:56:59.503845
2.4164193990140084,47.83140459650265,400.4415991429728,2025-09-30 10:56:59.503845
2.265389399047599,49.341370945516296,398.78118569759,2025-09-30 10:56:59.503845
2.420736855661369,52.39632514299359,399.85664210989944,2025-09-30 10:56:59.503845
2.2517328731227395,63.08737377302849,399.06721644659456,2025-09-30 10:56:59.503845
2.2757876015064644,57.74846815384675,399.0785832002671,2025-09-30 10:56:59.503845
2.267544469440318,56.85439556167826,400.4062568479862,2025-09-30 10:56:59.503845
2.1528504607847294,57.06129828931394,400.4266454481891,2025-09-30 10:56:59.503845
2.4112066309793403,43.099297507679225,398.82583496927293,2025-09-30 10:56:59.503845
2.2108439240977624,52.78107179963907,400.14299996732683,2025-09-30 10:56:59.503845
2.1639515232151973,61.18915630092967,400.8143405503626,2025-09-30 10:56:59.503845
2.1521670169090164,54.56886266164034,399.3304038983478,2025-09-30 10:56:59.503845
2.158924179661586,56.3714875414178,400.75621343911695,2025-09-30 10:56:59.503845
2.4227665549679616,63.506780792212496,399.345261926244,2025-09-30 10:56:59.503845
2.20927233189755,55.367170535002074,398.7398258237376,2025-09-30 10:56:59.503845
2.240356203623932,50.27120782198928,401.2934680131603,2025-09-30 10:56:59.503845
2.1528616203937996,55.82353534308032,399.98744351966263,2025-09-30 10:56:59.503845
1.9956687338735988,50.23434233729184,399.5340312441241,2025-09-30 10:56:59.503845
2.0930524264916075,52.7026633947356,399.586501661225,2025-09-30 10:56:59.503845
2.374515013533046,48.002672690189854,400.97747584734026,2025-09-30 10:56:59.503845
2.3464452177758304,55.44631058763205,398.7727669988592,2025-09-30 10:56:59.503845
2.2519868961133516,58.60683215376586,400.7120082224391,2025-09-30 10:56:59.503845
2.2526375805471903,60.04644838579992,400.29564856871434,2025-09-30 10:56:59.503845
2.3577126386191987,53.27453343761294,400.9403334819829,2025-09-30 10:56:59.503845
2.281478252349392,60.65904069398627,400.0993722876626,2025-09-30 10:56:59.503845
2.4174675851856464,45.484409643594226,399.73029696144147,2025-09-30 10:56:59.503845
2.136478806120086,48.70540505218435,399.3363934034181,2025-09-30 10:56:59.503845
2.0939882609804754,59.34803245807384,398.55878616074284,2025-09-30 10:56:59.503845
2.3862872243323237,57.822410657125936,397.6136891185388,2025-09-30 10:56:59.503845
2.2954631814495454,61.58524392916516,399.1816295840199,2025-09-30 10:56:59.503845
2.308825238503161,61.616842718750675,400.98038484728147,2025-09-30 10:56:59.503845
2.1390838508336065,54.80618466982438,401.5290312934364,2025-09-30 10:56:59.503845
2.272288216502422,57.618398437737575,399.9503158066071,2025-09-30 10:56:59.503845
2.2695776883717853,58.46702400418482,399.02901903514424,2025-09-30 10:56:59.503845
2.3435955024577777,61.37489261808554,399.98936498176215,2025-09-30 10:56:59.503845
2.145105145645611,54.538079171069654,400.3411390384272,2025-09-30 10:56:59.503845
2.3044866176879264,51.22340751070883,398.90891341814967,2025-09-30 10:56:59.503845
2.389283653366833,53.141210938522846,400.19082272366177,2025-09-30 10:56:59.503845
2.448643435247715,49.991564529506995,399.1250496711836,2025-09-30 10:56:59.503845
2.206918966604231,52.96381492407754,401.22270771542,2025-09-30 10:56:59.503845
2.3932534311253284,45.96431647813726,399.92789918107553,2025-09-30 10:56:59.503845
2.3571735396406934,53.1674142024065,399.57914383815273,2025-09-30 10:56:59.503845
2.232574095780059,58.24782022780399,399.46773072266024,2025-09-30 10:56:59.503845
2.258112064152607,52.15175288900414,400.2957927082616,2025-09-30 10:56:59.503845
2.3686597718185864,54.24122171301207,400.5779312574633,2025-09-30 10:56:59.503845
2.1507038157881158,57.67069637021536,400.7832654934036,2025-09-30 10:56:59.503845
2.027648931889749,49.34979825019362,400.3605200190687,2025-09-30 10:56:59.503845
2.3760723683303913,57.58813854512816,399.5416489365058,2025-09-30 10:56:59.503845
2.506977074954803,55.552169231866166,399.1119454370746,2025-09-30 10:56:59.503845
2.1693122032599375,54.2934134907254,399.1584081950662,2025-09-30 10:56:59.503845
2.1422324957194006,54.17693140194035,400.4858300003605,2025-09-30 10:56:59.503845
2.288130435417242,52.68237619395468,399.6833031206594,2025-09-30 10:56:59.503845
2.271385494701736,57.334895098569696,400.9668278198773,2025-09-30 10:56:59.503845
2.461354295172095,44.96671064929154,398.90267265412905,2025-09-30 10:56:59.503845
2.2108495929397614,51.12680858676085,399.27606415250256,2025-09-30 10:56:59.503845
2.115655471153682,59.09460035308506,400.04029096030075,2025-09-30 10:56:59.503845
2.264418785596569,64.6811139556334,400.8930859465454,2025-09-30 10:56:59.503845
2.2151606857013233,54.26036398204837,399.10941580456966,2025-09-30 10:56:59.503845
2.159183454451477,59.43973501697023,398.9279217056446,2025-09-30 10:56:59.503845
2.0016354466996535,64.46694018524676,399.18876644261275,2025-09-30 10:56:59.503845
2.2255172537272636,59.0558342232138,400.2034845322657,2025-09-30 10:56:59.503845
2.0990342357317653,55.03501569736086,400.7727233475416,2025-09-30 10:56:59.503845
2.583345097269252,54.65813122762488,401.2617377274944,2025-09-30 10:56:59.503845
2.214866705600271,60.487479334965435,401.3616772338785,2025-09-30 10:56:59.503845
2.310087314554315,43.276417262785586,401.007269336008,2025-09-30 10:56:59.503845
2.3092421797848734,46.1594929829438,399.022958737351,2025-09-30 10:56:59.503845
2.1789392708216955,52.77308329565446,398.76603310701137,2025-09-30 10:56:59.503845
2.3378840511969496,55.25824254479028,400.0838978029358,2025-09-30 10:56:59.503845
2.4251389664892136,55.63140914894574,400.11099951447306,2025-09-30 10:56:59.503845
2.174117239852408,51.53651435261497,398.82609053566875,2025-09-30 10:56:59.503845
2.0782894774270884,54.989718065183865,401.1082971627336,2025-09-30 10:56:59.503845
2.1826458040662917,48.8204578347562,399.20050683910785,2025-09-30 10:56:59.503845
2.501761851429164,52.39560681914535,399.5684506518717,2025-09-30 10:56:59.503845
2.26949864088161,49.19990547882694,399.65733725631736,2025-09-30 10:56:59.503845
2.21905100683243,48.532831635477606,399.601497510214,2025-09-30 10:56:59.503845
2.101192260998776,50.94689720631026,400.8595960502334,2025-09-30 10:56:59.503845
2.2599570687645603,53.35813293187948,399.8975134750136,2025-09-30 10:56:59.503845
2.262810532949023,46.51651282334099,400.73834889170126,2025-09-30 10:56:59.503845
2.239465270397886,51.660449633144104,398.21576106361516,2025-09-30 10:56:59.503845
2.307858555418219,49.760868064305164,399.28321437251935,2025-09-30 10:56:59.503845
2.3692588291952736,51.25655410444572,400.9991904774949,2025-09-30 10:56:59.503845
2.2390544541533663,61.364519367531344,399.61381398287597,2025-09-30 10:56:59.503845
2.0670141599485223,65.10793451688863,400.39924513181603,2025-09-30 10:56:59.503845
2.3910872639502943,50.776618058759965,400.4291289352582,2025-09-30 10:56:59.503845
2.385333244641554,64.6558459404636,400.69774047556587,2025-09-30 10:56:59.503845
2.183747624486361,52.82848306563449,400.52539813435266,2025-09-30 10:56:59.503845
2.160430179055741,51.30815512086408,400.4339441685198,2025-09-30 10:56:59.503845
2.301748113497402,48.65483279757486,399.1778461073548,2025-09-30 10:56:59.503845
2.1439880892761445,47.9144799186833,401.3396218370501,2025-09-30 10:56:59.503845
2.181550443826253,51.55717247609817,400.6999627873719,2025-09-30 10:56:59.503845
2.2142397415855104,58.71843395175599,400.09058945801524,2025-09-30 10:56:59.503845
2.273404096370769,59.24684391430223,400.6819235311949,2025-09-30 10:56:59.503845
2.102653935322809,54.718215793967175,398.999536107235,2025-09-30 10:56:59.503845
2.259045797898906,59.33072294169176,399.83438313292265,2025-09-30 10:56:59.503845
2.066939992009503,51.24850516621875,399.8979696857109,2025-09-30 10:56:59.503845
2.3719503659109473,58.829648295553014,398.0828691021349,2025-09-30 10:56:59.503845
2.122526472393578,56.498082822394295,399.26209878076816,2025-09-30 10:56:59.503845
2.208609144572363,42.50233807577476,399.6833680753665,2025-09-30 10:56:59.503845
2.3257774665405875,53.707929027736824,399.0117239766512,2025-09-30 10:56:59.503845
2.287176426894334,50.37862837419415,399.61165223731047,2025-09-30 10:56:59.503845
2.298949983699456,52.062770946734766,401.1742835270375,2025-09-30 10:56:59.503845
2.1166842168358255,55.72183404158594,400.3811813913007,2025-09-30 10:56:59.503845
2.2806397101945413,59.52445528417472,399.8507080157035,2025-09-30 10:56:59.503845
2.127814423694345,51.132001125234936,399.67548549859464,2025-09-30 10:56:59.503845
2.156426818151191,48.186427268629956,400.1674332587022,2025-09-30 10:56:59.503845
2.110491162136177,62.03641200925765,398.97954755485284,2025-09-30 10:56:59.503845
2.2586410162049777,50.858254311485844,399.326755543207,2025-09-30 10:56:59.503845
2.429406747907639,49.33834563467782,398.87663136861363,2025-09-30 10:56:59.503845
2.29510669889461,59.42750463048241,400.0401136780122,2025-09-30 10:56:59.503845
2.23843411777262,44.512505705778956,398.85628205619,2025-09-30 10:56:59.503845
2.0920018406799614,64.86956623119443,400.1420355713365,2025-09-30 10:56:59.503845
2.2079175491716954,55.69729042768679,401.2489717168625,2025-09-30 10:56:59.503845
2.368066376842709,50.70858142848285,399.19621301942414,2025-09-30 10:56:59.503845
2.3348311538186564,51.08930185784461,398.907970623244,2025-09-30 10:56:59.503845
2.269494303358219,44.94501269584124,398.0448405193337,2025-09-30 10:56:59.503845
2.3305768534329037,55.969714632399764,398.5349752463088,2025-09-30 10:56:59.503845
2.269764568750956,51.066725750476444,400.89103336914565,2025-09-30 10:56:59.503845
2.2893236430095603,61.00834206207357,399.7053266462527,2025-09-30 10:56:59.503845
2.2319212804414184,43.792017537230834,399.8112345195518,2025-09-30 10:56:59.503845
2.2917939275115304,49.67081492011458,401.0660911084777,2025-09-30 10:56:59.503845
2.2784340120283426,57.19984339736549,398.92143177553265,2025-09-30 10:56:59.503845
2.2972138810530547,48.286138521481085,399.116106158329,2025-09-30 10:56:59.503845
2.1480992817519264,54.724075781085226,400.16672209472074,2025-09-30 10:56:59.503845
2.3527071161496282,59.59535935358583,400.85911584440777,2025-09-30 10:56:59.503845
2.373006758288442,42.692154224829146,400.32138819674634,2025-09-30 10:56:59.503845
2.4341063707550377,55.07093746911001,400.79289695097106,2025-09-30 10:56:59.503845
2.1707798705679946,57.75306299416415,400.74436157273624,2025-09-30 10:56:59.503845
2.1893572203579685,41.048689647215745,399.85682765598455,2025-09-30 10:56:59.503845
2.0998474650712775,59.76578448305322,399.10159529340325,2025-09-30 10:56:59.503845
2.0953109412780364,50.406278384584965,401.52131069020345,2025-09-30 10:56:59.503845
2.3135349478544014,56.588534467773954,397.8818067723859,2025-09-30 10:56:59.503845
2.387377485206451,51.688518346308655,400.0622060724596,2025-09-30 10:56:59.503845
2.3542159176532107,59.16419469334627,397.5001544257989,2025-09-30 10:56:59.503845
2.231519044145217,49.15850033815033,399.5119417960504,2025-09-30 10:56:59.503845
2.2093791041510285,60.350924335253794,399.8919504397546,2025-09-30 10:56:59.503845
2.3580268153908324,52.20380890646343,400.4042966549646,2025-09-30 10:56:59.503845
2.1672379795683,68.41153686759498,400.51974330368796,2025-09-30 10:56:59.503845
2.362590600656377,47.46185748720369,399.86051772629685,2025-09-30 10:56:59.503845
2.351136421349127,48.2019156574663,399.81202806161076,2025-09-30 10:56:59.503845
2.1275505960782857,60.12557126598218,399.62331381444955,2025-09-30 10:56:59.503845
2.3054387295821317,53.10938507360062,399.18170912493264,2025-09-30 10:56:59.503845
2.362536280095614,61.08137723843434,398.86459042621703,2025-09-30 10:56:59.503845
2.0798178779925407,52.031717411179734,398.67661133442465,2025-09-30 10:56:59.503845
2.05495995117579,65.6619779167081,399.88968590169094,2025-09-30 10:56:59.503845
2.1427388942270253,56.19938231389504,399.9809649603745,2025-09-30 10:56:59.503845
2.2122921097566888,47.69570093927019,397.8150558700568,2025-09-30 10:56:59.503845
2.3648275765085165,50.75279846787392,399.39565893442295,2025-09-30 10:56:59.503845
2.2718759674641227,52.14050069854147,400.281311135178,2025-09-30 10:56:59.503845
2.111696964766728,55.857556442382915,399.3658860913292,2025-09-30 10:56:59.503845
2.1339880195249736,49.65804056237386,399.56355590663753,2025-09-30 10:56:59.503845
2.0583338979736694,46.08401103995493,399.9043824240561,2025-09-30 10:56:59.503845
2.4870298855702573,61.6641584111098,398.76174896886636,2025-09-30 10:56:59.503845
2.3476577127605553,57.190532816557564,399.639628334481,2025-09-30 10:56:59.503845
2.226064807715674,56.19039101339103,398.5172795586239,2025-09-30 10:56:59.503845
2.439667061068515,57.21245205286956,398.3741742820713,2025-09-30 10:56:59.503845
2.282595679352123,46.09404271767148,400.5229188663321,2025-09-30 10:56:59.503845
2.3488542698801855,55.061929203849516,398.9686561131624,2025-09-30 10:56:59.503845
2.3027363253294584,52.49097436316886,399.43902957749356,2025-09-30 10:56:59.503845
2.225805210033804,56.877506325629746,399.3400601236084,2025-09-30 10:56:59.503845
2.2724325197662125,49.44175129814166,400.9003990271104,2025-09-30 10:56:59.503845
2.248783533215833,59.931443307691445,399.8864985217859,2025-09-30 10:56:59.503845
2.1603255420577745,48.752186048664726,399.1669681849209,2025-09-30 10:56:59.503845
2.3470091410774816,57.52778344677005,399.2914949008871,2025-09-30 10:56:59.503845
2.3357433289652474,56.14243952237811,400.22834391052544,2025-09-30 10:56:59.503845
2.224772802026753,52.97554761785482,400.28777988949605,2025-09-30 10:56:59.503845
2.196636605772383,53.63415248831411,401.2844915299215,2025-09-30 10:56:59.503845
2.2639739892592137,48.24244909154502,400.04797801807933,2025-09-30 10:56:59.503845
2.2675766586253587,54.042427284273806,400.28699275298646,2025-09-30 10:56:59.503845
2.3014357800818215,56.65653394972006,399.5283192668194,2025-09-30 10:56:59.503845
2.142753271610609,53.14444667595588,399.0089062188625,2025-09-30 10:56:59.503845
2.18326295570159,53.40112440111614,399.4179118091982,2025-09-30 10:56:59.503845
2.2731575671452475,60.043522287295744,399.4680878929702,2025-09-30 10:56:59.503845
2.354456909834921,57.10072186249051,399.3345557908211,2025-09-30 10:56:59.503845
2.2393850378220037,48.990888354639495,399.7913786246495,2025-09-30 10:56:59.503845
2.283487251479736,53.02112101369026,398.8930846290024,2025-09-30 10:56:59.503845
2.348621033586463,68.27417770147441,399.8653339081968,2025-09-30 10:56:59.503845
2.1872649459063562,58.17429800911196,400.91646143392484,2025-09-30 10:56:59.503845
2.2415152348239906,49.23386842544167,398.8655357142712,2025-09-30 10:56:59.503845
2.2576998941691144,54.86943092638529,400.6098166371567,2025-09-30 10:56:59.503845
2.3870219703428903,54.81602786483332,401.82252167524337,2025-09-30 10:56:59.503845
2.3091925555449557,46.37716586764987,399.70460047478394,2025-09-30 10:56:59.503845
2.0153856339047955,49.96720878202765,401.02349838052527,2025-09-30 10:56:59.503845
2.07416792952902,58.79236814751903,401.4879912190651,2025-09-30 10:56:59.503845
2.1489420452879497,56.09403034769229,399.9405989106203,2025-09-30 10:56:59.503845
2.187215729653115,50.28001458290665,399.4790492886675,2025-09-30 10:56:59.503845
2.2563953479710954,59.437159336620745,400.1230853857711,2025-09-30 10:56:59.503845
2.1855089909767864,61.14165757303726,398.7262694991008,2025-09-30 10:56:59.503845
2.4173293867238232,58.28142485330156,400.3453085860517,2025-09-30 10:56:59.503845
2.3386374753748247,51.590544449676614,398.54705457381243,2025-09-30 10:56:59.503845
2.2791162679173858,48.95884135455751,399.53188025877677,2025-09-30 10:56:59.503845
2.082643302103347,50.83283631911049,399.2187646470838,2025-09-30 10:56:59.503845
2.134154953103577,42.49669611193756,401.38242101255145,2025-09-30 10:56:59.503845
2.1302709227842267,49.96491486843834,399.31879184703763,2025-09-30 10:56:59.503845
2.2103792574990906,54.008721170626536,398.7423575821212,2025-09-30 10:56:59.503845
2.374759475892905,54.08560552388963,399.8896501086512,2025-09-30 10:56:59.503845
2.2878452776892186,43.15295139184829,400.4353373102262,2025-09-30 10:56:59.503845
2.296775025674099,57.481111038900075,399.015380640955,2025-09-30 10:56:59.503845
2.3314427839940204,55.59795144038161,400.8778978856246,2025-09-30 10:56:59.503845
2.289703124469797,63.1662958894613,399.6715093034919,2025-09-30 10:56:59.503845
2.381614295718185,54.42993913039467,398.8234027208465,2025-09-30 10:56:59.503845
2.3037748931028657,50.014624225007175,400.38275949478685,2025-09-30 10:56:59.503845
2.305838660086051,50.289061408702835,399.2753327084354,2025-09-30 10:56:59.503845
2.3109355186341145,54.09947257554693,397.9995377314843,2025-09-30 10:56:59.503845
2.2963055190904336,54.06982685272553,399.4183329872407,2025-09-30 10:56:59.503845
2.159608450284846,59.1812434574515,397.57281710117445,2025-09-30 10:56:59.503845
2.146941163605236,60.483017510975735,399.60970179652276,2025-09-30 10:56:59.503845
2.330300252096626,49.4692411441288,399.54544971669924,2025-09-30 10:56:59.503845
2.230853842419847,53.25423242165026,399.47902822888557,2025-09-30 10:56:59.503845
2.31255725896006,53.35822585844275,399.6108056890015,2025-09-30 10:56:59.503845
2.432026549196394,41.9830478353675,400.32524552874344,2025-09-30 10:56:59.503845
2.3172080913990483,53.28191409115035,400.0816524680923,2025-09-30 10:56:59.503845
2.1791623505917466,46.92654820588264,399.1335328152715,2025-09-30 10:56:59.503845
2.428882139267407,44.12424978665119,398.73928860936996,2025-09-30 10:56:59.503845
2.3069977641136004,46.93619004741399,399.06295333563065,2025-09-30 10:56:59.503845
2.2608265710008832,53.26864314862914,400.24675226687657,2025-09-30 10:56:59.503845
2.345956662235947,55.278488727271856,399.7146550344671,2025-09-30 10:56:59.503845
2.4063468128106926,60.738315169986905,398.0510610073849,2025-09-30 10:56:59.503845
2.162426226139307,52.274636835015826,400.0244191857398,2025-09-30 10:56:59.503845
2.3371175470078334,58.71051276715547,399.24783305399154,2025-09-30 10:56:59.503845
2.2238362308145736,47.069910979574644,399.1112476862064,2025-09-30 10:56:59.503845
2.0592019921892795,59.343659750725905,400.68504471837724,2025-09-30 10:56:59.503845
2.3029063696611205,53.28400105312427,400.2809411447714,2025-09-30 10:56:59.503845
2.2674718838011945,49.10082978258839,399.91118207604256,2025-09-30 10:56:59.503845
2.195375254781053,56.19258855270959,399.8241838625408,2025-09-30 10:56:59.503845
2.16044723782566,56.76973472036934,399.5897769601707,2025-09-30 10:56:59.503845
2.2071310058391647,52.09623804308996,398.5662841443258,2025-09-30 10:56:59.503845
2.1203997155034684,62.64719431166276,400.13044240002444,2025-09-30 10:56:59.503845
2.111309928077027,52.968148366238175,400.25276839468364,2025-09-30 10:56:59.503845
2.0999242737564368,56.98343926162924,399.11701620033887,2025-09-30 10:56:59.503845
2.2704090311789997,55.34936327983617,400.39605000386206,2025-09-30 10:56:59.503845
2.314889553660461,62.421195856389694,400.38680796350417,2025-09-30 10:56:59.503845
2.302862141240597,48.362061360689395,401.1302332408594,2025-09-30 10:56:59.503845
2.2076114729708136,40.03315007516114,399.2559674994052,2025-09-30 10:56:59.503845
2.11335586629336,48.181033242988356,399.56480967443434,2025-09-30 10:56:59.503845
2.2389057329326456,68.8967736810047,398.8615969600332,2025-09-30 10:56:59.503845
2.137734656156924,63.408096266404115,400.08886236167154,2025-09-30 10:56:59.503845
2.271311089352513,52.10573874445533,401.0359851380519,2025-09-30 10:56:59.503845
2.3512169912593714,56.31948172715992,399.1262702394631,2025-09-30 10:56:59.503845
2.3186666692210736,52.38918276298322,399.322307937418,2025-09-30 10:56:59.503845
2.1198426814737235,52.10674765612318,398.1547819015819,2025-09-30 10:56:59.503845
2.1848072799060905,50.168343329656864,399.7943525962649,2025-09-30 10:56:59.503845
2.1302733027096177,54.41045056914426,399.37627021862227,2025-09-30 10:56:59.503845
2.2103612561331634,48.98094230689492,399.18216459543703,2025-09-30 10:56:59.503845
2.301191620685708,64.71620773712796,400.4058154113339,2025-09-30 10:56:59.503845
2.386010283353534,56.93538634212103,400.7416199214409,2025-09-30 10:56:59.503845
2.4384316635202423,60.84488132673845,398.8122168057285,2025-09-30 10:56:59.503845
2.396708718217548,56.232417922385174,399.39843626671285,2025-09-30 10:56:59.503845
2.1862008343957005,51.649617803582004,398.7781814804875,2025-09-30 10:56:59.503845
2.335568675678507,52.22667703249083,399.4082958001975,2025-09-30 10:56:59.503845
2.2232696191830033,53.158002134869456,400.99336992000013,2025-09-30 10:56:59.503845
2.2304750100610318,59.1367395400778,399.3493131378372,2025-09-30 10:56:59.503845
2.417781777818215,50.92189147903674,398.6781362480378,2025-09-30 10:56:59.503845
2.355302092478836,50.68258745303052,399.503527209735,2025-09-30 10:56:59.503845
2.2838636473139444,59.9513439511731,399.89473085838097,2025-09-30 10:56:59.503845
2.2069995517096466,56.00885133853501,400.88501608680986,2025-09-30 10:56:59.503845
2.24627170474915,48.729362302189244,400.9876747152719,2025-09-30 10:56:59.503845
2.083677139538783,59.63972894789303,399.63543243955235,2025-09-30 10:56:59.503845
2.3986936345007694,62.13370249998745,400.5106624770192,2025-09-30 10:56:59.503845
2.298960072647585,55.08922817949436,400.5240816158643,2025-09-30 10:56:59.503845
2.0941861067157723,49.973236624609534,399.72076537483656,2025-09-30 10:56:59.503845
2.2288479963587595,51.89699410197115,398.9128107939477,2025-09-30 10:56:59.503845
2.2374852256728794,54.168098751745696,398.76527411327254,2025-09-30 10:56:59.503845
2.2549089758582634,57.90492365013406,399.3244421623809,2025-09-30 10:56:59.503845
2.1905681358490985,46.79227672613598,399.61160486510283,2025-09-30 10:56:59.503845
2.4046544520149893,51.03050651066424,398.4948825371962,2025-09-30 10:56:59.503845
2.15368688420707,56.70106160185476,399.53376885453423,2025-09-30 10:56:59.503845
2.2069810783706574,52.510050572883685,398.9285383736526,2025-09-30 10:56:59.503845
2.3488773911991014,53.39964090259694,399.95486818704177,2025-09-30 10:56:59.503845
2.2331205193835864,57.566086662499586,400.34880865635796,2025-09-30 10:56:59.503845
2.176077609571596,57.59241252408988,399.4643760469484,2025-09-30 10:56:59.503845
2.1485550571945646,55.38200436666105,399.45901831809687,2025-09-30 10:56:59.503845
2.3747148124948976,59.26815669597408,399.8300869974359,2025-09-30 10:56:59.503845
2.4495102766112993,56.74274551406994,399.69974882169925,2025-09-30 10:56:59.503845
2.2483840987119668,52.87086968119391,399.4599879698916,2025-09-30 10:56:59.503845
2.4446171012018105,55.76485079492776,400.1615567544178,2025-09-30 10:56:59.503845
2.20232637311197,55.65489714430794,399.55853640283215,2025-09-30 10:56:59.503845
2.279767903469672,51.78025668820437,399.0873138147392,2025-09-30 10:56:59.503845
2.2396363055931476,53.6512713047688,400.72838650405964,2025-09-30 10:56:59.503845
2.2675877517378895,48.910924032396025,400.79692524954396,2025-09-30 10:56:59.503845
2.389631520678088,52.84913380011197,399.1140638128773,2025-09-30 10:56:59.503845
2.18175397557625,54.55426630905042,400.27904245709857,2025-09-30 10:56:59.503845
2.3103905104838955,51.49910529377617,400.2129381268032,2025-09-30 10:56:59.503845
2.2240620449036,52.9287621467295,400.30488586472546,2025-09-30 10:56:59.503845
2.391639496076073,57.72535355987752,399.61553568280164,2025-09-30 10:56:59.503845
2.1901168579981865,52.14350932685067,398.75577582956663,2025-09-30 10:56:59.503845
2.29648026777219,42.72724206713697,398.14183171008835,2025-09-30 10:56:59.503845
2.3774246049825667,45.37095768386387,400.5425193739347,2025-09-30 10:56:59.503845
2.2792851302116652,57.59088142598771,398.2828309106083,2025-09-30 10:56:59.503845
2.2429487196944544,49.14519059369997,399.68691725734044,2025-09-30 10:56:59.503845
2.363300287874582,43.9445168098728,398.6173797347262,2025-09-30 10:56:59.503845
2.3378913412456557,54.707219630106586,399.5436997137634,2025-09-30 10:56:59.503845
2.2871126175725833,48.53645699835657,400.5299553351796,2025-09-30 10:56:59.503845
2.2094264207889465,54.891765947577625,398.3688475904873,2025-09-30 10:56:59.503845
2.3553295597836867,61.54049080415655,398.5175765246841,2025-09-30 10:56:59.503845
2.2287100826930653,58.701144300257354,399.20195878535213,2025-09-30 10:56:59.503845
2.3165593935209676,52.10270320251011,399.51190565298737,2025-09-30 10:56:59.503845
2.2564784627966565,59.06613969754498,398.1581472450589,2025-09-30 10:56:59.503845
2.306387687121912,56.15373411738296,398.8179120275671,2025-09-30 10:56:59.503845
2.405464285499297,50.11912413801111,400.681600820686,2025-09-30 10:56:59.503845
2.028279205494599,49.9427376125524,400.73165944796426,2025-09-30 10:56:59.503845
2.430041815756489,56.1008818756218,400.2054394375291,2025-09-30 10:56:59.503845
2.1406409269009545,49.36739997895684,402.09121350818873,2025-09-30 10:56:59.503845
2.3981179039458382,45.95505648769169,399.7865176517467,2025-09-30 10:56:59.503845
2.424433090603729,56.50892678788661,400.0087959866948,2025-09-30 10:56:59.503845
2.2310219351816567,46.454047436725965,399.68386298383933,2025-09-30 10:56:59.503845
2.29966019048981,52.14182695605808,400.31806015269575,2025-09-30 10:56:59.503845
2.2132078774812234,50.27580382596653,399.3980907366696,2025-09-30 10:56:59.503845
2.414963464933994,50.38464484874493,401.0756403480595,2025-09-30 10:56:59.503845
2.3088172085867678,49.23975832328343,400.4425745091529,2025-09-30 10:56:59.503845
2.2112711898234307,50.49631454662761,400.3836395940014,2025-09-30 10:56:59.503845
2.4741234353744317,51.91493011746644,399.2439237444916,2025-09-30 10:56:59.503845
2.254403609831496,60.460681586012434,399.199040113777,2025-09-30 10:56:59.503845
2.1770807825927707,44.17113643630048,399.67487215040165,2025-09-30 10:56:59.503845
2.178250146803988,56.606682757659144,400.3161454854885,2025-09-30 10:56:59.503845
2.3907369144418875,50.05633574390148,399.610683417709,2025-09-30 10:56:59.503845
1.9939404041636417,51.25721174460498,400.9925285661485,2025-09-30 10:56:59.503845
2.0159251614001583,49.975415950540956,399.0596998312726,2025-09-30 10:56:59.503845
2.255395842013528,57.32695943711031,400.7529122233371,2025-09-30 10:56:59.503845
2.1823307948963433,52.93967974852939,399.758848696504,2025-09-30 10:56:59.503845
2.291887838564923,56.614457951606965,399.13874878335156,2025-09-30 10:56:59.503845
2.188228469614915,57.442908288215186,399.8803572000691,2025-09-30 10:56:59.503845
2.3361563123395865,46.46932487561498,399.0338735204458,2025-09-30 10:56:59.503845
2.1761720466979226,56.37515605755957,398.11961758665166,2025-09-30 10:56:59.503845
2.0348699601751057,54.611135154029014,399.42929862717574,2025-09-30 10:56:59.503845
2.2316656615394144,47.81177686315194,400.4617351103051,2025-09-30 10:56:59.503845
2.227546282132952,59.360955435289135,400.2556523313063,2025-09-30 10:56:59.503845
2.291721521474116,51.38280463634869,400.24601840759624,2025-09-30 10:56:59.503845
2.297094641825477,50.13426813390505,399.45264719392384,2025-09-30 10:56:59.503845
2.097627504041568,57.48434798728176,398.0866921160372,2025-09-30 10:56:59.503845
2.322152410674801,54.697149266306766,400.4567366759309,2025-09-30 10:56:59.503845
2.4822152959244526,54.10443910145145,400.0376960260434,2025-09-30 10:56:59.503845
2.3098195215459567,53.59762032005262,400.32653130814947,2025-09-30 10:56:59.503845
2.46711215604226,55.797078160725164,400.2939852602069,2025-09-30 10:56:59.503845
2.1935311710913146,39.91816919817613,398.143806227408,2025-09-30 10:56:59.503845
2.2072294478283667,50.17403851112839,400.5093197577843,2025-09-30 10:56:59.503845
2.2206999554017277,45.31318333495752,400.8264236008757,2025-09-30 10:56:59.503845
2.213015993721125,46.58426172185116,397.98878453179555,2025-09-30 10:56:59.503845
2.2763920623381355,54.79334431538963,398.70176852219254,2025-09-30 10:56:59.503845
2.354759450587864,48.230540664981234,398.1912450145803,2025-09-30 10:56:59.503845
2.1182887599669766,55.39826699709246,399.5875123051015,2025-09-30 10:56:59.503845
2.4155607906530654,62.984262309784675,401.87165980572433,2025-09-30 10:56:59.503845
2.250878723073336,57.593895171960725,400.22299964043344,2025-09-30 10:56:59.503845
2.1199872093090413,46.23861514338044,400.94195422332376,2025-09-30 10:56:59.503845
2.1567581595525236,57.29826547085801,399.04237355104954,2025-09-30 10:56:59.503845
2.267581065494419,55.15131947631735,399.673448822309,2025-09-30 10:56:59.503845
2.376353070250264,47.92256812799191,398.51167908098034,2025-09-30 10:56:59.503845
2.3565729294753237,54.171565428497445,400.1803604947422,2025-09-30 10:56:59.503845
2.306089193155549,53.07235031216162,399.7360259169608,2025-09-30 10:56:59.503845
2.2935018080170875,53.66484370039948,401.42433413112576,2025-09-30 10:56:59.503845
2.160039329213871,51.152661033970816,400.12265218445367,2025-09-30 10:56:59.503845
2.3797576194720493,57.249742272705326,400.6568422671928,2025-09-30 10:56:59.503845
2.178351932830902,55.30313016614958,398.7191283483162,2025-09-30 10:56:59.503845
2.324568013191392,47.679524829846535,400.39587931780244,2025-09-30 10:56:59.503845
2.2438507338708704,50.25171587746769,398.9897176732713,2025-09-30 10:56:59.503845
2.3181593500455895,52.62520703509123,399.2751687942569,2025-09-30 10:56:59.503845
2.223366878782427,59.60297680822838,398.9905117525712,2025-09-30 10:56:59.503845
2.324528092704114,50.27868803478471,399.24749357057937,2025-09-30 10:56:59.503845
2.3812799537743654,55.68450897061225,398.23241590108455,2025-09-30 10:56:59.503845
2.2503030139515108,58.55672303973519,399.07687124011346,2025-09-30 10:56:59.503845
2.3268194377663534,44.838359977629864,399.6892998920546,2025-09-30 10:56:59.503845
2.2669354065091576,49.81452802846495,400.194476675334,2025-09-30 10:56:59.503845
2.3283055012330665,54.674702087403716,399.3494810533822,2025-09-30 10:56:59.503845
2.3462799679206476,53.4294027184137,400.6447643551802,2025-09-30 10:56:59.503845
2.358090881497111,61.694014842574504,398.722921010584,2025-09-30 10:56:59.503845
2.2851856408071605,55.08868425311199,399.0797100248741,2025-09-30 10:56:59.503845
2.3172885962548926,59.609186260646204,399.21177778828286,2025-09-30 10:56:59.503845
2.2556142665920347,55.62982838004207,399.81264492900675,2025-09-30 10:56:59.503845
2.3702814542397554,61.42925709123267,399.7996629644249,2025-09-30 10:56:59.503845
2.152060805638919,50.962484286154904,399.19844976836424,2025-09-30 10:56:59.503845
2.320477816790298,59.535714468498085,400.5388518931202,2025-09-30 10:56:59.503845
2.16305538042959,47.95309633761951,400.4515205291203,2025-09-30 10:56:59.503845
2.2727626062102866,61.99769132126471,399.64960647862637,2025-09-30 10:56:59.503845
2.315760402408151,51.951313690297205,399.6993774368219,2025-09-30 10:56:59.503845
2.2259566366644012,58.66935623604187,399.5106843515821,2025-09-30 10:56:59.503845
2.237973951123632,47.900694867970465,400.3762986820245,2025-09-30 10:56:59.503845
2.3485656290439634,49.1130471841497,399.51774497962396,2025-09-30 10:56:59.503845
2.2765676953958875,54.41554564333059,399.35827311342683,2025-09-30 10:56:59.503845
2.334549401613431,60.24876092885558,400.09376392427026,2025-09-30 10:56:59.503845
2.182483266149311,58.03705168230619,398.45447065418153,2025-09-30 10:56:59.503845
2.3269892869796878,50.366655599004154,399.70052036219033,2025-09-30 10:56:59.503845
2.288761304731737,54.16250393011603,399.35454765762717,2025-09-30 10:56:59.503845
2.335830301271798,62.202313102301716,400.00036886945367,2025-09-30 10:56:59.503845
2.2695152051502556,50.226968064289814,399.3500363099821,2025-09-30 10:56:59.503845
2.1724243713089337,50.41608540388072,398.44138226785617,2025-09-30 10:56:59.503845
2.0721245171069063,56.992616423814,398.4887442247028,2025-09-30 10:56:59.503845
2.2562006996642845,55.32322310599603,399.46977110247497,2025-09-30 10:56:59.503845
2.062502578101421,47.89659392042129,400.64726601866494,2025-09-30 10:56:59.503845
2.1653998386840763,50.65991868154174,399.68811995939075,2025-09-30 10:56:59.503845
2.2524431436096326,54.32116453009632,401.3486175728073,2025-09-30 10:56:59.503845
2.211605427417238,57.94806624919075,398.4517707622061,2025-09-30 10:56:59.503845
2.2214001553817564,53.32138461681121,399.9112074534936,2025-09-30 10:56:59.503845
2.247105344293838,59.03537224851178,399.1692843246365,2025-09-30 10:56:59.503845
2.2210977710287954,56.300650710954116,400.3165538542813,2025-09-30 10:56:59.503845
2.179246683778104,49.364325550839794,400.0104796453763,2025-09-30 10:56:59.503845
2.287801937043881,42.84186515774539,399.3513583007389,2025-09-30 10:56:59.503845
2.364982349167149,55.842158967446736,398.48646335505043,2025-09-30 10:56:59.503845
2.3600646220721337,54.10966118123488,398.5519470164672,2025-09-30 10:56:59.503845
2.1892673459328833,51.52026190812094,399.38950554685886,2025-09-30 10:56:59.503845
2.079160230980658,50.024204342630085,399.20245225396764,2025-09-30 10:56:59.503845
2.298959580884016,53.26837906497443,399.97156195565697,2025-09-30 10:56:59.503845
2.263786794849611,57.83193121551244,399.23356604138854,2025-09-30 10:56:59.503845
2.056726030464233,57.74784072195124,400.134164058704,2025-09-30 10:56:59.503845
2.087172264929015,56.96869992665276,401.17423587885327,2025-09-30 10:56:59.503845
2.049685340444189,58.02434287282579,399.65514127439263,2025-09-30 10:56:59.503845
2.278954452575271,58.96594726522314,399.22859329888485,2025-09-30 10:56:59.503845
2.312129355267119,54.66027639074069,399.22619243235124,2025-09-30 10:56:59.503845
2.294111450993653,55.51587909783964,400.95190036984917,2025-09-30 10:56:59.503845
2.2170605628180957,56.732753443478124,399.97638778316207,2025-09-30 10:56:59.503845
2.1188868544578976,56.926761145974346,399.4655766903657,2025-09-30 10:56:59.503845
2.0565667310270848,51.324085444164446,401.42792567664986,2025-09-30 10:56:59.503845
2.1507008258177174,53.20929723742391,399.74111517978594,2025-09-30 10:56:59.503845
2.1542227610613747,50.04945465995857,399.94235172923425,2025-09-30 10:56:59.503845
2.3122831944606697,51.72233608581923,399.4904703142175,2025-09-30 10:56:59.503845
2.209307389672114,55.12211353738571,399.52426823867415,2025-09-30 10:56:59.503845
2.287001548419878,53.419818030379474,398.89846514291554,2025-09-30 10:56:59.503845
2.297282068319075,48.873256310974526,401.718609857822,2025-09-30 10:56:59.503845
2.3817911255594137,46.28055115729727,400.38358453978924,2025-09-30 10:56:59.503845
2.2184171087584015,55.74806061331371,399.63061070479284,2025-09-30 10:56:59.503845
2.2799003305717584,57.68144335755179,399.4503046276824,2025-09-30 10:56:59.503845
2.3179691616226097,48.435541723704816,399.700127277761,2025-09-30 10:56:59.503845
2.1853030138836695,51.226838332690036,400.46040506684767,2025-09-30 10:56:59.503845
2.161394405384809,60.670102839748886,400.36531938163785,2025-09-30 10:56:59.503845
2.352322258242565,49.01032067073075,399.4907203404247,2025-09-30 10:56:59.503845
2.096762426247698,66.0257339509714,397.2132478613529,2025-09-30 10:56:59.503845
2.2802888383894877,54.0782161468063,397.90778061061013,2025-09-30 10:56:59.503845
2.2049576971733673,56.216466021089225,401.0799774514019,2025-09-30 10:56:59.503845
2.2016942535417465,52.780673930642,398.52561798796637,2025-09-30 10:56:59.503845
2.2982086530278703,52.09806114105448,400.96236099577857,2025-09-30 10:56:59.503845
2.289150831261272,59.63884189513316,398.76713013640483,2025-09-30 10:56:59.503845
2.2453624214201846,59.408400887084454,399.64749203067544,2025-09-30 10:56:59.503845
2.323349546867098,66.00822662724198,398.9308063331918,2025-09-30 10:56:59.503845
2.2948828289152106,51.137664989756104,399.35466716175586,2025-09-30 10:56:59.503845
2.370320016736251,60.37937931093704,399.7138310972618,2025-09-30 10:56:59.503845
2.2544989218603235,56.27724802787205,400.1523436217979,2025-09-30 10:56:59.503845
2.1126517518018346,68.24176953423967,399.27722418183913,2025-09-30 10:56:59.503845
2.167594842075861,54.5337087163997,400.6948533451663,2025-09-30 10:56:59.503845
2.1574810465494334,57.11795696219382,400.71203675988403,2025-09-30 10:56:59.503845
2.162050046679972,47.631237953715896,400.082400777795,2025-09-30 10:56:59.503845
2.1810822822005376,51.61219428999904,399.46288391339175,2025-09-30 10:56:59.503845
2.2628694360058605,51.08302216951505,399.3646152010871,2025-09-30 10:56:59.503845
2.1243268395566854,53.4348919489876,399.70052306390374,2025-09-30 10:56:59.503845
2.475275469648058,58.276570404731565,399.10770738050286,2025-09-30 10:56:59.503845
2.392226197314068,60.1638837652744,398.90385269125164,2025-09-30 10:56:59.503845
2.2633065236907806,48.39807437513522,400.300432258741,2025-09-30 10:56:59.503845
2.105489182182087,64.09984678253166,400.0135581102248,2025-09-30 10:56:59.503845
2.2553073647670354,44.664378448667,399.5894222390012,2025-09-30 10:56:59.503845
2.29464768148112,58.590587717506246,399.6106530006869,2025-09-30 10:56:59.503845
2.187716751442098,55.77963600044515,398.5781587379078,2025-09-30 10:56:59.503845
2.1300325537712737,46.60175251483748,400.1596858845282,2025-09-30 10:56:59.503845
2.0833275646080924,48.30185297790945,399.2431790736842,2025-09-30 10:56:59.503845
2.321810625816031,48.13687795202141,400.7969067053211,2025-09-30 10:56:59.503845
2.2891230946474512,54.17786986750565,400.8507999832544,2025-09-30 10:56:59.503845
2.2564178306932643,56.3208322324878,400.27451719318805,2025-09-30 10:56:59.503845
2.4206613168371893,45.48391967120344,399.57256981444624,2025-09-30 10:56:59.503845
2.2698249258302052,52.827010088508146,400.21423995052436,2025-09-30 10:56:59.503845
2.2965983263257628,58.287278519407295,401.00587346388755,2025-09-30 10:56:59.503845
2.2178149018684197,48.79763918972232,399.9648699586454,2025-09-30 10:56:59.503845
2.4202211863668883,56.55939158598337,399.91600166020487,2025-09-30 10:56:59.503845
2.285923310577823,53.5606961874721,399.1952525675555,2025-09-30 10:56:59.503845
2.24486328272727,53.99577834091414,398.35595362441853,2025-09-30 10:56:59.503845
2.513005444417101,59.4811921994763,399.48838275877745,2025-09-30 10:56:59.503845
2.3077529038556035,51.45941244501761,400.9015730612504,2025-09-30 10:56:59.503845
2.357205244994227,42.49405996984582,399.9303434319724,2025-09-30 10:56:59.503845
2.4654442801554985,52.90577414816013,400.58388146393276,2025-09-30 10:56:59.503845
1.9894605005890043,51.215831091337904,399.8422272691987,2025-09-30 10:56:59.503845
2.2091833340761835,66.48714075481352,399.4669335102884,2025-09-30 10:56:59.503845
2.386995885124621,55.82466668050138,399.1589907513548,2025-09-30 10:56:59.503845
2.2491128766086352,53.244441286951144,400.07585629382413,2025-09-30 10:56:59.503845
2.416920333989879,51.06548749595365,399.74563947594334,2025-09-30 10:56:59.503845
2.410806730259934,56.08236421306422,399.813857399939,2025-09-30 10:56:59.503845
2.1575529663660618,51.66836812645748,400.05354574157155,2025-09-30 10:56:59.503845
2.294239447344388,58.594263492109825,399.86296093423357,2025-09-30 10:56:59.503845
2.2649456708581823,56.89722906784241,400.0659389397186,2025-09-30 10:56:59.503845
2.2310526765211796,56.25209060877093,400.1561520081919,2025-09-30 10:56:59.503845
2.248321842335027,62.870919767237424,399.4401752447824,2025-09-30 10:56:59.503845
2.1304712162623227,49.4089693772194,399.414251414067,2025-09-30 10:56:59.503845
2.1942949165648686,55.339177483430475,400.5605432799165,2025-09-30 10:56:59.503845
2.2528007616194254,47.65416984485656,400.8897505625857,2025-09-30 10:56:59.503845
2.3011569776523633,53.28211806188836,399.6814555301007,2025-09-30 10:56:59.503845
2.1691740302397067,46.36683947901098,400.3856982964163,2025-09-30 10:56:59.503845
2.114761317089763,53.13683185460536,400.23344153017945,2025-09-30 10:56:59.503845
2.1145413551387717,45.32605337628296,400.062595903303,2025-09-30 10:56:59.503845
2.242801167994763,53.69948991753427,400.846303916778,2025-09-30 10:56:59.503845
2.4844673712188725,52.17318105280762,398.59998877489284,2025-09-30 10:56:59.503845
2.553542562003139,47.148243622822264,400.3536987728327,2025-09-30 10:56:59.503845
2.37748581652564,63.542659086366385,400.1734735011954,2025-09-30 10:56:59.503845
2.13995239377878,51.822239291951846,399.5452290101017,2025-09-30 10:56:59.503845
2.2733382370177493,57.362377035797074,401.21519909969845,2025-09-30 10:56:59.503845
2.097532731077213,62.296908064685525,399.62980800606925,2025-09-30 10:56:59.503845
2.1520637606821253,54.891819156540365,400.3351123111495,2025-09-30 10:56:59.503845
2.2407118580819976,47.14607138961523,400.02594168099245,2025-09-30 10:56:59.503845
2.347720944634696,58.40484733297579,399.87535504234137,2025-09-30 10:56:59.503845
2.2646077558529862,50.9370750221064,400.738837185885,2025-09-30 10:56:59.503845
2.2154942590695534,61.21142370004601,399.05091226213295,2025-09-30 10:56:59.503845
2.345477014769038,48.04433081220182,399.0973798632407,2025-09-30 10:56:59.503845
2.1763323590589856,57.27030363939249,400.08517189249415,2025-09-30 10:56:59.503845
2.3599018976190393,48.690734590983524,399.1979099264303,2025-09-30 10:56:59.503845
2.245930335905466,46.19688816646178,399.0618017211324,2025-09-30 10:56:59.503845
2.275140245799202,55.59271371281473,399.7889218948648,2025-09-30 10:56:59.503845
2.373517896025828,55.2219359015046,400.0034381311297,2025-09-30 10:56:59.503845
2.484456276377762,50.19097685643739,399.20399736087006,2025-09-30 10:56:59.503845
2.183058800472034,52.76798301802531,399.25396707541074,2025-09-30 10:56:59.503845
2.327109210821779,45.58441706664874,399.4523817664339,2025-09-30 10:56:59.503845
2.181751234429668,63.23575491171512,400.7836076030137,2025-09-30 10:56:59.503845
2.2344062666954345,50.23921104065154,400.4493102782958,2025-09-30 10:56:59.503845
2.1019006516660346,54.76575033646142,400.9563385833178,2025-09-30 10:56:59.503845
2.336176283331983,49.95274479308021,399.77496229514406,2025-09-30 10:56:59.503845
2.0481915590184263,53.93445486509818,399.80053853777747,2025-09-30 10:56:59.503845
2.230137837417917,58.16751905875777,399.58367838243277,2025-09-30 10:56:59.503845
2.3386595011693707,52.79120475187373,399.2797361642475,2025-09-30 10:56:59.503845
2.440892611668594,52.223209794919725,399.71237424068505,2025-09-30 10:56:59.503845
2.1565248053000134,57.36021110874972,399.2277024895147,2025-09-30 10:56:59.503845
2.258739563585755,46.7582148247374,400.13136169305164,2025-09-30 10:56:59.503845
2.278401288162205,53.412685850758244,398.98266163211724,2025-09-30 10:56:59.503845
2.149939384283321,53.94243298312025,399.00133123162374,2025-09-30 10:56:59.503845
2.3600235396545557,42.63926559021275,399.89531287964417,2025-09-30 10:56:59.503845
2.27922105599556,52.87026356514633,399.03869552594165,2025-09-30 10:56:59.503845
2.211839942015951,50.16762993084948,398.8997780597059,2025-09-30 10:56:59.503845
2.1969652034945475,49.552539777089,400.506701080728,2025-09-30 10:56:59.503845
2.0854789691483946,55.0101978966778,399.4428614720468,2025-09-30 10:56:59.503845
2.296817841152504,48.79885766318204,398.67579955289045,2025-09-30 10:56:59.503845
2.242394122383611,54.01462871492217,399.7504021686305,2025-09-30 10:56:59.503845
2.3089992898781975,52.33535506871417,398.49376829912325,2025-09-30 10:56:59.503845
2.343827876806878,63.90298576378726,398.6871967444162,2025-09-30 10:56:59.503845
2.3871247618912594,48.869138573664905,398.68466469558354,2025-09-30 10:56:59.503845
2.4071866269766957,52.480929528783726,399.95242859428623,2025-09-30 10:56:59.503845
2.091214605567121,55.21178388158235,400.6572911161512,2025-09-30 10:56:59.503845
2.280483393919159,54.735469825120525,398.87814632740054,2025-09-30 10:56:59.503845
2.3680915516639947,50.17921856377706,401.69519141517725,2025-09-30 10:56:59.503845
2.515830648445827,53.20548275965737,398.97190368801404,2025-09-30 10:56:59.503845
2.4121332088668517,54.850612712076234,399.5515549590008,2025-09-30 10:56:59.503845
2.170282442097895,49.28382884443441,400.1792318315693,2025-09-30 10:56:59.503845
2.3981244000054134,52.34504875399548,400.17686088305607,2025-09-30 10:56:59.503845
2.576710021339307,49.188531840959236,400.5241739540454,2025-09-30 10:56:59.503845
2.1834087418378574,47.377829320003016,397.3534265931285,2025-09-30 10:56:59.503845
2.3938089549257624,51.88118717206586,399.68008283927554,2025-09-30 10:56:59.503845
2.4414448299613403,55.550022687027756,400.56177776595155,2025-09-30 10:56:59.503845
2.332173548581521,54.972857737966685,399.8410547076615,2025-09-30 10:56:59.503845
2.125512235966821,48.79338442079582,400.5843954781053,2025-09-30 10:56:59.503845
2.3523236631125606,58.82080069295835,398.5259574063498,2025-09-30 10:56:59.503845
2.125903660102671,39.785593986886994,399.80457290678953,2025-09-30 10:56:59.503845
2.3451665294702764,58.750851191594876,399.47649989448234,2025-09-30 10:56:59.503845
2.2740287076316377,55.91261242941477,400.0369410618889,2025-09-30 10:56:59.503845
2.2174152556091027,55.14411424173436,399.52451868247863,2025-09-30 10:56:59.503845
2.3718242292028213,55.24746046738921,400.06879489921107,2025-09-30 10:56:59.503845
2.2237170971671905,51.223278231026356,399.22922688960364,2025-09-30 10:56:59.503845
2.2589888796374873,57.10561947786139,399.991874266257,2025-09-30 10:56:59.503845
2.2831801547423334,50.81009851359795,400.27702715408725,2025-09-30 10:56:59.503845
2.1388369084175864,54.593091500270155,399.4500803123568,2025-09-30 10:56:59.503845
2.1306835115324816,57.304580962460626,399.46416920249266,2025-09-30 10:56:59.503845
2.4497106373681707,49.379096666528795,399.0466698589053,2025-09-30 10:56:59.503845
2.0816359577871593,58.62452097046359,398.7995373378519,2025-09-30 10:56:59.503845
2.138491770023712,42.40413298644897,399.73220344495485,2025-09-30 10:56:59.503845
2.052210236443832,49.482580421184366,400.1894693173988,2025-09-30 10:56:59.503845
2.2190409520155243,51.793059235655264,400.1539379218791,2025-09-30 10:56:59.503845
2.360140677445689,47.16366905257369,399.4303010511173,2025-09-30 10:56:59.503845
2.2146471841421183,56.22546408138469,400.18530201457304,2025-09-30 10:56:59.503845
2.193154107187651,45.11630993926676,398.73636124765875,2025-09-30 10:56:59.503845
2.3004706354173075,45.607207941602624,398.64806153200567,2025-09-30 10:56:59.503845
2.2698059486744966,47.525234343487135,400.1919522857242,2025-09-30 10:56:59.503845
2.1584724671136275,58.5015830645093,400.16561173102247,2025-09-30 10:56:59.503845
2.2427458072827737,50.1653195883684,398.55379680213593,2025-09-30 10:56:59.503845
2.2388198806443955,59.00525471114086,398.81238739308515,2025-09-30 10:56:59.503845
2.4289849439372047,48.434608048647576,400.10916832854014,2025-09-30 10:56:59.503845
2.4693789849660766,54.30735066153735,398.7556440315017,2025-09-30 10:56:59.503845
2.201802833725033,56.908299391835236,400.9893760382262,2025-09-30 10:56:59.503845
2.398001670311828,56.164180282118046,401.46467940442875,2025-09-30 10:56:59.503845
2.2391307641180567,68.9088041045769,401.6332431500835,2025-09-30 10:56:59.503845
2.1922683532939082,57.152104046341115,398.68029924692433,2025-09-30 10:56:59.503845
2.295231279033701,54.90272715481017,398.7524820590465,2025-09-30 10:56:59.503845
2.2145572591369187,56.93676186862527,400.7335136923642,2025-09-30 10:56:59.503845
2.1194324004490537,60.741713363565744,398.83415115780076,2025-09-30 10:56:59.503845
2.2992595636477673,61.92805279307342,399.9760658755494,2025-09-30 10:56:59.503845
2.2404172277873355,54.07529169139918,400.71188267264824,2025-09-30 10:56:59.503845
2.3359709990500592,52.05471960176237,399.85606120099317,2025-09-30 10:56:59.503845
2.2741901673087375,58.270599580999495,398.3726845090788,2025-09-30 10:56:59.503845
2.2970752674558383,58.442107894331414,399.74565231748204,2025-09-30 10:56:59.503845
2.2267661622434023,62.436304878692404,400.2860677462387,2025-09-30 10:56:59.503845
2.3103214973632085,62.195758523083846,399.7442164759922,2025-09-30 10:56:59.503845
2.3428583309148303,43.26304257582224,400.5265278477511,2025-09-30 10:56:59.503845
2.3309278667705904,47.81613958495404,398.7313286570401,2025-09-30 10:56:59.503845
2.0909079438372786,51.32355665821529,397.7201611672912,2025-09-30 10:56:59.503845
2.3297006795093003,53.342493598741406,400.2866852393207,2025-09-30 10:56:59.503845
2.274751356277291,47.97280603609321,399.4161349683529,2025-09-30 10:56:59.503845
2.1664895327550804,49.864304836102,400.3120731683716,2025-09-30 10:56:59.503845
2.092533236779236,56.28468141026993,401.0913938987922,2025-09-30 10:56:59.503845
2.578934875539839,62.333553292554434,400.2949734963582,2025-09-30 10:56:59.503845
2.3103729026597355,53.104084547596266,399.8771181761934,2025-09-30 10:56:59.503845
2.3307514829468277,50.49547219257488,399.2531446387484,2025-09-30 10:56:59.503845
2.2496138413678954,39.24562513143186,399.98862855698104,2025-09-30 10:56:59.503845
2.2032482283683934,59.1187938120062,398.6077976250887,2025-09-30 10:56:59.503845
2.140979979209404,47.27573947680393,399.8640246988225,2025-09-30 10:56:59.503845
2.2644889478791064,49.037759670703664,399.90460379805506,2025-09-30 10:56:59.503845
2.3605821399747775,60.67798836863887,399.2775744221464,2025-09-30 10:56:59.503845
2.2742563443219312,56.92837803063155,400.525760654447,2025-09-30 10:56:59.503845
2.3310893932419536,48.68663485598179,399.0592713742439,2025-09-30 10:56:59.503845
2.4148339684285594,59.24564506548528,398.11573816323124,2025-09-30 10:56:59.503845
2.193851276528349,46.364385513903514,400.21368376307765,2025-09-30 10:56:59.503845
2.0334677761037208,57.15335441025762,400.98613888073504,2025-09-30 10:56:59.503845
2.2194910999030015,55.30554989994541,398.1976134111948,2025-09-30 10:56:59.503845
2.3434756078791237,52.42769437596671,399.2483760093927,2025-09-30 10:56:59.503845
2.335914515195529,56.1235506169284,401.0428507269406,2025-09-30 10:56:59.503845
2.294414266150118,56.645664960132734,400.5995214854577,2025-09-30 10:56:59.503845
2.3674962463182245,48.618096589914856,400.3209855806241,2025-09-30 10:56:59.503845
2.181318959742417,57.892397744974325,399.9564782723793,2025-09-30 10:56:59.503845
2.3623163142029675,53.235248233780275,398.45789348462193,2025-09-30 10:56:59.503845
2.2338323847015933,58.91144243485176,399.3203964825455,2025-09-30 10:56:59.503845
2.1265442079424,55.72412757581007,399.63343037828366,2025-09-30 10:56:59.503845
2.2712160232814926,56.377849600894244,399.8092885853672,2025-09-30 10:56:59.503845
2.344973710751255,54.06836788589323,400.69393997774307,2025-09-30 10:56:59.503845
2.184603297787152,55.11094763423552,400.39220026324756,2025-09-30 10:56:59.503845
2.220504683537797,52.3367594005405,398.9293965374185,2025-09-30 10:56:59.503845
2.346583472797967,60.09539123401386,399.9014883712795,2025-09-30 10:56:59.503845
2.313405037088744,55.51404282134794,398.708515355681,2025-09-30 10:56:59.503845
2.1051665030429763,45.298327497798994,400.1511732303256,2025-09-30 10:56:59.503845
2.2615117370890383,50.066831671366174,399.0302961853857,2025-09-30 10:56:59.503845
2.21279154341762,56.98461124094039,399.7913006606923,2025-09-30 10:56:59.503845
2.338180595175971,58.593765264794484,399.66221408264795,2025-09-30 10:56:59.503845
2.171072075401128,56.092869093840704,400.07189005516676,2025-09-30 10:56:59.503845
2.352082279745016,52.00502490662563,400.4886739398936,2025-09-30 10:56:59.503845
2.183673226714576,54.44267709497373,398.07961054183147,2025-09-30 10:56:59.503845
2.22799345479149,60.21591543216079,399.26167390593355,2025-09-30 10:56:59.503845
2.0953221365379355,59.119782896307264,398.60120394015576,2025-09-30 10:56:59.503845
2.313638791401578,60.99861957650542,399.36738927424386,2025-09-30 10:56:59.503845
2.257758137825961,61.96015283795108,399.36121978869,2025-09-30 10:56:59.503845
2.354945500590563,50.127180540371874,399.0151340200743,2025-09-30 10:56:59.503845
2.1998044037840523,51.951676443490236,400.71004256607006,2025-09-30 10:56:59.503845
2.327847273504174,60.281628951223354,399.20993631023964,2025-09-30 10:56:59.503845
2.176938173432177,52.08851697987727,400.61020062859035,2025-09-30 10:56:59.503845
2.3145606064939326,51.611068770554795,399.62862848192464,2025-09-30 10:56:59.503845
2.2176680146157315,52.34403220799469,399.4328464465014,2025-09-30 10:56:59.503845
2.39590079361828,53.54490577863454,399.4554208786359,2025-09-30 10:56:59.503845
2.235726924185992,56.07862976916979,400.8009237400241,2025-09-30 10:56:59.503845
2.238433752371646,53.22435191715563,400.36700882501697,2025-09-30 10:56:59.503845
2.1179720091495513,51.044006861633854,399.25846283789383,2025-09-30 10:56:59.503845
2.3710827519682516,62.2969510825608,400.0553875775406,2025-09-30 10:56:59.503845
2.213793234240082,56.733322311655165,399.439305028652,2025-09-30 10:56:59.503845
2.289560847586223,48.98317805168841,399.1472380039215,2025-09-30 10:56:59.503845
2.1512899672046175,57.75245947561286,401.0058805406795,2025-09-30 10:56:59.503845
2.2185126319372515,54.87661172057144,400.6056054692267,2025-09-30 10:56:59.503845
2.2068073984690604,55.66627544435572,399.78098275528475,2025-09-30 10:56:59.503845
2.267869931071319,47.26339875173479,399.4110724359028,2025-09-30 10:56:59.503845
2.2837722185079867,57.65018346074062,399.8967652468068,2025-09-30 10:56:59.503845
2.3649935682159384,59.108865043821645,399.15624512113294,2025-09-30 10:56:59.503845
2.1462100036195233,55.9694331293177,401.18128779217926,2025-09-30 10:56:59.503845
2.159661765563483,55.1314973636518,400.1200841486333,2025-09-30 10:56:59.503845
2.256636968014818,61.879724602245076,399.78418621377455,2025-09-30 10:56:59.503845
2.1865574478574628,59.04138133009992,399.7100122283381,2025-09-30 10:56:59.503845
2.3571759190585566,56.82126879630727,400.17341431847547,2025-09-30 10:56:59.503845
2.12554130610524,54.31366338815846,399.970098097287,2025-09-30 10:56:59.503845
2.324247101571622,53.525683204865906,399.71280799036964,2025-09-30 10:56:59.503845
2.226135668690187,54.483181058270254,400.27723281502995,2025-09-30 10:56:59.503845
2.1463143807291667,43.94638099757936,399.68184120459017,2025-09-30 10:56:59.503845
2.4883075064385487,45.56423531985881,400.74752008536984,2025-09-30 10:56:59.503845
2.285646351986825,48.00247815678689,399.15243091457893,2025-09-30 10:56:59.503845
2.379121379701535,54.20027725596589,399.4245847595789,2025-09-30 10:56:59.503845
2.257700978823418,56.39452937621713,398.8038557600166,2025-09-30 10:56:59.503845
2.335746637357021,49.199687920669106,399.5981297526641,2025-09-30 10:56:59.503845
2.145173963403534,54.14642088087701,400.0244876844039,2025-09-30 10:56:59.503845
2.3740792400164046,56.423578090833,399.3058297205537,2025-09-30 10:56:59.503845
2.043940482660256,50.657079592444596,400.12003792693685,2025-09-30 10:56:59.503845
2.2254789013636436,58.700633714756776,401.45127274856685,2025-09-30 10:56:59.503845
2.303737705771929,56.37664683126377,399.8165786409081,2025-09-30 10:56:59.503845
2.215796519211489,46.466051543060544,400.11111523443213,2025-09-30 10:56:59.503845
2.176322985025639,45.09447964802342,399.7852669773933,2025-09-30 10:56:59.503845
2.3547633193462083,52.9116996838875,398.6278726976004,2025-09-30 10:56:59.503845
2.172712292814668,60.358779121245476,398.61938234714927,2025-09-30 10:56:59.503845
2.3540816537057183,62.702844250048685,399.42173956265117,2025-09-30 10:56:59.503845
2.321577605615468,68.04598352163796,398.14669565723995,2025-09-30 10:56:59.503845
2.254401775829739,54.47453124170676,399.3744237576014,2025-09-30 10:56:59.503845
2.0836788764842535,53.79294820256665,398.91409843951317,2025-09-30 10:56:59.503845
2.2315993542246453,54.264037163855235,397.11130108385805,2025-09-30 10:56:59.503845
2.17603082043776,54.885863255074995,400.5289445776057,2025-09-30 10:56:59.503845
2.1992384371890648,55.80878285163333,400.43182739912976,2025-09-30 10:56:59.503845
2.3524683503870367,53.30728014971093,398.9789732179664,2025-09-30 10:56:59.503845
2.353809047518467,53.98148311056625,400.03389266156057,2025-09-30 10:56:59.503845
2.2354636003037176,55.08031811810623,400.0473969390424,2025-09-30 10:56:59.503845
2.1006299479369246,63.5818984688156,400.1364347454458,2025-09-30 10:56:59.503845
2.307757274991691,58.67721614810775,400.38700535442905,2025-09-30 10:56:59.503845
2.293592929970912,55.438266339554936,398.0285770220949,2025-09-30 10:56:59.503845
2.1041129365902678,53.08389111949809,398.7789641663758,2025-09-30 10:56:59.503845
2.238055474975711,55.82866295240473,400.92569319892505,2025-09-30 10:56:59.503845
2.2913442506404027,59.206763213125726,398.8682656003059,2025-09-30 10:56:59.503845
2.134470407735109,52.01737765706536,399.5128853246784,2025-09-30 10:56:59.503845
2.323043121070418,44.60194937437145,399.00809875532536,2025-09-30 10:56:59.503845
2.250650554354893,55.84051005089932,401.0547460299918,2025-09-30 10:56:59.503845
2.2403722180214793,54.78529924615843,400.37330494297345,2025-09-30 10:56:59.503845
2.228600173301258,55.82074618020664,397.8858585615309,2025-09-30 10:56:59.503845
2.2054844969660428,51.49725542697353,401.03198079829554,2025-09-30 10:56:59.503845
2.130676117334667,53.721286185873765,399.7635883253239,2025-09-30 10:56:59.503845
2.2641496742031695,57.33392561737495,400.2724697218169,2025-09-30 10:56:59.503845
2.353434188573787,48.96905258381931,401.3674145670369,2025-09-30 10:56:59.503845
2.2128926837468867,57.72077852332142,401.53956527111535,2025-09-30 10:56:59.503845
2.2524582778655993,49.9599427172291,399.98965177147903,2025-09-30 10:56:59.503845
2.350235455799125,46.17479978462269,399.1309610391315,2025-09-30 10:56:59.503845
2.1343454334174234,55.596475328038885,400.4369070083861,2025-09-30 10:56:59.503845
2.1679575611472996,57.7700142044191,399.15815692661806,2025-09-30 10:56:59.503845
2.225002442616296,46.26423565756347,398.5974016098784,2025-09-30 10:56:59.503845
2.3746424345143144,60.27391956019017,399.49463215547996,2025-09-30 10:56:59.503845
2.312184462246814,59.81833227915887,400.0885892903874,2025-09-30 10:56:59.503845
2.062082773500753,54.89012428569988,401.5330696277443,2025-09-30 10:56:59.503845
2.138427854404771,56.408088234378944,399.58695826298737,2025-09-30 10:56:59.503845
2.2597824537870683,53.74731987261182,399.191510779321,2025-09-30 10:56:59.503845
2.230919029797738,57.04262955340507,401.42916708247566,2025-09-30 10:56:59.503845
2.2066577082055256,56.17699074160819,400.1562756741936,2025-09-30 10:56:59.503845
2.1925441830684207,57.50148412707585,399.47608633682574,2025-09-30 10:56:59.503845
2.234624294007333,55.09090419297513,400.3003748185634,2025-09-30 10:56:59.503845
2.2823112102053393,44.12820451374756,400.6069675532908,2025-09-30 10:56:59.503845
2.1964374852257893,48.52279015149905,399.5802851175425,2025-09-30 10:56:59.503845
2.5289833536340143,61.44447523070236,399.8886528080002,2025-09-30 10:56:59.503845
2.378926239148849,59.68477205596305,399.348294350412,2025-09-30 10:56:59.503845
2.2252273483324823,52.59815842967937,400.7738648850539,2025-09-30 10:56:59.503845
2.228935582121147,59.06281664256357,401.5613351938784,2025-09-30 10:56:59.503845
2.207287495632255,59.08448063762871,400.14121313347005,2025-09-30 10:56:59.503845
2.1242712063558686,51.456414189992174,398.8627766992922,2025-09-30 10:56:59.503845
2.2552796712714356,52.803092898641324,400.5580363731291,2025-09-30 10:56:59.503845
2.2518888860294983,58.27176997982514,399.0308919730195,2025-09-30 10:56:59.503845
2.2785625279129675,53.558210461433795,400.60360171317546,2025-09-30 10:56:59.503845
2.4064223981750943,56.68506096939171,399.7141360513106,2025-09-30 10:56:59.503845
2.308708960216033,55.525398065887934,397.91259747618625,2025-09-30 10:56:59.503845
2.5145743569778656,62.25750268164872,398.91372244446774,2025-09-30 10:56:59.503845
2.1764105355085297,46.62810510814491,398.66121938887005,2025-09-30 10:56:59.503845
2.241277269377102,60.21662187940377,398.54072056866414,2025-09-30 10:56:59.503845
2.161955186232285,46.345980692665535,398.52393388402686,2025-09-30 10:56:59.503845
2.117327356970056,62.67693725189616,400.127877231537,2025-09-30 10:56:59.503845
2.1986335776222306,49.71329679035433,399.71981758585866,2025-09-30 10:56:59.503845
2.228707016594552,60.38478368366426,399.8660486718871,2025-09-30 10:56:59.503845
2.4294924745184727,51.64044304628534,400.71442728130717,2025-09-30 10:56:59.503845
2.1589757449005225,45.64576524824743,400.7655522546246,2025-09-30 10:56:59.503845
2.1543752729205408,57.80947247960484,399.44087610223005,2025-09-30 10:56:59.503845
2.4077769198581525,47.02439758578688,399.0633524992655,2025-09-30 10:56:59.503845
2.200575834387615,63.41210700528961,398.8030271005607,2025-09-30 10:56:59.503845
2.279673361600525,56.876646922396475,398.9043224572499,2025-09-30 10:56:59.503845
2.2959022557217548,50.0577143364321,399.45847173833096,2025-09-30 10:56:59.503845
2.0713461684266656,56.21237737801669,399.86042235788733,2025-09-30 10:56:59.503845
2.3040929663108844,46.20066289152079,400.2641033744509,2025-09-30 10:56:59.503845
2.1123258470318818,54.07222389439869,399.264787659241,2025-09-30 10:56:59.503845
2.324738824717952,60.76563977369493,399.0624276254217,2025-09-30 10:56:59.503845
2.2827800879260716,53.94721797000006,401.13544502802455,2025-09-30 10:56:59.503845
2.0009660090724273,55.848649574148,399.6436265507416,2025-09-30 10:56:59.503845
2.300989726765868,51.00806452221661,399.3264593981408,2025-09-30 10:56:59.503845
2.339890124348334,47.37099067024137,399.1277380321743,2025-09-30 10:56:59.503845
2.2895177369426225,58.68703233555682,400.1606346708873,2025-09-30 10:56:59.503845
2.380415255071505,66.43282356778803,400.7577186090225,2025-09-30 10:56:59.503845
2.268251484009266,40.255290145110614,399.6992778428957,2025-09-30 10:56:59.503845
2.2862111504578277,55.62609968311171,398.9471765552787,2025-09-30 10:56:59.503845
2.2053530362814207,48.9351606281087,399.7077757919552,2025-09-30 10:56:59.503845
2.3309573214189543,56.563546989243825,398.90668107415615,2025-09-30 10:56:59.503845
2.1799000444927867,51.93340915846103,399.5356698915217,2025-09-30 10:56:59.503845
2.210240636534105,52.85588800056339,400.1912718664079,2025-09-30 10:56:59.503845
2.403692145499549,54.647663085687086,400.66480602884593,2025-09-30 10:56:59.503845
2.250542734830467,54.835560505992916,400.7991949189437,2025-09-30 10:56:59.503845
2.1676280614043835,52.30588494291779,400.4664086879012,2025-09-30 10:56:59.503845
2.1562635961182472,56.58814145430232,400.9958791042772,2025-09-30 10:56:59.503845
2.3139548876533476,51.0390050597378,399.4929008821415,2025-09-30 10:56:59.503845
2.3220282197871343,56.31279722774829,398.70324358228254,2025-09-30 10:56:59.503845
2.3041861114382893,56.06172562246189,399.7671640470007,2025-09-30 10:56:59.503845
2.446349092481082,55.74755527627806,400.54916760846487,2025-09-30 10:56:59.503845
2.2539651015220157,58.09313779354539,400.07436352817325,2025-09-30 10:56:59.503845
2.1322985464607944,63.81415331915901,401.75623022242746,2025-09-30 10:56:59.503845
2.3248941603783546,52.14743328347102,398.36060182285826,2025-09-30 10:56:59.503845
2.2502685819176143,56.250471629297245,399.47604190585184,2025-09-30 10:56:59.503845
2.33955846217171,54.45680292968105,399.6031324708486,2025-09-30 10:56:59.503845
2.187308815473198,52.058832993400976,399.0753816187153,2025-09-30 10:56:59.503845
2.347456353152103,49.17156209490835,397.6305164306166,2025-09-30 10:56:59.503845
2.2784970370381936,62.90760352075052,398.5245542149265,2025-09-30 10:56:59.503845
2.227217200601275,56.45433206155498,400.062698376622,2025-09-30 10:56:59.503845
2.418767957802241,53.08168831996228,399.27822925303576,2025-09-30 10:56:59.503845
2.266777026485115,54.02662180233867,399.00017660516926,2025-09-30 10:56:59.503845
2.332858942985622,56.384782706336104,399.5707197532771,2025-09-30 10:56:59.503845
2.3584040904586296,51.65508843429466,399.3494423428107,2025-09-30 10:56:59.503845
2.1197755145453128,52.119178048229685,398.5834633183022,2025-09-30 10:56:59.503845
2.2384713221419474,53.219058604147236,399.030243834416,2025-09-30 10:56:59.503845
2.2332176380502404,57.31077283337391,397.67019854551177,2025-09-30 10:56:59.503845
2.301952762585958,38.02591819484766,399.52059676638976,2025-09-30 10:56:59.503845
2.2510497813062296,51.22794552474398,400.8975559838772,2025-09-30 10:56:59.503845
2.34701551444407,53.64942342948231,398.45723580771966,2025-09-30 10:56:59.503845
2.1766878163476453,58.32182883361762,399.5371914006438,2025-09-30 10:56:59.503845
2.30489588375643,58.341386135227154,400.24109492918774,2025-09-30 10:56:59.503845
2.309265067086767,51.829831116355095,399.8129378464426,2025-09-30 10:56:59.503845
2.2507758631144883,54.805908807286556,399.47527922509545,2025-09-30 10:56:59.503845
2.1508158122658796,52.90557106881958,400.1968953247513,2025-09-30 10:56:59.503845
2.355750522633098,42.14492703232053,398.51069727589,2025-09-30 10:56:59.503845
2.3999806181721666,46.43719508098561,399.6258168911778,2025-09-30 10:56:59.503845
2.2335313904639404,47.56230752556176,400.53283098550446,2025-09-30 10:56:59.503845
2.3100686244350728,61.13428316057587,400.121737259082,2025-09-30 10:56:59.503845
2.320381871131358,46.41478101663745,399.9406386463269,2025-09-30 10:56:59.503845
2.299371530487097,39.20378109302102,401.095642794212,2025-09-30 10:56:59.503845
2.384120969052317,52.73228553609377,399.4922100280494,2025-09-30 10:56:59.503845
2.3551252765391038,57.770360807131226,401.0235398808066,2025-09-30 10:56:59.503845
2.290902637165906,57.096599246498386,399.03693693951544,2025-09-30 10:56:59.503845
2.300465622822504,51.180228605376364,399.4317570944599,2025-09-30 10:56:59.503845
2.2830733559229968,56.02074247477914,401.4688987097537,2025-09-30 10:56:59.503845
2.2766213813041443,47.11876625104066,399.56095049687065,2025-09-30 10:56:59.503845
2.2008540792875073,48.48520903529412,399.28868550732295,2025-09-30 10:56:59.503845
2.311981361847609,61.34260468572615,400.38917598616194,2025-09-30 10:56:59.503845
2.4179545730950505,53.97859939344523,400.46266831587,2025-09-30 10:56:59.503845
2.2957811207336323,53.308304514617724,401.1986985663196,2025-09-30 10:56:59.503845
2.274322940253435,51.46062386502626,399.50312577888894,2025-09-30 10:56:59.503845
2.2396988847420016,54.34623056679238,397.81805231759586,2025-09-30 10:56:59.503845
2.1464058739213634,54.79850091874915,398.7511301061038,2025-09-30 10:56:59.503845
2.219568107916185,57.71774915350924,398.7872392409622,2025-09-30 10:56:59.503845
2.227934163967991,57.132152756848576,399.30081016075883,2025-09-30 10:56:59.503845
1.9632910314212093,53.92230120854782,399.34753252811583,2025-09-30 10:56:59.503845
2.016797259062053,47.44642983831392,400.0657660722534,2025-09-30 10:56:59.503845
2.120835846771608,45.13400654782774,399.2291157928058,2025-09-30 10:56:59.503845
2.395208991622734,49.077103153766664,400.57138286440033,2025-09-30 10:56:59.503845
2.387039138921263,48.882979321068404,397.76296596771414,2025-09-30 10:56:59.503845
2.18266472964774,48.23369910575387,399.9684716001403,2025-09-30 10:56:59.503845
2.3167359125449307,51.40135770168432,399.9579956246378,2025-09-30 10:56:59.503845
2.4054772378973537,52.931852047029096,400.3985709888588,2025-09-30 10:56:59.503845
2.3910332311824147,57.435717322862125,399.9321167250016,2025-09-30 10:56:59.503845
2.22509276615024,53.915709277005924,399.95385545546685,2025-09-30 10:56:59.503845
2.129014815560246,55.7848299029813,399.43924652354366,2025-09-30 10:56:59.503845
2.301002373499365,54.16878867733906,400.13069805081784,2025-09-30 10:56:59.503845
2.267763006801976,57.56839802076559,399.84083905745774,2025-09-30 10:56:59.503845
2.234443836801918,57.48413600699208,399.088251664682,2025-09-30 10:56:59.503845
2.2702165299943364,67.11492839198938,399.49286055474346,2025-09-30 10:56:59.503845
2.443278595017044,54.17000886589981,400.5534683638097,2025-09-30 10:56:59.503845
2.1976374473679505,55.55584355464393,399.6660442955454,2025-09-30 10:56:59.503845
2.273026002999492,56.7036227340364,400.067257765571,2025-09-30 10:56:59.503845
2.3832461744160733,59.62664696094817,400.0788418410498,2025-09-30 10:56:59.503845
2.2289471187175978,54.623462118082564,400.0422473906714,2025-09-30 10:56:59.503845
2.4174896763890987,47.02342978261846,400.51011938996476,2025-09-30 10:56:59.503845
2.2623700406746523,55.82948318679456,400.7394496774308,2025-09-30 10:56:59.503845
2.169592602276696,54.47070475490513,401.3692349230632,2025-09-30 10:56:59.503845
2.203316594215882,57.560089462482296,400.33889823119245,2025-09-30 10:56:59.503845
2.2882823519117452,51.69904231211646,400.04401249204403,2025-09-30 10:56:59.503845
2.3392808633739377,53.5357358145839,400.1322454440346,2025-09-30 10:56:59.503845
2.2474405839454357,45.46655693862504,399.0493867750743,2025-09-30 10:56:59.503845
2.224900941288332,56.20863035269235,399.28023469047946,2025-09-30 10:56:59.503845
2.1560300165438604,61.74034230866873,399.30216666934064,2025-09-30 10:56:59.503845
2.2514066061971354,55.55494164182925,398.4336624216358,2025-09-30 10:56:59.503845
2.0340291930350616,56.24063020531576,400.30697266655187,2025-09-30 10:56:59.503845
2.1594257311459897,61.52545531171846,398.6862706535772,2025-09-30 10:56:59.503845
2.449804021178986,65.08458209356023,399.46818263008123,2025-09-30 10:56:59.503845
2.200511460121011,51.61050634223747,399.5957356213544,2025-09-30 10:56:59.503845
2.138838294776467,54.23634133279408,400.3906458132272,2025-09-30 10:56:59.503845
2.3394657569611366,52.39154897443915,398.4853965354653,2025-09-30 10:56:59.503845
2.245715656297406,47.50780901796319,398.40249904565326,2025-09-30 10:56:59.503845
2.2038728772121106,56.90117548965871,400.1971570572544,2025-09-30 10:56:59.503845
2.195858108937581,51.00353478124263,400.8917058923379,2025-09-30 10:56:59.503845
2.102856814836743,56.851640805162646,400.4185430808311,2025-09-30 10:56:59.503845
2.320860163106591,66.33076747670336,400.1768336626368,2025-09-30 10:56:59.503845
2.156552355979417,57.10406086811582,398.1882626373275,2025-09-30 10:56:59.503845
2.422941092691871,58.55685722244596,399.0202281464898,2025-09-30 10:56:59.503845
2.179137037411672,60.08395944939642,399.22005720275587,2025-09-30 10:56:59.503845
2.204709032836619,65.5156015535002,399.55555687583603,2025-09-30 10:56:59.503845
2.157417029574732,52.18126304339452,401.3855301529545,2025-09-30 10:56:59.503845
2.385854914128416,65.56456853867354,398.0807165594845,2025-09-30 10:56:59.503845
2.161500334276623,54.70255410184196,399.26000958138263,2025-09-30 10:56:59.503845
2.435164986608563,47.673285703379946,400.05472333685645,2025-09-30 10:56:59.503845
2.1404131246691054,50.268881363259446,400.40233315752624,2025-09-30 10:56:59.503845
2.2837970087084254,60.058987649992034,400.28975154215476,2025-09-30 10:56:59.503845
2.2164489368539146,56.86414604908285,400.6270488414951,2025-09-30 10:56:59.503845
2.1877183989905946,48.397390594801145,399.50881182954026,2025-09-30 10:56:59.503845
2.2322241344512146,53.621691002771875,399.40363062777715,2025-09-30 10:56:59.503845
2.2392866240102056,49.23080251768073,399.5312604576208,2025-09-30 10:56:59.503845
2.2401055168765502,61.486317733315005,399.12727493556986,2025-09-30 10:56:59.503845
2.152155276266465,50.729556717129675,400.30871269213117,2025-09-30 10:56:59.503845
2.1507769337140488,55.1614495799136,400.5646847079483,2025-09-30 10:56:59.503845
2.23126012098263,55.67960322329341,398.8456296911231,2025-09-30 10:56:59.503845
2.319381161206547,57.243513669565274,399.4175663849291,2025-09-30 10:56:59.503845
2.3974306269319623,57.00846925554222,400.0699328721354,2025-09-30 10:56:59.503845
2.1927129772391076,57.3935822681829,398.91365319523317,2025-09-30 10:56:59.503845
2.155140053053911,51.025797106596414,400.4028804404492,2025-09-30 10:56:59.503845
2.1561396928112897,46.86218988584061,400.67194994581047,2025-09-30 10:56:59.503845
2.2008932858622896,46.5740421339556,399.8431034498302,2025-09-30 10:56:59.503845
2.3361873134302553,47.43508458160618,400.07037487039986,2025-09-30 10:56:59.503845
2.2967184832754506,59.105530141102484,400.88588064927615,2025-09-30 10:56:59.503845
2.229785786735767,63.45030533306828,400.2701147835726,2025-09-30 10:56:59.503845
2.2722087112961398,54.91344520421891,399.8250922873995,2025-09-30 10:56:59.503845
2.373211157024287,54.36484191756757,400.6639681843541,2025-09-30 10:56:59.503845
2.2942945390665614,60.21024405524352,399.1248031650178,2025-09-30 10:56:59.503845
2.1789633186520128,52.588392048478724,400.00606308105637,2025-09-30 10:56:59.503845
2.214730235784106,54.47753705405272,398.9888565965463,2025-09-30 10:56:59.503845
2.2963543333367933,45.90951680963633,399.5397282607625,2025-09-30 10:56:59.503845
2.2644736376041443,54.66402690596251,399.82495248640805,2025-09-30 10:56:59.503845
2.3806255242091927,64.33763700820074,400.1511439640615,2025-09-30 10:56:59.503845
2.211018779270848,62.485090429582584,400.87089517342656,2025-09-30 10:56:59.503845
2.2081911484433534,57.174332291995874,400.4120805667655,2025-09-30 10:56:59.503845
2.2334864244997408,47.43856676938296,398.35122492265396,2025-09-30 10:56:59.503845
2.2807267946438987,51.936583125256625,399.07248239713783,2025-09-30 10:56:59.503845
2.2641538796223126,55.27253397394634,400.01497322657497,2025-09-30 10:56:59.503845
2.2931562749948524,51.71203357278224,399.96713760407226,2025-09-30 10:56:59.503845
2.352663520459134,59.643711018202325,400.259883544855,2025-09-30 10:56:59.503845
2.205349294261596,54.189413845000914,399.97976029255506,2025-09-30 10:56:59.503845
2.179401811617769,47.49202101606519,399.45525890927564,2025-09-30 10:56:59.503845
2.3862382434426403,52.44307308009628,399.8803269180749,2025-09-30 10:56:59.503845
2.2418668108387982,56.74717274517406,399.0484910769009,2025-09-30 10:56:59.503845
2.089881773965701,56.21545590750786,399.8540451506196,2025-09-30 10:56:59.503845
2.4599186796970964,56.48505553394957,399.44870729956074,2025-09-30 10:56:59.503845
2.3597952621727005,55.0430728997389,398.1873896822503,2025-09-30 10:56:59.503845
2.2663413100008136,60.49222615407061,399.5460708901781,2025-09-30 10:56:59.503845
2.4128255607459987,50.171360702488215,399.6962525373512,2025-09-30 10:56:59.503845
2.2674216732652615,52.84839073599744,399.817987205215,2025-09-30 10:56:59.503845
2.1623038028903934,57.76042489113108,397.85384042473186,2025-09-30 10:56:59.503845
2.259303437852398,49.21013097764196,401.9175510130444,2025-09-30 10:56:59.503845
2.326045058748443,46.9955780874305,399.7179379958821,2025-09-30 10:56:59.503845
2.2790241061320327,54.623712416131085,399.3980591797692,2025-09-30 10:56:59.503845
2.1870805893196477,50.5691567387824,399.31367155501573,2025-09-30 10:56:59.503845
2.300837934794047,47.992331999662504,400.783852898208,2025-09-30 10:56:59.503845
2.2239350224252736,58.72934629095842,399.80426615829646,2025-09-30 10:56:59.503845
2.2362300211567607,57.63434307782394,399.4762087869052,2025-09-30 10:56:59.503845
2.2582987721815755,48.68769975169943,399.1787983358407,2025-09-30 10:56:59.503845
2.282679286377387,50.87779057462634,398.6282559093855,2025-09-30 10:56:59.503845
2.3292569985785443,52.12198446339061,400.67576788042345,2025-09-30 10:56:59.503845
2.3350482675218553,50.990374834188366,400.1824660432967,2025-09-30 10:56:59.503845
2.2456845995411765,51.82040439391859,400.12083394200516,2025-09-30 10:56:59.503845
2.3277493046116855,49.19338727010845,399.5200229779692,2025-09-30 10:56:59.503845
2.2853200545947265,47.81445749110836,401.04854933974866,2025-09-30 10:56:59.503845
2.2184831979082724,57.10211307638716,399.7544565010128,2025-09-30 10:56:59.503845
2.4063712370772667,54.13897118048726,400.0990732434288,2025-09-30 10:56:59.503845
2.1436648426433558,51.62794573892864,398.41196720963916,2025-09-30 10:56:59.503845
2.262012125093925,51.34522682403127,399.5514703528812,2025-09-30 10:56:59.503845
2.2913244144418763,50.322228518748545,398.0286909333397,2025-09-30 10:56:59.503845
2.4712016775901944,58.91472465593107,399.89435601033813,2025-09-30 10:56:59.503845
2.199778026505038,46.380404741841765,399.16962276330696,2025-09-30 10:56:59.503845
2.1173873547706226,53.970893426332815,399.96216528264875,2025-09-30 10:56:59.503845
2.200623104318344,62.62244370998627,398.6237840181962,2025-09-30 10:56:59.503845
2.192292347126481,57.96061457748764,400.03713398620897,2025-09-30 10:56:59.503845
2.198460603808618,54.509453878689236,400.8340073839888,2025-09-30 10:56:59.503845
2.4138596374556873,49.17087388441062,400.23524105944193,2025-09-30 10:56:59.503845
2.125608584343378,52.851630728670614,399.54816438217966,2025-09-30 10:56:59.503845
2.3816238157119827,42.44874591879265,399.57188808429504,2025-09-30 10:56:59.503845
2.2660047021793526,56.422555743702794,399.3597257150809,2025-09-30 10:56:59.503845
2.361771845559051,54.648912507981734,399.8961018030059,2025-09-30 10:56:59.503845
2.24917255940227,55.50245015674998,400.6686843159961,2025-09-30 10:56:59.503845
2.059767118847159,52.123706832106635,400.08926967258327,2025-09-30 10:56:59.503845
2.2803060947440494,59.56795834557242,400.1391725512114,2025-09-30 10:56:59.503845
2.236395739628813,46.73495944792017,400.46576023620315,2025-09-30 10:56:59.503845
2.4303697870819136,50.42393647286427,402.09559520383374,2025-09-30 10:56:59.503845
2.234258681594653,50.33357870174976,400.39685422005516,2025-09-30 10:56:59.503845
2.189124734996896,60.03786671688222,399.5919615149833,2025-09-30 10:56:59.503845
2.1661672021850285,61.43026474969317,400.0178989299761,2025-09-30 10:56:59.503845
2.2530202297970288,56.45327311158008,399.2868789626667,2025-09-30 10:56:59.503845
2.3280358382053716,57.39061052277252,398.7684984491591,2025-09-30 10:56:59.503845
2.2288662790750595,59.17853992733404,399.26247234078244,2025-09-30 10:56:59.503845
2.2165917781139584,56.582607859412235,399.61250892983236,2025-09-30 10:56:59.503845
2.1862325370612026,59.20973515713329,400.4806096453556,2025-09-30 10:56:59.503845
2.369830726389504,61.29171390173702,398.84991142654235,2025-09-30 10:56:59.503845
2.311933156185095,51.09969041590358,399.01429995816386,2025-09-30 10:56:59.503845
2.1884234224187873,55.59783592499348,399.1800196405163,2025-09-30 10:56:59.503845
2.2786847973222213,42.553452389545996,399.88893078468664,2025-09-30 10:56:59.503845
2.1912549990995207,56.045619636240616,400.12973864462583,2025-09-30 10:56:59.503845
2.215594400884947,61.794131490378824,400.66882312682077,2025-09-30 10:56:59.503845
2.3104077360568653,64.54444158962936,398.13272357318937,2025-09-30 10:56:59.503845
2.1041284304902548,55.23792841347801,401.0174091420401,2025-09-30 10:56:59.503845
2.1095787143407208,55.5401193432329,399.3728906599238,2025-09-30 10:56:59.503845
2.0581934918516884,59.95387882039408,400.0453058629157,2025-09-30 10:56:59.503845
2.4256388464514327,50.98534207854293,400.18751658158556,2025-09-30 10:56:59.503845
2.2649766963218285,44.6760301637613,401.4047636205844,2025-09-30 10:56:59.503845
2.465783353497881,62.89731354981029,399.46068871861314,2025-09-30 10:56:59.503845
2.2505543423409353,49.9547340336534,400.54520897929393,2025-09-30 10:56:59.503845
2.303143810899393,56.31980082702106,400.434311077072,2025-09-30 10:56:59.503845
2.387275591102689,61.113677756348906,401.354186313448,2025-09-30 10:56:59.503845
2.2553129528845863,58.2062241710317,401.1318974894549,2025-09-30 10:56:59.503845
2.1728223580983483,62.850140515682384,401.2246511310097,2025-09-30 10:56:59.503845
2.246640472140608,52.79377259191476,399.2268219543831,2025-09-30 10:56:59.503845
2.263080940703441,61.790321320750685,399.2940812614976,2025-09-30 10:56:59.503845
2.1962077504490036,52.316398878990135,399.33690036285435,2025-09-30 10:56:59.503845
2.356708993124902,61.60708910078837,400.1436895425977,2025-09-30 10:56:59.503845
2.14139473218146,51.8356071876008,399.9212968563205,2025-09-30 10:56:59.503845
2.317333580368378,56.17857292053663,398.8560955268477,2025-09-30 10:56:59.503845
2.2778541988516747,56.90104044772812,398.12175780285645,2025-09-30 10:56:59.503845
2.3129499726702734,58.59625074053684,398.5409040955519,2025-09-30 10:56:59.503845
2.231122256445669,57.33447542597506,400.94176860838417,2025-09-30 10:56:59.503845
2.3239696404879577,58.344244843227955,399.26973277902454,2025-09-30 10:56:59.503845
2.2201450419615893,53.17222550374052,399.70373425827563,2025-09-30 10:56:59.503845
2.183745511038622,53.1449741990645,400.12520846392607,2025-09-30 10:56:59.503845
2.4098940303159173,46.84431571740984,399.77742563096973,2025-09-30 10:56:59.503845
2.1839860815898424,66.10979125823678,399.5006925467449,2025-09-30 10:56:59.503845
2.191080258384461,56.17071466807113,398.4304072282884,2025-09-30 10:56:59.503845
2.2307938854338305,44.10118160475873,399.24374692905957,2025-09-30 10:56:59.503845
2.357333878745851,63.41512763894481,399.0220945659725,2025-09-30 10:56:59.503845
2.2976281632487114,62.744529076735404,399.3223382370308,2025-09-30 10:56:59.503845
2.0824162894290508,57.30742737718026,401.2090223255333,2025-09-30 10:56:59.503845
2.296980359221042,54.747369072005704,398.62207428645956,2025-09-30 10:56:59.503845
2.326810101737226,49.8638470091802,400.0930967827798,2025-09-30 10:56:59.503845
2.267312479209535,50.93824473475863,400.26164237603905,2025-09-30 10:56:59.503845
2.346508491316763,50.66916235566369,399.61254447121405,2025-09-30 10:56:59.503845
2.2076095257873973,51.094054034083605,400.49720379538593,2025-09-30 10:56:59.503845
2.2240700008216194,55.63312734993014,399.43634078415084,2025-09-30 10:56:59.503845
2.315063537151509,47.22672133155508,399.2100811337325,2025-09-30 10:56:59.503845
2.1767268682326657,51.163648979759316,401.43101423644305,2025-09-30 10:56:59.503845
2.2666956592443044,56.337490103414694,400.4478676397048,2025-09-30 10:56:59.503845
2.260352590989785,54.670737048872056,399.6816885386524,2025-09-30 10:56:59.503845
2.29795253124304,49.399786244686496,400.4032872548422,2025-09-30 10:56:59.503845
2.3272094812391892,52.80454031842076,400.783072203868,2025-09-30 10:56:59.503845
2.344855525148405,58.173639442397786,400.30460093720217,2025-09-30 10:56:59.503845
2.2498588968108053,54.07937664524545,397.70843482728486,2025-09-30 10:56:59.503845
2.1932736590813446,55.18844345487715,399.20535736169273,2025-09-30 10:56:59.503845
2.156178677606828,49.04700024571225,399.0828003556603,2025-09-30 10:56:59.503845
2.3595479557417,52.99627895272343,399.41559576130476,2025-09-30 10:56:59.503845
2.450080583448713,52.790745047019215,401.48695556256024,2025-09-30 10:56:59.503845
2.240055375155315,53.32862805733759,397.5623995499593,2025-09-30 10:56:59.503845
2.07552824707436,56.00204347476196,399.18700744797695,2025-09-30 10:56:59.503845
2.1811319366266493,60.40558316897977,399.2974046978055,2025-09-30 10:56:59.503845
2.34813081415479,43.81754538281493,398.78839892899197,2025-09-30 10:56:59.503845
2.2083173354719428,53.42202250371029,400.12242033828,2025-09-30 10:56:59.503845
2.1599003681320252,52.442251537042914,399.6762014651994,2025-09-30 10:56:59.503845
2.169494484980142,58.3861462443144,400.1856130870157,2025-09-30 10:56:59.503845
2.300682992272239,53.30459497571383,399.9356613532929,2025-09-30 10:56:59.503845
2.3849719043306528,63.441529227836554,400.59369924598104,2025-09-30 10:56:59.503845
2.353626741559092,51.20226970783295,400.5900843258827,2025-09-30 10:56:59.503845
2.1590199555637266,55.498068581109344,398.5615042894972,2025-09-30 10:56:59.503845
2.229351654307329,45.193790539553035,400.3080174691911,2025-09-30 10:56:59.503845
2.152696269698828,47.60116782873835,398.60739234189674,2025-09-30 10:56:59.503845
2.2476464755049848,57.48849348746232,398.636119540977,2025-09-30 10:56:59.503845
2.120210975684009,50.101054141352805,400.7294667056117,2025-09-30 10:56:59.503845
2.382928118743112,50.036579435929404,399.51240869338324,2025-09-30 10:56:59.503845
2.1850060257817487,55.84599355485423,398.570022445678,2025-09-30 10:56:59.503845
2.252035670437485,60.46524943342863,400.38234604322275,2025-09-30 10:56:59.503845
2.223418135362831,50.65207733626926,400.65051673285836,2025-09-30 10:56:59.503845
2.213300392392063,51.03415944966925,399.8156364986591,2025-09-30 10:56:59.503845
2.165922425704123,54.06956321777398,399.66728426417455,2025-09-30 10:56:59.503845
2.2171186842456914,55.032943957148625,398.1666230169916,2025-09-30 10:56:59.503845
2.115970673200494,54.30503760547812,399.1810699835387,2025-09-30 10:56:59.503845
2.3062613640934235,60.9376295594983,398.53418928181253,2025-09-30 10:56:59.503845
2.2005481270908964,48.31849148064378,399.59943378148125,2025-09-30 10:56:59.503845
2.198129128469922,53.421068418343076,399.64802813138357,2025-09-30 10:56:59.503845
2.3064555543486907,49.417629536428215,398.12201361756695,2025-09-30 10:56:59.503845
2.1613351497322433,53.14462896258891,401.02073989263965,2025-09-30 10:56:59.503845
2.2168995641737705,50.398754287392585,399.438126115957,2025-09-30 10:56:59.503845
2.1346312445825406,61.402095594120816,399.46375910816784,2025-09-30 10:56:59.503845
2.3602081063689613,43.68121686034565,400.37984150143035,2025-09-30 10:56:59.503845
2.3079133469121658,46.87148425956313,399.47316587932374,2025-09-30 10:56:59.503845
2.188812248111855,57.532865641786145,401.0758363671635,2025-09-30 10:56:59.503845
2.370995564962772,50.37309907126992,398.90998705036384,2025-09-30 10:56:59.503845
2.272088499984799,51.912455534967414,401.0997552447816,2025-09-30 10:56:59.503845
2.320281010226072,57.43677515568526,400.76079742676694,2025-09-30 10:56:59.503845
2.5394781785574323,46.061071914187195,400.52390727758666,2025-09-30 10:56:59.503845
2.3860202351171407,55.98743176712358,399.57334509777394,2025-09-30 10:56:59.503845
2.3663557209910726,53.757209406258916,400.7770557950174,2025-09-30 10:56:59.503845
2.2013150365947136,51.93077822178363,399.54490780761734,2025-09-30 10:56:59.503845
2.330059075830117,60.48345229152041,399.49567211538215,2025-09-30 10:56:59.503845
2.340923530103473,48.895010190096265,400.76984797855755,2025-09-30 10:56:59.503845
2.3601181525965322,54.927046764469644,399.92704251031864,2025-09-30 10:56:59.503845
2.3134017346348577,50.94249214830073,400.5417193469937,2025-09-30 10:56:59.503845
2.2422067143934252,54.430453739167554,400.2068477656239,2025-09-30 10:56:59.503845
2.3486861010092617,46.57762119834131,400.0690339305386,2025-09-30 10:56:59.503845
2.4249076036413033,47.82986873662162,400.5362429476807,2025-09-30 10:56:59.503845
2.141005266902995,57.39356717184703,399.6766668012249,2025-09-30 10:56:59.503845
2.2439880682041586,45.52636018640621,399.5206258675153,2025-09-30 10:56:59.503845
2.4522783896903135,61.400886927856035,399.5010483460581,2025-09-30 10:56:59.503845
2.2168793165289853,58.37874668359626,401.5649416958874,2025-09-30 10:56:59.503845
2.209623721329053,58.82695340953927,398.0361912157054,2025-09-30 10:56:59.503845
2.250494470014014,57.5271498488139,399.65153858424037,2025-09-30 10:56:59.503845
2.274103738778957,52.28432978426287,400.1994866441237,2025-09-30 10:56:59.503845
2.106848111928601,59.53609573050809,400.00848167175513,2025-09-30 10:56:59.503845
2.319579674739272,53.574213791944096,398.4361456286012,2025-09-30 10:56:59.503845
2.3701591311406403,46.50721544036571,399.2250203890389,2025-09-30 10:56:59.503845
2.213755424823646,53.62872953091253,399.23608385791664,2025-09-30 10:56:59.503845
2.238370134903441,57.05091988255769,398.26253649452127,2025-09-30 10:56:59.503845
2.222040678847117,53.83707701038024,400.4537291583671,2025-09-30 10:56:59.503845
2.4082524279659907,60.82982856203061,398.31347666874495,2025-09-30 10:56:59.503845
2.263585008376106,51.69420451636287,400.06790117209414,2025-09-30 10:56:59.503845
2.265964190733951,59.62113887491484,398.5479933781829,2025-09-30 10:56:59.503845
2.287138761735194,54.082191259601636,401.002724176507,2025-09-30 10:56:59.503845
2.2702326976717844,59.51523298958351,400.90609006041956,2025-09-30 10:56:59.503845
2.068256098150438,58.79632115263023,399.202524874505,2025-09-30 10:56:59.503845
2.2299958407642495,55.058409041021875,399.5700632537557,2025-09-30 10:56:59.503845
2.1883951225276763,63.814936235312516,400.41995236907144,2025-09-30 10:56:59.503845
2.3969419414951827,58.938497119788295,399.28692942152855,2025-09-30 10:56:59.503845
2.2426834002177687,55.75999923732324,400.6308330603021,2025-09-30 10:56:59.503845
2.117948693765862,55.20439240673556,399.5943096151763,2025-09-30 10:56:59.503845
2.274184925575466,48.05883940056354,399.73599191325377,2025-09-30 10:56:59.503845
2.208949546661156,56.13346031873057,399.3184205956476,2025-09-30 10:56:59.503845
2.121019807909222,57.01229406647513,399.90855784845365,2025-09-30 10:56:59.503845
2.1155992637814336,58.37739152866941,398.47008393248893,2025-09-30 10:56:59.503845
2.3473831013645414,49.34254379708251,400.3372933957178,2025-09-30 10:56:59.503845
2.4160012318576087,57.96597647864731,398.6329010653825,2025-09-30 10:56:59.503845
2.2977214714082175,45.13733062571595,399.9491021348459,2025-09-30 10:56:59.503845
2.272388473403238,53.11607714003221,399.90522935626365,2025-09-30 10:56:59.503845
2.2238409941907697,58.96512667705619,401.1781744791051,2025-09-30 10:56:59.503845
2.252379877196908,56.037389963901106,400.70694633288974,2025-09-30 10:56:59.503845
2.29328892443733,59.495655660579125,399.0781189124753,2025-09-30 10:56:59.503845
2.4563105037953368,55.2716625210146,400.62198036174243,2025-09-30 10:56:59.503845
2.163766480280554,61.877558087172055,399.8362225542179,2025-09-30 10:56:59.503845
2.2743014459535553,54.364502574125986,400.1411422136841,2025-09-30 10:56:59.503845
2.1674348894478097,46.362414434028274,400.24606544696684,2025-09-30 10:56:59.503845
2.4194595054676715,53.21015607890131,398.2710733737553,2025-09-30 10:56:59.503845
2.2425985203559353,54.921538750355296,399.6060710092786,2025-09-30 10:56:59.503845
2.068402183684955,60.13769319526945,400.8618538578119,2025-09-30 10:56:59.503845
2.3101944161561114,62.4654750674802,400.3447950171672,2025-09-30 10:56:59.503845
2.3440828596201406,51.822605653707754,398.93961944877447,2025-09-30 10:56:59.503845
2.1901511078944984,48.05404788099101,399.7041683245665,2025-09-30 10:56:59.503845
2.3031113469685023,49.17109949977842,400.4142927153436,2025-09-30 10:56:59.503845
2.4173215529547196,52.942560849671715,399.6890773138379,2025-09-30 10:56:59.503845
2.2920760070871182,49.62407777170186,399.1206564037118,2025-09-30 10:56:59.503845
2.337302939310763,52.90706920635553,399.2403311949282,2025-09-30 10:56:59.503845
2.107671820988012,51.29446527525795,400.4284079934138,2025-09-30 10:56:59.503845
2.2852263447055887,53.413801565969926,400.0616062661558,2025-09-30 10:56:59.503845
2.3622280014700747,56.31791402894611,398.58931700642376,2025-09-30 10:56:59.503845
2.044028082296371,60.44693515398388,399.2544167915052,2025-09-30 10:56:59.503845
2.35875389839769,55.765805687355595,400.4492967257902,2025-09-30 10:56:59.503845
2.2696918000734674,60.53868693101496,398.37839630433035,2025-09-30 10:56:59.503845
2.056792235146531,63.68471887426068,400.52585642421695,2025-09-30 10:56:59.503845
2.393944168536655,53.02450632434535,400.3687911141688,2025-09-30 10:56:59.503845
2.508763975347571,55.174987134719,397.22368615643774,2025-09-30 10:56:59.503845
2.3465992613004873,53.802496893295434,399.17946590314057,2025-09-30 10:56:59.503845
2.3055652332763015,51.18692021318714,400.1173085787766,2025-09-30 10:56:59.503845
2.3908902742581777,61.115165495652406,400.2416783058486,2025-09-30 10:56:59.503845
2.3182543973298135,53.378525438683226,398.59124078706736,2025-09-30 10:56:59.503845
2.207153415976398,53.03059770658807,400.19084627458113,2025-09-30 10:56:59.503845
1.9981519046375538,48.65432618164339,399.305468940842,2025-09-30 10:56:59.503845
2.179168335401572,52.975477752239385,399.1156122487535,2025-09-30 10:56:59.503845
2.2821048863761138,57.41788280782241,400.23778475762583,2025-09-30 10:56:59.503845
1.9269415400107939,48.263790169994316,399.65851282971954,2025-09-30 10:56:59.503845
2.247727440576304,51.16548954624578,401.54579718709573,2025-09-30 10:56:59.503845
2.2038199057753465,49.12522940279042,400.6396743303319,2025-09-30 10:56:59.503845
2.269213499705075,61.75374634528693,398.8815163060041,2025-09-30 10:56:59.503845
2.100156848344865,52.673100272492405,400.6283237202685,2025-09-30 10:56:59.503845
2.230976851627643,52.18196304194142,400.4221614641159,2025-09-30 10:56:59.503845
2.22320543754878,51.74043244988402,399.1134128470772,2025-09-30 10:56:59.503845
2.311853967907158,56.27418620389714,400.754460554136,2025-09-30 10:56:59.503845
2.2264632633036565,56.71617306412571,398.55915604213124,2025-09-30 10:56:59.503845
2.354927049829911,55.209570533322946,399.62630306429196,2025-09-30 10:56:59.503845
2.2743077990004146,61.96270505041238,399.30412842097434,2025-09-30 10:56:59.503845
2.177402267921223,55.42757904717162,400.1527114340197,2025-09-30 10:56:59.503845
2.2881541265917833,50.02919600322214,400.4868998003721,2025-09-30 10:56:59.503845
2.439759357544952,60.186563825709484,399.7687808866434,2025-09-30 10:56:59.503845
2.1856949639597443,48.14709002072499,400.5161532989483,2025-09-30 10:56:59.503845
2.1822696635337615,58.63550287213746,399.678550230047,2025-09-30 10:56:59.503845
2.2570672994349543,70.50879812192505,398.60286174687667,2025-09-30 10:56:59.503845
2.3950194167313645,57.636735198010705,400.6529431030337,2025-09-30 10:56:59.503845
2.304980151635635,51.636716513328786,397.55422458830424,2025-09-30 10:56:59.503845
2.4348190903328675,49.02229507716522,397.9821730843386,2025-09-30 10:56:59.503845
2.315148242728442,59.96584090896437,398.9721287202714,2025-09-30 10:56:59.503845
2.351740765114016,54.7298753662099,400.5011963319431,2025-09-30 10:56:59.503845
2.2387929658963883,55.78660232648106,399.2324813430721,2025-09-30 10:56:59.503845
2.3415870591487273,51.992235272990705,400.4349294341072,2025-09-30 10:56:59.503845
2.304450121309804,55.61125841808473,400.34658884100236,2025-09-30 10:56:59.503845
2.261899002371187,56.937550981072484,399.8835103797354,2025-09-30 10:56:59.503845
2.301135257471362,57.50803362988706,399.41242405892893,2025-09-30 10:56:59.503845
2.2875536444141322,49.0651126497025,400.73050592945884,2025-09-30 10:56:59.503845
2.185006946853318,57.38860834654804,400.78851406933666,2025-09-30 10:56:59.503845
2.1134836300147968,45.569837924456785,398.86401937087527,2025-09-30 10:56:59.503845
2.1552781005315804,56.88217229890511,400.23548983391095,2025-09-30 10:56:59.503845
2.2313867750171825,53.52589003744506,399.13148472277487,2025-09-30 10:56:59.503845
2.2941518611583853,49.788185100469576,399.44375793727454,2025-09-30 10:56:59.503845
2.3035881493266506,56.05624091442658,399.4384456882744,2025-09-30 10:56:59.503845
2.2822160139132075,55.40170943107679,400.42969063929354,2025-09-30 10:56:59.503845
2.2201276871072726,51.89569809995847,399.04021848157885,2025-09-30 10:56:59.503845
2.4370870962444116,60.929856155084586,399.4268760597419,2025-09-30 10:56:59.503845
2.373641972483406,57.404823877927114,398.83495286093785,2025-09-30 10:56:59.503845
2.2401618695376793,56.460031996019445,399.17625878560006,2025-09-30 10:56:59.503845
2.4821197028331228,56.10638939673962,401.24061993048616,2025-09-30 10:56:59.503845
2.2699258915760336,53.254714653361226,400.85115616395245,2025-09-30 10:56:59.503845
2.2937740826836475,48.697082000507436,399.5809341712479,2025-09-30 10:56:59.503845
2.4050575746886764,56.692906563403135,399.82835226758834,2025-09-30 10:56:59.503845
2.1978048749393233,51.57936041682352,399.05152751100314,2025-09-30 10:56:59.503845
2.3070007077430357,51.58119485819946,398.42398984696354,2025-09-30 10:56:59.503845
2.0479607283009846,55.568219644654896,399.80321430909146,2025-09-30 10:56:59.503845
2.3824672423456414,47.219491228093105,399.16069520815677,2025-09-30 10:56:59.503845
2.005733743868226,50.564828879585484,399.93099579935017,2025-09-30 10:56:59.503845
2.236378356663592,47.281480797861825,400.1362416622215,2025-09-30 10:56:59.503845
2.3821762659052386,50.166574749375954,399.5014607495698,2025-09-30 10:56:59.503845
2.240463174094495,61.50307826498227,399.17939746256354,2025-09-30 10:56:59.503845
2.2813372980422066,47.22919746372823,399.32153801140896,2025-09-30 10:56:59.503845
2.1478624578815135,61.08542552967515,398.78581675982184,2025-09-30 10:56:59.503845
2.1865086677380856,48.83316269659686,401.0783091758499,2025-09-30 10:56:59.503845
2.160022790146433,57.04070142538201,399.08798113702187,2025-09-30 10:56:59.503845
2.1491006342804626,45.954647858892315,399.58821637035004,2025-09-30 10:56:59.503845
2.2648809594381207,51.24024395328123,399.75837002898925,2025-09-30 10:56:59.503845
2.198294800060566,40.768474378752636,401.25788764965205,2025-09-30 10:56:59.503845
2.3285628198516726,48.1346100186155,399.45653044810456,2025-09-30 10:56:59.503845
2.1700616575864897,57.435192864850144,398.29719601777606,2025-09-30 10:56:59.503845
2.2515296915903087,52.063816436855035,399.7183642310097,2025-09-30 10:56:59.503845
2.1907002792596497,55.47491382655696,399.88095179115396,2025-09-30 10:56:59.503845
2.302910842052467,54.75271479938909,399.67001367471397,2025-09-30 10:56:59.503845
2.111593000376951,62.62314400597981,401.19682385613805,2025-09-30 10:56:59.503845
2.202720815905517,54.77507611478603,398.31714309512864,2025-09-30 10:56:59.503845
2.357188538835651,45.22715882559993,399.7471881247555,2025-09-30 10:56:59.503845
2.3528180738718283,56.54705465280705,400.6119050836176,2025-09-30 10:56:59.503845
2.3326430063641066,35.61128534719978,398.87550200781686,2025-09-30 10:56:59.503845
2.2963956303304616,53.58963418444274,401.5303771835224,2025-09-30 10:56:59.503845
2.2040185975684263,54.22897818264406,400.0938477402565,2025-09-30 10:56:59.503845
2.1410916429133846,49.998854237203275,401.35312526644736,2025-09-30 10:56:59.503845
2.278779788363131,48.24808455783393,401.2232275608067,2025-09-30 10:56:59.503845
2.2958488584045877,41.1298576461267,398.71088625003705,2025-09-30 10:56:59.503845
2.097184034521492,57.84321521324763,399.9232315876814,2025-09-30 10:56:59.503845
2.2559373959705926,47.91256169840121,401.0577098840269,2025-09-30 10:56:59.503845
2.0404322593653763,59.52622862989685,400.0975412241846,2025-09-30 10:56:59.503845
2.201654173795662,55.7355711637487,399.38827356278756,2025-09-30 10:56:59.503845
2.3203361171781314,47.28783310736181,400.82249550653194,2025-09-30 10:56:59.503845
2.1897895669087766,55.93777640201382,398.4429451201929,2025-09-30 10:56:59.503845
2.0966961977411027,58.5198705150593,399.87320580292493,2025-09-30 10:56:59.503845
2.2611717714548534,47.18251302729877,398.1589054921411,2025-09-30 10:56:59.503845
1.9493814589186544,46.22866345715498,400.798354754616,2025-09-30 10:56:59.503845
2.286411561006024,52.67087422698317,399.7467013336065,2025-09-30 10:56:59.503845
2.281873278339879,53.44295053569216,400.5896167207769,2025-09-30 10:56:59.503845
2.28535793087461,55.74570290023328,398.7706609209151,2025-09-30 10:56:59.503845
2.130328700902467,59.449999404416936,398.9951451037918,2025-09-30 10:56:59.503845
2.1455514971382703,52.62797740650168,399.529782730086,2025-09-30 10:56:59.503845
2.2089630378227283,58.664413006888246,400.35831767320514,2025-09-30 10:56:59.503845
2.069266136112143,53.07783544773695,399.0597297267348,2025-09-30 10:56:59.503845
2.095492465678575,60.6005041358671,399.5193752515891,2025-09-30 10:56:59.503845
2.329651483422763,56.32312502075917,398.40582795072663,2025-09-30 10:56:59.503845
2.3452739350868756,53.23022166739119,401.1115975064614,2025-09-30 10:56:59.503845
2.3013189293535894,52.31423802693262,400.48468232676095,2025-09-30 10:56:59.503845
2.101753408269402,53.10587949795623,399.8619561973786,2025-09-30 10:56:59.503845
2.337251371741317,49.89805481634829,401.08619281589966,2025-09-30 10:56:59.503845
2.347154684644745,55.360040646496984,399.4036836443731,2025-09-30 10:56:59.503845
2.3236643408722584,63.44079121264838,399.5289215165295,2025-09-30 10:56:59.503845
2.3399770945356524,64.17082979530016,400.9497250889235,2025-09-30 10:56:59.503845
2.3687728710827396,54.86417482730835,399.38731087702496,2025-09-30 10:56:59.503845
2.168443814528659,56.908595168384984,399.88093586018346,2025-09-30 10:56:59.503845
2.299456693684098,52.417897964194026,400.2537651878437,2025-09-30 10:56:59.503845
2.2378969672461078,61.75936481745338,399.8690775130414,2025-09-30 10:56:59.503845
2.2976129259907245,51.53446987120596,402.1624947393338,2025-09-30 10:56:59.503845
2.196804878943198,58.20527624654221,399.2330077506367,2025-09-30 10:56:59.503845
2.240597935664312,59.109005465224584,399.06315417235845,2025-09-30 10:56:59.503845
2.258008081169983,57.46859248937641,400.4671355141967,2025-09-30 10:56:59.503845
2.1162569009858334,55.21068700672658,398.9600899837341,2025-09-30 10:56:59.503845
2.1539031863489413,46.845706707024675,401.04863810114324,2025-09-30 10:56:59.503845
2.227201127934199,54.31633651163726,399.79861782725305,2025-09-30 10:56:59.503845
2.23166681397515,49.29175789844686,399.4675311897353,2025-09-30 10:56:59.503845
2.2604240896088643,46.90828990884095,398.777135244784,2025-09-30 10:56:59.503845
2.419229278174468,52.26780556150939,400.28218616978495,2025-09-30 10:56:59.503845
2.3138728701967186,39.0390528186268,399.3628105105652,2025-09-30 10:56:59.503845
2.1526818937623466,48.42855109204705,401.7157853548115,2025-09-30 10:56:59.503845
2.217634043464848,46.63294791444339,400.71021215049717,2025-09-30 10:56:59.503845
2.1218861733589627,61.38981878061364,399.93704881507324,2025-09-30 10:56:59.503845
2.3412257180480083,53.529835044278414,399.4271548785645,2025-09-30 10:56:59.503845
2.2590383391974473,48.4434977766952,400.1195866942162,2025-09-30 10:56:59.503845
2.3251824570108606,55.338602470192185,400.0760477587701,2025-09-30 10:56:59.503845
2.2678787635427806,53.97143812873202,400.0925141994829,2025-09-30 10:56:59.503845
2.30271721561365,57.4854575766869,398.7588763718173,2025-09-30 10:56:59.503845
2.2736612861717274,48.382048867118854,399.3157173218135,2025-09-30 10:56:59.503845
2.189011993742353,54.388567122921906,400.0681346523253,2025-09-30 10:56:59.503845
2.342676915158105,54.518495938808016,400.09121644419685,2025-09-30 10:56:59.503845
2.1808304617380503,53.57374494676411,398.5938859885962,2025-09-30 10:56:59.503845
2.103046034384934,54.46933414791829,398.62057054025803,2025-09-30 10:56:59.503845
2.3103659998166335,65.61082869536891,400.2987456619409,2025-09-30 10:56:59.503845
2.2748620443205585,53.73346266077136,400.62507508513045,2025-09-30 10:56:59.503845
2.2876405010021266,40.67407461184441,399.50798303300036,2025-09-30 10:56:59.503845
2.2707366183541025,56.09364702947548,399.60452646925285,2025-09-30 10:56:59.503845
2.2450753626067965,59.93033580374951,399.0239101700083,2025-09-30 10:56:59.503845
2.167007947176843,56.181092514594646,398.8706409787942,2025-09-30 10:56:59.503845
2.2293491674481567,52.6474761928751,399.8276211009303,2025-09-30 10:56:59.503845
2.214320776184248,56.12047492384068,399.1406454364439,2025-09-30 10:56:59.503845
2.4929627424058767,62.68915896292634,399.89992735606546,2025-09-30 10:56:59.503845
2.2668260372499702,58.2550175770458,400.34962202891876,2025-09-30 10:56:59.503845
2.222566484126235,59.35484510995469,400.16917555469445,2025-09-30 10:56:59.503845
2.275768804926229,64.23413311883604,399.20386043791615,2025-09-30 10:56:59.503845
2.4178077944772074,48.896589692244376,400.95476457432443,2025-09-30 10:56:59.503845
2.364165292510157,58.48787361255545,397.6675974849492,2025-09-30 10:56:59.503845
2.2364447755280827,50.44751123757672,399.33833979592055,2025-09-30 10:56:59.503845
2.105997470844002,65.1634963780484,400.36236513988484,2025-09-30 10:56:59.503845
2.318950211835901,57.33687901463335,399.7664349118139,2025-09-30 10:56:59.503845
2.231134071650079,56.24674105799201,400.0788695428125,2025-09-30 10:56:59.503845
2.161690952419215,54.690637866146815,398.7299617326157,2025-09-30 10:56:59.503845
2.2189602595246076,44.985417492357065,400.11070851939553,2025-09-30 10:56:59.503845
2.2920312014329953,54.08635928056246,399.2342552930674,2025-09-30 10:56:59.503845
2.3666129461602226,51.647098392785004,399.91980333925073,2025-09-30 10:56:59.503845
2.2644685471963366,53.81957263582955,399.51352700584215,2025-09-30 10:56:59.503845
2.1248316328892267,55.50968053098647,399.3456513400043,2025-09-30 10:56:59.503845
2.2016937785472526,55.16684567237867,399.68840058190005,2025-09-30 10:56:59.503845
2.221834443055439,46.65158374690806,401.3827121339845,2025-09-30 10:56:59.503845
2.399412016117135,45.871655483073205,400.68016775862867,2025-09-30 10:56:59.503845
2.352261587443369,54.88679768313136,400.1095754454754,2025-09-30 10:56:59.503845
2.215318861769458,51.20092822657624,399.9483469700827,2025-09-30 10:56:59.503845
2.312086013667868,54.95461331973645,399.24559916713247,2025-09-30 10:56:59.503845
2.0978382854303663,60.704491051947834,399.05658566641324,2025-09-30 10:56:59.503845
2.2179925462720327,54.377248363389185,399.8755769549839,2025-09-30 10:56:59.503845
2.246752377988795,46.69391297827642,398.96844383624693,2025-09-30 10:56:59.503845
2.3514843115647293,55.87900965771775,399.2072254033051,2025-09-30 10:56:59.503845
2.1133961272657027,48.312045103538026,399.41347128207025,2025-09-30 10:56:59.503845
2.1950192336285683,52.91058179058064,400.5146630252688,2025-09-30 10:56:59.503845
2.2394210170215354,50.012834099394674,400.5712375859931,2025-09-30 10:56:59.503845
2.3140393796422942,50.51076140341662,398.9957244609053,2025-09-30 10:56:59.503845
2.285834112445534,49.67932527640343,398.6060497652556,2025-09-30 10:56:59.503845
2.06863647284719,54.136377404896784,398.8517024153507,2025-09-30 10:56:59.503845
2.1373390249645525,52.50466001846693,399.17995430421183,2025-09-30 10:56:59.503845
2.3876931563448616,57.41262229796417,399.60266500065177,2025-09-30 10:56:59.503845
2.192515960583351,62.03415380182304,401.06442800407785,2025-09-30 10:56:59.503845
2.2197084995718144,49.78417073732528,400.1653010330263,2025-09-30 10:56:59.503845
2.319814532757388,45.38323040943198,401.46834636109514,2025-09-30 10:56:59.503845
2.2332504951084386,50.21255391843489,399.6913621243164,2025-09-30 10:56:59.503845
2.206563198313326,60.31593713628818,399.384178965374,2025-09-30 10:56:59.503845
2.359118017872148,60.20378583805152,400.0619073785893,2025-09-30 10:56:59.503845
2.228443815599342,59.483887491204555,398.64659691229724,2025-09-30 10:56:59.503845
2.296703451146755,51.611938030657825,400.8078663428105,2025-09-30 10:56:59.503845
2.2936963507123393,55.18943294988896,399.4949218975709,2025-09-30 10:56:59.503845
2.2495626469027177,47.415608578462596,399.88024291996635,2025-09-30 10:56:59.503845
2.3297467787775115,55.873505076016556,400.21501504656254,2025-09-30 10:56:59.503845
2.360527846049163,52.39381978176198,398.71956981999523,2025-09-30 10:56:59.503845
2.161426607745142,58.16371980053183,398.84120380600416,2025-09-30 10:56:59.503845
2.243983745829746,54.007074340561296,400.55667592267315,2025-09-30 10:56:59.503845
2.372545912498766,60.30282849663793,398.90859773935784,2025-09-30 10:56:59.503845
2.192703106848826,58.02657128254396,400.2422788003351,2025-09-30 10:56:59.503845
2.2135681838247856,49.024382240303176,399.105032291351,2025-09-30 10:56:59.503845
2.3341428142354057,44.10093840740462,399.582555835607,2025-09-30 10:56:59.503845
2.420954405980397,49.72810031547991,400.45015645192854,2025-09-30 10:56:59.503845
2.131219231401633,55.71611269799122,398.9284496138847,2025-09-30 10:56:59.503845
2.1726674957253227,51.488391605546425,400.1398441947281,2025-09-30 10:56:59.503845
2.2897730230745292,48.953434586700354,400.10131275505995,2025-09-30 10:56:59.503845
2.2954820089851715,53.346076222671556,399.912072447451,2025-09-30 10:56:59.503845
2.232220636605399,48.00792970366106,398.96829503277337,2025-09-30 10:56:59.503845
2.0885914663322827,62.42954430205042,399.27029876186197,2025-09-30 10:56:59.503845
2.2699838073756133,54.4489688493389,398.6977188924714,2025-09-30 10:56:59.503845
2.158531430133187,52.20239844588696,400.3035117044792,2025-09-30 10:56:59.503845
2.3426910536477057,54.804013239329834,400.3554482850993,2025-09-30 10:56:59.503845
2.3271523641053053,59.41169154042527,400.6445283490225,2025-09-30 10:56:59.503845
2.2834048122849095,63.169274928765915,399.73019055273,2025-09-30 10:56:59.503845
2.2682210850038707,55.38974460388016,401.40850776827097,2025-09-30 10:56:59.503845
2.2288200184159295,53.87709555794693,396.8873858422784,2025-09-30 10:56:59.503845
2.212072460100105,56.5779955296343,399.6559265715358,2025-09-30 10:56:59.503845
2.3381570757927967,52.74036816412627,400.0048382441278,2025-09-30 10:56:59.503845
2.326674837927945,52.506782942463104,399.32299756336994,2025-09-30 10:56:59.503845
2.344876556199996,57.392248817295695,400.28361513712383,2025-09-30 10:56:59.503845
2.2848652010416246,62.77664939693519,400.12542532672273,2025-09-30 10:56:59.503845
2.2597267361846676,39.64468639722505,400.2881677387253,2025-09-30 10:56:59.503845
2.2118397626076756,60.08125478301928,397.5774115260971,2025-09-30 10:56:59.503845
2.2855863434065955,56.768171589332034,399.7950616402213,2025-09-30 10:56:59.503845
2.112083998881328,54.05740523224526,400.4917789690687,2025-09-30 10:56:59.503845
2.3203547970091765,50.40924806354038,400.28115854567784,2025-09-30 10:56:59.503845
2.2173985284430624,58.648076921895715,399.51399870989593,2025-09-30 10:56:59.503845
2.2717506091515287,57.06758827109129,401.6786470086809,2025-09-30 10:56:59.503845
2.3597986420409813,59.9586061889881,399.21613910164854,2025-09-30 10:56:59.503845
2.1475503251767285,44.22592836316497,398.48347047595047,2025-09-30 10:56:59.503845
2.440309131866882,54.77736587495584,400.6566117349995,2025-09-30 10:56:59.503845
2.1901436384687822,54.10358562506309,399.4508851092309,2025-09-30 10:56:59.503845
2.3033667487446987,56.68143667863072,399.5203061235208,2025-09-30 10:56:59.503845
2.321933419201004,58.58018683123854,400.86607401599855,2025-09-30 10:56:59.503845
2.367897991946977,58.145416033463704,400.4350383170959,2025-09-30 10:56:59.503845
2.3575858317565483,55.46940308730068,400.30256794514077,2025-09-30 10:56:59.503845
2.2446150272995338,47.42046973422577,399.14136052316,2025-09-30 10:56:59.503845
2.1497054492462473,50.52472286043432,399.67578641139505,2025-09-30 10:56:59.503845
2.3406759468457112,48.5670271044137,400.2648020721679,2025-09-30 10:56:59.503845
2.1569903749957438,48.92457384840212,399.8693485572802,2025-09-30 10:56:59.503845
2.159543681717796,64.71477166699853,398.4554772800389,2025-09-30 10:56:59.503845
2.2504277420532923,58.26914636605312,400.5238410855232,2025-09-30 10:56:59.503845
2.194146751827232,42.61482163046624,399.3792730092567,2025-09-30 10:56:59.503845
2.3085007728788476,54.045269378820734,399.84134164691426,2025-09-30 10:56:59.503845
2.1841262902530247,52.790207734894366,400.33794633887135,2025-09-30 10:56:59.503845
2.4556506485472895,50.36025440316589,400.1067561351122,2025-09-30 10:56:59.503845
2.0644222237985312,54.27378881691202,399.50877775132403,2025-09-30 10:56:59.503845
2.1926741032574113,57.35543101752921,400.2132604974988,2025-09-30 10:56:59.503845
2.3309069323687455,47.07829668479512,400.9016392190541,2025-09-30 10:56:59.503845
2.059708339281936,52.80070017440624,399.5622066311645,2025-09-30 10:56:59.503845
2.3624046555519413,51.271188150851096,397.97418827577405,2025-09-30 10:56:59.503845
2.1857920911892865,49.66884341371318,400.97676445304563,2025-09-30 10:56:59.503845
2.2674199116380245,54.82399441992233,399.0971785984588,2025-09-30 10:56:59.503845
2.263400191579993,57.82462218099228,398.75594168275154,2025-09-30 10:56:59.503845
2.1576726342334718,70.83805476365023,399.26697954827625,2025-09-30 10:56:59.503845
2.2941495238519236,51.82315852318883,400.95168409154627,2025-09-30 10:56:59.503845
2.3627288422500863,60.78794571481867,399.2903995900021,2025-09-30 10:56:59.503845
2.417173910082816,54.69545584920881,398.51425342577926,2025-09-30 10:56:59.503845
2.2123816961775766,54.50062830296863,398.62830889126656,2025-09-30 10:56:59.503845
2.250276112895176,51.99515571876147,400.8943757972208,2025-09-30 10:56:59.503845
2.3614757706276146,57.93829703190703,398.56199892832245,2025-09-30 10:56:59.503845
2.316568563044604,60.88607502312914,399.2154567291261,2025-09-30 10:56:59.503845
2.2894196959462487,55.80943421864034,400.1720769811908,2025-09-30 10:56:59.503845
2.180261517435659,54.736207412926944,399.2678126934608,2025-09-30 10:56:59.503845
2.1317401225197465,53.63634577532251,398.8015218754217,2025-09-30 10:56:59.503845
2.1426444332839045,53.56268209297721,400.041904068326,2025-09-30 10:56:59.503845
2.1088199563317933,52.82778457667067,400.2538969986644,2025-09-30 10:56:59.503845
2.2243581509231816,58.861876917549566,399.4385832822532,2025-09-30 10:56:59.503845
2.1168079436724287,54.61054569106666,398.7923895213629,2025-09-30 10:56:59.503845
2.3363597699134075,60.814147040303425,400.59384415262423,2025-09-30 10:56:59.503845
2.4378142935489167,61.0756769510117,400.2436726859076,2025-09-30 10:56:59.503845
2.2420392275623495,56.527683945699884,399.51326417893284,2025-09-30 10:56:59.503845
2.4264611673448524,59.147428701852746,401.3350642543117,2025-09-30 10:56:59.503845
2.291751960667809,54.483031069994176,401.1156533916593,2025-09-30 10:56:59.503845
2.612035049141638,65.35488585091281,398.2971280502777,2025-09-30 10:56:59.503845
2.2079957263396786,52.43626606625149,399.68761320819516,2025-09-30 10:56:59.503845
2.0495777142578913,53.581797461156825,399.16346025222924,2025-09-30 10:56:59.503845
2.2103903248601062,55.4354465318684,399.568508483013,2025-09-30 10:56:59.503845
2.317083224866009,59.02643203316816,400.6415420765701,2025-09-30 10:56:59.503845
2.30150620583426,54.279412059257126,398.6962338556024,2025-09-30 10:56:59.503845
2.1392687227456726,54.72786804910694,399.8431911627667,2025-09-30 10:56:59.503845
2.1144823192528115,53.06843012692906,400.3693030442951,2025-09-30 10:56:59.503845
2.25095181110362,53.007198179816776,400.31568710866924,2025-09-30 10:56:59.503845
2.138657794330136,72.06562425999516,399.6716722909173,2025-09-30 10:56:59.503845
2.009954185144235,60.57573627416599,400.9809777681818,2025-09-30 10:56:59.503845
2.1528219550650936,53.97330492065151,399.84214667783704,2025-09-30 10:56:59.503845
2.3066861418812667,55.787306047533654,399.9702673195228,2025-09-30 10:56:59.503845
2.2282605788674625,55.98591029728652,399.4825187272438,2025-09-30 10:56:59.503845
2.2683832372955735,51.192319571338835,400.7580185082006,2025-09-30 10:56:59.503845
2.3126273409862925,66.13690686585808,398.9259609795926,2025-09-30 10:56:59.503845
2.1877142558535723,53.54867908233297,398.9742150970714,2025-09-30 10:56:59.503845
2.261522306751487,53.30771037212256,400.73611250214117,2025-09-30 10:56:59.503845
2.2666438868327465,50.192366329415435,399.75502124373656,2025-09-30 10:56:59.503845
2.392931277376489,54.06844164904002,400.04411460558237,2025-09-30 10:56:59.503845
2.4420168641860767,60.98285498129279,399.97066117826273,2025-09-30 10:56:59.503845
2.373083958638739,47.78670183808419,399.38440758523615,2025-09-30 10:56:59.503845
2.220524988462147,65.32561475080983,399.29290607815915,2025-09-30 10:56:59.503845
2.1545955464501305,53.14146439978306,398.34525944251334,2025-09-30 10:56:59.503845
2.4130327513947356,54.902803226377706,399.9789280258644,2025-09-30 10:56:59.503845
2.377309236652347,57.99259719990015,400.3780559239299,2025-09-30 10:56:59.503845
2.1939493381065636,54.71928747371159,399.7802048374097,2025-09-30 10:56:59.503845
2.275110880363952,60.02463314685146,398.98591631970777,2025-09-30 10:56:59.503845
2.378004343972389,49.69531026229307,399.31824453661716,2025-09-30 10:56:59.503845
2.2441595752293693,52.32248958763333,398.8361747547299,2025-09-30 10:56:59.503845
2.304095389195942,53.55766018020832,398.6700724099527,2025-09-30 10:56:59.503845
2.4052157898874382,49.85873086412696,399.07039898262497,2025-09-30 10:56:59.503845
2.176232537229496,48.29034587318842,398.71568233405793,2025-09-30 10:56:59.503845
2.0582854644102215,55.853387308624804,399.9192880164779,2025-09-30 10:56:59.503845
2.214013435562837,48.72095376854662,400.16543358331086,2025-09-30 10:56:59.503845
2.2402836217147444,52.13455169534214,398.52432555093725,2025-09-30 10:56:59.503845
2.3061161242081827,54.162287768999654,400.5853864976595,2025-09-30 10:56:59.503845
2.2675947102863225,46.2771108975358,400.69247187840676,2025-09-30 10:56:59.503845
2.1569629287958803,47.760465765494956,399.51390969001096,2025-09-30 10:56:59.503845
2.2227287206252364,58.410136879982424,398.34136175559695,2025-09-30 10:56:59.503845
2.281774176876478,54.6188356981332,399.51746650344603,2025-09-30 10:56:59.503845
2.2768018692285237,62.617650749721555,400.88110001530913,2025-09-30 10:56:59.503845
2.191039017212493,54.97925484638667,399.2465046047211,2025-09-30 10:56:59.503845
2.2937404599623052,52.94719161337016,398.76750837407155,2025-09-30 10:56:59.503845
2.3466757038634305,63.687208967077865,398.822239665804,2025-09-30 10:56:59.503845
2.310931502904495,50.57531653805649,399.7541374716028,2025-09-30 10:56:59.503845
2.34658356809126,48.092592391716195,400.12275076968183,2025-09-30 10:56:59.503845
2.2007637101195776,55.23856745250046,399.9681085385158,2025-09-30 10:56:59.503845
2.103098432914356,53.11262304019109,399.2716506113711,2025-09-30 10:56:59.503845
2.3904489545036016,56.04042680930716,399.84744238776176,2025-09-30 10:56:59.503845
2.140559519591478,50.863553228254396,399.23107468869364,2025-09-30 10:56:59.503845
2.204901681105206,50.47426919061596,400.25497922518895,2025-09-30 10:56:59.503845
2.244686646224239,64.498222617926,400.75338210755115,2025-09-30 10:56:59.503845
2.105887185761456,60.770915517831824,400.27188623740443,2025-09-30 10:56:59.503845
2.4399411564826146,45.29295030180161,398.4221694379279,2025-09-30 10:56:59.503845
2.229584779762076,56.346489053167865,400.07475953939706,2025-09-30 10:56:59.503845
2.3130918349432865,56.95535051248479,400.27479516454554,2025-09-30 10:56:59.503845
2.090479345235922,63.22098583941452,399.95428650278404,2025-09-30 10:56:59.503845
2.283353354914693,54.51508782692931,399.8627505601947,2025-09-30 10:56:59.503845
2.1950487016954403,50.705165673633886,399.8670313889833,2025-09-30 10:56:59.503845
2.4852771317487403,53.68981344306051,398.1979980563621,2025-09-30 10:56:59.503845
2.4005935506186336,50.59016321625088,398.12555078970485,2025-09-30 10:56:59.503845
2.2689421220664125,56.7236780698053,400.624091341966,2025-09-30 10:56:59.503845
2.2873130019922816,58.56917029945852,399.891517874787,2025-09-30 10:56:59.503845
2.1100934958029876,57.33646774018756,401.0626330532746,2025-09-30 10:56:59.503845
2.0709902422120714,58.92696938490695,399.0263740055778,2025-09-30 10:56:59.503845
2.3833508245348787,51.94551911003258,399.9427719329525,2025-09-30 10:56:59.503845
2.3005705001458443,52.158956307501754,400.7207588464421,2025-09-30 10:56:59.503845
2.2279670059866343,56.2228469783711,399.89412734392965,2025-09-30 10:56:59.503845
2.304409482018848,45.6789591053073,400.76880449464,2025-09-30 10:56:59.503845
2.234417873517084,45.908645113920514,399.09908965104506,2025-09-30 10:56:59.503845
2.3935131329133825,52.74726900860816,400.5493692781809,2025-09-30 10:56:59.503845
2.3162058183122194,50.69280070386873,398.9529661702016,2025-09-30 10:56:59.503845
2.285526915404305,54.58003345988302,399.0987396712523,2025-09-30 10:56:59.503845
2.3799499769146784,56.54138854245937,400.3555477153788,2025-09-30 10:56:59.503845
2.156752436125035,55.603498607601395,398.6731255121003,2025-09-30 10:56:59.503845
2.311105438937489,55.891675818535816,399.81545701724895,2025-09-30 10:56:59.503845
2.137581069940655,42.583636728281306,399.4317178610458,2025-09-30 10:56:59.503845
2.5151849126588766,54.261098927849154,398.2699149077595,2025-09-30 10:56:59.503845
2.098832809106702,60.06773501225831,399.59604764036135,2025-09-30 10:56:59.503845
2.357079679392061,61.16079013155531,400.0494993733505,2025-09-30 10:56:59.503845
2.159031442346527,53.38470259546895,400.45317772692425,2025-09-30 10:56:59.503845
2.203782910471311,44.296886995507485,399.982008793975,2025-09-30 10:56:59.503845
2.205526858390914,61.75926105595494,400.1436559755332,2025-09-30 10:56:59.503845
2.1742044668697837,61.59726650589143,399.31885877161204,2025-09-30 10:56:59.503845
2.2648402767975586,48.12485113698286,398.905676212606,2025-09-30 10:56:59.503845
2.268263721919621,50.25160676041237,399.40931667888935,2025-09-30 10:56:59.503845
2.226829263262563,51.01361373007664,400.78771958906344,2025-09-30 10:56:59.503845
2.100185673577483,51.731187217806756,398.5888964832185,2025-09-30 10:56:59.503845
2.276028192789212,52.57478638421059,399.3131233876301,2025-09-30 10:56:59.503845
2.157958817383878,57.59517721059291,399.7493535497893,2025-09-30 10:56:59.503845
2.232652493422038,49.20946163770259,399.1837162893876,2025-09-30 10:56:59.503845
2.4152230404611443,48.68651186962048,400.5043056656839,2025-09-30 10:56:59.503845
2.1866492428415696,47.614703369884715,398.56937555910366,2025-09-30 10:56:59.503845
2.367093196795995,50.49739102534064,400.0736327323988,2025-09-30 10:56:59.503845
2.3524830016866356,42.739214173409344,400.82251538144106,2025-09-30 10:56:59.503845
2.2894183395681975,50.709659254237394,400.3421384384533,2025-09-30 10:56:59.503845
2.33309828944694,50.123374976166595,399.8841322004273,2025-09-30 10:56:59.503845
2.1549219839574656,52.33442687707654,401.1923707100643,2025-09-30 10:56:59.503845
2.0835851940425205,55.42416442454477,396.80396083199844,2025-09-30 10:56:59.503845
2.14548902928911,43.71840340113653,399.3816072733422,2025-09-30 10:56:59.503845
2.3495608502881073,43.61889678326966,400.54095649509685,2025-09-30 10:56:59.503845
2.207677587881056,53.75747943586668,400.0928907157714,2025-09-30 10:56:59.503845
2.425574867291023,55.71492392427924,399.24265292401657,2025-09-30 10:56:59.503845
2.189162752767581,47.44211752503394,399.72493140158167,2025-09-30 10:56:59.503845
2.1321278816772895,47.55044674690299,399.3070904711648,2025-09-30 10:56:59.503845
2.4062947381261117,54.5167526554469,399.79281969147104,2025-09-30 10:56:59.503845
2.078715716464189,52.10691433968282,399.0691633274133,2025-09-30 10:56:59.503845
2.1535289006601763,48.69681902960055,400.0570736226256,2025-09-30 10:56:59.503845
2.231739448039563,47.21667742128504,399.08950469710436,2025-09-30 10:56:59.503845
2.294292604734151,54.29692841904956,400.23584446834917,2025-09-30 10:56:59.503845
2.316348615628656,54.68546485315778,398.505313790387,2025-09-30 10:56:59.503845
2.335791793632975,56.50241274063686,400.0014669715706,2025-09-30 10:56:59.503845
2.127057645309025,55.59471939521128,400.1193349497432,2025-09-30 10:56:59.503845
2.135264814803134,60.64571435561866,400.1423139790283,2025-09-30 10:56:59.503845
2.0972140654768774,44.2690055470695,399.21150925181036,2025-09-30 10:56:59.503845
2.3600127190829334,57.70791261382937,399.97338165291694,2025-09-30 10:56:59.503845
2.0826279540589763,52.95453749565348,399.8652810565179,2025-09-30 10:56:59.503845
2.0810155734769458,52.6646733726728,400.1656688059105,2025-09-30 10:56:59.503845
2.3647565476086148,48.205477237458965,399.68389016429455,2025-09-30 10:56:59.503845
2.1974406799555943,68.0363800566763,399.2509326896602,2025-09-30 10:56:59.503845
2.410498940029401,54.59403410746721,400.76469949206466,2025-09-30 10:56:59.503845
2.3017814003317736,56.95692705382873,399.9552726953298,2025-09-30 10:56:59.503845
2.264859925425509,59.762032030438114,398.9869033955916,2025-09-30 10:56:59.503845
2.2270651265039016,49.22956289671117,400.12521655365447,2025-09-30 10:56:59.503845
2.2069291709839804,57.169876416279195,401.01022286279743,2025-09-30 10:56:59.503845
2.2047517424049627,61.98038778628837,400.6508303932227,2025-09-30 10:56:59.503845
2.4171448314859068,53.99280423380567,398.9459648353372,2025-09-30 10:56:59.503845
2.270418534250898,55.53847927672547,399.4907700873443,2025-09-30 10:56:59.503845
2.2705795122681023,54.41579215493641,398.6146124529824,2025-09-30 10:56:59.503845
2.2190222880229107,46.1531533293114,399.7880680904113,2025-09-30 10:56:59.503845
2.2660848565401084,50.00883071966857,400.1818685874493,2025-09-30 10:56:59.503845
2.1798659149729485,52.34649768812288,400.5897296609911,2025-09-30 10:56:59.503845
2.275098961385851,49.928369530659694,400.41964611689997,2025-09-30 10:56:59.503845
2.141177091775884,52.804909353499625,398.8953709569139,2025-09-30 10:56:59.503845
2.275626367600811,51.70874888459399,399.6069258854047,2025-09-30 10:56:59.503845
2.334162850017719,54.49254383132569,398.49624518996933,2025-09-30 10:56:59.503845
2.2900593709257873,50.434919203535934,398.45643179821667,2025-09-30 10:56:59.503845
2.233796833827151,46.24298898074621,400.18834691305506,2025-09-30 10:56:59.503845
2.222346966191532,58.32228448073208,402.4105252731074,2025-09-30 10:56:59.503845
2.2383612362335654,54.70481747004643,400.17762993685756,2025-09-30 10:56:59.503845
2.2341556772727653,56.67903709323956,399.835905610825,2025-09-30 10:56:59.503845
2.365185362929216,53.76652134980595,399.47442270608207,2025-09-30 10:56:59.503845
2.438929168238771,45.807142378636954,399.0509336789718,2025-09-30 10:56:59.503845
2.3242614532735875,56.28134514273434,399.38636788918615,2025-09-30 10:56:59.503845
2.4368117374729095,57.54716931672707,401.44001771446614,2025-09-30 10:56:59.503845
2.388749807385814,54.857856026982255,399.84183093027343,2025-09-30 10:56:59.503845
2.3882843664581035,50.0270325808075,398.81842296676155,2025-09-30 10:56:59.503845
2.1655667466392616,64.54611473948138,401.6245868574603,2025-09-30 10:56:59.503845
2.2669570942207407,58.57544576585738,400.3700139037526,2025-09-30 10:56:59.503845
2.1815652362491313,59.630038624371394,398.7242776029972,2025-09-30 10:56:59.503845
2.2509183792202365,59.061987756027214,399.6983463299639,2025-09-30 10:56:59.503845
2.3218642098048416,53.3784705305754,399.1517468566353,2025-09-30 10:56:59.503845
2.3378560967405355,46.95663910808163,400.333570988231,2025-09-30 10:56:59.503845
2.1349426560344673,47.41164335794728,399.1678793264564,2025-09-30 10:56:59.503845
2.333600362786383,51.91516730741173,399.98896389104806,2025-09-30 10:56:59.503845
2.2042021281214645,54.863720623587966,399.9344840921324,2025-09-30 10:56:59.503845
2.3608915366987486,53.612154069240106,399.7047853137151,2025-09-30 10:56:59.503845
2.251861691897593,54.67451866725801,399.4277724615414,2025-09-30 10:56:59.503845
2.2099759732571616,49.03281241836335,399.3442657337294,2025-09-30 10:56:59.503845
2.3911025843429052,64.24291844180132,399.0957153911212,2025-09-30 10:56:59.503845
1.9988814142822409,51.78320437220373,397.7132101768178,2025-09-30 10:56:59.503845
2.309459362188121,44.78745280823916,400.3161508026693,2025-09-30 10:56:59.503845
2.029842865252661,46.042376822707794,399.9370755113192,2025-09-30 10:56:59.503845
2.3277336924144256,56.79416804685212,399.8931768409577,2025-09-30 10:56:59.503845
2.1534229484142697,53.81848330070868,399.89582892477256,2025-09-30 10:56:59.503845
2.278110824367985,57.429417220241405,400.87625674112746,2025-09-30 10:56:59.503845
2.4038417397050966,54.87707314980783,398.9523655731021,2025-09-30 10:56:59.503845
2.332481460245193,64.3093499718104,400.3126838135878,2025-09-30 10:56:59.503845
2.3422940838354154,62.71118669189934,400.4734581669314,2025-09-30 10:56:59.503845
2.4705293021825496,46.11611775969704,398.4394617483763,2025-09-30 10:56:59.503845
2.088326352674537,57.833327818797265,398.8127732986744,2025-09-30 10:56:59.503845
2.1832983114889988,59.377530706353475,398.56517064907325,2025-09-30 10:56:59.503845
2.3316985523211025,54.21491467891384,400.6052004137565,2025-09-30 10:56:59.503845
2.4833860956359013,47.49556943593519,398.83901368887166,2025-09-30 10:56:59.503845
2.207125412894887,47.726670697534225,399.80512795832504,2025-09-30 10:56:59.503845
2.255718140861335,46.87813544680802,400.1045839715732,2025-09-30 10:56:59.503845
2.279725831904304,50.320058689448466,401.3436674509291,2025-09-30 10:56:59.503845
2.3839390775988436,55.46707418613756,401.5354762685466,2025-09-30 10:56:59.503845
2.1720157564013407,48.1577105949858,400.90042106282084,2025-09-30 10:56:59.503845
2.166872133251171,56.15136971141768,399.87115169037014,2025-09-30 10:56:59.503845
2.17750846744067,59.384864917914115,400.22286655168233,2025-09-30 10:56:59.503845
2.296787751155845,61.20717625000264,400.35721894047134,2025-09-30 10:56:59.503845
2.2241122766052572,44.0211572227258,399.49228319728627,2025-09-30 10:56:59.503845
2.126203761333686,59.37796651287439,399.9254625710268,2025-09-30 10:56:59.503845
2.3499445580480764,42.986082468181955,399.19513410523047,2025-09-30 10:56:59.503845
2.200891964987328,58.55753366048815,400.03892491721757,2025-09-30 10:56:59.503845
2.2442694254818227,62.9604478213114,398.0356762016905,2025-09-30 10:56:59.503845
2.1937648362507183,55.04171067141591,399.4627153325329,2025-09-30 10:56:59.503845
2.341858281251716,60.04590609775006,399.5888100894902,2025-09-30 10:56:59.503845
2.176112741617361,49.58228832783244,401.32786738547225,2025-09-30 10:56:59.503845
2.231113968090331,51.30092959681187,398.33325811968194,2025-09-30 10:56:59.503845
2.2751483938339,60.23843609342322,399.49154877880375,2025-09-30 10:56:59.503845
2.2451036642632083,45.173873459550066,399.58514267719164,2025-09-30 10:56:59.503845
2.228467920451783,55.61169992980333,399.1625469798824,2025-09-30 10:56:59.503845
2.311631882466779,57.62408111835811,401.0808203377182,2025-09-30 10:56:59.503845
2.336691558512679,48.84215068261559,400.9060950093707,2025-09-30 10:56:59.503845
2.104883923439328,57.90859757209501,398.9700567773522,2025-09-30 10:56:59.503845
2.3132681785261924,52.356757812625766,398.31207918989855,2025-09-30 10:56:59.503845
2.2982689892141415,61.502570359529216,400.73178478619064,2025-09-30 10:56:59.503845
2.3172029984952918,42.29495711741615,398.8138788479152,2025-09-30 10:56:59.503845
2.1991596770601856,48.9340637754004,399.37322061000344,2025-09-30 10:56:59.503845
2.3121671067805125,59.83201817293297,399.7406242513791,2025-09-30 10:56:59.503845
2.20524641277417,57.010062036721465,400.42837545756925,2025-09-30 10:56:59.503845
2.4512030651890755,48.67731707530546,400.233849551394,2025-09-30 10:56:59.503845
2.240501396636256,53.432773812435954,399.3660457997196,2025-09-30 10:56:59.503845
2.2352667334008434,44.92335708002992,400.4494403356474,2025-09-30 10:56:59.503845
2.1440356978115256,57.848990818582486,399.50052188987087,2025-09-30 10:56:59.503845
2.1779002770388636,55.376227668973705,400.9713759825902,2025-09-30 10:56:59.503845
2.2208171054444423,44.362140605259555,399.75475623709974,2025-09-30 10:56:59.503845
2.243998411443196,50.72171504349919,398.57613778390794,2025-09-30 10:56:59.503845
2.3853499339307005,51.323644909376306,400.6763060783358,2025-09-30 10:56:59.503845
2.396021847513228,63.362845355481944,400.39071475557233,2025-09-30 10:56:59.503845
2.142485870481545,53.41144474211964,399.96928567902313,2025-09-30 10:56:59.503845
2.112171246791863,49.557425927139064,399.49314663583357,2025-09-30 10:56:59.503845
2.2997972611170803,55.11818465991998,399.44384030433457,2025-09-30 10:56:59.503845
2.1595168830631737,49.88544192016245,400.3389157733289,2025-09-30 10:56:59.503845
2.2794004566515906,48.41500138484589,398.8627282387398,2025-09-30 10:56:59.503845
2.244814175003399,55.686497694646675,399.8935156621333,2025-09-30 10:56:59.503845
2.080517032072318,62.71765979419891,399.95406553780805,2025-09-30 10:56:59.503845
2.431856041446651,51.0369485810184,399.1966307173779,2025-09-30 10:56:59.503845
2.3069697220993888,56.742862348173475,401.023182809032,2025-09-30 10:56:59.503845
2.1287524835276717,51.74186875606752,400.62833776460667,2025-09-30 10:56:59.503845
2.025398614666028,43.30907017583336,399.47458000550387,2025-09-30 10:56:59.503845
2.4351736852406405,60.61815350480105,398.88409771088374,2025-09-30 10:56:59.503845
2.45130935132162,52.52871693846359,398.4311004233743,2025-09-30 10:56:59.503845
2.1832920799725186,54.163953024795426,399.87335386071857,2025-09-30 10:56:59.503845
2.0770562092968796,55.85765576108169,400.44947011484925,2025-09-30 10:56:59.503845
2.2508216404591215,60.16728512419242,400.9100358744076,2025-09-30 10:56:59.503845
2.3116135510723144,43.557039376456075,399.89204592754623,2025-09-30 10:56:59.503845
2.2856441762887285,52.60118349230257,400.7065914516164,2025-09-30 10:56:59.503845
2.386003822031827,49.64572027996645,398.9312092286175,2025-09-30 10:56:59.503845
2.320107517478846,49.94109288865912,400.3134228960256,2025-09-30 10:56:59.503845
2.273390158889294,50.72854671196505,399.38251328636875,2025-09-30 10:56:59.503845
2.3699474585576326,53.604519695553655,400.2411855300502,2025-09-30 10:56:59.503845
2.2239290432471313,55.19817731217236,400.9158082884992,2025-09-30 10:56:59.503845
2.0453197263705594,52.44230852880449,398.68799736742943,2025-09-30 10:56:59.503845
2.3531971762387838,52.99906542209334,401.18756410821703,2025-09-30 10:56:59.503845
2.137507237602247,52.84821942488526,399.2533046065044,2025-09-30 10:56:59.503845
2.135854128826679,51.83842269188388,399.87317417061047,2025-09-30 10:56:59.503845
2.160103521892101,56.152409907766824,399.23888376501884,2025-09-30 10:56:59.503845
2.364004891744952,67.46111162861045,400.46863864078074,2025-09-30 10:56:59.503845
2.148861948109776,58.13334686662291,400.62412086089626,2025-09-30 10:56:59.503845
2.121673980736739,57.92959505400988,400.2689414071527,2025-09-30 10:56:59.503845
2.295371597645374,54.303755386645555,399.8125089227572,2025-09-30 10:56:59.503845
2.494363740184599,54.6219340291078,400.0038822596934,2025-09-30 10:56:59.503845
2.139246279558933,61.600974500776886,400.7240786072325,2025-09-30 10:56:59.503845
2.2016034917794443,53.37031966860221,401.03331609226626,2025-09-30 10:56:59.503845
2.35805712836187,55.549196350558184,400.5496588867885,2025-09-30 10:56:59.503845
2.152978026148698,63.43335799870633,400.55761740613997,2025-09-30 10:56:59.503845
2.2468919524411537,52.831881207446756,400.6375471691819,2025-09-30 10:56:59.503845
2.3550977516941174,57.49381693723208,400.39600544657725,2025-09-30 10:56:59.503845
2.2814723260278855,62.24751653811768,398.98361259630184,2025-09-30 10:56:59.503845
2.2922704943193177,57.6208979907979,399.16990114487913,2025-09-30 10:56:59.503845
2.2601459984414825,60.643849729613976,400.06286494949165,2025-09-30 10:56:59.503845
2.258555786541,61.71113851004012,401.58289977852854,2025-09-30 10:56:59.503845
2.102245137545437,51.75328012941617,400.4573857790926,2025-09-30 10:56:59.503845
2.132030498895449,44.15272821709431,400.2580307050864,2025-09-30 10:56:59.503845
2.1076726692491756,58.418677543512665,400.15685155171684,2025-09-30 10:56:59.503845
2.303079318687178,55.5884480874263,399.98684709361646,2025-09-30 10:56:59.503845
2.411851380051299,51.24743965161399,400.8576964254388,2025-09-30 10:56:59.503845
2.182453222700539,51.1972319879951,399.2651875329649,2025-09-30 10:56:59.503845
2.112993348195686,45.49417396980271,399.03729112073574,2025-09-30 10:56:59.503845
2.317489644945483,51.188880084496915,398.88124038477156,2025-09-30 10:56:59.503845
2.13263979703671,54.09182094927384,400.1657320783552,2025-09-30 10:56:59.503845
2.1738013791375987,53.46318808464037,400.6488792176601,2025-09-30 10:56:59.503845
2.255340526467946,63.275315526450726,400.4051562091925,2025-09-30 10:56:59.503845
2.1385380216451604,50.83578413465697,398.949816418422,2025-09-30 10:56:59.503845
2.287993231296985,50.484456191941746,399.0108994027324,2025-09-30 10:56:59.503845
2.351888637522881,64.04116485470482,398.5764654358142,2025-09-30 10:56:59.503845
2.264873281767658,53.923037047678505,399.69945179608317,2025-09-30 10:56:59.503845
2.348520055656098,44.2040378744593,398.407521274686,2025-09-30 10:56:59.503845
2.190672745514282,53.72909989737556,398.67313969296555,2025-09-30 10:56:59.503845
2.4105072097006297,57.255002886669445,399.85095660986747,2025-09-30 10:56:59.503845
2.177492211077481,67.19545408760462,399.6016053155478,2025-09-30 10:56:59.503845
2.280731037868192,45.538214161513686,400.1221869566389,2025-09-30 10:56:59.503845
2.13388275176204,52.933004858881176,399.050092258453,2025-09-30 10:56:59.503845
2.3187401050154444,48.46852758606975,399.3605489130398,2025-09-30 10:56:59.503845
2.3073277913166286,53.6224632150301,398.22195737459026,2025-09-30 10:56:59.503845
2.278968944450161,53.36450851190054,400.37078764325844,2025-09-30 10:56:59.503845
2.2483736051514227,51.995492795454446,400.5998815100747,2025-09-30 10:56:59.503845
2.309734214855935,51.218555219877196,400.97609854086613,2025-09-30 10:56:59.503845
2.1679168790628567,54.315641296166646,398.9720078688639,2025-09-30 10:56:59.503845
2.2712186211753074,59.80913151676133,399.30344993581053,2025-09-30 10:56:59.503845
2.4321876488174663,56.001032589723295,401.9472424151416,2025-09-30 10:56:59.503845
2.2304430232812784,56.81420869337404,399.6999380975383,2025-09-30 10:56:59.503845
2.402576992534656,51.506068320469744,398.2686121139118,2025-09-30 10:56:59.503845
2.2228925098620076,52.20489627795387,400.1305326858886,2025-09-30 10:56:59.503845
2.3922290358245446,58.507827659360835,400.11883911701113,2025-09-30 10:56:59.503845
2.4226727630189004,58.383848608081514,398.891709215043,2025-09-30 10:56:59.503845
2.2677559122502435,60.965583554925566,400.0918366186742,2025-09-30 10:56:59.503845
2.199339277966621,53.772728932461455,398.37363362919194,2025-09-30 10:56:59.503845
2.295069086589957,54.22491237739334,399.23625345141573,2025-09-30 10:56:59.503845
2.299501912460898,41.48072326178712,399.59916409398903,2025-09-30 10:56:59.503845
2.136565889018288,57.858375817588204,398.56554462647057,2025-09-30 10:56:59.503845
2.238125424600441,62.741094102219655,400.3506936665979,2025-09-30 10:56:59.503845
2.1229947625045633,58.35609365994624,401.15774191566993,2025-09-30 10:56:59.503845
2.256656550197463,48.174507482189064,399.54204222083064,2025-09-30 10:56:59.503845
2.4548003657682087,55.75288966515095,400.12643657769326,2025-09-30 10:56:59.503845
2.3230825115370144,54.348125961699665,400.11934628766096,2025-09-30 10:56:59.503845
2.1081833184489627,58.6147163717194,399.99546442034597,2025-09-30 10:56:59.503845
2.315863373552298,53.62354620211829,399.3657217752423,2025-09-30 10:56:59.503845
2.1382222531473376,56.19309444054322,400.25017160916383,2025-09-30 10:56:59.503845
2.301013761282282,53.89372036521099,399.3753789215432,2025-09-30 10:56:59.503845
2.219884291399379,55.22637114777854,399.42272704794965,2025-09-30 10:56:59.503845
2.1583067775875655,62.26240606988224,398.9715956908448,2025-09-30 10:56:59.503845
2.1844792015213517,52.833671138634905,398.83751823258655,2025-09-30 10:56:59.503845
2.2423172694583435,47.58762060015088,400.3886613329338,2025-09-30 10:56:59.503845
2.300502779805378,48.120824819536445,398.02463754137926,2025-09-30 10:56:59.503845
2.2532350878479,56.322389059347195,399.5606622992869,2025-09-30 10:56:59.503845
2.0933251733924925,47.56241721161446,398.60024832886035,2025-09-30 10:56:59.503845
2.174519333111026,56.85261386232643,400.07452099827594,2025-09-30 10:56:59.503845
2.0955576143623413,48.691640385885684,398.17075681144104,2025-09-30 10:56:59.503845
2.236944939711824,50.68367063005118,401.5047795583794,2025-09-30 10:56:59.503845
2.2865161315112377,64.84002958959651,399.93551740194016,2025-09-30 10:56:59.503845
2.23377041660343,49.65114982874437,399.3896372593542,2025-09-30 10:56:59.503845
2.394930897939914,51.406948521476444,402.06982059995136,2025-09-30 10:56:59.503845
2.3106829137436997,51.24624321018164,400.1879654328295,2025-09-30 10:56:59.503845
2.3824261567865186,51.031383906309514,398.680765715034,2025-09-30 10:56:59.503845
2.388471967537647,47.57804340542175,401.00934648423834,2025-09-30 10:56:59.503845
2.3023758874518094,57.894933111471815,398.6743197300469,2025-09-30 10:56:59.503845
2.321003756684224,51.69186854539979,400.5346815984658,2025-09-30 10:56:59.503845
2.3119336152083196,66.42185284008808,399.58940065879773,2025-09-30 10:56:59.503845
2.1477807834461937,57.34540537264157,400.3603747261971,2025-09-30 10:56:59.503845
2.280944364302109,53.13946161473909,399.0245219673142,2025-09-30 10:56:59.503845
2.197877965304435,43.53716239044483,400.70463820973526,2025-09-30 10:56:59.503845
2.355033502007203,54.466236011242664,400.7040161309738,2025-09-30 10:56:59.503845
2.199053294190858,54.13746576124079,398.269777076187,2025-09-30 10:56:59.503845
2.2145251698492063,58.55881321481141,400.22657981917325,2025-09-30 10:56:59.503845
2.359740542002206,57.37356326859796,400.702518419106,2025-09-30 10:56:59.503845
2.239175762928316,60.72375544291092,401.4256671218231,2025-09-30 10:56:59.503845
2.409380915899513,53.61779996053767,400.1195482532202,2025-09-30 10:56:59.503845
2.283957594759813,49.84587996386996,399.78883401500366,2025-09-30 10:56:59.503845
2.255283352089881,45.466551695327205,399.19776146930394,2025-09-30 10:56:59.503845
2.4099629788566013,56.0386454201465,399.05250925603485,2025-09-30 10:56:59.503845
2.3503746073024687,51.51791000558295,397.7425442057532,2025-09-30 10:56:59.503845
2.2579187302981216,62.44086608518802,400.07142023203113,2025-09-30 10:56:59.503845
2.3152345173468314,48.932903269355336,399.7409625493052,2025-09-30 10:56:59.503845
2.274659396600558,49.65158187179416,400.8552448889433,2025-09-30 10:56:59.503845
2.2121697074645597,49.871385884043434,400.60333478544817,2025-09-30 10:56:59.503845
2.1916758748791505,59.88929880441184,399.1847761045439,2025-09-30 10:56:59.503845
2.2217163475373196,56.86253410871415,400.48288088633257,2025-09-30 10:56:59.503845
2.1134048472645497,55.29888716644222,400.9335306791886,2025-09-30 10:56:59.503845
2.392001612067217,54.638786385116035,399.6523405204987,2025-09-30 10:56:59.503845
2.362232127620578,59.57780141932764,399.5432943543613,2025-09-30 10:56:59.503845
2.18794850522188,54.36697945278101,399.7499332224094,2025-09-30 10:56:59.503845
2.3563709675749376,55.97198249600949,399.7055405460676,2025-09-30 10:56:59.503845
2.10977670247337,44.567269654579334,399.58041776990495,2025-09-30 10:56:59.503845
2.3238272873178993,53.971823699441586,399.5231098610542,2025-09-30 10:56:59.503845
2.2120119561482476,50.5321307510614,401.1733508563791,2025-09-30 10:56:59.503845
2.1844263821567673,60.690828193991095,400.71528045087115,2025-09-30 10:56:59.503845
2.2966558369267083,58.952731398580994,400.6949869462925,2025-09-30 10:56:59.503845
2.342996527287063,55.3474352521431,400.1650196226494,2025-09-30 10:56:59.503845
2.2982297789567867,51.70748200681182,399.3284592326802,2025-09-30 10:56:59.503845
2.235656903531986,54.3500157028376,397.57304259433727,2025-09-30 10:56:59.503845
2.1475718756175937,52.78532843823942,401.54686695325256,2025-09-30 10:56:59.503845
2.2605562272982787,58.98206194480529,397.8097324503793,2025-09-30 10:56:59.503845
2.291124782860668,61.847199659524776,401.2623604065829,2025-09-30 10:56:59.503845
2.3111487095501366,59.61943536452266,399.8990221166114,2025-09-30 10:56:59.503845
2.3085835563748756,55.616716756646774,398.5568179179664,2025-09-30 10:56:59.503845
2.093850472773363,48.330472373467515,399.72624728936535,2025-09-30 10:56:59.503845
2.195118294465305,54.98466434062997,399.1761211026645,2025-09-30 10:56:59.503845
2.2519259014782156,54.43570376354647,399.3599944471733,2025-09-30 10:56:59.503845
2.236970687136485,62.65171156187493,398.9286373244537,2025-09-30 10:56:59.503845
2.3152415747165365,57.2076478515986,399.6469215635686,2025-09-30 10:56:59.503845
2.4732025089803162,53.09339948496142,399.14872730941084,2025-09-30 10:56:59.503845
2.097818221338337,42.031127573433395,399.632064775251,2025-09-30 10:56:59.503845
2.2765465304840817,59.733512409393086,398.70976940384054,2025-09-30 10:56:59.503845
2.2822091565421863,54.59584342697378,400.3220178541049,2025-09-30 10:56:59.503845
2.382366119602851,48.40834076860795,399.37495319140595,2025-09-30 10:56:59.503845
2.4018383067395437,56.74961619647971,400.1886033288591,2025-09-30 10:56:59.503845
2.1927226257382304,55.1073177779321,399.27092591724056,2025-09-30 10:56:59.503845
2.2944149099040527,54.819270127950546,399.85050304935,2025-09-30 10:56:59.503845
2.375580750290915,45.08948001337917,399.6697818950833,2025-09-30 10:56:59.503845
2.1083450557504486,48.41392539813186,399.733847241358,2025-09-30 10:56:59.503845
2.191743447906371,52.05834704709951,400.10832391257446,2025-09-30 10:56:59.503845
2.209867215356298,55.39092815641801,401.09915710092343,2025-09-30 10:56:59.503845
2.3986988973916716,51.948773597082,398.12383011065924,2025-09-30 10:56:59.503845
2.2481649646370374,57.31533158817808,398.8523199692818,2025-09-30 10:56:59.503845
2.1605056547736887,63.527452270090706,400.8709049447963,2025-09-30 10:56:59.503845
2.414033161547178,49.752972894134025,399.23838363009656,2025-09-30 10:56:59.503845
2.30726989811439,51.17698614126905,400.27816339586775,2025-09-30 10:56:59.503845
2.269813090642416,47.7502247074987,402.102557155921,2025-09-30 10:56:59.503845
2.3729982963890115,52.41452846306467,399.37421928863904,2025-09-30 10:56:59.503845
2.4257415664828055,48.291499540180524,400.4209551878293,2025-09-30 10:56:59.503845
2.1819794648288418,50.88387443099583,400.332483867636,2025-09-30 10:56:59.503845
2.213421975722731,55.06348737179589,399.7072638091376,2025-09-30 10:56:59.503845
2.3997329247484216,54.55430790608354,399.3716948240604,2025-09-30 10:56:59.503845
2.208011144437976,69.32763995532093,399.96601403476546,2025-09-30 10:56:59.503845
2.1478498763478906,62.11017785952527,401.01500933979025,2025-09-30 10:56:59.503845
2.307046289960106,58.0096864362678,400.090690392829,2025-09-30 10:56:59.503845
2.399161085614936,53.9608886095588,398.95021243234754,2025-09-30 10:56:59.503845
2.142733332738443,59.27994780018874,399.0927294834583,2025-09-30 10:56:59.503845
2.126129002797077,57.872815997811735,399.52763850373844,2025-09-30 10:56:59.503845
2.0468316129769057,58.494279559719814,399.326291874181,2025-09-30 10:56:59.503845
2.092239317258626,54.19628996659934,399.96545219809207,2025-09-30 10:56:59.503845
2.3550424672041497,48.87003949949687,398.13689626303153,2025-09-30 10:56:59.503845
2.239542343360077,53.438747413266654,400.0734993278121,2025-09-30 10:56:59.503845
2.2968243079685853,43.53337474885048,398.57714291849027,2025-09-30 10:56:59.503845
2.269404199563417,51.91588937171986,398.9717829974231,2025-09-30 10:56:59.503845
2.4407997541338466,61.8423135742644,400.3509271905648,2025-09-30 10:56:59.503845
2.1798425910288954,52.67755006994249,399.9475123250021,2025-09-30 10:56:59.503845
2.2642493626100157,55.810618579207336,398.351683307436,2025-09-30 10:56:59.503845
2.319287041926912,43.82952312265976,398.9423650583366,2025-09-30 10:56:59.503845
2.330478544310107,54.371576287071086,399.1256500507328,2025-09-30 10:56:59.503845
2.400569118398635,48.24756065225962,400.1197983251054,2025-09-30 10:56:59.503845
2.234674780454149,53.913653390558096,400.8122493461032,2025-09-30 10:56:59.503845
2.246755112532988,53.62175175617596,399.74499602790246,2025-09-30 10:56:59.503845
2.237069942273719,57.79480057942158,398.49358405789627,2025-09-30 10:56:59.503845
2.3645986596968616,63.89258387395098,398.3432332325933,2025-09-30 10:56:59.503845
2.246208637883356,51.75001384189622,398.66693398879363,2025-09-30 10:56:59.503845
2.2622337229726037,47.62136479664637,399.9924907994569,2025-09-30 10:56:59.503845
2.277551408640111,51.019162615216636,399.3758489862806,2025-09-30 10:56:59.503845
2.1229414418441004,60.98004669536595,399.7059245155937,2025-09-30 10:56:59.503845
2.25187314356469,42.84242276602206,398.5682053667887,2025-09-30 10:56:59.503845
2.038736000660098,60.8444837045804,399.6565941931003,2025-09-30 10:56:59.503845
2.2531159690449347,54.870751467272314,398.97199279404214,2025-09-30 10:56:59.503845
2.23628843461904,49.34348578551658,400.061252237246,2025-09-30 10:56:59.503845
2.269033430522151,48.818154855506776,400.6442492551948,2025-09-30 10:56:59.503845
2.138327451249873,58.11214840459489,399.57529641958445,2025-09-30 10:56:59.503845
2.3642198484872448,46.476747247771215,401.0345094399656,2025-09-30 10:56:59.503845
2.0518728463093145,56.07646478545738,397.55340900068626,2025-09-30 10:56:59.503845
2.3053853106292754,44.953747267421235,398.39707043148604,2025-09-30 10:56:59.503845
2.339356313063029,57.999539452754135,401.1249277618661,2025-09-30 10:56:59.503845
2.230577537069467,54.869009610999335,399.3573632785286,2025-09-30 10:56:59.503845
2.5102672641502966,52.14486746948241,401.497347917971,2025-09-30 10:56:59.503845
2.2269383539117773,55.03616558325771,399.2609900665714,2025-09-30 10:56:59.503845
2.391324479957385,58.468722990076756,401.77814960459875,2025-09-30 10:56:59.503845
2.341407860317058,63.40848529167027,399.25217491359945,2025-09-30 10:56:59.503845
2.3630487958412,58.54852620749767,399.9411431790253,2025-09-30 10:56:59.503845
2.1415449120301577,54.48057313513682,398.85729440075477,2025-09-30 10:56:59.503845
2.2769170190221284,50.01904785163596,399.63945960541014,2025-09-30 10:56:59.503845
2.127331524029154,52.92768720845233,397.6276078553358,2025-09-30 10:56:59.503845
2.273418634826399,52.16574287665412,399.962609896611,2025-09-30 10:56:59.503845
2.224505000403394,65.35223752963898,399.89134975671686,2025-09-30 10:56:59.503845
2.4556001776327414,55.26211665543967,401.39419108778236,2025-09-30 10:56:59.503845
2.2723963805118674,49.38249313502543,399.71995348941056,2025-09-30 10:56:59.503845
2.262332782679982,58.158727090622875,400.6052737009234,2025-09-30 10:56:59.503845
2.1490385816167485,49.336437434376144,398.9070157969237,2025-09-30 10:56:59.503845
2.1411476100189626,54.2908928248882,398.28083964507834,2025-09-30 10:56:59.503845
2.3726842730643574,55.7518988381521,399.4860922185442,2025-09-30 10:56:59.503845
2.368069578092284,57.740906095239175,400.1315546939768,2025-09-30 10:56:59.503845
2.2339540939443654,54.530794838925075,399.5307816252882,2025-09-30 10:56:59.503845
2.243994682892189,51.48325310375473,399.2603584427324,2025-09-30 10:56:59.503845
2.1279614892984005,61.13149753948394,399.08018982416286,2025-09-30 10:56:59.503845
2.1806367121473285,58.4063537325138,398.99735436291127,2025-09-30 10:56:59.503845
2.255846908312215,53.725419839139,398.58790286292435,2025-09-30 10:56:59.503845
2.222983957294795,52.10550544200499,399.71586479799674,2025-09-30 10:56:59.503845
2.3030372527091667,57.4919103493693,400.8250785472112,2025-09-30 10:56:59.503845
2.262479778441142,50.65369956340809,399.6144795022051,2025-09-30 10:56:59.503845
2.3110706632447275,54.0764738274336,398.49026928062324,2025-09-30 10:56:59.503845
2.257923977071262,51.80177790026597,399.9903899663438,2025-09-30 10:56:59.503845
2.327082157711377,49.11912760451585,399.39400166841875,2025-09-30 10:56:59.503845
2.0965898305647945,58.455244432554906,398.90063338815816,2025-09-30 10:56:59.503845
2.2946351404044725,56.217732869632606,399.4408551329401,2025-09-30 10:56:59.503845
2.2859740341424613,56.82672850837415,399.77357654797623,2025-09-30 10:56:59.503845
2.291636668036552,59.94140597296697,401.5069897302473,2025-09-30 10:56:59.503845
2.2055504565345414,52.30083679154195,397.94496211815147,2025-09-30 10:56:59.503845
2.22414589646288,43.413456348855185,399.52450145239357,2025-09-30 10:56:59.503845
2.22895507368059,62.660395422834966,400.4955084118015,2025-09-30 10:56:59.503845
2.4623222085695353,50.53624847654815,397.4757289893723,2025-09-30 10:56:59.503845
2.3496982467358194,58.13897170215393,399.6603249849268,2025-09-30 10:56:59.503845
2.254354979199422,61.72396248653418,400.75309936967716,2025-09-30 10:56:59.503845
2.2306791626665925,53.96697434638659,399.50375009277076,2025-09-30 10:56:59.503845
2.4269666823337714,44.05171883917744,398.48733311339595,2025-09-30 10:56:59.503845
2.337263384208276,51.101348907498654,398.79876131072234,2025-09-30 10:56:59.503845
2.3258238715632555,42.69769448487436,400.1539708891926,2025-09-30 10:56:59.503845
2.1904646107577688,57.679572260998945,401.4471216797123,2025-09-30 10:56:59.503845
2.1602880123068995,51.95973401758981,399.2167107162339,2025-09-30 10:56:59.503845
2.243702488996916,52.509846589388694,397.35351786128757,2025-09-30 10:56:59.503845
2.4189995047402926,56.83303566057248,400.2653238822981,2025-09-30 10:56:59.503845
2.1616319470330385,55.39989435904038,401.3616172223014,2025-09-30 10:56:59.503845
2.3721979177533283,55.43985435916428,398.4356817975726,2025-09-30 10:56:59.503845
2.269773956399111,49.30744850153415,400.1123189160041,2025-09-30 10:56:59.503845
2.2771948242673523,55.70144315419054,399.17869061428195,2025-09-30 10:56:59.503845
2.3068241659259203,56.96614609169954,399.00142229786695,2025-09-30 10:56:59.503845
2.212138284195104,51.32024693496629,399.4038320391245,2025-09-30 10:56:59.503845
2.2767459262718055,54.46954272143891,399.52683322015866,2025-09-30 10:56:59.503845
2.305831389248148,52.58800051266274,398.8795117625345,2025-09-30 10:56:59.503845
2.2632393649078195,55.878477945808406,399.6137798859766,2025-09-30 10:56:59.503845
2.229208549009015,59.898964453341684,400.428124531198,2025-09-30 10:56:59.503845
2.253033587671536,52.197084820925404,398.4582441720452,2025-09-30 10:56:59.503845
2.206496039896269,56.74129950954704,399.4555537242172,2025-09-30 10:56:59.503845
2.2454522360829032,46.80883366471105,399.7833942822342,2025-09-30 10:56:59.503845
2.360833193121977,63.863260492769506,400.2617332823472,2025-09-30 10:56:59.503845
2.310761457147125,50.551239990334906,399.3718550483683,2025-09-30 10:56:59.503845
2.289370373276442,53.26637596719726,398.89665880701557,2025-09-30 10:56:59.503845
2.231884957993297,50.98601618528692,398.6009110964452,2025-09-30 10:56:59.503845
2.4664555561337624,57.72392428862081,400.4564420426908,2025-09-30 10:56:59.503845
2.5627041375072293,54.720406824189496,398.98345317516885,2025-09-30 10:56:59.503845
2.1995638899197214,55.366626416249765,399.55775357677203,2025-09-30 10:56:59.503845
2.259210066953417,57.02236956749073,400.3612270090925,2025-09-30 10:56:59.503845
2.142205423805661,51.92236200870932,398.40706506494536,2025-09-30 10:56:59.503845
2.175882015288962,50.68691534575039,401.443226251603,2025-09-30 10:56:59.503845
2.1903549171206778,65.0735005642577,401.50150685393885,2025-09-30 10:56:59.503845
2.3381951335046662,51.4765108519815,400.74305349056925,2025-09-30 10:56:59.503845
2.18083581014892,49.825240097879025,399.0570848887953,2025-09-30 10:56:59.503845
2.199518210388189,57.06651078582475,401.227909522279,2025-09-30 10:56:59.503845
2.1250304152986303,47.99524516609888,399.5924004886186,2025-09-30 10:56:59.503845
2.1842816743528592,54.838405854489,400.628790356663,2025-09-30 10:56:59.503845
2.2709437465345137,59.06826687803343,400.4839164709351,2025-09-30 10:56:59.503845
2.297351532167948,46.66900223399122,399.62372698772015,2025-09-30 10:56:59.503845
2.2255576092552496,50.95510998860509,399.53491568495656,2025-09-30 10:56:59.503845
2.1817830205317206,56.48356184797285,400.44783225921304,2025-09-30 10:56:59.503845
2.3834753387918326,55.92241313408091,399.1731816330601,2025-09-30 10:56:59.503845
2.3603016022573864,55.68891216762081,399.46513339547437,2025-09-30 10:56:59.503845
2.411118430889901,52.91189140477643,398.92082825305675,2025-09-30 10:56:59.503845
2.3021471403105864,65.43647799029652,400.6031164307275,2025-09-30 10:56:59.503845
2.258183882266907,59.65505000601283,398.85728863325846,2025-09-30 10:56:59.503845
2.216692330487193,55.675534437980744,400.0538808720417,2025-09-30 10:56:59.503845
1.9889273466942545,42.56306297588509,398.38242237721255,2025-09-30 10:56:59.503845
2.1621488240617053,55.54493744526457,399.0224672936013,2025-09-30 10:56:59.503845
2.178826686425744,53.942192002547046,400.2700845676054,2025-09-30 10:56:59.503845
2.1428810046607745,52.16430619024196,399.5405098164443,2025-09-30 10:56:59.503845
2.1436080316436916,57.570005530760156,400.0678828508418,2025-09-30 10:56:59.503845
2.4178368896756712,45.170390886652754,399.0485711094204,2025-09-30 10:56:59.503845
2.2108758958572374,56.65176067374461,399.56356705594703,2025-09-30 10:56:59.503845
2.3328390151738185,49.31984398268433,400.78843652372126,2025-09-30 10:56:59.503845
2.149426929097166,57.52162122832587,400.43954828462387,2025-09-30 10:56:59.503845
2.104067416051519,46.751990651487866,399.4822540184057,2025-09-30 10:56:59.503845
2.249175574528749,63.69490718787501,400.18957145727296,2025-09-30 10:56:59.503845
2.5441605931363984,59.303689243987336,399.5772531944975,2025-09-30 10:56:59.503845
2.246753901763336,55.42958521973486,399.00616697892883,2025-09-30 10:56:59.503845
2.189264731626654,47.27877819252884,399.0270930861074,2025-09-30 10:56:59.503845
2.1517658604664684,55.423007639288315,400.7224963387753,2025-09-30 10:56:59.503845
2.3102417441530734,52.92275067017129,400.7214230422072,2025-09-30 10:56:59.503845
2.174381529308744,56.836880019499105,400.6544091031946,2025-09-30 10:56:59.503845
2.2581769729980725,62.763847153577316,399.64624767683307,2025-09-30 10:56:59.503845
2.3689409220846414,52.361190403821425,398.94130653066827,2025-09-30 10:56:59.503845
2.3866048049650073,53.52476619668935,399.8978487300709,2025-09-30 10:56:59.503845
2.343742695498669,50.72854687249261,399.1685774739928,2025-09-30 10:56:59.503845
2.3530198646219644,47.557791202939576,399.87967278098694,2025-09-30 10:56:59.503845
2.3375399010647033,53.1448456351004,398.7767153985335,2025-09-30 10:56:59.503845
2.259285487355802,50.99094244541681,398.66190172389815,2025-09-30 10:56:59.503845
2.241358887199099,41.48206953127838,399.28136771887654,2025-09-30 10:56:59.503845
2.202118010968749,54.448128169737416,397.7072733657227,2025-09-30 10:56:59.503845
2.3297938663568694,56.87749453639391,398.42089339734054,2025-09-30 10:56:59.503845
2.1444728808087916,55.839414077886964,399.0033670685989,2025-09-30 10:56:59.503845
2.255050465935208,59.796259054961595,398.8039595094455,2025-09-30 10:56:59.503845
2.153255170216285,56.95552859968327,399.70403911390997,2025-09-30 10:56:59.503845
2.218453508026658,63.167977279288394,398.7796908677523,2025-09-30 10:56:59.503845
2.4217176541601724,47.912096986371694,399.9569540492537,2025-09-30 10:56:59.503845
2.4074209796618717,57.54680248606145,400.3243458425191,2025-09-30 10:56:59.503845
2.3153287139150485,55.098839083944156,399.1835148591899,2025-09-30 10:56:59.503845
2.3815237963502063,54.080649115695714,401.40790243589277,2025-09-30 10:56:59.503845
2.3894325517556787,57.426246673262334,399.1541305839651,2025-09-30 10:56:59.503845
2.3471162194553874,56.7521481681119,400.6773552260279,2025-09-30 10:56:59.503845
2.140918616414442,54.204968089892745,399.6227992067914,2025-09-30 10:56:59.503845
2.1704928869715996,64.56973457876086,399.9604096933928,2025-09-30 10:56:59.503845
2.309395813544676,57.91334741231993,399.67113458431015,2025-09-30 10:56:59.503845
2.3093100524190047,55.279860546165324,399.46019323072846,2025-09-30 10:56:59.503845
2.3079186239224767,55.42659014145092,399.1524227227359,2025-09-30 10:56:59.503845
2.183765324891465,52.1550810215236,400.32039515406433,2025-09-30 10:56:59.503845
2.170162055588065,58.266131748147025,399.95476694675165,2025-09-30 10:56:59.503845
2.10231604316195,56.27638506191849,399.5018623913211,2025-09-30 10:56:59.503845
2.1884394094547974,58.32055811189589,399.3180699178462,2025-09-30 10:56:59.503845
2.3454194061377494,53.26910233806541,401.42383756959686,2025-09-30 10:56:59.503845
2.2256799004577936,53.754637453190924,400.7561332345554,2025-09-30 10:56:59.503845
2.384645184007842,58.877904033851664,400.41545167073485,2025-09-30 10:56:59.503845
2.3613320692654303,56.36210629822234,399.79023417963725,2025-09-30 10:56:59.503845
2.34457650292577,58.688781700849106,400.3753159244603,2025-09-30 10:56:59.503845
2.184421863098467,51.628227084044354,400.1823020160598,2025-09-30 10:56:59.503845
2.280608628814434,55.01360624377992,399.9796356330522,2025-09-30 10:56:59.503845
2.224345828747757,55.63637749704748,399.4702835745465,2025-09-30 10:56:59.503845
2.2599995147156955,61.36369796205376,400.5523283274901,2025-09-30 10:56:59.503845
2.406674582622084,61.87483699383713,399.90994725689785,2025-09-30 10:56:59.503845
2.4400362800036755,50.05913820164369,399.7190547910805,2025-09-30 10:56:59.503845
2.3551453365441284,59.14015018969416,398.85949838251304,2025-09-30 10:56:59.503845
2.2661768032295355,62.820686545247675,400.55832575753107,2025-09-30 10:56:59.503845
2.176676596832022,48.998293597074856,398.5970378633055,2025-09-30 10:56:59.503845
2.225475221454783,62.13651909425163,400.6255604986402,2025-09-30 10:56:59.503845
2.415748646835876,58.135474771062746,400.3530488361962,2025-09-30 10:56:59.503845
2.2472499748084775,55.319072978456425,400.1544154328454,2025-09-30 10:56:59.503845
2.1768344623575313,49.91342919511638,399.87360240220255,2025-09-30 10:56:59.503845
2.151036952224232,55.083149181375866,399.6751023543031,2025-09-30 10:56:59.503845
2.2700148769331747,51.224754299741726,399.5391326927571,2025-09-30 10:56:59.503845
2.2105003810305903,53.21827276015426,399.31081185038806,2025-09-30 10:56:59.503845
2.1934454125912377,63.18369912611666,400.12624401436045,2025-09-30 10:56:59.503845
2.2252274456199626,56.26037058844539,399.47047607854137,2025-09-30 10:56:59.503845
2.254783572943313,47.621995809262806,399.7331676846208,2025-09-30 10:56:59.503845
2.1901603180200184,52.31985325107153,399.3804310119497,2025-09-30 10:56:59.503845
2.2135669950398054,51.021289181029196,400.1629749669196,2025-09-30 10:56:59.503845
2.264448980649633,57.007382527093114,398.93317624445797,2025-09-30 10:56:59.503845
2.195016541934247,54.37054394016858,399.1442534671363,2025-09-30 10:56:59.503845
2.1768229733658218,55.52875577847849,399.42337393227075,2025-09-30 10:56:59.503845
2.225764798664716,51.8457172304249,400.50767645935605,2025-09-30 10:56:59.503845
2.311114089602696,54.209688240757565,399.81988900746364,2025-09-30 10:56:59.503845
2.294058645423572,54.19745925044511,400.1172315232126,2025-09-30 10:56:59.503845
2.4281848307503533,45.50867851661733,400.7981938366221,2025-09-30 10:56:59.503845
2.2163318855942955,54.544936959652624,400.1924296217884,2025-09-30 10:56:59.503845
2.183530852714166,48.36159491720377,398.30420656518993,2025-09-30 10:56:59.503845
2.2560605993391145,57.013397086851995,401.2351802756727,2025-09-30 10:56:59.503845
2.198920756815472,42.78853809963325,399.2643379972578,2025-09-30 10:56:59.503845
2.277135069628351,61.133902702832884,400.5854465538256,2025-09-30 10:56:59.503845
2.2514527751702245,60.36849112185844,400.3264170336374,2025-09-30 10:56:59.503845
2.24410680397354,50.356176201626056,399.4282864533372,2025-09-30 10:56:59.503845
2.167822843078671,59.88136722398378,400.3801366079233,2025-09-30 10:56:59.503845
2.1633527609034706,62.41811270392951,400.8779085097326,2025-09-30 10:56:59.503845
2.2205065344634907,45.73414116885874,400.2008836634753,2025-09-30 10:56:59.503845
2.259581866457766,62.87710906216736,399.0581179776576,2025-09-30 10:56:59.503845
2.3244146585715373,53.471752010894015,400.2673200333341,2025-09-30 10:56:59.503845
2.2484139917767827,49.25847074072084,399.88707661937826,2025-09-30 10:56:59.503845
2.296484131334933,47.31184452401073,399.62768045350157,2025-09-30 10:56:59.503845
2.2855871467773063,66.01197099756271,400.8454748382268,2025-09-30 10:56:59.503845
2.202368412927556,52.546962101922084,398.2580289182183,2025-09-30 10:56:59.503845
2.192759973317384,60.44503633382128,398.8754340118897,2025-09-30 10:56:59.503845
2.4029223259927424,51.36593440229943,399.83399961053505,2025-09-30 10:56:59.503845
2.231258737967566,51.22684335047957,401.31153500106086,2025-09-30 10:56:59.503845
2.3335399281550395,47.59838495121941,399.6881831620743,2025-09-30 10:56:59.503845
2.2724126381675256,55.17888140085916,400.64512761962607,2025-09-30 10:56:59.503845
2.4056048838388553,46.3907576508695,399.3904272531086,2025-09-30 10:56:59.503845
2.239354100836446,57.851060903095735,399.0843624146484,2025-09-30 10:56:59.503845
2.2596806636109634,44.2916816863808,399.7338649770247,2025-09-30 10:56:59.503845
2.2519179513095513,44.29713909694853,399.4513799043779,2025-09-30 10:56:59.503845
2.1036980654670008,57.42015643054577,399.78527211739134,2025-09-30 10:56:59.503845
2.262131004369959,46.43694827223229,399.36713432966815,2025-09-30 10:56:59.503845
2.162182874718982,52.38012519774597,399.2811152606607,2025-09-30 10:56:59.503845
2.2783633607173455,53.56324368183694,400.06924782537754,2025-09-30 10:56:59.503845
2.1300607136476524,49.99161178379397,399.95211946746736,2025-09-30 10:56:59.503845
2.2136260200692432,61.97719094447586,399.09195640324435,2025-09-30 10:56:59.503845
2.20986334068018,50.836472295016314,400.5419610702933,2025-09-30 10:56:59.503845
2.337886603689521,52.760680453642365,399.8058792839356,2025-09-30 10:56:59.503845
2.4913685502430574,62.40725205681225,399.98771653843755,2025-09-30 10:56:59.503845
2.2223123215071063,51.459978676393675,400.76817271445844,2025-09-30 10:56:59.503845
2.0551013720422966,60.6849975894873,398.3777018773147,2025-09-30 10:56:59.503845
2.0961273321515557,59.349117935088294,399.65622590347135,2025-09-30 10:56:59.503845
2.1435862424951173,51.54357896186917,399.48263490618245,2025-09-30 10:56:59.503845
2.4014425195584534,51.87946278305321,398.8435512601671,2025-09-30 10:56:59.503845
2.176324988292113,58.821472542236734,400.68565613416143,2025-09-30 10:56:59.503845
2.106923352635357,62.520871114466644,400.04677343267156,2025-09-30 10:56:59.503845
2.2045237171153937,50.98405668107247,400.0778681058809,2025-09-30 10:56:59.503845
2.20999840495846,53.49066073576685,399.21130368475383,2025-09-30 10:56:59.503845
2.142429923124692,54.58507517169612,399.5358273770861,2025-09-30 10:56:59.503845
2.274666688570218,49.45729602385142,398.52738520648984,2025-09-30 10:56:59.503845
2.291500402231853,54.34634430036297,399.93365026516886,2025-09-30 10:56:59.503845
2.2025760780444954,58.484188363626664,400.5856292022393,2025-09-30 10:56:59.503845
2.251988850505207,56.82495528258752,401.7222013927858,2025-09-30 10:56:59.503845
2.3619234714708583,49.90033272032325,400.86375402780897,2025-09-30 10:56:59.503845
2.139540787619151,53.912148391824886,398.59530757308363,2025-09-30 10:56:59.503845
2.3297032602798318,49.94511243677574,401.12949169883433,2025-09-30 10:56:59.503845
2.300176557792626,47.3718208041817,400.06026286977,2025-09-30 10:56:59.503845
2.1970715530739566,55.41968708917747,400.15222710356215,2025-09-30 10:56:59.503845
2.264868229656427,46.83204329123617,398.89632513577936,2025-09-30 10:56:59.503845
2.192342221801052,45.54657660827069,400.0988799487254,2025-09-30 10:56:59.503845
2.3726146160083683,53.88155381521946,398.92708317994976,2025-09-30 10:56:59.503845
2.1810747373299924,48.974897550712114,399.9837525548908,2025-09-30 10:56:59.503845
2.3183362098633045,55.94856451521296,398.95530206405385,2025-09-30 10:56:59.503845
2.307313275571523,54.24910922216384,400.4788892242883,2025-09-30 10:56:59.503845
2.27991698990005,50.61301636399578,399.56533441882146,2025-09-30 10:56:59.503845
2.2849854094343587,48.22511515071439,399.8204820986157,2025-09-30 10:56:59.503845
2.442522030007992,54.111863070307194,400.7033122883034,2025-09-30 10:56:59.503845
2.176254635715517,43.68152364502083,399.38990704872856,2025-09-30 10:56:59.503845
2.2098763362865026,44.83632139072317,399.8582900959759,2025-09-30 10:56:59.503845
2.337886916998467,54.10164671409563,398.8688278842021,2025-09-30 10:56:59.503845
2.261382594586816,54.632898771298606,399.18941118378274,2025-09-30 10:56:59.503845
2.2770976002131733,50.701638493790455,399.2175590343086,2025-09-30 10:56:59.503845
2.1682268046944158,52.34141991003558,398.6489869926296,2025-09-30 10:56:59.503845
2.1818100002659864,63.29355620363703,398.07687421881445,2025-09-30 10:56:59.503845
2.2996971794814334,60.789201289188526,399.7967067673133,2025-09-30 10:56:59.503845
2.210175994158832,46.615001185702866,400.7367966958075,2025-09-30 10:56:59.503845
2.230197065105117,54.10156572031741,399.32930557963135,2025-09-30 10:56:59.503845
2.2779774429189468,53.55908944146682,399.54541776914095,2025-09-30 10:56:59.503845
2.1504292492190222,50.99548781647885,401.9980446369386,2025-09-30 10:56:59.503845
2.196151550200756,46.66265105696697,399.48910880541575,2025-09-30 10:56:59.503845
2.308928787377461,50.84914916814724,400.5951962359325,2025-09-30 10:56:59.503845
2.182373267067453,60.92315474926387,400.7016644317116,2025-09-30 10:56:59.503845
2.2833531225513486,49.481478768990165,399.04014486610566,2025-09-30 10:56:59.503845
2.1974906678782875,54.08364678261428,399.35907173494417,2025-09-30 10:56:59.503845
2.386770886537423,53.88483518203809,399.57604004964395,2025-09-30 10:56:59.503845
2.1278076260887357,51.15265231702736,400.7395007705929,2025-09-30 10:56:59.503845
2.2398745822171913,48.31202787797914,399.2392439384757,2025-09-30 10:56:59.503845
2.2677210846313938,45.62309264798889,400.83073673080395,2025-09-30 10:56:59.503845
2.3152474371512843,54.384632612124605,398.9477928335327,2025-09-30 10:56:59.503845
2.1771026572303187,48.96321708882732,399.4766625052248,2025-09-30 10:56:59.503845
2.189238289025814,57.0717143161607,400.3065754541205,2025-09-30 10:56:59.503845
2.34948559926523,53.78075600536773,398.7100707153868,2025-09-30 10:56:59.503845
2.078244323108706,55.73772696736021,399.8085593516776,2025-09-30 10:56:59.503845
2.26557878297098,54.45902044042305,398.90549054575905,2025-09-30 10:56:59.503845
2.2581194681784527,47.62789705347048,398.9105503833891,2025-09-30 10:56:59.503845
2.2529587433904408,53.10636185650702,401.1326878471824,2025-09-30 10:56:59.503845
2.3932412178229767,55.30832875025323,399.16393462615247,2025-09-30 10:56:59.503845
2.326921294821793,49.1938165506343,400.4321540642389,2025-09-30 10:56:59.503845
2.1607339809971964,60.95118617360487,398.97309056938514,2025-09-30 10:56:59.503845
2.2274084255551743,46.37141629465144,399.6054640534429,2025-09-30 10:56:59.503845
2.2262855190668067,53.2999322316661,399.3612148205019,2025-09-30 10:56:59.503845
2.1073587106358067,58.67681583374784,399.86898842543434,2025-09-30 10:56:59.503845
2.358790562484987,60.68822870745682,398.4776558229705,2025-09-30 10:56:59.503845
2.2298473380045274,62.03730972139919,400.8665433654293,2025-09-30 10:56:59.503845
2.217540219192202,55.2445209265579,399.5523936491697,2025-09-30 10:56:59.503845
2.224075398201565,44.36941738775257,399.3522479540112,2025-09-30 10:56:59.503845
2.11989018558749,49.64329512295262,399.58241090704263,2025-09-30 10:56:59.503845
2.197765083684309,52.36854454347631,400.434878149521,2025-09-30 10:56:59.503845
2.2004180759280394,54.337869427475745,401.17531889259266,2025-09-30 10:56:59.503845
2.0601535136753637,56.7706286104309,400.34220838438904,2025-09-30 10:56:59.503845
2.215039001546721,49.71799451605477,400.2561864597777,2025-09-30 10:56:59.503845
2.1957296066241705,57.584844673392446,399.45184234334664,2025-09-30 10:56:59.503845
2.2093162834156175,46.71014639154948,398.8256632842359,2025-09-30 10:56:59.503845
2.3110668528173446,60.53534066291924,400.03154176852325,2025-09-30 10:56:59.503845
2.3979404845932266,56.5563843735465,400.12434049319705,2025-09-30 10:56:59.503845
2.327106052176257,56.032689162746045,398.946715518702,2025-09-30 10:56:59.503845
2.429152308207771,51.10878467189357,398.8696448203962,2025-09-30 10:56:59.503845
2.2723946411205374,57.04302971584958,399.27082714149526,2025-09-30 10:56:59.503845
2.2345582278471614,52.90413593441708,400.09785295394994,2025-09-30 10:56:59.503845
2.112879883135436,51.90083542093104,401.0557156793108,2025-09-30 10:56:59.503845
2.2051549435865714,46.5946373483116,399.91962525173443,2025-09-30 10:56:59.503845
2.3688766764574702,50.89167418222145,399.9759188236552,2025-09-30 10:56:59.503845
2.2726295364996103,53.991829007161,399.3927174120132,2025-09-30 10:56:59.503845
2.1383792496209493,55.324406289029234,400.0702025497498,2025-09-30 10:56:59.503845
2.218974668249808,45.816810144442975,399.74178592767066,2025-09-30 10:56:59.503845
2.3042462623219055,58.762303551853755,400.5437976673317,2025-09-30 10:56:59.503845
2.343069707574307,49.4338404291421,399.56786283909264,2025-09-30 10:56:59.503845
2.3234723691019346,61.05836612459077,399.4709956891046,2025-09-30 10:56:59.503845
2.266347701402966,52.966783398683496,399.2905663640208,2025-09-30 10:56:59.503845
2.1685616582510576,56.772049397399336,399.19455474227027,2025-09-30 10:56:59.503845
2.2374116232401176,57.08375251459677,399.56494093912954,2025-09-30 10:56:59.503845
2.3149003203611755,55.70213599242189,400.73074544503424,2025-09-30 10:56:59.503845
2.258673867539552,52.1240974580149,398.8912687539892,2025-09-30 10:56:59.503845
2.290151843520673,51.38022702831659,399.88713591248506,2025-09-30 10:56:59.503845
2.3551523133283983,45.94095067621038,399.89305826655465,2025-09-30 10:56:59.503845
2.1445225947075506,57.39398092874593,400.9267427502911,2025-09-30 10:56:59.503845
2.123269907554531,57.12387365894014,399.41515700484604,2025-09-30 10:56:59.503845
2.0377673745449054,56.205603761296345,400.33467396992387,2025-09-30 10:56:59.503845
2.3389670045916358,68.8349973382921,398.7219476806379,2025-09-30 10:56:59.503845
2.286194120846376,52.78563668563835,398.23326896357963,2025-09-30 10:56:59.503845
2.2607559360254457,54.84600899966221,399.8082207386133,2025-09-30 10:56:59.503845
2.480178186285869,59.231881554304664,398.21206707339184,2025-09-30 10:56:59.503845
2.2519127388633,46.21652291684759,400.236965420912,2025-09-30 10:56:59.503845
2.0830776548325924,54.87362479446434,399.1024424371052,2025-09-30 10:56:59.503845
2.184703085936332,56.80609755364089,399.10099053736803,2025-09-30 10:56:59.503845
2.0676792269533295,48.12175663841657,399.0754121794294,2025-09-30 10:56:59.503845
2.3991261622737756,45.98429970329968,398.8029185491163,2025-09-30 10:56:59.503845
2.3431598336425536,48.083790883163694,400.35307345253904,2025-09-30 10:56:59.503845
2.3678956959478556,51.95941617403677,399.9686714991766,2025-09-30 10:56:59.503845
2.3222539290462594,41.9823164947418,399.6518468469591,2025-09-30 10:56:59.503845
2.2692311259716247,71.5331304681159,400.28878235692747,2025-09-30 10:56:59.503845
2.1889325385471805,55.84934594877563,398.5558070223654,2025-09-30 10:56:59.503845
2.31418930778862,52.13355814119524,399.3586379439761,2025-09-30 10:56:59.503845
2.351018022125737,55.53113886208445,399.83773365587007,2025-09-30 10:56:59.503845
2.393544924518515,48.958178376411475,400.3076611156953,2025-09-30 10:56:59.503845
2.239873689608632,54.55543349963917,400.00971786259265,2025-09-30 10:56:59.503845
2.304826127547676,52.78124396124248,398.87112332766026,2025-09-30 10:56:59.503845
2.3816278721294677,57.68741378910228,400.02463091901996,2025-09-30 10:56:59.503845
2.1685959943981756,48.96455571655521,399.3221955991753,2025-09-30 10:56:59.503845
2.283115180761971,53.36422478700359,399.7945468368348,2025-09-30 10:56:59.503845
2.2876751286746453,47.0983550998599,400.68628231398867,2025-09-30 10:56:59.503845
2.257057589851838,55.19617565638106,400.14605101647777,2025-09-30 10:56:59.503845
2.1250941512963437,56.50003494422711,399.83145177016496,2025-09-30 10:56:59.503845
2.1422807395703094,53.933252764402646,399.9492664323083,2025-09-30 10:56:59.503845
2.375192420152436,60.63202808083368,401.02194662508583,2025-09-30 10:56:59.503845
2.295337340284056,49.110261832350965,399.7475961108528,2025-09-30 10:56:59.503845
2.430687014238689,59.07068521941517,399.48212805983184,2025-09-30 10:56:59.503845
2.1922638159417214,61.94739536027506,398.81061417215767,2025-09-30 10:56:59.503845
2.4163927635525457,52.15764050365085,398.90283023202494,2025-09-30 10:56:59.503845
2.323678362914647,54.144287985748065,399.24803138556086,2025-09-30 10:56:59.503845
2.335123429073692,53.97892761951963,400.3599867680257,2025-09-30 10:56:59.503845
2.3276750534213417,49.29659115518698,399.557010396339,2025-09-30 10:56:59.503845
2.0743656790352376,54.9874580940539,399.67520233444475,2025-09-30 10:56:59.503845
2.218061845616579,51.37582977161424,400.2908322680993,2025-09-30 10:56:59.503845
2.4725525494281433,56.76224269811413,398.8666827544687,2025-09-30 10:56:59.503845
2.347548437340503,54.628495676901025,399.99101245404063,2025-09-30 10:56:59.503845
2.3811740487510393,47.570518585093886,401.1216680938212,2025-09-30 10:56:59.503845
2.1799723373613618,48.64263069036045,401.4126301757112,2025-09-30 10:56:59.503845
2.415126467118021,51.57669418443663,399.8545956092877,2025-09-30 10:56:59.503845
2.280676625481469,56.19511848583108,398.29285118240983,2025-09-30 10:56:59.503845
2.1589378179023475,55.50051038427153,400.12488417867377,2025-09-30 10:56:59.503845
2.0109947288577694,53.26711404671688,399.2451399686797,2025-09-30 10:56:59.503845
2.28858213384274,53.33642068364712,399.5425681555052,2025-09-30 10:56:59.503845
2.1935852939206533,55.32838040775807,400.033797961583,2025-09-30 10:56:59.503845
2.1951445574727355,63.55103037063137,399.16376400223817,2025-09-30 10:56:59.503845
2.18760695741862,46.044118240517264,399.4353259111038,2025-09-30 10:56:59.503845
2.3562686989927246,49.29694300854402,398.58105312792424,2025-09-30 10:56:59.503845
2.325036799714242,45.13684814953492,398.4017852562622,2025-09-30 10:56:59.503845
2.2501308317703463,56.93712858877599,398.37245169678926,2025-09-30 10:56:59.503845
2.0273041323594176,52.71770054735886,399.32833352818903,2025-09-30 10:56:59.503845
2.3460151333178234,60.68848016971485,400.72748475496974,2025-09-30 10:56:59.503845
2.1937144603005816,46.967434071722785,399.0708534259717,2025-09-30 10:56:59.503845
2.127977786068404,57.872588572511354,400.77565801902546,2025-09-30 10:56:59.503845
2.370707600638989,60.98477885041024,400.00800057427557,2025-09-30 10:56:59.503845
2.150976467096334,61.912327084587616,400.07433382573856,2025-09-30 10:56:59.503845
2.38797434145098,45.308714596253395,399.81294206038297,2025-09-30 10:56:59.503845
2.1732017486873496,47.98104600951829,399.09941821331364,2025-09-30 10:56:59.503845
2.5486527737053777,58.924562456449905,399.6585334357318,2025-09-30 10:56:59.503845
2.3041790077390853,57.08245810252806,399.68176632236504,2025-09-30 10:56:59.503845
2.285758549093367,56.71407149032977,400.7745853007701,2025-09-30 10:56:59.503845
2.2874729345936973,48.49049207863738,399.61627618127216,2025-09-30 10:56:59.503845
2.3639754979522163,59.646477182363434,400.57313177904547,2025-09-30 10:56:59.503845
2.3260016397945096,55.12597322253167,399.83171803769335,2025-09-30 10:56:59.503845
2.1391682366672806,58.24875917548887,399.80040089549306,2025-09-30 10:56:59.503845
2.1546940775980636,53.9553633220731,400.27069478222734,2025-09-30 10:56:59.503845
2.1448533177779154,63.83693660298445,400.1089278985139,2025-09-30 10:56:59.503845
2.3675180767271504,50.02843985321991,398.51930583790863,2025-09-30 10:56:59.503845
2.214128287860631,62.16272712135598,400.90201851090364,2025-09-30 10:56:59.503845
2.212871262670006,58.80199928607749,401.2826485397708,2025-09-30 10:56:59.503845
2.309773608169165,57.083644869271026,399.5905752380395,2025-09-30 10:56:59.503845
2.2155715995451564,51.34732587300557,399.0812521703419,2025-09-30 10:56:59.503845
2.1024042916720593,56.38827363244656,398.3181305233913,2025-09-30 10:56:59.503845
2.3728862404205318,55.86872868076821,400.58254714007825,2025-09-30 10:56:59.503845
2.3690993903467277,56.02302607781111,399.15694155878253,2025-09-30 10:56:59.503845
2.2262044159334096,54.543421886631826,400.1110352460916,2025-09-30 10:56:59.503845
2.4265339504189547,59.505602567690936,399.36226285268225,2025-09-30 10:56:59.503845
2.458534660322733,65.04550827640496,399.665035222803,2025-09-30 10:56:59.503845
2.3453973778138724,52.817654540291876,399.907503469337,2025-09-30 10:56:59.503845
2.245327180590532,52.07449062706307,400.63857448583684,2025-09-30 10:56:59.503845
2.2919938314961854,51.49683010093104,398.7923231081506,2025-09-30 10:56:59.503845
2.1646842651477862,53.73164633839548,398.1716215487784,2025-09-30 10:56:59.503845
2.2396615103156443,62.134840859716064,398.6164446282535,2025-09-30 10:56:59.503845
2.201796809984101,53.675278290743876,400.08270530217436,2025-09-30 10:56:59.503845
2.2273194503148246,56.28376890705832,400.14360166592763,2025-09-30 10:56:59.503845
2.24726647845456,42.6167868603795,399.96707665884065,2025-09-30 10:56:59.503845
2.2414276675602793,47.84703780236237,399.42036495074245,2025-09-30 10:56:59.503845
2.245676333323415,58.04674039589043,400.3481204231507,2025-09-30 10:56:59.503845
2.3111258414806266,52.59273725677878,400.3692350552321,2025-09-30 10:56:59.503845
2.2709480347114583,49.750641998099496,400.73041851570895,2025-09-30 10:56:59.503845
2.3391915598075483,58.926267082769456,400.6353725664777,2025-09-30 10:56:59.503845
2.231217282071482,53.52405100187434,399.4844809409266,2025-09-30 10:56:59.503845
2.2723127480926903,53.09775604320125,398.83929565683906,2025-09-30 10:56:59.503845
2.421977809511225,55.861071621840686,398.8593686505685,2025-09-30 10:56:59.503845
2.2630956392431614,57.653137801309875,398.45490164102364,2025-09-30 10:56:59.503845
2.2944156878300834,53.15353371653234,400.3782593152179,2025-09-30 10:56:59.503845
2.1681136645129904,53.42311935947715,400.2590239576701,2025-09-30 10:56:59.503845
2.2474998978925957,54.05127620143087,399.772110346157,2025-09-30 10:56:59.503845
2.3136258891157353,48.07162389754703,401.11838710137863,2025-09-30 10:56:59.503845
2.286831806244683,53.29216023483407,397.7240905146437,2025-09-30 10:56:59.503845
2.3096557896420413,54.452765902375866,399.4621371833834,2025-09-30 10:56:59.503845
2.165206919126687,53.99118373538975,399.63631969779465,2025-09-30 10:56:59.503845
2.2030229789146025,56.56981588535853,399.8179085391264,2025-09-30 10:56:59.503845
2.2182722533496766,55.580278875385424,401.4915205164329,2025-09-30 10:56:59.503845
2.2246942070948044,46.623772067314235,400.7272146679724,2025-09-30 10:56:59.503845
2.3580339168663813,44.87490264879743,399.2700260927574,2025-09-30 10:56:59.503845
2.0402470332606555,63.677093869131866,398.2826389294303,2025-09-30 10:56:59.503845
2.191132864393816,55.747653331502065,399.06990501607623,2025-09-30 10:56:59.503845
2.4111198642658964,57.37905099039135,400.0602440682194,2025-09-30 10:56:59.503845
2.0820666736995848,48.53530887336821,400.4329864463428,2025-09-30 10:56:59.503845
2.4345045851700515,61.946125990967424,400.2042492348323,2025-09-30 10:56:59.503845
2.2443871992828135,50.21391217927988,397.8745252703336,2025-09-30 10:56:59.503845
2.2733565358077943,60.36160693940169,400.5502620197449,2025-09-30 10:56:59.503845
2.220410307736241,52.719880627637984,401.0711484924694,2025-09-30 10:56:59.503845
2.255862244680587,61.36698411726496,400.02780163094945,2025-09-30 10:56:59.503845
2.2006454796954564,48.42898768465366,399.24747892526796,2025-09-30 10:56:59.503845
2.293866111048823,52.92828602149955,398.7554930600973,2025-09-30 10:56:59.503845
2.2774494643012413,56.414385253852494,399.9957632400919,2025-09-30 10:56:59.503845
2.3567216822160484,65.27950457946712,400.3069996244997,2025-09-30 10:56:59.503845
2.287048310925604,53.04465837568633,398.7064697731665,2025-09-30 10:56:59.503845
2.12123307232404,60.31339610468693,400.2859746366419,2025-09-30 10:56:59.503845
2.2534738768985076,52.34928182003504,400.3910792275862,2025-09-30 10:56:59.503845
2.2898464756383876,57.177553410829674,398.2763019178152,2025-09-30 10:56:59.503845
2.4020449930091408,51.79555694716036,399.6736206284953,2025-09-30 10:56:59.503845
2.1444607206766033,53.67978102108993,398.8424648411813,2025-09-30 10:56:59.503845
2.2185885078597813,51.12920230614656,400.3647056274564,2025-09-30 10:56:59.503845
2.395116212788825,53.359340557332615,399.2461163112943,2025-09-30 10:56:59.503845
2.196999958233737,63.47253586091469,400.22939218314906,2025-09-30 10:56:59.503845
2.359809045065296,53.59754348874571,399.25477332556795,2025-09-30 10:56:59.503845
2.1037936395692136,52.945778816283585,398.7569575430078,2025-09-30 10:56:59.503845
2.363899092561473,50.200729373916865,400.25313704485126,2025-09-30 10:56:59.503845
2.3535133770236887,51.95175211711913,398.0080085486287,2025-09-30 10:56:59.503845
2.377242665288111,54.37226685240388,399.9702994248929,2025-09-30 10:56:59.503845
2.333386568138538,56.98382086961391,401.37433454989804,2025-09-30 10:56:59.503845
2.1952272283103524,65.88761855747352,399.1754475114306,2025-09-30 10:56:59.503845
2.364568018143209,48.874961113275965,398.56873903843535,2025-09-30 10:56:59.503845
2.241269637974207,56.72427882741504,400.1550660220723,2025-09-30 10:56:59.503845
2.3028572750943876,51.03579495765162,399.94073054164596,2025-09-30 10:56:59.503845
2.318481469441355,55.92753563095657,400.6609747014345,2025-09-30 10:56:59.503845
2.032182885645058,46.501062587882544,398.81845802575066,2025-09-30 10:56:59.503845
2.2104707624995488,53.202537536485174,400.4012019103037,2025-09-30 10:56:59.503845
2.3197875812893143,59.874467641586335,400.56323063983183,2025-09-30 10:56:59.503845
2.20785967088709,53.51140571908891,398.7378193083504,2025-09-30 10:56:59.503845
2.250153437171105,53.14969163234347,399.1012657426715,2025-09-30 10:56:59.503845
2.2511156541509774,54.20830421684063,398.85108892067734,2025-09-30 10:56:59.503845
2.09368496336863,55.11684910946188,399.94641562167106,2025-09-30 10:56:59.503845
2.144993157452848,55.900861342746346,398.35212136630327,2025-09-30 10:56:59.503845
2.217497099968154,47.331427837992415,397.9608070506647,2025-09-30 10:56:59.503845
2.328808659701904,54.527695332022944,400.25959306280225,2025-09-30 10:56:59.503845
2.288446188693363,53.8775118441172,399.63505481251894,2025-09-30 10:56:59.503845
2.3616568996664435,53.12158746671888,399.3834564574436,2025-09-30 10:56:59.503845
2.3638491350021003,52.32326358280513,398.87626684485906,2025-09-30 10:56:59.503845
2.229197773669375,56.26573001998267,397.5889042782445,2025-09-30 10:56:59.503845
2.349469297053664,61.54241849665458,400.3262169199887,2025-09-30 10:56:59.503845
2.3089043750092513,55.78212470144502,398.7982428118379,2025-09-30 10:56:59.503845
2.2376022516890033,55.04905678808522,398.60178847409037,2025-09-30 10:56:59.503845
2.311220089663718,54.65124930653032,399.6176104283578,2025-09-30 10:56:59.503845
2.3294594131553246,61.25736555029284,399.5011449108957,2025-09-30 10:56:59.503845
2.2521869291946013,48.6779226724704,399.3621227934782,2025-09-30 10:56:59.503845
2.2892982765154692,54.635069484299954,399.49598116503813,2025-09-30 10:56:59.503845
2.264552340206247,63.927905343867444,400.0440288504718,2025-09-30 10:56:59.503845
2.2780941554910483,56.487964674777764,399.9641287829165,2025-09-30 10:56:59.503845
2.251945486987895,55.08596156966491,399.12702160442103,2025-09-30 10:56:59.503845
2.2654454171274905,60.190506351376605,401.95864682775147,2025-09-30 10:56:59.503845
2.1100170073092865,59.137569047438156,400.5526957885741,2025-09-30 10:56:59.503845
2.2645329368100686,47.719323320995976,400.1066522137765,2025-09-30 10:56:59.503845
2.2686936274913205,58.17798518690783,400.479234647387,2025-09-30 10:56:59.503845
1.961354807288449,55.85716426177855,399.9081003104908,2025-09-30 10:56:59.503845
2.3968768788994614,58.965934953768816,400.8401921328504,2025-09-30 10:56:59.503845
2.098321783965135,51.62216209098513,399.6126285757865,2025-09-30 10:56:59.503845
2.131093705515688,56.55481439197535,399.6426523738558,2025-09-30 10:56:59.503845
2.431999142010307,68.99438244122166,398.89275049987236,2025-09-30 10:56:59.503845
2.320495209385986,57.345975337431206,399.9427066581411,2025-09-30 10:56:59.503845
2.2767372860669153,53.17911713054286,400.76896667216994,2025-09-30 10:56:59.503845
2.375785406298471,52.96126303352521,400.29591642526736,2025-09-30 10:56:59.503845
2.0778338435283157,58.6782493218121,399.698728858615,2025-09-30 10:56:59.503845
2.129916731049887,57.85010520234687,398.54634630257806,2025-09-30 10:56:59.503845
2.0602716125530165,59.25056819976236,400.0567418926078,2025-09-30 10:56:59.503845
2.1923647382499154,44.52803313764434,399.4049605819816,2025-09-30 10:56:59.503845
2.458627167163416,51.101256088118525,398.95266520834906,2025-09-30 10:56:59.503845
2.170093288970949,48.93735029447336,399.2649674740256,2025-09-30 10:56:59.503845
2.373732042367648,49.30147940087079,399.93289140197146,2025-09-30 10:56:59.503845
2.422756368977493,47.781353001645,398.9258989872708,2025-09-30 10:56:59.503845
2.181741824613059,48.595074817658045,399.1169698456965,2025-09-30 10:56:59.503845
2.301428250695328,57.3651614146469,399.5959172422661,2025-09-30 10:56:59.503845
2.2330131465856784,66.37724386326019,399.64384460932854,2025-09-30 10:56:59.503845
2.2394471396054296,58.25686798281478,398.9135484812993,2025-09-30 10:56:59.503845
2.228155088734319,54.32992087425269,399.34925713602206,2025-09-30 10:56:59.503845
2.3858249313760167,52.113976840959296,400.91435772525455,2025-09-30 10:56:59.503845
2.3117277707386767,60.608296916822745,399.97160740916036,2025-09-30 10:56:59.503845
2.3500905001612193,64.94795089800282,400.4650907271407,2025-09-30 10:56:59.503845
2.382009653785505,48.587310925376926,400.29368174879147,2025-09-30 10:56:59.503845
2.199797071504315,55.82987972326964,400.873876188877,2025-09-30 10:56:59.503845
2.2367883702449616,61.29770585179146,399.52364519299107,2025-09-30 10:56:59.503845
2.414409290602231,51.010918958168894,400.00299008928204,2025-09-30 10:56:59.503845
2.345472607827651,61.182706526596995,398.2096937778286,2025-09-30 10:56:59.503845
2.1497572608519975,53.033752920064615,399.7870518956588,2025-09-30 10:56:59.503845
2.4049424614486448,52.93843646411629,399.82770575653024,2025-09-30 10:56:59.503845
2.2829061606192225,50.01669098072046,399.12788483206003,2025-09-30 10:56:59.503845
2.260433583644558,51.92589599050079,398.9567146098168,2025-09-30 10:56:59.503845
2.27562481608474,51.024339711074894,398.8675671241714,2025-09-30 10:56:59.503845
2.1829003271354916,52.56253284566339,401.22634754587915,2025-09-30 10:56:59.503845
2.28363391818479,50.12966041797534,400.13735847681295,2025-09-30 10:56:59.503845
2.5643716853701406,55.36972052725993,400.66217977630595,2025-09-30 10:56:59.503845
2.3924646291098073,48.9624418893936,400.66454795788627,2025-09-30 10:56:59.503845
2.1878385004403107,52.23965433281484,400.8639476556077,2025-09-30 10:56:59.503845
2.105912449317828,60.49977964124598,402.58075936524335,2025-09-30 10:56:59.503845
2.2492945095341312,49.97222160026738,400.06628847849186,2025-09-30 10:56:59.503845
2.2962193913400477,61.785484279741624,400.58675614649087,2025-09-30 10:56:59.503845
2.447575050569516,55.584678395455335,398.2029002817322,2025-09-30 10:56:59.503845
2.28572862240931,50.500614422364904,399.7467830549956,2025-09-30 10:56:59.503845
2.1847417212368265,58.89997775328755,399.86342511226997,2025-09-30 10:56:59.503845
2.275609571816273,51.20197972565295,399.33327063148084,2025-09-30 10:56:59.503845
2.181697070357035,49.77901685186435,400.75980829426504,2025-09-30 10:56:59.503845
2.2082570301324513,63.13654834133597,400.0693085906573,2025-09-30 10:56:59.503845
2.25119176187808,53.72147737685565,401.69026236932723,2025-09-30 10:56:59.503845
2.1802984347666987,53.36377706967053,399.12068534477413,2025-09-30 10:56:59.503845
2.2894974851314545,45.02721009477434,399.66769821614423,2025-09-30 10:56:59.503845
2.292532344462342,57.48334889518974,399.7771017634902,2025-09-30 10:56:59.503845
2.1636731565318854,53.963783233928176,399.9655078290539,2025-09-30 10:56:59.503845
2.1024094795411514,67.03100905965826,400.5689019448521,2025-09-30 10:56:59.503845
2.2365516272862,52.57923012750986,399.98046503904555,2025-09-30 10:56:59.503845
2.3523709205628283,51.71923354060642,400.9819237766199,2025-09-30 10:56:59.503845
2.1042392466843003,47.22498749508632,400.2896060667642,2025-09-30 10:56:59.503845
2.3331544929550097,56.41724414594346,401.1096842197559,2025-09-30 10:56:59.503845
2.261064013295041,66.3724195032375,400.3271681098619,2025-09-30 10:56:59.503845
2.387830587171924,58.455286124802704,399.5819752189135,2025-09-30 10:56:59.503845
2.112350095218906,53.18996777788898,398.23134752743334,2025-09-30 10:56:59.503845
2.133464914795938,54.592460169873654,398.73722954404377,2025-09-30 10:56:59.503845
2.238781548705426,53.92035197477508,399.95889503039945,2025-09-30 10:56:59.503845
2.162918797484373,60.55874911755799,400.03952359199263,2025-09-30 10:56:59.503845
2.2847748000061334,59.47655248096077,400.4754802036619,2025-09-30 10:56:59.503845
2.1393669259258408,42.74192083346635,398.3238024415765,2025-09-30 10:56:59.503845
2.20378782135801,53.21562128089514,399.88751479702466,2025-09-30 10:56:59.503845
2.309778616436627,52.91676077675036,398.72335906672726,2025-09-30 10:56:59.503845
2.307017603421413,49.074237475484004,399.69236503374657,2025-09-30 10:56:59.503845
2.19535628354757,50.083356422497125,398.72185176023,2025-09-30 10:56:59.503845
2.207378654208265,44.680844529240446,399.323765242817,2025-09-30 10:56:59.503845
2.2625603884857144,55.41392021096466,401.52437700409234,2025-09-30 10:56:59.503845
2.323401911981069,56.627444971318766,398.52423441703905,2025-09-30 10:56:59.503845
2.2880679231711407,50.5501898595033,399.2271681573756,2025-09-30 10:56:59.503845
2.1884225587096884,57.34419785049429,398.32566865773504,2025-09-30 10:56:59.503845
2.3363086166334663,57.076459686724334,398.81861302934885,2025-09-30 10:56:59.503845
2.4035351803849885,47.78122335955521,400.56787323804167,2025-09-30 10:56:59.503845
2.298025640926983,57.638791693296824,398.9635451235942,2025-09-30 10:56:59.503845
2.4148190739728763,46.722549171970456,398.68607244190133,2025-09-30 10:56:59.503845
2.1182612751492567,62.40647853975652,401.32724622207377,2025-09-30 10:56:59.503845
2.3288760675439337,54.95239390823594,399.9170868908978,2025-09-30 10:56:59.503845
2.145506823980998,53.506534464520186,399.705372890764,2025-09-30 10:56:59.503845
2.173125227769017,55.61575511327463,399.342174862376,2025-09-30 10:56:59.503845
2.3939583356320333,57.6164439787745,399.4901334798272,2025-09-30 10:56:59.503845
2.2800373630482498,51.54995210701908,400.18380410470473,2025-09-30 10:56:59.503845
2.400231591642127,49.41025888641533,400.6105531774564,2025-09-30 10:56:59.503845
2.0949978881761036,57.0377501823836,399.9752309327244,2025-09-30 10:56:59.503845
2.3745244534823313,57.03778117482929,400.5414944072234,2025-09-30 10:56:59.503845
2.4438846510779393,52.48792740216442,399.9047750867569,2025-09-30 10:56:59.503845
2.2025805017237055,63.39823401345871,400.0309519146748,2025-09-30 10:56:59.503845
2.1657714526375638,56.718265284952295,401.18996779359856,2025-09-30 10:56:59.503845
2.1918570159478072,49.71238133401258,400.1661767943758,2025-09-30 10:56:59.503845
2.385749767158031,56.42522501747476,400.13948795297546,2025-09-30 10:56:59.503845
2.2419787135976788,55.4788406297488,401.8541068471715,2025-09-30 10:56:59.503845
2.102028047228742,54.70518533713193,400.9061292425411,2025-09-30 10:56:59.503845
2.231717595277217,54.57399307013481,399.3550260978367,2025-09-30 10:56:59.503845
2.2932606662011494,49.6805248963243,400.99586466189805,2025-09-30 10:56:59.503845
2.3398229711765386,56.47442898961745,400.9290604564513,2025-09-30 10:56:59.503845
2.275697374153485,57.63369655811158,399.5601722902229,2025-09-30 10:56:59.503845
2.3068063103919036,46.54427072237151,399.8564300553347,2025-09-30 10:56:59.503845
2.3353573198072146,56.04603596130525,399.30523753299985,2025-09-30 10:56:59.503845
2.0753594959626844,51.52243427996764,399.7896719271874,2025-09-30 10:56:59.503845
2.36287831620319,50.469484877489066,400.3052093796641,2025-09-30 10:56:59.503845
2.2793923194207966,58.071448984053134,400.87837188978807,2025-09-30 10:56:59.503845
2.1607305027146575,60.88037134285853,398.5697795845696,2025-09-30 10:56:59.503845
2.2399315062576552,54.19684067760005,400.11644362550527,2025-09-30 10:56:59.503845
2.264531006507192,51.98851488888803,399.07131085849693,2025-09-30 10:56:59.503845
2.2554020069473704,55.48607278304398,399.5895181834246,2025-09-30 10:56:59.503845
2.2400884092327833,58.74372004061097,400.7289254794366,2025-09-30 10:56:59.503845
2.246721182195545,58.41902600045944,400.08473292774005,2025-09-30 10:56:59.503845
2.1939293821023655,60.465866856177996,400.0874871596909,2025-09-30 10:56:59.503845
2.174458736397303,59.688220278474176,399.57197660550395,2025-09-30 10:56:59.503845
2.3429110305221625,66.85601344282729,400.0220014753771,2025-09-30 10:56:59.503845
2.4892449048415717,57.12874308547847,401.09191395944845,2025-09-30 10:56:59.503845
2.4733291649649236,58.067169008785086,400.26294509987184,2025-09-30 10:56:59.503845
2.201737507095168,69.23383712028536,399.33323664840526,2025-09-30 10:56:59.503845
2.327169236899913,56.1496230475032,398.0800431384507,2025-09-30 10:56:59.503845
2.1556822092069297,60.511885790510455,399.08104287936663,2025-09-30 10:56:59.503845
2.291648592421094,54.876238396935356,400.8067260911567,2025-09-30 10:56:59.503845
2.4992608266790257,54.799342522337696,400.42391934353327,2025-09-30 10:56:59.503845
2.27793942332407,60.24162366078496,400.029914542308,2025-09-30 10:56:59.503845
2.1694653213522663,59.885743799227264,399.48977971546225,2025-09-30 10:56:59.503845
2.0746555105263784,51.763373882165055,400.69033627659667,2025-09-30 10:56:59.503845
2.3146699596087084,54.39220091201124,399.81309544644165,2025-09-30 10:56:59.503845
2.1754413190777284,57.48096546815009,398.8139972421565,2025-09-30 10:56:59.503845
2.406852823332718,56.740069286366406,400.54385350167627,2025-09-30 10:56:59.503845
2.176868236112052,49.997549112888066,399.8657608389964,2025-09-30 10:56:59.503845
2.389965830751839,57.412574838698106,399.44372203541866,2025-09-30 10:56:59.503845
2.181138737312663,51.843557202621,400.48699126779013,2025-09-30 10:56:59.503845
2.2712929505015755,70.14929785243991,400.02539465790244,2025-09-30 10:56:59.503845
2.30363466064136,62.24090057819135,399.46288497043025,2025-09-30 10:56:59.503845
2.0011055719337976,48.81414550681393,400.6691669766135,2025-09-30 10:56:59.503845
2.2954554346097638,52.84443467878212,400.2946612679824,2025-09-30 10:56:59.503845
2.3388128831399486,55.26983053717464,399.7158281548128,2025-09-30 10:56:59.503845
2.207490409381916,59.19242817978865,398.40223644128366,2025-09-30 10:56:59.503845
2.2790308266536634,47.22401141116333,399.2140991156654,2025-09-30 10:56:59.503845
2.262811268195349,51.36674620729908,398.98833814697855,2025-09-30 10:56:59.503845
2.289887575938571,50.71518661209535,399.92448774911117,2025-09-30 10:56:59.503845
2.3300480124519436,51.60675508612169,400.28492067475935,2025-09-30 10:56:59.503845
2.3255468875916923,49.511410273954915,400.13488772265765,2025-09-30 10:56:59.503845
2.1217158942334553,65.65771727289183,400.5031768134267,2025-09-30 10:56:59.503845
2.2196262715197665,54.64686884129524,399.86794030361153,2025-09-30 10:56:59.503845
2.2867561540592365,45.37247412372888,400.08949286499785,2025-09-30 10:56:59.503845
2.295872058422038,49.26855768359247,399.5158125196818,2025-09-30 10:56:59.503845
2.198965627985462,55.70962981894293,399.2013301127575,2025-09-30 10:56:59.503845
2.168285716944218,62.78083769388808,399.927512514487,2025-09-30 10:56:59.503845
2.144361781262255,54.0651238485489,399.1022804412632,2025-09-30 10:56:59.503845
2.2912863282573865,55.02055400264005,399.0445242783494,2025-09-30 10:56:59.503845
2.3692876705784114,54.60105501940786,399.43232679744546,2025-09-30 10:56:59.503845
2.263561573873546,54.02396565837525,399.40367966825346,2025-09-30 10:56:59.503845
2.2459921110203513,56.95131028639356,400.6723526056046,2025-09-30 10:56:59.503845
2.1365762049473336,55.3790984882805,399.4858078770884,2025-09-30 10:56:59.503845
2.2165653657775395,50.76899120628828,400.8855748005761,2025-09-30 10:56:59.503845
2.3981205602817757,57.8156543517649,398.81851750361284,2025-09-30 10:56:59.503845
2.1307928647687797,46.724248955762675,400.75542143371655,2025-09-30 10:56:59.503845
2.4365714078641476,63.48864319645276,399.5740225916723,2025-09-30 10:56:59.503845
2.062891616352335,48.30066091971027,399.3528439028945,2025-09-30 10:56:59.503845
2.2802807825527687,49.949708664686185,399.0505807179104,2025-09-30 10:56:59.503845
2.352877275191358,51.76578673362385,398.97161664348334,2025-09-30 10:56:59.503845
2.2512527704744394,51.152577040906515,400.76888437560456,2025-09-30 10:56:59.503845
2.2160054467734813,60.06329652000898,399.4900981599265,2025-09-30 10:56:59.503845
2.1829307296381035,51.25442258634381,398.6573748702306,2025-09-30 10:56:59.503845
2.3366160533555203,63.28589695666426,401.3553273141898,2025-09-30 10:56:59.503845
2.1918156137306957,52.83033094854408,398.22915428067137,2025-09-30 10:56:59.503845
2.275469483957274,46.83091633676254,398.9744413168478,2025-09-30 10:56:59.503845
2.223198189004543,59.73233170373022,400.37387161257095,2025-09-30 10:56:59.503845
2.373597910230765,57.946426969878274,400.17353503570547,2025-09-30 10:56:59.503845
2.2630069098145364,56.921098642319365,398.852983137485,2025-09-30 10:56:59.503845
2.213479778524065,53.405329085898536,400.47270382014574,2025-09-30 10:56:59.503845
2.41723437147323,57.2844105989891,399.61622561792865,2025-09-30 10:56:59.503845
2.1070247270556837,61.17772501846837,399.77602201036336,2025-09-30 10:56:59.503845
2.1572918143962636,52.14002820512543,400.1153826907985,2025-09-30 10:56:59.503845
2.281279182114836,56.35588258161537,400.19007693718044,2025-09-30 10:56:59.503845
2.268456964639529,57.90466688828111,398.282197926821,2025-09-30 10:56:59.503845
2.254800740303794,61.09021638336157,399.5689654463841,2025-09-30 10:56:59.503845
2.1392356891663917,57.61434312425416,399.67182891604784,2025-09-30 10:56:59.503845
2.191685965721592,52.500059932698186,400.310341524302,2025-09-30 10:56:59.503845
2.1806057391009235,47.01151391973138,400.2218410362191,2025-09-30 10:56:59.503845
2.3126004993634584,49.32907322278075,399.5789869904655,2025-09-30 10:56:59.503845
2.2129861114134677,51.203151691306154,400.50515286584397,2025-09-30 10:56:59.503845
2.3935777522697586,55.13045374032246,399.78076403783103,2025-09-30 10:56:59.503845
2.1236817351045127,63.585999534917946,400.3430327643494,2025-09-30 10:56:59.503845
2.0723501889183114,49.36281020882967,401.3021614880352,2025-09-30 10:56:59.503845
2.277117176717063,53.53051047126355,400.89292628779117,2025-09-30 10:56:59.503845
2.508058356994043,52.16480046045941,399.89532867344406,2025-09-30 10:56:59.503845
2.301351527019658,53.807788096561296,399.91715864416034,2025-09-30 10:56:59.503845
2.3080117174318393,51.88602318977204,399.8501280747655,2025-09-30 10:56:59.503845
2.2638918098346754,55.931440884439546,399.7847302507307,2025-09-30 10:56:59.503845
2.227681686709137,57.202185227116395,399.5680349740985,2025-09-30 10:56:59.503845
2.142131303062727,51.55993619307344,399.64348698928643,2025-09-30 10:56:59.503845
2.256013994532849,57.653639034648805,398.389823843704,2025-09-30 10:56:59.503845
2.2253401158076938,52.774163805637215,399.2174438444569,2025-09-30 10:56:59.503845
2.5569483823593555,42.8872041011115,400.24286940373264,2025-09-30 10:56:59.503845
2.323733233453124,55.213481470846645,400.6305373846672,2025-09-30 10:56:59.503845
2.1759699068814027,57.79981586092957,399.3167400431349,2025-09-30 10:56:59.503845
2.3057219026566482,48.92089092287426,401.3091437267934,2025-09-30 10:56:59.503845
2.2542531913827877,61.17036124593733,399.23347890487537,2025-09-30 10:56:59.503845
2.28351142147942,61.60940604044232,399.69241820959695,2025-09-30 10:56:59.503845
2.3286882488222354,55.36285919493902,399.2787558068682,2025-09-30 10:56:59.503845
2.2688774653900188,53.08592989421101,400.5470691431665,2025-09-30 10:56:59.503845
2.328006917112441,56.50884767614568,400.777893302655,2025-09-30 10:56:59.503845
2.376533584087518,63.31838197619617,398.5966984750446,2025-09-30 10:56:59.503845
2.440622709039943,54.894715959502335,400.7763230346066,2025-09-30 10:56:59.503845
2.273812684101608,60.41959760190433,398.9953438490724,2025-09-30 10:56:59.503845
2.415265113467523,45.46881792786539,399.9932957694782,2025-09-30 10:56:59.503845
2.3055443913045686,53.21391178199468,398.1373064312315,2025-09-30 10:56:59.503845
2.181910708720392,59.63600020097829,398.7413914277889,2025-09-30 10:56:59.503845
2.4555784964321554,62.44039480137038,399.23912967874224,2025-09-30 10:56:59.503845
2.3055083051138316,57.22066730947318,399.3360549315688,2025-09-30 10:56:59.503845
2.432201409873281,51.04642588708028,400.21004812144344,2025-09-30 10:56:59.503845
2.129584595892294,59.050844863560165,398.5896639033244,2025-09-30 10:56:59.503845
2.2632393732033314,55.489294180007896,400.8822857700587,2025-09-30 10:56:59.503845
2.2828946011895086,56.45707529392329,399.39913240306873,2025-09-30 10:56:59.503845
2.243418804137338,49.671068093902576,400.6823987801359,2025-09-30 10:56:59.503845
2.231673350754874,60.65911691563764,399.8626640268235,2025-09-30 10:56:59.503845
2.3273303731258324,48.83475846419566,399.9777350440932,2025-09-30 10:56:59.503845
2.4410961365679618,49.15728728579129,400.88218703711317,2025-09-30 10:56:59.503845
2.2959305011731046,62.911656664195206,400.44697574092527,2025-09-30 10:56:59.503845
2.3085574563581264,60.18661347853769,400.304289409712,2025-09-30 10:56:59.503845
2.2456194846150326,54.06070004821724,400.7371734415768,2025-09-30 10:56:59.503845
2.2176891094906717,57.76720217493765,398.9787893279849,2025-09-30 10:56:59.503845
2.204149510344751,42.17987892185253,399.3247701969974,2025-09-30 10:56:59.503845
2.3246563779425142,56.240702060705516,400.09399155328674,2025-09-30 10:56:59.503845
2.314948237498361,56.189297362121245,398.75475461924304,2025-09-30 10:56:59.503845
2.331396568003509,48.942208956662064,399.8524783471073,2025-09-30 10:56:59.503845
1.944138114289633,53.17766563452451,399.4548045592319,2025-09-30 10:56:59.503845
2.2674304098501166,66.49833474940122,400.3784336499469,2025-09-30 10:56:59.503845
2.2015768511620863,49.45963402301171,400.48849118176435,2025-09-30 10:56:59.503845
2.1302186677581534,51.373706754876814,399.17453134141533,2025-09-30 10:56:59.503845
2.206106195530144,56.736261926010364,399.481393146401,2025-09-30 10:56:59.503845
2.296099066832847,45.067704902183046,399.79559103587343,2025-09-30 10:56:59.503845
2.2915074249889376,55.41346548026079,399.73697769759406,2025-09-30 10:56:59.503845
2.3826924707675077,59.22368243750033,400.1576342255391,2025-09-30 10:56:59.503845
2.3618867970487485,51.461774055684636,401.40449657654585,2025-09-30 10:56:59.503845
2.1348434409653665,52.2918870691066,399.14202593435857,2025-09-30 10:56:59.503845
2.116858875516917,59.67225952083736,399.93703239165814,2025-09-30 10:56:59.503845
2.2249754925177383,56.43108991867064,401.09397369612265,2025-09-30 10:56:59.503845
2.3460280896853156,52.110885409353486,400.2474631228865,2025-09-30 10:56:59.503845
2.374683097906397,61.60609989220279,398.0733677571268,2025-09-30 10:56:59.503845
2.514333139503062,54.184134312407764,399.9642444115684,2025-09-30 10:56:59.503845
2.3328012010639827,60.48751927315965,399.4046415468006,2025-09-30 10:56:59.503845
2.3316855513507995,54.97546022391429,399.36714747325846,2025-09-30 10:56:59.503845
2.163265275207758,55.39822706156556,399.46328919167,2025-09-30 10:56:59.503845
2.341959030667548,57.58898060642476,398.7837281514807,2025-09-30 10:56:59.503845
2.090302557126885,52.89814232872556,400.12713278647857,2025-09-30 10:56:59.503845
2.291983685528183,60.81815177517244,400.80447891937735,2025-09-30 10:56:59.503845
2.3969834660655818,47.040950237006726,400.7541518255591,2025-09-30 10:56:59.503845
2.285805740596683,54.47262735807188,399.1228220819318,2025-09-30 10:56:59.503845
2.1958659187629697,52.955989079618845,398.66143491841257,2025-09-30 10:56:59.503845
2.2448200329392956,43.84505862613953,399.7436755228671,2025-09-30 10:56:59.503845
2.1487324406881934,54.156318305624836,398.9680214382033,2025-09-30 10:56:59.503845
2.4093794671727586,51.999854218853635,399.4801074101863,2025-09-30 10:56:59.503845
2.2825225578052457,60.47965794335783,399.44596134917214,2025-09-30 10:56:59.503845
2.2071492844361704,59.205049560270176,399.5834717469764,2025-09-30 10:56:59.503845
2.1088575669900163,57.43081458676995,400.2818260655778,2025-09-30 10:56:59.503845
2.297757044888466,42.06109980316316,399.49263716640485,2025-09-30 10:56:59.503845
2.3413727684122394,46.1972729977945,399.0662176654252,2025-09-30 10:56:59.503845
2.0382859584621755,57.70820860351825,399.6404825318848,2025-09-30 10:56:59.503845
2.2890956882805935,56.30516367347642,398.7781913751844,2025-09-30 10:56:59.503845
2.3022107742579703,39.74578262481988,398.42012969332234,2025-09-30 10:56:59.503845
2.259193153502035,53.97966770534995,397.8895691492691,2025-09-30 10:56:59.503845
2.3177668403598455,55.606583999264416,399.7492676099578,2025-09-30 10:56:59.503845
2.325309009931564,57.42669500778791,400.6581291426858,2025-09-30 10:56:59.503845
2.403703504834351,50.88437953682165,401.5192823394029,2025-09-30 10:56:59.503845
2.287886577538844,60.88880466799569,399.6341408443498,2025-09-30 10:56:59.503845
2.426857361781834,56.1137022889671,400.0997658040393,2025-09-30 10:56:59.503845
2.2530008495552107,55.391069546908305,400.02903538825655,2025-09-30 10:56:59.503845
2.1153259418239174,46.36864007339802,398.1865343194885,2025-09-30 10:56:59.503845
2.306689097376647,61.20003411027323,400.92055519511695,2025-09-30 10:56:59.503845
2.1943334030707975,51.901907283542194,398.83609246020274,2025-09-30 10:56:59.503845
2.287900931656076,56.106706809507074,400.7073825860822,2025-09-30 10:56:59.503845
2.323168256429702,52.07272205755869,399.8225038345295,2025-09-30 10:56:59.503845
2.0961925830873516,60.08813210013621,399.8409062910892,2025-09-30 10:56:59.503845
2.286554981781951,61.822633257031924,399.358617218319,2025-09-30 10:56:59.503845
2.316943333083938,48.74380865881127,399.61959107410905,2025-09-30 10:56:59.503845
2.2496559680432053,54.528915324436184,399.08870729814475,2025-09-30 10:56:59.503845
2.433424001487106,57.58887416616019,399.8770984115902,2025-09-30 10:56:59.503845
2.3178944910710446,45.93249736382893,401.2053675025583,2025-09-30 10:56:59.503845
2.382890073682543,61.99246131714502,399.74132970089397,2025-09-30 10:56:59.503845
2.344684968205459,60.105776018572826,398.98554403598223,2025-09-30 10:56:59.503845
2.2065693553910597,50.71880363200513,398.537598345313,2025-09-30 10:56:59.503845
2.295815842576966,51.36126648120636,401.02056738484663,2025-09-30 10:56:59.503845
2.296206847251984,60.715190635820235,398.35973207730234,2025-09-30 10:56:59.503845
2.3526351487349113,53.35184187652236,399.87553824581454,2025-09-30 10:56:59.503845
2.271686243769056,57.260509247804954,398.7288080135098,2025-09-30 10:56:59.503845
2.3027868908795615,61.11251529459983,399.5451367540037,2025-09-30 10:56:59.503845
2.127880631156443,48.32501509924184,400.25126720241707,2025-09-30 10:56:59.503845
2.2245702964461,52.913729416907636,399.71947729985015,2025-09-30 10:56:59.503845
2.2034381725478642,54.30185615423067,399.2263261943842,2025-09-30 10:56:59.503845
2.271275044812165,55.13409165835291,399.5895008108374,2025-09-30 10:56:59.503845
2.437224943847948,57.01558989980617,399.9881822826344,2025-09-30 10:56:59.503845
2.2675742466609274,53.997367781941776,400.11889280010257,2025-09-30 10:56:59.503845
2.5571986033470746,48.64696168292593,399.0052176257858,2025-09-30 10:56:59.503845
2.2841791490518717,58.673557246932106,399.48988232200446,2025-09-30 10:56:59.503845
2.1581545508332916,52.537115727853376,400.62813428482076,2025-09-30 10:56:59.503845
2.208787026990106,48.276479527217795,400.23262332876664,2025-09-30 10:56:59.503845
2.20513659316005,59.40954390696614,399.05117698584723,2025-09-30 10:56:59.503845
2.1940351310343313,58.63410067583586,399.0493611279663,2025-09-30 10:56:59.503845
2.283244002281465,57.37514231100395,399.4733358868343,2025-09-30 10:56:59.503845
2.285695890511239,62.790022974332224,399.92256426448677,2025-09-30 10:56:59.503845
2.2999843854434663,58.43582194622802,400.5113145825949,2025-09-30 10:56:59.503845
2.379956788767776,51.029219040140404,398.5276237025692,2025-09-30 10:56:59.503845
2.3799281651732667,56.512106999702645,399.79666111400917,2025-09-30 10:56:59.503845
2.1311694791353726,58.20801275975364,400.50986793629943,2025-09-30 10:56:59.503845
2.302422841439445,52.6171050981333,401.3969193867996,2025-09-30 10:56:59.503845
2.2916531128546382,48.78946034813733,399.7922595904748,2025-09-30 10:56:59.503845
2.234190561909502,50.76988836535975,400.4644596431262,2025-09-30 10:56:59.503845
2.177805274605519,56.153283773630925,401.3852324298827,2025-09-30 10:56:59.503845
2.1230828247128817,52.258866064491194,399.3170208667654,2025-09-30 10:56:59.503845
2.2838293851112685,53.52845733402237,400.4513289414348,2025-09-30 10:56:59.503845
2.2285135395372984,45.197215006443095,399.62244980843514,2025-09-30 10:56:59.503845
2.2408492264674815,50.78291924124585,399.8339226643244,2025-09-30 10:56:59.503845
2.1312379554666285,62.61610184506938,399.354423767329,2025-09-30 10:56:59.503845
2.187458628969977,61.75862907049142,400.0025979684233,2025-09-30 10:56:59.503845
2.2039647119783194,58.05466491406942,398.6517206910702,2025-09-30 10:56:59.503845
2.442215721551251,53.2661580612982,400.3803973101859,2025-09-30 10:56:59.503845
2.316627848940163,52.52430253895004,398.90515167340004,2025-09-30 10:56:59.503845
2.386506968423094,49.89913574024933,399.23738473870844,2025-09-30 10:56:59.503845
2.232616506208961,50.997474125862325,400.4626858241831,2025-09-30 10:56:59.503845
2.5217300258105757,45.66633886222296,398.46881252871947,2025-09-30 10:56:59.503845
2.278463888954639,57.93472353552167,398.69546577886655,2025-09-30 10:56:59.503845
2.3258154371424613,49.860048268202064,398.61549519262593,2025-09-30 10:56:59.503845
2.1481624164107727,58.2552211749707,399.5457585258434,2025-09-30 10:56:59.503845
2.1893552843522914,65.25178229887814,399.562772460314,2025-09-30 10:56:59.503845
2.2970690696351705,52.93757363523831,400.54596519180666,2025-09-30 10:56:59.503845
2.2633779395583575,54.35180984298209,399.90191399241274,2025-09-30 10:56:59.503845
2.31254619890189,47.028410917493105,399.923901052204,2025-09-30 10:56:59.503845
2.2931159217977357,51.78869939652858,399.5450941239792,2025-09-30 10:56:59.503845
2.3090914445694013,66.06544764403756,398.62327855871564,2025-09-30 10:56:59.503845
2.196077481527921,58.51586031536357,400.94999346725155,2025-09-30 10:56:59.503845
2.3193960539029423,61.608655118305514,400.4296469099788,2025-09-30 10:56:59.503845
2.1839732871427793,45.29045894885785,400.0534900199162,2025-09-30 10:56:59.503845
2.392596657040638,50.4301428608868,400.10508773015783,2025-09-30 10:56:59.503845
1.9944093970046048,55.997760621572255,400.77491263643856,2025-09-30 10:56:59.503845
2.2704519854824095,48.53019767598515,401.6548386980358,2025-09-30 10:56:59.503845
2.2411161016622385,58.39102042666818,398.13752204797885,2025-09-30 10:56:59.503845
2.311886708043456,52.85266056754665,399.0629146274398,2025-09-30 10:56:59.503845
2.2209136953246515,49.498292348650985,400.194725647059,2025-09-30 10:56:59.503845
2.2239948667393947,57.99621762855763,398.9737245949951,2025-09-30 10:56:59.503845
2.226461815262296,56.5364535593221,399.7746938848259,2025-09-30 10:56:59.503845
2.312913668774646,53.33856411292373,400.78312546201374,2025-09-30 10:56:59.503845
2.1903672654950928,52.410686632344024,399.7205293301039,2025-09-30 10:56:59.503845
2.269082561969434,47.856243854451506,399.84130706931,2025-09-30 10:56:59.503845
2.1694139999883797,55.2079060144651,399.40896116603056,2025-09-30 10:56:59.503845
2.167822847891774,56.445595976946905,400.80256274884346,2025-09-30 10:56:59.503845
2.4052914410437545,52.82238390303491,400.9361758812617,2025-09-30 10:56:59.503845
2.2046522108014717,54.96464190422084,399.51996647420754,2025-09-30 10:56:59.503845
2.0770418420374543,53.58009273789731,400.33288160589393,2025-09-30 10:56:59.503845
2.114914732152805,49.17738994601555,401.53154422883074,2025-09-30 10:56:59.503845
2.3811927681943272,61.22995054926132,399.2803605862152,2025-09-30 10:56:59.503845
2.3059375666869473,51.089431667998284,399.4984567901205,2025-09-30 10:56:59.503845
2.058622432806033,57.75522435856504,399.51177192104285,2025-09-30 10:56:59.503845
2.2273176547999793,53.77713917013431,400.3148824496295,2025-09-30 10:56:59.503845
2.1551984500706873,61.29313986279359,398.53373386368065,2025-09-30 10:56:59.503845
2.120981873263967,53.95288967826509,399.49020660535854,2025-09-30 10:56:59.503845
2.2530733301941037,54.83923305864449,399.0995868950466,2025-09-30 10:56:59.503845
2.2489507116201803,62.64626424307727,398.324559027834,2025-09-30 10:56:59.503845
2.313582944923432,57.387191424477244,400.006888189179,2025-09-30 10:56:59.503845
2.182215437492483,50.3411778186745,398.23245123717487,2025-09-30 10:56:59.503845
2.200777598418586,52.163097633314266,400.38120872369404,2025-09-30 10:56:59.503845
2.2739293340874194,55.93312104267227,399.72384982761105,2025-09-30 10:56:59.503845
2.3448132244117823,60.07532915707145,400.2421750294479,2025-09-30 10:56:59.503845
2.1749307323510303,54.51807069289198,399.10300561942233,2025-09-30 10:56:59.503845
2.3132162515839223,46.8941544894031,398.8622007057666,2025-09-30 10:56:59.503845
2.2345715447220558,50.71418273514974,400.55241751998517,2025-09-30 10:56:59.503845
2.26433811894021,52.79464360599628,399.587414542725,2025-09-30 10:56:59.503845
2.2031037209794837,62.27058681171252,400.0309037544532,2025-09-30 10:56:59.503845
2.38399458171027,53.72827466847021,398.7172344725684,2025-09-30 10:56:59.503845
2.247679083093383,53.238441283727724,399.9366567636636,2025-09-30 10:56:59.503845
2.3420062334600495,56.64622113989421,401.48961879208144,2025-09-30 10:56:59.503845
2.4191524371263986,53.21782532158479,399.6417729548349,2025-09-30 10:56:59.503845
2.175057372177757,52.30239701239923,399.96863804905337,2025-09-30 10:56:59.503845
2.277720528673213,57.552889013283036,400.1219514857003,2025-09-30 10:56:59.503845
2.4550058389088667,57.13827813460321,399.3864905874673,2025-09-30 10:56:59.503845
2.193493751919833,46.66867831493898,398.72846205804893,2025-09-30 10:56:59.503845
2.261213333778408,50.11796665261056,399.9114200880423,2025-09-30 10:56:59.503845
2.1796721857297596,55.66688307563596,400.1739552293115,2025-09-30 10:56:59.503845
2.3694780135997457,46.37175554656834,398.8301085551252,2025-09-30 10:56:59.503845
2.4186254230005795,50.19266524566049,398.5961903123928,2025-09-30 10:56:59.503845
2.3476266653395044,52.69485931872991,399.842671282831,2025-09-30 10:56:59.503845
2.2840100479389114,51.986053422225,399.8147351977356,2025-09-30 10:56:59.503845
2.160649941177857,52.44663792028069,400.33449028285156,2025-09-30 10:56:59.503845
2.2888091769075474,43.11537258354443,399.7102199979467,2025-09-30 10:56:59.503845
2.137804100392838,47.211751668627606,401.46548147748155,2025-09-30 10:56:59.503845
2.202103370480141,57.5918524456461,400.32062033981975,2025-09-30 10:56:59.503845
2.228779517125349,45.83600768747143,399.22406517217667,2025-09-30 10:56:59.503845
2.2034563977142976,60.70980175574989,400.29828024900314,2025-09-30 10:56:59.503845
2.282971794687192,50.15131523492638,401.26720668650313,2025-09-30 10:56:59.503845
2.0707381930848237,55.66206143149224,399.8961591261705,2025-09-30 10:56:59.503845
2.4469958588120195,65.5535933784294,399.7963385601069,2025-09-30 10:56:59.503845
2.1662696098686633,52.19433812242641,399.01264486490516,2025-09-30 10:56:59.503845
2.390024233649931,58.05747505841842,399.05695728900264,2025-09-30 10:56:59.503845
2.233819684677545,44.03913192107601,399.07400090390365,2025-09-30 10:56:59.503845
2.261379787703767,47.943643451631054,400.2741532866971,2025-09-30 10:56:59.503845
2.152321838285433,57.88311134216117,399.4096485928431,2025-09-30 10:56:59.503845
2.310525792898214,54.19885523895753,398.41159474285047,2025-09-30 10:56:59.503845
2.0603355204673823,53.91830881169756,401.07667279681306,2025-09-30 10:56:59.503845
2.3031786833129013,58.44809843996534,398.761657257522,2025-09-30 10:56:59.503845
2.335590879220954,51.588338605882896,400.3273419038234,2025-09-30 10:56:59.503845
2.274884228696106,46.82422655312662,400.00192274307864,2025-09-30 10:56:59.503845
2.3161346415305855,48.38143391254254,401.04628273600514,2025-09-30 10:56:59.503845
2.3583169868895144,51.54487351093648,399.7567287022408,2025-09-30 10:56:59.503845
2.053993811257251,59.932561118414014,399.56425049862764,2025-09-30 10:56:59.503845
2.3520236931352483,53.47603005079534,399.703062828943,2025-09-30 10:56:59.503845
2.3264583965372267,46.131942917061664,400.33633176214835,2025-09-30 10:56:59.503845
2.272853038683667,56.50995599450011,399.291940914292,2025-09-30 10:56:59.503845
2.2683899719145453,58.49666429830833,399.88156468695945,2025-09-30 10:56:59.503845
2.299334278403859,63.46119603538913,400.23646575966944,2025-09-30 10:56:59.503845
2.2707993725435727,47.85364576207809,399.87844775472695,2025-09-30 10:56:59.503845
2.377964728990656,51.56410577549586,398.9728793991532,2025-09-30 10:56:59.503845
1.9605020074349087,45.097235816824025,399.5453400866925,2025-09-30 10:56:59.503845
2.089572043460454,43.06026712345382,398.9619479518689,2025-09-30 10:56:59.503845
2.326459971364851,58.30851514889952,400.9473256548819,2025-09-30 10:56:59.503845
2.403762115874337,48.521708162062694,399.86803922009557,2025-09-30 10:56:59.503845
2.385729053353151,55.082285827952866,400.72290325171207,2025-09-30 10:56:59.503845
2.298366107559088,44.538194298948085,399.2631675483334,2025-09-30 10:56:59.503845
2.1476818174209273,54.87559114024093,400.4475161447586,2025-09-30 10:56:59.503845
2.1187296234317983,55.14980812729219,400.516157448474,2025-09-30 10:56:59.503845
2.2954891711361314,50.16099768796324,398.8968373879058,2025-09-30 10:56:59.503845
2.225096605012286,45.43678878941876,399.00498746597975,2025-09-30 10:56:59.503845
2.2987478282559515,53.55692517615258,400.2046873491169,2025-09-30 10:56:59.503845
2.245313218477773,47.45024202953097,399.72651997362226,2025-09-30 10:56:59.503845
2.0727635537895113,62.66210128650097,401.0188849461219,2025-09-30 10:56:59.503845
2.2484846827848743,55.798393500161325,399.9625086065211,2025-09-30 10:56:59.503845
2.2365366862436153,52.0240335550666,399.1178520582448,2025-09-30 10:56:59.503845
2.2778321032002222,58.39264338842796,398.65338201790524,2025-09-30 10:56:59.503845
2.3562620046417937,57.76318778525215,398.7537693401361,2025-09-30 10:56:59.503845
2.3070507510764258,53.52377825380898,399.65512677525294,2025-09-30 10:56:59.503845
2.3455903535333587,57.89738377673106,401.04798212626747,2025-09-30 10:56:59.503845
2.0545889445669707,45.339533126250004,399.6072274215743,2025-09-30 10:56:59.503845
2.2602397121841453,55.393522442582295,399.672001989169,2025-09-30 10:56:59.503845
2.213733297910652,60.28496269668139,400.49989385650304,2025-09-30 10:56:59.503845
2.231172208988137,55.258485685343324,400.7462433261969,2025-09-30 10:56:59.503845
2.2573676323662943,61.01204990811051,398.127260508739,2025-09-30 10:56:59.503845
2.222716520669877,56.836075120628706,398.8792432934423,2025-09-30 10:56:59.503845
2.301925402105418,51.93670658954679,401.3345990110755,2025-09-30 10:56:59.503845
2.3616964053911755,58.607232749504355,400.20447631080384,2025-09-30 10:56:59.503845
2.2764434339449995,49.975434270013956,399.3919005721998,2025-09-30 10:56:59.503845
2.168031866026858,54.35202841408349,400.3602598496191,2025-09-30 10:56:59.503845
2.387179039768016,55.62689542046919,399.239551720034,2025-09-30 10:56:59.503845
2.2420392154278024,66.43435368279,399.8169960872916,2025-09-30 10:56:59.503845
2.4418049814623304,46.278543608940524,399.23018339905246,2025-09-30 10:56:59.503845
2.298379377950508,51.51841389739034,399.85918776580445,2025-09-30 10:56:59.503845
2.485511177768898,65.47644043777886,400.34203056855347,2025-09-30 10:56:59.503845
2.2991116237560996,44.17280743686507,399.59617739469024,2025-09-30 10:56:59.503845
2.2526523336386965,53.49373395651427,400.44131896496407,2025-09-30 10:56:59.503845
2.1516833616360334,50.132523005051965,399.4636491831772,2025-09-30 10:56:59.503845
2.161642834074962,44.948790629976074,398.2440583255745,2025-09-30 10:56:59.503845
2.342883729802492,53.401076685488626,399.7894493410025,2025-09-30 10:56:59.503845
2.236778003692235,53.89817805492595,400.2852627935406,2025-09-30 10:56:59.503845
2.0467752581165475,59.39780089821687,400.1662475712747,2025-09-30 10:56:59.503845
2.263597714554687,61.14899577338359,399.3291109713606,2025-09-30 10:56:59.503845
2.517367822637496,51.926879202863866,399.73716589077867,2025-09-30 10:56:59.503845
2.463538826614549,40.34965449127478,399.1343385630529,2025-09-30 10:56:59.503845
2.260411487026001,52.290768436940226,399.9280358509346,2025-09-30 10:56:59.503845
2.2880869276846956,53.74895339691851,399.5237805498893,2025-09-30 10:56:59.503845
2.1807426874114966,65.61426620174188,398.6747558945274,2025-09-30 10:56:59.503845
2.1445557820529304,55.11941341459806,400.5862413789579,2025-09-30 10:56:59.503845
2.2710974900297236,62.35615488801965,399.9234798842793,2025-09-30 10:56:59.503845
2.3271529293542392,43.27385384702518,397.5091850994916,2025-09-30 10:56:59.503845
2.198435200796098,51.28094226961371,398.9181224851985,2025-09-30 10:56:59.503845
2.444835524407986,56.282616093009445,399.7080693666776,2025-09-30 10:56:59.503845
2.2588269025638557,55.46407590825167,400.06131092539493,2025-09-30 10:56:59.503845
2.226444975258489,51.248061061461634,398.5312572054876,2025-09-30 10:56:59.503845
2.470137669781058,57.42381859373492,400.37302237954606,2025-09-30 10:56:59.503845
2.469597094927309,54.7494566829206,402.1498931360438,2025-09-30 10:56:59.503845
2.239398498681128,46.13370831628053,398.4866154747681,2025-09-30 10:56:59.503845
2.38753587635785,56.94352454714498,399.3226661962921,2025-09-30 10:56:59.503845
2.176972238568794,56.47192975600254,399.64536927248565,2025-09-30 10:56:59.503845
2.018447599132037,67.0805277974507,400.15353750625,2025-09-30 10:56:59.503845
2.102267777838941,46.13761847956897,399.3552922954041,2025-09-30 10:56:59.503845
2.349692969972138,54.991962473993986,400.58308872705857,2025-09-30 10:56:59.503845
2.2357381026523973,51.252216070671565,398.60457836679495,2025-09-30 10:56:59.503845
2.1823901200863016,64.65508959981932,400.5680138616852,2025-09-30 10:56:59.503845
2.430073193041033,49.96090114313193,397.6306610547644,2025-09-30 10:56:59.503845
2.4446463838732915,51.913493947523804,399.71097888506154,2025-09-30 10:56:59.503845
2.3328280911663075,55.053617929711805,399.6245524903332,2025-09-30 10:56:59.503845
2.282444276827479,45.074812948130315,399.0069531481587,2025-09-30 10:56:59.503845
2.33549402609288,47.30757173498361,399.6809108164123,2025-09-30 10:56:59.503845
2.244866529704491,61.05981076223957,399.52757507354994,2025-09-30 10:56:59.503845
2.100512621411935,60.18827592539858,398.74577017496273,2025-09-30 10:56:59.503845
2.1583759229134207,61.998025784120344,400.24720209331616,2025-09-30 10:56:59.503845
2.1773601494773813,68.05162694570103,400.0273526835583,2025-09-30 10:56:59.503845
2.2036122374595157,53.03505597928012,400.21698887322054,2025-09-30 10:56:59.503845
2.357127417659714,51.369224569724096,400.2490897152004,2025-09-30 10:56:59.503845
2.4470549715692536,57.541061950632574,398.97256472173893,2025-09-30 10:56:59.503845
2.208885943355673,59.755489755892626,400.9084025870407,2025-09-30 10:56:59.503845
2.177987775639355,50.46764189902172,397.6438264786829,2025-09-30 10:56:59.503845
2.253180522850904,56.64824782757918,398.58387872408537,2025-09-30 10:56:59.503845
2.2564690513687333,48.544637516339236,399.4090816113748,2025-09-30 10:56:59.503845
2.2943087801336235,51.19858305847186,401.0516611395883,2025-09-30 10:56:59.503845
2.2306289542166953,48.06866881359606,399.40769014743256,2025-09-30 10:56:59.503845
2.2418918726485964,56.78649205859645,400.297015215974,2025-09-30 10:56:59.503845
2.251035277583082,52.57448880967755,399.48891311894596,2025-09-30 10:56:59.503845
2.1683335595994415,54.74148920095083,399.6587709033312,2025-09-30 10:56:59.503845
2.3099632392087703,57.51861783351451,399.82473517241164,2025-09-30 10:56:59.503845
2.328485437538084,47.664489226574716,399.56093996030893,2025-09-30 10:56:59.503845
2.218960339891695,48.88151880943756,398.8206694224251,2025-09-30 10:56:59.503845
2.3229425725378574,61.596262913108006,398.9681815375076,2025-09-30 10:56:59.503845
2.3497394141200365,44.36039836797798,397.2071008021607,2025-09-30 10:56:59.503845
2.2938728340088126,55.64321261246035,397.62844613728487,2025-09-30 10:56:59.503845
2.3339609946848725,60.014913318874484,399.5967895911863,2025-09-30 10:56:59.503845
2.2706725852296215,58.24807553167458,398.90920385713673,2025-09-30 10:56:59.503845
2.1347847688970942,54.52468184746813,399.92250406842584,2025-09-30 10:56:59.503845
2.242392225634271,53.105812680951566,400.76697097218903,2025-09-30 10:56:59.503845
2.1954513688131323,54.957759563538744,400.24930778108035,2025-09-30 10:56:59.503845
2.425917896380728,56.74896767762562,399.32013544741113,2025-09-30 10:56:59.503845
2.214690358131465,51.42070850571735,400.7708708745928,2025-09-30 10:56:59.503845
2.2813481979975996,56.64671589977514,399.9647025982703,2025-09-30 10:56:59.503845
2.1524560126351715,56.689364215287206,399.8494826818286,2025-09-30 10:56:59.503845
2.332657338524096,48.89636752921144,399.619936983655,2025-09-30 10:56:59.503845
2.1502597074063114,64.12686628259235,400.4045085300887,2025-09-30 10:56:59.503845
2.2321159695436448,61.37639273351595,398.9981091477088,2025-09-30 10:56:59.503845
2.1880375113834054,46.94372513051204,399.66018278744355,2025-09-30 10:56:59.503845
2.185390527982212,58.660367192171776,401.1154227934851,2025-09-30 10:56:59.503845
2.3306772499256962,53.866195856627,399.04722635193144,2025-09-30 10:56:59.503845
2.238744867764388,50.80250978317033,398.4169256208896,2025-09-30 10:56:59.503845
2.3869840068098602,53.109252340416006,399.5673950466623,2025-09-30 10:56:59.503845
2.172720841863809,54.5196885903478,398.68879153908654,2025-09-30 10:56:59.503845
2.29884147273272,47.09882333526897,399.4190793935073,2025-09-30 10:56:59.503845
2.210253385177412,60.307583697633895,401.0517299170558,2025-09-30 10:56:59.503845
2.1292645969123347,51.71963693272467,399.0532060936329,2025-09-30 10:56:59.503845
2.2661018983820838,64.49203927533924,399.90268737926704,2025-09-30 10:56:59.503845
2.260319641592356,61.37561608568848,401.2023575041679,2025-09-30 10:56:59.503845
2.1983873970693013,50.21423050872425,398.7244589516094,2025-09-30 10:56:59.503845
2.092896737747409,63.18671816729366,398.7269263006505,2025-09-30 10:56:59.503845
2.3554951029225775,59.563218237007085,399.05684526186724,2025-09-30 10:56:59.503845
2.403471877498759,59.139194113584054,400.71280475649803,2025-09-30 10:56:59.503845
2.267641740234382,53.44856217201925,400.64225401677714,2025-09-30 10:56:59.503845
2.29766469456698,52.49864303203839,399.73765675792663,2025-09-30 10:56:59.503845
2.168305349168086,51.353138166927714,399.06252155018217,2025-09-30 10:56:59.503845
2.27806892406603,55.21485092903398,399.9813672893652,2025-09-30 10:56:59.503845
2.229584752986789,55.30713474758579,399.2774446519985,2025-09-30 10:56:59.503845
2.1916419590369856,60.85051613624316,399.9390951255534,2025-09-30 10:56:59.503845
2.164284055120496,63.175878022381,399.00250941343694,2025-09-30 10:56:59.503845
2.2410092171273055,55.23642565502827,400.28910175344373,2025-09-30 10:56:59.503845
2.3033022661212854,52.78350701469839,400.7246058551163,2025-09-30 10:56:59.503845
2.092153601232708,47.40805396636723,400.38573477164243,2025-09-30 10:56:59.503845
2.2453387860063674,62.849529254087294,399.8593041177019,2025-09-30 10:56:59.503845
2.2960642039379393,59.93959395234088,400.84971731697743,2025-09-30 10:56:59.503845
2.147285052600128,51.01222204035401,401.37397898347155,2025-09-30 10:56:59.503845
2.362427054653014,51.477872935036814,399.3501167367702,2025-09-30 10:56:59.503845
2.200628007579814,52.93499050857458,398.78464971030337,2025-09-30 10:56:59.503845
2.3008754503719557,56.00342476462175,400.2762585786771,2025-09-30 10:56:59.503845
2.2062307855699848,52.50632431243194,400.05911838828774,2025-09-30 10:56:59.503845
2.236298011111126,56.36715283515496,400.5929205172369,2025-09-30 10:56:59.503845
2.2011359234959817,49.87468720921175,400.6457560786575,2025-09-30 10:56:59.503845
2.288171585576559,58.623789725363046,400.45303789575047,2025-09-30 10:56:59.503845
2.4577597826073685,52.557929942026455,400.11277858612766,2025-09-30 10:56:59.503845
2.243148944520176,42.08307223581903,401.1599245717576,2025-09-30 10:56:59.503845
2.2673744114354397,44.00773256016591,399.91488622074525,2025-09-30 10:56:59.503845
2.229127097302906,56.25993732296201,399.14485418296067,2025-09-30 10:56:59.503845
2.299066878906599,49.62304427499824,399.03486060925127,2025-09-30 10:56:59.503845
2.217647288055169,58.91329537162903,400.2389647174239,2025-09-30 10:56:59.503845
1.9993648961193469,57.7908869129717,400.5629507469306,2025-09-30 10:56:59.503845
2.240209078575012,54.594750401511355,399.83764480411503,2025-09-30 10:56:59.503845
2.248351069568927,46.52229414743588,398.88981934859777,2025-09-30 10:56:59.503845
2.3883109401545353,53.507555234244215,399.46725451066135,2025-09-30 10:56:59.503845
2.11861827010914,57.58386184516068,399.70402913573685,2025-09-30 10:56:59.503845
2.2099844319980066,59.45394510507545,400.2309559585973,2025-09-30 10:56:59.503845
2.2944230397828034,54.08953248857048,400.2113937688265,2025-09-30 10:56:59.503845
2.346211999777533,49.17800307826504,400.9337910346042,2025-09-30 10:56:59.503845
2.1036971386075587,52.163450293546056,400.78133222296356,2025-09-30 10:56:59.503845
2.0822518105974,55.430031330175936,399.58764605701634,2025-09-30 10:56:59.503845
2.3642398172633787,41.346101509382635,399.9873966286613,2025-09-30 10:56:59.503845
2.127065454527592,57.00880595355981,398.6139298658054,2025-09-30 10:56:59.503845
2.291819449728578,51.42800927411362,399.97317959336857,2025-09-30 10:56:59.503845
2.1940768434161,46.38855570384851,400.1012699350015,2025-09-30 10:56:59.503845
2.41844654264375,48.8431582889031,399.681753633752,2025-09-30 10:56:59.503845
2.178475424895858,52.758998725511034,398.4270204049446,2025-09-30 10:56:59.503845
2.2622211839472257,55.72844887892588,400.3798435287605,2025-09-30 10:56:59.503845
2.270526485790934,57.0979411906994,399.1006891601766,2025-09-30 10:56:59.503845
2.274641289587566,49.55608203307129,399.52487218118347,2025-09-30 10:56:59.503845
2.286273171813068,55.25915181877827,399.1753294339789,2025-09-30 10:56:59.503845
2.2076501456452027,62.60165228191669,400.29764476709937,2025-09-30 10:56:59.503845
2.252328341693793,44.74259140623941,399.2309045791998,2025-09-30 10:56:59.503845
2.307947357098026,54.93242439294159,398.79990919072196,2025-09-30 10:56:59.503845
2.2686701211083613,55.48901282437727,399.55494418639165,2025-09-30 10:56:59.503845
2.417818863833301,61.20811033594085,398.69387612175916,2025-09-30 10:56:59.503845
2.249202039008027,66.84582084033461,399.49759050394636,2025-09-30 10:56:59.503845
2.4649447033980834,54.18788767871087,400.16470490860144,2025-09-30 10:56:59.503845
2.093703806205213,51.26027630460849,401.1130972349858,2025-09-30 10:56:59.503845
2.268476295425833,48.165387739518565,401.0850997866156,2025-09-30 10:56:59.503845
2.2937378785720877,46.573286929156936,399.15071707051897,2025-09-30 10:56:59.503845
2.2761660464458062,51.84405559084029,398.82780603016187,2025-09-30 10:56:59.503845
2.1817846288399685,59.1608103455172,399.2280581023932,2025-09-30 10:56:59.503845
2.455734432156999,52.155385507902416,399.79963844461133,2025-09-30 10:56:59.503845
2.432848139950569,54.02103231144002,398.22382613216575,2025-09-30 10:56:59.503845
2.1738170731701163,60.806353605491466,399.1876418769714,2025-09-30 10:56:59.503845
2.1876490333430247,52.08682389625018,399.41265053159185,2025-09-30 10:56:59.503845
2.149638904658102,52.572138478713356,398.76592540460365,2025-09-30 10:56:59.503845
2.2394047457189146,58.53962879186338,399.94811385700206,2025-09-30 10:56:59.503845
2.3088861663579427,60.55898299692725,400.2781942889426,2025-09-30 10:56:59.503845
2.1809671767797463,47.066994726627556,400.8676793139705,2025-09-30 10:56:59.503845
2.1942160571610865,58.94916998394144,399.14902429492776,2025-09-30 10:56:59.503845
2.278616964586865,55.50149114527876,398.3196860901715,2025-09-30 10:56:59.503845
2.190787957831234,49.981494843361716,399.90824940581734,2025-09-30 10:56:59.503845
2.3390696368810735,48.47584917233364,399.3783436306732,2025-09-30 10:56:59.503845
2.3277178110042467,52.90778312808615,398.74525382115456,2025-09-30 10:56:59.503845
2.2991799621384965,46.56686607291236,399.7023002635727,2025-09-30 10:56:59.503845
2.242579633183114,54.573755467881526,400.408661831767,2025-09-30 10:56:59.503845
2.2157053807163467,52.41165505845014,398.47528230988615,2025-09-30 10:56:59.503845
2.3448806681526344,57.524589248650514,398.28474093437836,2025-09-30 10:56:59.503845
2.519766981037053,50.47724007152348,399.6095420107895,2025-09-30 10:56:59.503845
2.1300584468723622,51.69024074204589,398.5872874759503,2025-09-30 10:56:59.503845
2.1066266638122086,49.414053545094234,399.7953479790642,2025-09-30 10:56:59.503845
2.151799399542004,55.18489612812666,399.74009745423655,2025-09-30 10:56:59.503845
2.2287742073764685,55.14396383352255,400.8611430338719,2025-09-30 10:56:59.503845
2.2084898336253613,53.69939061280316,400.05914844051057,2025-09-30 10:56:59.503845
2.0388810310371213,50.59253816452082,399.9136875843916,2025-09-30 10:56:59.503845
2.2821407068684176,62.07611462169101,399.73759111892906,2025-09-30 10:56:59.503845
2.2878865997321958,57.69837364144595,397.14230502664503,2025-09-30 10:56:59.503845
2.2319745974288603,45.23240594385738,399.93226189468413,2025-09-30 10:56:59.503845
2.303356976301481,54.38589575546189,399.34976867348405,2025-09-30 10:56:59.503845
2.134760365627406,53.384980904433,400.37824227377695,2025-09-30 10:56:59.503845
2.2103206444153916,60.869016520635,399.82802575357545,2025-09-30 10:56:59.503845
2.1691368513722478,42.20874599026132,400.1089838125698,2025-09-30 10:56:59.503845
2.149311176540208,45.52543809619114,400.6320191385251,2025-09-30 10:56:59.503845
2.2002968788144615,55.724976653734224,399.9077673959374,2025-09-30 10:56:59.503845
2.198881503400898,54.16412694451154,400.4913374355848,2025-09-30 10:56:59.503845
2.366531631391448,49.624745779060184,399.62159754142937,2025-09-30 10:56:59.503845
2.311704720609501,57.14957497952077,401.4537208638506,2025-09-30 10:56:59.503845
2.3182173851058443,48.2701651782505,399.89398859066534,2025-09-30 10:56:59.503845
2.349816236640594,51.280405521829636,399.0176985656771,2025-09-30 10:56:59.503845
2.1582980004907255,65.35701710512485,398.80098724431707,2025-09-30 10:56:59.503845
2.154066735100377,61.61622880299206,400.215608037516,2025-09-30 10:56:59.503845
2.1976941100756013,54.99136059993526,400.6978332460473,2025-09-30 10:56:59.503845
2.3813011687710013,55.70045832709724,399.56378348517995,2025-09-30 10:56:59.503845
2.173951520899758,49.751728641363286,397.9564539264486,2025-09-30 10:56:59.503845
2.2492164814082733,62.76655327271334,399.9775670872555,2025-09-30 10:56:59.503845
2.1741879565911013,48.4240690032159,399.5392685148001,2025-09-30 10:56:59.503845
2.3268650008431537,57.86964821814698,401.08740188314744,2025-09-30 10:56:59.503845
2.325804208805658,46.44063001375975,399.80740209073434,2025-09-30 10:56:59.503845
2.3455057746052534,51.549348182664424,399.65988462253245,2025-09-30 10:56:59.503845
2.247537452328498,54.55823715755433,399.2059342034465,2025-09-30 10:56:59.503845
2.2354136956696333,49.8585966940647,400.9966013711905,2025-09-30 10:56:59.503845
2.336155274662402,53.36907431539884,397.52842222622814,2025-09-30 10:56:59.503845
2.3575935861434894,58.89263840174614,398.90127929095956,2025-09-30 10:56:59.503845
2.066056958948206,58.18758157259748,399.27490874437365,2025-09-30 10:56:59.503845
2.2771884873518835,55.011579849103796,401.09788046935006,2025-09-30 10:56:59.503845
2.2048912730541983,51.80516762620789,400.70058763478295,2025-09-30 10:56:59.503845
2.231529084175098,64.61891789323896,398.63636977565477,2025-09-30 10:56:59.503845
2.1521482813515584,49.867719387278264,399.8967892884954,2025-09-30 10:56:59.503845
2.4347011407234764,61.41471126892392,399.96886578688276,2025-09-30 10:56:59.503845
2.2739986346570973,50.64062302709347,399.6003477450266,2025-09-30 10:56:59.503845
2.2912700534469375,45.403098450746114,399.34790429498054,2025-09-30 10:56:59.503845
2.2451656952944155,50.63959860257968,400.40764788243655,2025-09-30 10:56:59.503845
2.307925554365389,51.86390761872326,400.6620607214151,2025-09-30 10:56:59.503845
2.2904298630915365,47.582123955207315,400.0865316167821,2025-09-30 10:56:59.503845
2.270012435104455,57.19211857515197,399.41491784507997,2025-09-30 10:56:59.503845
2.238357254409334,55.82310982637231,400.27471899043553,2025-09-30 10:56:59.503845
2.137719479090225,53.942910618155395,399.4106445278309,2025-09-30 10:56:59.503845
2.268107029184026,54.14714197238603,399.390934817846,2025-09-30 10:56:59.503845
2.289684372585798,56.86047468890074,398.8085365415174,2025-09-30 10:56:59.503845
2.4156935946312026,54.04122279075234,399.5742114325559,2025-09-30 10:56:59.503845
2.3079615629559123,50.59480500427758,400.7599014145607,2025-09-30 10:56:59.503845
2.1787127601437333,48.75116156793443,400.3099932807406,2025-09-30 10:56:59.503845
2.4626015334426565,52.81982081723186,398.466517523109,2025-09-30 10:56:59.503845
2.243758397545604,57.87207175148189,398.92781111227634,2025-09-30 10:56:59.503845
2.3655570540981024,55.52899091704583,399.6455528602851,2025-09-30 10:56:59.503845
2.231599760330156,68.23530934102048,400.03966031865235,2025-09-30 10:56:59.503845
2.0586032626461925,56.65438092210513,399.91683561785044,2025-09-30 10:56:59.503845
2.221617302472579,59.58778133420551,398.6423352771002,2025-09-30 10:56:59.503845
2.247670614861981,61.6647092994255,399.1909763260439,2025-09-30 10:56:59.503845
2.171980845708396,57.92391049929516,400.31108540148114,2025-09-30 10:56:59.503845
2.2256884075831582,50.53308320317183,400.7957006665354,2025-09-30 10:56:59.503845
2.4323498651138573,53.98853566038492,400.6977433102662,2025-09-30 10:56:59.503845
2.2882582075069293,45.55610863251166,400.32333290513594,2025-09-30 10:56:59.503845
2.238911169976241,48.6206991584099,399.11425016666414,2025-09-30 10:56:59.503845
2.1782483012374576,62.63531677823289,400.8217676695134,2025-09-30 10:56:59.503845
2.1459810730598026,53.80063343057047,400.01219509846936,2025-09-30 10:56:59.503845
2.290331001158867,58.840617658613475,398.97744379173315,2025-09-30 10:56:59.503845
2.259810299387038,61.40095662420738,400.0407423812811,2025-09-30 10:56:59.503845
2.323385799604418,58.454527032680055,399.54506382402445,2025-09-30 10:56:59.503845
2.3476840153803553,59.481862903558266,400.2308227755835,2025-09-30 10:56:59.503845
2.359109474343568,53.75889353825874,398.71913668777984,2025-09-30 10:56:59.503845
2.1807033652246046,54.038418959408155,401.30888001887587,2025-09-30 10:56:59.503845
2.3672179526664867,36.84713436320127,398.65049488709474,2025-09-30 10:56:59.503845
2.2780407410669703,62.12175658128276,398.2413722453392,2025-09-30 10:56:59.503845
2.234862147944207,53.60655268501537,399.1671747748332,2025-09-30 10:56:59.503845
2.3288543204297976,50.649395940725654,400.65944551525587,2025-09-30 10:56:59.503845
2.2948789060714807,53.49441086267346,398.59634730687145,2025-09-30 10:56:59.503845
2.4100355021209374,56.64197413230511,399.43037037451654,2025-09-30 10:56:59.503845
2.1594651451095044,50.693813039919,400.8466348284516,2025-09-30 10:56:59.503845
2.4565334215005072,53.89091550096006,400.16746689044345,2025-09-30 10:56:59.503845
2.1228217887788436,56.74862446876974,398.7373188777624,2025-09-30 10:56:59.503845
2.238865185102355,48.06524287649607,399.70607137366295,2025-09-30 10:56:59.503845
2.2662753740661574,50.45826638907855,398.6728495090463,2025-09-30 10:56:59.503845
2.0698921516836317,56.84026310997841,400.3772044405281,2025-09-30 10:56:59.503845
2.317079619359545,46.50152155514126,399.70403197285464,2025-09-30 10:56:59.503845
2.239323175141526,52.84242566202748,398.6113179629169,2025-09-30 10:56:59.503845
2.13575929225534,55.72418192716168,400.57581063891155,2025-09-30 10:56:59.503845
2.2228414530465894,53.616871385923325,400.9367224782824,2025-09-30 10:56:59.503845
2.2056137082557927,52.001319141309025,398.7889982252943,2025-09-30 10:56:59.503845
2.0867201906951536,49.31207641670055,399.0790604354258,2025-09-30 10:56:59.503845
2.0946872585277774,67.4787809984688,399.32017456030246,2025-09-30 10:56:59.503845
2.231690049879886,51.002244317904946,399.90831559649007,2025-09-30 10:56:59.503845
2.4422463728790627,51.352908470484586,399.0185607117657,2025-09-30 10:56:59.503845
2.3801047394086483,59.07139931648402,398.8664695871034,2025-09-30 10:56:59.503845
2.2458518708675728,47.21392272264902,400.5233487861996,2025-09-30 10:56:59.503845
2.178355781177774,62.21314041962978,399.6122455592039,2025-09-30 10:56:59.503845
2.1485336017325367,57.872733080772925,398.804684739953,2025-09-30 10:56:59.503845
2.425257098509915,51.0557014677134,399.43201298872845,2025-09-30 10:56:59.503845
2.1190678780055676,52.46003307409215,400.8007400275657,2025-09-30 10:56:59.503845
2.2624162309786193,64.40755339025574,400.808345763403,2025-09-30 10:56:59.503845
2.1413106862922366,47.787482968622385,400.0943329946959,2025-09-30 10:56:59.503845
2.3133753653091693,54.37615611817977,399.92139360894424,2025-09-30 10:56:59.503845
2.3489969104862336,64.81379740983986,400.32176920285855,2025-09-30 10:56:59.503845
2.331596336637222,55.292819622075264,399.75330976514823,2025-09-30 10:56:59.503845
2.352294662465664,54.701035283838756,399.33208592201265,2025-09-30 10:56:59.503845
2.3297878864093655,56.56626599368211,399.23105103324843,2025-09-30 10:56:59.503845
2.3341132228103976,56.25762194601092,400.65652593193147,2025-09-30 10:56:59.503845
2.094034396695406,58.18181354703136,400.11596763376883,2025-09-30 10:56:59.503845
2.1645524703032017,57.684120564608826,399.5544991215529,2025-09-30 10:56:59.503845
2.3005892442780396,53.66966650708953,400.11071172753344,2025-09-30 10:56:59.503845
2.2427751030266174,56.41165326295752,399.2557181101799,2025-09-30 10:56:59.503845
2.020143960710612,51.97950649938562,398.79524459646365,2025-09-30 10:56:59.503845
2.221236824815704,51.334330250175505,399.16732122365755,2025-09-30 10:56:59.503845
2.2960977964067792,53.91647370380478,399.04987031532966,2025-09-30 10:56:59.503845
2.137384641037454,53.68457001361608,399.5736779261352,2025-09-30 10:56:59.503845
2.1189639447806456,58.97257261268349,399.37770572290503,2025-09-30 10:56:59.503845
2.119657215513638,58.056279200312765,400.5483952541496,2025-09-30 10:56:59.503845
2.275347220235354,45.50454172740461,399.6569243730836,2025-09-30 10:56:59.503845
2.230025239191478,58.39678068834671,398.2373147961978,2025-09-30 10:56:59.503845
2.4637822086630137,53.534160685636856,400.5068774752598,2025-09-30 10:56:59.503845
2.1292333146980678,57.81951291314211,400.3120701451467,2025-09-30 10:56:59.503845
2.2109739793249332,60.65362734052422,399.76615067560465,2025-09-30 10:56:59.503845
2.357920705025643,57.3094162991498,399.51838680285067,2025-09-30 10:56:59.503845
2.3732646425858968,55.85089125748148,400.38472482548735,2025-09-30 10:56:59.503845
2.2439404564780006,47.01727363645837,398.327801668294,2025-09-30 10:56:59.503845
2.2986895965322818,55.26346254414388,399.6695039791791,2025-09-30 10:56:59.503845
2.2588355180425523,45.185045407778574,399.94177132149395,2025-09-30 10:56:59.503845
2.2339902016909963,52.019897534736145,398.9352882817581,2025-09-30 10:56:59.503845
2.11273045572429,41.01141904785503,398.52563850171174,2025-09-30 10:56:59.503845
2.3063858411818843,54.68363553029373,399.1017283376793,2025-09-30 10:56:59.503845
2.3862029591890987,54.790636931457854,400.49015177096146,2025-09-30 10:56:59.503845
2.232930903170347,50.958199809444096,398.9430463746642,2025-09-30 10:56:59.503845
2.222482419776359,47.398284033273185,398.01019275191,2025-09-30 10:56:59.503845
2.2245234076435803,49.406144205462645,399.94013083800866,2025-09-30 10:56:59.503845
2.24100911440661,58.70087576268814,400.00357483129073,2025-09-30 10:56:59.503845
2.32812218574318,51.4520426392432,400.9362426764893,2025-09-30 10:56:59.503845
2.32552686822365,59.81193769004275,400.2357871682871,2025-09-30 10:56:59.503845
2.154085650130191,58.53733200480309,398.0144619570057,2025-09-30 10:56:59.503845
2.4160369082701068,59.010535079257885,398.7725806633509,2025-09-30 10:56:59.503845
2.1577036802570544,56.73891639068336,400.1243663940033,2025-09-30 10:56:59.503845
2.4058184506751608,50.695055379905966,398.24665583230455,2025-09-30 10:56:59.503845
2.1411401085811654,52.531819089732096,400.68583408469215,2025-09-30 10:56:59.503845
2.2105609075339068,48.357032026432094,400.1686209955044,2025-09-30 10:56:59.503845
2.247006075853392,56.788303640672375,400.45161609961144,2025-09-30 10:56:59.503845
2.229183676521865,52.0597052834201,398.74855387832145,2025-09-30 10:56:59.503845
2.2125210599005243,55.207421719488465,398.6319271087094,2025-09-30 10:56:59.503845
2.4027726829909852,45.248120808685044,401.2169887249749,2025-09-30 10:56:59.503845
2.2469128799418665,46.444128167318645,400.02666657475896,2025-09-30 10:56:59.503845
2.2218224245081926,58.70398252316935,399.79940432453145,2025-09-30 10:56:59.503845
2.00916592320777,54.660138178540514,399.9418394934002,2025-09-30 10:56:59.503845
2.246097246037123,47.64965026523822,399.846803496228,2025-09-30 10:56:59.503845
2.2431514263997596,59.132872978082816,399.40700716774785,2025-09-30 10:56:59.503845
2.26540393005664,53.80008904400588,401.41788253316366,2025-09-30 10:56:59.503845
2.2257757527270274,53.16225126472482,399.7238779540664,2025-09-30 10:56:59.503845
2.040231466896539,52.646871427115116,399.5894330118804,2025-09-30 10:56:59.503845
2.348673552716955,59.104639662301466,398.374547078847,2025-09-30 10:56:59.503845
2.327476014297924,54.58998844932401,400.3380189287672,2025-09-30 10:56:59.503845
2.3828617305867112,55.758432455734955,398.260103638924,2025-09-30 10:56:59.503845
2.2618120595458215,58.282003762839004,400.63790356277525,2025-09-30 10:56:59.503845
2.221766865384631,43.34725359360901,398.8993925458201,2025-09-30 10:56:59.503845
2.257242494743048,54.20866949119984,400.4864485226383,2025-09-30 10:56:59.503845
2.037224459570014,48.13076270565801,400.7782808256979,2025-09-30 10:56:59.503845
2.183261764271854,58.15168012734663,399.0735475914712,2025-09-30 10:56:59.503845
2.28192616162278,39.22783216265118,398.73741017213644,2025-09-30 10:56:59.503845
2.2754769142847,56.735068125333754,398.5223038751155,2025-09-30 10:56:59.503845
2.324937082869505,64.77783044603328,400.19068416383516,2025-09-30 10:56:59.503845
2.272374770916285,59.90228087301608,399.11116702600856,2025-09-30 10:56:59.503845
2.324248226898968,48.30489877031082,399.8580607701955,2025-09-30 10:56:59.503845
2.4373656692609975,62.4104578137911,398.87059286891196,2025-09-30 10:56:59.503845
2.301989174414675,57.03180044294536,399.2635291094432,2025-09-30 10:56:59.503845
2.3043806410262415,50.878203992047496,399.1269731997016,2025-09-30 10:56:59.503845
2.3223985249480097,56.12696623054781,399.85990329560894,2025-09-30 10:56:59.503845
2.3421835565254527,60.309416542176294,401.75796000277927,2025-09-30 10:56:59.503845
2.3363442962164553,55.15082912146225,400.129620325462,2025-09-30 10:56:59.503845
2.1468841098485267,66.25253739903253,399.5372248362986,2025-09-30 10:56:59.503845
2.204794679808328,55.72639829299698,399.68086749191315,2025-09-30 10:56:59.503845
2.129244070992114,56.06820274204122,398.3600583760712,2025-09-30 10:56:59.503845
2.1610150838872344,49.55759381750688,400.55512691269894,2025-09-30 10:56:59.503845
2.238002918546605,59.05008964410821,399.77429238247163,2025-09-30 10:56:59.503845
2.2264480099407,44.874847443031065,400.57704802756723,2025-09-30 10:56:59.503845
2.430487280540186,49.0460624441774,397.7096261583965,2025-09-30 10:56:59.503845
2.206726161898798,58.54047185703051,398.9990302284726,2025-09-30 10:56:59.503845
2.297699673430166,52.43211540612305,399.42547908226607,2025-09-30 10:56:59.503845
2.3074366542069265,50.050478857776824,399.15097010804794,2025-09-30 10:56:59.503845
2.3634900839421946,56.934937893849266,399.6978450685382,2025-09-30 10:56:59.503845
2.205291295543647,53.12299014002043,399.37775563379273,2025-09-30 10:56:59.503845
2.108415377137296,48.39278606027917,400.4938104019836,2025-09-30 10:56:59.503845
2.270385948865445,58.299026229973826,399.59302388080164,2025-09-30 10:56:59.503845
2.3975999352296444,56.538942864997445,399.6767083798829,2025-09-30 10:56:59.503845
2.3670082359233002,51.65706912179532,400.1198307990028,2025-09-30 10:56:59.503845
2.353482302852764,60.98371362479475,399.10222402572856,2025-09-30 10:56:59.503845
2.283272605309687,46.071196833524134,399.78567413268377,2025-09-30 10:56:59.503845
2.2215860585121767,43.43741354747256,400.46134915006263,2025-09-30 10:56:59.503845
2.2288173281699333,49.11797745186318,399.3095066220956,2025-09-30 10:56:59.503845
2.288484578358413,67.11274705850111,400.5622010853105,2025-09-30 10:56:59.503845
2.2884152922540655,47.12712126485957,400.0161158526627,2025-09-30 10:56:59.503845
2.1756458326293204,45.24841924129832,398.2488603822388,2025-09-30 10:56:59.503845
2.0460439909358312,52.660016499524275,398.6633457888668,2025-09-30 10:56:59.503845
2.1710724244619293,59.2967233948887,398.82789103662105,2025-09-30 10:56:59.503845
2.197139994489163,52.0096002308387,399.72663342683717,2025-09-30 10:56:59.503845
2.2384383871210076,49.0148746995174,399.6974879746622,2025-09-30 10:56:59.503845
2.2475775152888127,62.61230078802024,399.51260111987096,2025-09-30 10:56:59.503845
2.1554060309543317,54.89638132083823,401.29397705043857,2025-09-30 10:56:59.503845
2.399330144783788,52.326094900441944,400.54634020570006,2025-09-30 10:56:59.503845
2.162570567451683,54.64847029056708,399.0982842835602,2025-09-30 10:56:59.503845
2.04556148803241,51.131713062247705,401.3469125546919,2025-09-30 10:56:59.503845
2.2094496546957214,52.77014088620506,400.09063928208377,2025-09-30 10:56:59.503845
2.617018799444726,51.633334550592735,400.8795523242252,2025-09-30 10:56:59.503845
2.3818586516446447,58.46481781619535,400.08489392314976,2025-09-30 10:56:59.503845
2.308411086922143,51.21582145675213,401.4577541807509,2025-09-30 10:56:59.503845
2.3735114402064346,52.78831260651498,399.6687046180376,2025-09-30 10:56:59.503845
2.1279424547379935,54.97235986510476,399.96493067980026,2025-09-30 10:56:59.503845
2.104479292818812,67.92001314785381,400.03642569456656,2025-09-30 10:56:59.503845
2.177171290185884,42.1049156010057,399.2137579797936,2025-09-30 10:56:59.503845
2.2697097433701208,62.227635568849195,398.7246479056621,2025-09-30 10:56:59.503845
2.391267661262871,56.992169045973945,399.61703315220393,2025-09-30 10:56:59.503845
2.2302180430344936,57.230517408604875,399.33089024685705,2025-09-30 10:56:59.503845
2.1765205984440072,50.25026007183524,398.9757407071881,2025-09-30 10:56:59.503845
2.248714433701016,55.581893960876215,399.4386347902912,2025-09-30 10:56:59.503845
2.2590246643592375,54.72243370322138,399.0615276676348,2025-09-30 10:56:59.503845
2.171884089866555,55.51563598256573,398.41140200553156,2025-09-30 10:56:59.503845
2.260409644294988,53.53559196236069,400.0677346676387,2025-09-30 10:56:59.503845
2.367916759842123,49.294039193490704,400.1896624625129,2025-09-30 10:56:59.503845
2.424328672694679,55.25999124294513,400.97167876119966,2025-09-30 10:56:59.503845
2.2661223084875233,64.82097383403129,399.9528230225821,2025-09-30 10:56:59.503845
2.3672395343768105,48.53343179072828,400.7562234693232,2025-09-30 10:56:59.503845
2.1193450844020814,48.92329111420977,400.46285421620814,2025-09-30 10:56:59.503845
2.3422732407457274,58.11593459533769,401.45367005513316,2025-09-30 10:56:59.503845
2.3524261302856955,53.53577599688076,399.4210517610227,2025-09-30 10:56:59.503845
2.275165799638356,59.602687347094545,399.85958393537265,2025-09-30 10:56:59.503845
2.2944823351741053,53.79039648975807,399.97580811926906,2025-09-30 10:56:59.503845
2.2994931742383122,56.18285556853627,398.72794429710115,2025-09-30 10:56:59.503845
2.2217366437546837,57.36087110862972,400.9074779092117,2025-09-30 10:56:59.503845
2.358090495378872,51.74510184011338,399.4926977881815,2025-09-30 10:56:59.503845
2.1434915896960733,59.792166326190376,398.6840018943773,2025-09-30 10:56:59.503845
2.206836119975739,47.7862899481962,400.21498634766994,2025-09-30 10:56:59.503845
2.1014471097236216,55.008607326276504,399.3259813124578,2025-09-30 10:56:59.503845
2.3113071922681865,60.92218167379242,400.25705882018326,2025-09-30 10:56:59.503845
2.4313236169899497,57.03645456144823,400.4206329774553,2025-09-30 10:56:59.503845
2.2595056691007827,53.860523160858804,400.17772619939063,2025-09-30 10:56:59.503845
2.2115683894961617,53.92930534421078,399.8891850419546,2025-09-30 10:56:59.503845
2.1860610907808833,47.86167204355639,399.6615215953789,2025-09-30 10:56:59.503845
2.0601569232676553,49.44034722690846,400.1166451249689,2025-09-30 10:56:59.503845
2.191372191264803,54.867018994348726,400.6601735151831,2025-09-30 10:56:59.503845
2.078642210867911,60.16963022018765,401.30050049212116,2025-09-30 10:56:59.503845
2.1269315158960467,64.46788000843478,399.8379175891933,2025-09-30 10:56:59.503845
2.2363989868468557,44.96639038208873,401.01243658448027,2025-09-30 10:56:59.503845
2.177662279720012,54.130176027337974,400.02076147344206,2025-09-30 10:56:59.503845
2.145881645191365,62.02887875436153,399.23952116775,2025-09-30 10:56:59.503845
2.167099281547647,57.49498643804299,399.34312576674847,2025-09-30 10:56:59.503845
2.3137880595904234,65.21294768552089,399.5173089771594,2025-09-30 10:56:59.503845
2.3241204416285908,55.511865070217716,398.6230359270496,2025-09-30 10:56:59.503845
2.446239977470614,48.78288066330054,399.73287032736795,2025-09-30 10:56:59.503845
2.433730228422828,49.010485874579494,401.2936668127419,2025-09-30 10:56:59.503845
2.210495841155698,47.173271761333226,401.76141939168707,2025-09-30 10:56:59.503845
2.396219969927443,60.00576783406427,400.6262105728765,2025-09-30 10:56:59.503845
2.1899543702518667,52.47380967034534,400.188928288352,2025-09-30 10:56:59.503845
2.221287247514065,58.73699280671563,400.6617063559034,2025-09-30 10:56:59.503845
2.343936917548913,60.50811282520555,400.1783889976524,2025-09-30 10:56:59.503845
2.14150595347711,46.433291212259775,399.46567337702606,2025-09-30 10:56:59.503845
2.263557291969136,54.01490611396678,399.25325694473673,2025-09-30 10:56:59.503845
2.2771324228096494,58.76010972173797,398.7416964593726,2025-09-30 10:56:59.503845
2.220653188923601,53.11128254542471,400.1696241445275,2025-09-30 10:56:59.503845
2.1814114232492186,52.55320886489502,397.92735099747335,2025-09-30 10:56:59.503845
2.3422258256654684,47.275264044409774,400.00470928651833,2025-09-30 10:56:59.503845
2.3485123403793597,60.82182810823569,400.2066374077031,2025-09-30 10:56:59.503845
2.205308165866827,59.721378425936955,399.30603062104075,2025-09-30 10:56:59.503845
2.26074995634741,55.60540079779522,399.9165893613808,2025-09-30 10:56:59.503845
2.195253949322359,49.96398441864997,399.3190107862798,2025-09-30 10:56:59.503845
2.214123481131964,56.88275604210182,399.7868980135121,2025-09-30 10:56:59.503845
2.344489320236826,52.92823439024878,400.70664083345287,2025-09-30 10:56:59.503845
2.333674520055792,55.44016604928685,398.99091285636024,2025-09-30 10:56:59.503845
2.395009585489788,55.07070834985214,400.61993168324364,2025-09-30 10:56:59.503845
2.243057612217012,51.10547520751176,400.0051459410513,2025-09-30 10:56:59.503845
2.3666720524724343,45.94399710335187,399.11730418260504,2025-09-30 10:56:59.503845
2.2736127215793496,51.9781380154713,399.90772409185746,2025-09-30 10:56:59.503845
2.2379765551214192,54.955870579588705,400.42176039140975,2025-09-30 10:56:59.503845
2.3856109915643047,43.28598444076111,398.73000920294317,2025-09-30 10:56:59.503845
2.254711666035057,55.81603504490883,399.32034912104587,2025-09-30 10:56:59.503845
2.194839438235698,59.13650988706256,399.2849988833869,2025-09-30 10:56:59.503845
2.296534448090588,56.00254936503721,399.8882653816741,2025-09-30 10:56:59.503845
2.4095032285609985,52.494068106387914,401.9251977477085,2025-09-30 10:56:59.503845
2.230005224294414,65.3418381015487,400.86723412674075,2025-09-30 10:56:59.503845
2.124193919223015,56.21501106504582,399.7467129914774,2025-09-30 10:56:59.503845
2.5359714686546724,59.80441774892017,398.7444399141538,2025-09-30 10:56:59.503845
2.2203195066649384,60.55425841824406,398.9550136456896,2025-09-30 10:56:59.503845
2.4056698832644328,52.07790646459613,399.46132992595966,2025-09-30 10:56:59.503845
2.2919728039537435,56.24034830016762,399.6604126985102,2025-09-30 10:56:59.503845
2.222374168680952,59.398621199812844,400.4189493958965,2025-09-30 10:56:59.503845
2.21892513551887,47.1191538052434,399.4058997302485,2025-09-30 10:56:59.503845
2.2811511481010665,46.891423705502085,399.6654244502069,2025-09-30 10:56:59.503845
2.1664979453529085,54.39231222664872,400.71821625042844,2025-09-30 10:56:59.503845
2.303866295341468,62.20657379695412,399.7795716339368,2025-09-30 10:56:59.503845
2.2063246183281824,48.10788021131512,399.7573939424485,2025-09-30 10:56:59.503845
2.351916287738805,60.71394963536332,398.6746312159841,2025-09-30 10:56:59.503845
2.313077520904604,48.59250714421741,400.267484263416,2025-09-30 10:56:59.503845
2.3942354133423533,56.16134221597595,400.07532793446995,2025-09-30 10:56:59.503845
2.185251676317245,54.28020900982366,398.85969801166794,2025-09-30 10:56:59.503845
2.253274141834768,56.53970457305037,399.34780122954044,2025-09-30 10:56:59.503845
2.173831675360814,46.49261192027263,398.81740529424115,2025-09-30 10:56:59.503845
2.1226861540849113,47.01162194958382,400.6802972466918,2025-09-30 10:56:59.503845
2.353960383382245,45.95915219722355,399.72255070399996,2025-09-30 10:56:59.503845
2.1773830977820836,53.98348461812672,398.92797027177085,2025-09-30 10:56:59.503845
2.0879757694387955,46.23980382947238,399.2965481704058,2025-09-30 10:56:59.503845
2.4198302597922945,52.15843421823118,398.4715377524635,2025-09-30 10:56:59.503845
2.172931470970225,57.53659307065771,399.54623080886034,2025-09-30 10:56:59.503845
2.1168950599354317,59.73049089833286,398.8430163092752,2025-09-30 10:56:59.503845
2.2431354107934873,52.68500696080585,398.21253615146543,2025-09-30 10:56:59.503845
2.308991752924649,55.95905317459454,399.6877031400612,2025-09-30 10:56:59.503845
2.3346790642349804,55.21782424053747,400.393784710639,2025-09-30 10:56:59.503845
2.183888023774543,45.711863828129154,399.4979992236149,2025-09-30 10:56:59.503845
2.227063382788702,51.43801745753928,398.4389844355765,2025-09-30 10:56:59.503845
2.4016543473261756,49.639537575112755,400.91248583408264,2025-09-30 10:56:59.503845
2.1623212055429883,57.67609659517558,400.9217577730206,2025-09-30 10:56:59.503845
2.315075048077615,54.11427205910583,399.2275338558405,2025-09-30 10:56:59.503845
2.439007849365901,48.0999646844188,400.2815417308549,2025-09-30 10:56:59.503845
2.2816586076145713,50.251190295002914,400.74075495816084,2025-09-30 10:56:59.503845
2.4192037225493266,51.25772139186697,399.2052782547608,2025-09-30 10:56:59.503845
2.2087608012494377,55.15874129006283,400.378499292695,2025-09-30 10:56:59.503845
2.3213109510535013,46.62722853079686,399.6588581628379,2025-09-30 10:56:59.503845
2.28994691697328,58.06063986189535,399.337386975112,2025-09-30 10:56:59.503845
2.193427403798109,46.99861139387593,400.6259910371044,2025-09-30 10:56:59.503845
2.387995730486813,60.82338154389013,399.3884445410225,2025-09-30 10:56:59.503845
2.4108051525586105,50.43647619575109,400.90150194138533,2025-09-30 10:56:59.503845
2.4545854208981295,49.06468038581099,399.6751083631722,2025-09-30 10:56:59.503845
2.1714882005287337,54.135192582169665,398.4699992974743,2025-09-30 10:56:59.503845
2.2777780317607554,57.153058907370074,400.2382078306235,2025-09-30 10:56:59.503845
2.1795398049210957,57.37650147402209,399.37268903443527,2025-09-30 10:56:59.503845
2.226018796040299,54.3571448275806,400.79946528943987,2025-09-30 10:56:59.503845
2.2655094125477704,57.37781409853754,399.84879259028486,2025-09-30 10:56:59.503845
2.2741107247472567,63.19879507334646,400.49754833253485,2025-09-30 10:56:59.503845
2.1633226281391127,57.729122634505444,401.05199009260957,2025-09-30 10:56:59.503845
2.121241284378645,49.79404594656967,400.2683871200107,2025-09-30 10:56:59.503845
2.312630859354288,54.97778134531191,400.77287251723203,2025-09-30 10:56:59.503845
2.279221375065226,40.28831879214898,397.3926492505266,2025-09-30 10:56:59.503845
2.213823836997452,60.35954172121264,399.96526173885985,2025-09-30 10:56:59.503845
2.4131387031824705,57.90300779374011,400.06128627399653,2025-09-30 10:56:59.503845
2.3365210037584805,57.09757691572583,399.3349620958881,2025-09-30 10:56:59.503845
2.3028885270876733,48.8402319822441,400.71846272891054,2025-09-30 10:56:59.503845
2.5399623702912315,44.51267501322313,399.1628535530305,2025-09-30 10:56:59.503845
2.4087312690866547,59.51703084321922,400.1004684524973,2025-09-30 10:56:59.503845
2.298740151769505,45.00153387745748,400.65225679999224,2025-09-30 10:56:59.503845
2.2903913233178215,53.357490252872694,400.4011240398744,2025-09-30 10:56:59.503845
2.403343685751592,56.02551586092804,400.8464648002339,2025-09-30 10:56:59.503845
2.1884302465800376,54.85646637047282,400.09578823890075,2025-09-30 10:56:59.503845
2.0829255914368336,59.44506061346394,400.3997040806527,2025-09-30 10:56:59.503845
2.271232930335763,59.27183634094021,399.31177883399045,2025-09-30 10:56:59.503845
2.2326894386963696,58.055355547107006,399.34513610142784,2025-09-30 10:56:59.503845
2.2611376118031656,61.15853738780683,400.2764538509231,2025-09-30 10:56:59.503845
2.168501816842652,55.446672152434516,400.5586583036829,2025-09-30 10:56:59.503845
2.272850443980044,56.18245932341288,399.2762997684119,2025-09-30 10:56:59.503845
2.235436908439523,54.835596006298346,399.62040994879897,2025-09-30 10:56:59.503845
2.103398782890732,54.51846747330433,401.66491834240236,2025-09-30 10:56:59.503845
2.127980693019305,53.108699567706346,400.28217505364654,2025-09-30 10:56:59.503845
2.2162185308624944,61.74597453728864,397.6412526028625,2025-09-30 10:56:59.503845
2.2761610533531322,56.95862284715135,400.0574625343384,2025-09-30 10:56:59.503845
2.184488035216411,53.946197554081174,400.9343477236697,2025-09-30 10:56:59.503845
2.234329029121877,61.46843371834403,399.8210444707628,2025-09-30 10:56:59.503845
2.2895129206215796,61.347830404232575,398.9621802631711,2025-09-30 10:56:59.503845
2.178071357580237,54.7977661255286,400.0333894419417,2025-09-30 10:56:59.503845
2.3071881708425144,47.33957573559197,399.9094980096746,2025-09-30 10:56:59.503845
2.3006583018071662,51.80118040972034,399.54636535677355,2025-09-30 10:56:59.503845
2.329389586155667,57.9769408157445,401.27979331140074,2025-09-30 10:56:59.503845
2.330724950124708,46.5697376579776,398.42905346402733,2025-09-30 10:56:59.503845
2.4352826106728336,59.87431814730615,401.1003994564471,2025-09-30 10:56:59.503845
2.144504134459294,50.86806245440849,400.37026491387905,2025-09-30 10:56:59.503845
2.311400835219126,46.2332524308773,399.05407125013625,2025-09-30 10:56:59.503845
2.3967715708650674,50.689316380798765,399.81773124186276,2025-09-30 10:56:59.503845
2.226093970918589,62.765843835835234,400.03393518017776,2025-09-30 10:56:59.503845
2.0721704718130423,53.24796373637957,399.7912411697857,2025-09-30 10:56:59.503845
2.151757444063596,45.80261721794725,398.68613429288837,2025-09-30 10:56:59.503845
2.1684708550208978,51.090372029705534,400.6946894909498,2025-09-30 10:56:59.503845
2.5291019056453057,55.641405009990834,400.4691689040391,2025-09-30 10:56:59.503845
2.3148700915115836,67.08330128906806,399.96406291080336,2025-09-30 10:56:59.503845
2.3116217019576024,60.92676737880792,399.93159513113477,2025-09-30 10:56:59.503845
2.1904522691973463,56.97900075317037,399.4038354520961,2025-09-30 10:56:59.503845
2.2502939606760184,53.82821388488261,399.8829073540306,2025-09-30 10:56:59.503845
2.396186066519047,54.25135169477448,399.9560337159544,2025-09-30 10:56:59.503845
2.283323791007127,52.58370125700908,400.281552820281,2025-09-30 10:56:59.503845
2.341716911593542,48.037898582499295,399.5692657565942,2025-09-30 10:56:59.503845
2.2713751362926935,53.21452089107237,399.3690417919413,2025-09-30 10:56:59.503845
2.2900496453788866,55.271710705545836,398.8231356787464,2025-09-30 10:56:59.503845
2.3400970309596016,46.61177515919927,399.3737770709069,2025-09-30 10:56:59.503845
2.1704689183495725,51.73058511068505,398.86391929705206,2025-09-30 10:56:59.503845
2.387496958592919,59.86174991842965,398.66023842289763,2025-09-30 10:56:59.503845
2.0875608289223626,45.91151431580164,399.86038116054107,2025-09-30 10:56:59.503845
2.211484836135069,57.54633899390241,399.9652130294873,2025-09-30 10:56:59.503845
2.2230477157654716,62.10550920330407,400.41879595295217,2025-09-30 10:56:59.503845
2.2451022712140483,55.631848580381735,399.1802948590279,2025-09-30 10:56:59.503845
2.300624602669815,56.36093379764199,399.3992496678023,2025-09-30 10:56:59.503845
2.3126705646222803,51.47263988031947,400.1320749849569,2025-09-30 10:56:59.503845
2.2752920077888246,54.595859160932115,401.49001749772685,2025-09-30 10:56:59.503845
2.2637243684679182,59.32628309740221,399.6966749755164,2025-09-30 10:56:59.503845
2.1286863522915445,51.16635984559245,399.6728795437088,2025-09-30 10:56:59.503845
2.255420963337767,56.851528051970156,400.0806066663832,2025-09-30 10:56:59.503845
2.353647019057735,52.9290964329854,398.72978232494,2025-09-30 10:56:59.503845
2.32411943411341,54.6152758037143,400.94813743966245,2025-09-30 10:56:59.503845
2.3502977514394785,57.086846056622264,400.48515142183044,2025-09-30 10:56:59.503845
2.2102176840324184,60.232862548535955,399.99543717092484,2025-09-30 10:56:59.503845
2.323528095655797,54.24531183904786,400.45680070585723,2025-09-30 10:56:59.503845
2.15537303304323,52.43840099808149,399.86355818617676,2025-09-30 10:56:59.503845
2.2650007121982343,53.950295409416434,400.9331008724717,2025-09-30 10:56:59.503845
2.213858434649503,47.98247928769512,398.9983842788486,2025-09-30 10:56:59.503845
2.3455038388035403,52.65627678536772,398.7497509350677,2025-09-30 10:56:59.503845
2.191500706375358,62.63489457623445,398.9990988648077,2025-09-30 10:56:59.503845
2.1099491537169617,57.68951289451481,399.1916081351267,2025-09-30 10:56:59.503845
2.4114734607217434,58.62376887100628,400.31694470699097,2025-09-30 10:56:59.503845
2.2965892859234844,47.75079821819903,400.4623676812583,2025-09-30 10:56:59.503845
2.3997117144216507,50.471473816423554,399.6056751754547,2025-09-30 10:56:59.503845
2.288341296960942,59.57567848162568,398.7262102596427,2025-09-30 10:56:59.503845
2.2808290225456638,59.23313275912868,398.0016296329171,2025-09-30 10:56:59.503845
2.2206161285644055,52.289959703967455,399.15147755059434,2025-09-30 10:56:59.503845
2.041195133475193,48.58749258273901,399.45118245995627,2025-09-30 10:56:59.503845
2.205485604087492,49.739506690793334,399.0109454278843,2025-09-30 10:56:59.503845
2.413162482846731,52.3429350420126,399.5143238832974,2025-09-30 10:56:59.503845
2.1434396207274613,49.95673680731856,399.99490494382803,2025-09-30 10:56:59.503845
2.173240282893587,58.39585364012085,399.63365642578077,2025-09-30 10:56:59.503845
2.28636086944738,48.319459037897154,400.0216127674568,2025-09-30 10:56:59.503845
2.332736558977887,69.06626721107105,400.1410719942277,2025-09-30 10:56:59.503845
2.265785586337866,53.70822961937121,399.9460748048119,2025-09-30 10:56:59.503845
2.136034830483527,55.43906245376394,400.5855788861903,2025-09-30 10:56:59.503845
2.3154808774445605,49.35429132642493,401.7037564167737,2025-09-30 10:56:59.503845
2.230768695982795,49.90392696965459,400.8175514438831,2025-09-30 10:56:59.503845
2.197001474075047,60.740587341805764,400.7988684238915,2025-09-30 10:56:59.503845
2.164436266733188,54.85348705704668,399.3521925476433,2025-09-30 10:56:59.503845
2.269838425101239,56.937594713357626,398.54002926128743,2025-09-30 10:56:59.503845
2.0936767470238036,52.219371953828656,400.75480153563245,2025-09-30 10:56:59.503845
2.2415003822781654,54.4031612153464,400.3900100882608,2025-09-30 10:56:59.503845
2.4226072947854744,50.796212690405326,399.1598157068902,2025-09-30 10:56:59.503845
2.051483375259554,53.53115687241444,399.54263542500354,2025-09-30 10:56:59.503845
2.472428086218677,51.89547897861056,399.580722086467,2025-09-30 10:56:59.503845
2.168307206581675,51.92644968019435,399.65870561219583,2025-09-30 10:56:59.503845
2.0837724775434987,46.66548896956602,399.09395939829915,2025-09-30 10:56:59.503845
2.1321360026679885,47.35449679336027,399.6247328098135,2025-09-30 10:56:59.503845
2.144331681117026,57.54438777605874,398.83078714589067,2025-09-30 10:56:59.503845
2.2523217126625825,57.62310338544008,401.33971024803384,2025-09-30 10:56:59.503845
2.186393256232857,50.95620781250641,398.99194672317293,2025-09-30 10:56:59.503845
2.2795067183862754,54.307480674716494,400.0172779684181,2025-09-30 10:56:59.503845
2.373225913138433,44.048471504772834,399.2240889078205,2025-09-30 10:56:59.503845
2.270895887962149,44.94434994279243,399.5383504140736,2025-09-30 10:56:59.503845
2.257493686949037,58.2212425495682,401.20281913419046,2025-09-30 10:56:59.503845
2.231367985500278,52.68721149573185,400.04061327667887,2025-09-30 10:56:59.503845
2.287259409691446,58.04718676720074,400.0314646638182,2025-09-30 10:56:59.503845
2.1323620833807833,53.79139495136944,400.28442882811134,2025-09-30 10:56:59.503845
2.1877940308485466,62.17974972680615,400.853633346087,2025-09-30 10:56:59.503845
2.2713165139120934,52.811622032951256,398.0816734434955,2025-09-30 10:56:59.503845
2.2748854309294315,52.21776429747248,399.5340936820881,2025-09-30 10:56:59.503845
2.2224740998122563,52.35812024954312,400.10360997734807,2025-09-30 10:56:59.503845
2.2440161749228795,59.885576206899145,401.0115738358635,2025-09-30 10:56:59.503845
2.3570616177529127,58.15634795788027,399.89130884656015,2025-09-30 10:56:59.503845
2.2608712146144403,61.55835023143134,400.27253766625955,2025-09-30 10:56:59.503845
2.3392630301007262,54.63233318710125,400.3107065410275,2025-09-30 10:56:59.503845
2.2969070545587864,53.69872016667931,399.9149524440256,2025-09-30 10:56:59.503845
2.3566110618757468,61.600664490267604,400.08041285147704,2025-09-30 10:56:59.503845
2.145698550033649,51.42623035527532,399.0937628640152,2025-09-30 10:56:59.503845
2.3831065329093843,53.21778996633152,398.94395989399413,2025-09-30 10:56:59.503845
2.2619902057579444,59.91820604814796,398.95659579442815,2025-09-30 10:56:59.503845
2.246503492619337,62.48491180218942,399.4244321585287,2025-09-30 10:56:59.503845
2.24657459930318,58.32946507429261,399.5077858905943,2025-09-30 10:56:59.503845
2.227448901756325,61.359597516156185,400.18022031371225,2025-09-30 10:56:59.503845
2.231119476964041,49.36010631037812,399.70058078388695,2025-09-30 10:56:59.503845
2.253148874336206,55.511152393823494,399.89847400183356,2025-09-30 10:56:59.503845
2.2221692402550177,55.96388660459668,400.1973782693164,2025-09-30 10:56:59.503845
2.07656102227362,65.07649925432847,400.0706547428086,2025-09-30 10:56:59.503845
2.4591870866183694,57.1661437491494,398.9796354403795,2025-09-30 10:56:59.503845
2.2770103207789023,57.766142940511465,399.66690074154155,2025-09-30 10:56:59.503845
2.114364473949236,49.71284910147424,400.1698346846748,2025-09-30 10:56:59.503845
2.4903865917705974,55.93319381119427,399.709443116025,2025-09-30 10:56:59.503845
2.1426745707268418,59.77610945041929,399.63847127381507,2025-09-30 10:56:59.503845
2.1862480676809746,52.304042391282785,399.1672857931339,2025-09-30 10:56:59.503845
2.2490194505431313,61.46571816426329,399.06931140609987,2025-09-30 10:56:59.503845
2.2926492688445577,60.954480934288114,398.425834152107,2025-09-30 10:56:59.503845
2.377007831907043,58.923255037525635,399.4370479502968,2025-09-30 10:56:59.503845
2.269012550826165,53.02344006614283,401.41261937069413,2025-09-30 10:56:59.503845
2.1777203980288617,54.390815518637545,400.1878920628164,2025-09-30 10:56:59.503845
2.4046340397240225,52.359255398977204,397.94894572065334,2025-09-30 10:56:59.503845
2.1964866101531575,53.387855066622755,400.8782219840217,2025-09-30 10:56:59.503845
2.130002263670097,56.350945535507286,399.3015520408582,2025-09-30 10:56:59.503845
1.979754183537677,60.398169215825284,400.49478600864956,2025-09-30 10:56:59.503845
2.072440838120533,52.705384889031194,400.48821570306455,2025-09-30 10:56:59.503845
2.379511810752566,58.21346243476012,398.89974031859,2025-09-30 10:56:59.503845
2.310435588127296,52.435490300484844,398.6605766445149,2025-09-30 10:56:59.503845
2.197926092741787,45.24145003448302,398.94617553570055,2025-09-30 10:56:59.503845
2.495728287274914,51.08046698970704,399.82227034485953,2025-09-30 10:56:59.503845
2.40733625449084,59.9477007553338,399.8237912516259,2025-09-30 10:56:59.503845
2.2221822101094717,52.33037653538266,400.2324941382716,2025-09-30 10:56:59.503845
2.334542888663581,58.349975290565666,399.44289568734706,2025-09-30 10:56:59.503845
2.2376362467699007,61.40414654762879,400.01013884132584,2025-09-30 10:56:59.503845
2.3773942730084503,39.79490499977986,399.8319285989561,2025-09-30 10:56:59.503845
1.9788431220527478,47.31865415616965,398.82119809307255,2025-09-30 10:56:59.503845
2.272784990164935,46.96129762279527,399.8301621155436,2025-09-30 10:56:59.503845
2.4072087929394015,54.14243265642727,399.07422591656393,2025-09-30 10:56:59.503845
2.197174901598034,56.50188489078778,400.1220440704588,2025-09-30 10:56:59.503845
2.2643844735634717,51.37975583080029,399.20589908629285,2025-09-30 10:56:59.503845
2.4399290314425373,63.61081761148668,400.18712956514247,2025-09-30 10:56:59.503845
2.31500445972147,50.963614884800776,400.38111270890226,2025-09-30 10:56:59.503845
2.222656601773865,51.47611838132406,398.4970397026313,2025-09-30 10:56:59.503845
2.163065056151938,52.32259399653649,400.39760026749127,2025-09-30 10:56:59.503845
1.8451025487178014,56.60657009743277,399.05656297262715,2025-09-30 10:56:59.503845
2.508751872646792,53.31645299804703,399.277885863639,2025-09-30 10:56:59.503845
2.241600860262679,53.728954975078494,399.38643511012754,2025-09-30 10:56:59.503845
2.2870677632282033,48.77746042842148,399.20915115023485,2025-09-30 10:56:59.503845
2.4254854646091717,53.432761798154395,399.01700122944726,2025-09-30 10:56:59.503845
2.3228972463216326,51.04232372071095,398.816414609584,2025-09-30 10:56:59.503845
2.1518855315489307,47.4664085865185,399.53205119849844,2025-09-30 10:56:59.503845
2.1528729175159054,46.73966595910748,400.86149536786183,2025-09-30 10:56:59.503845
2.0697548013254976,35.44123584419138,401.2941082957706,2025-09-30 10:56:59.503845
2.287450119116217,56.48347297842811,400.0784355124826,2025-09-30 10:56:59.503845
2.5041553639398617,55.71103134581683,400.37604806605896,2025-09-30 10:56:59.503845
2.266019391295394,52.56670890350156,399.0971009379246,2025-09-30 10:56:59.503845
2.3012030209039867,49.197303624350965,398.8274674014411,2025-09-30 10:56:59.503845
2.2013182794012938,50.28817744842891,398.58420882354324,2025-09-30 10:56:59.503845
2.183059294833107,62.36062621388596,400.8952523017359,2025-09-30 10:56:59.503845
2.184400774333886,53.54795026436971,401.04625857087495,2025-09-30 10:56:59.503845
2.450398978758921,56.073681595046274,399.5414353162903,2025-09-30 10:56:59.503845
2.1761381089370406,50.140477742333985,401.04720925788865,2025-09-30 10:56:59.503845
2.2539754437820516,52.805268880804825,399.69393053989563,2025-09-30 10:56:59.503845
2.2468295802094542,55.206099812134326,400.1167884977217,2025-09-30 10:56:59.503845
2.2850415283884513,50.92278267033251,399.36827836301813,2025-09-30 10:56:59.503845
2.223143207881759,56.313597735298515,399.534172697689,2025-09-30 10:56:59.503845
2.1147275407441866,54.539649497106005,399.44785693748946,2025-09-30 10:56:59.503845
2.164060726885813,65.59162149175083,399.4197359429256,2025-09-30 10:56:59.503845
2.2352660864141782,52.2281802916082,400.6294626005133,2025-09-30 10:56:59.503845
2.167688329217598,50.46573140327844,400.6192912815765,2025-09-30 10:56:59.503845
2.2496081659586853,62.20168720813832,399.53318049410626,2025-09-30 10:56:59.503845
2.236235713451057,57.71780532583045,400.0569956655662,2025-09-30 10:56:59.503845
2.245325805855614,57.75250750019106,399.93669001488587,2025-09-30 10:56:59.503845
2.4058283080264338,63.187130848979876,399.71394758393427,2025-09-30 10:56:59.503845
2.4483597322236577,39.53293582737757,399.1592686774032,2025-09-30 10:56:59.503845
2.404889129056491,43.984819511184284,400.4610289245976,2025-09-30 10:56:59.503845
2.1863693890003777,52.757724580285576,399.16253907091624,2025-09-30 10:56:59.503845
2.161950345841296,55.69798881874172,400.49359222596564,2025-09-30 10:56:59.503845
2.313083576581272,59.13450980622263,400.0231451516854,2025-09-30 10:56:59.503845
2.2828392424297457,55.963628567919024,401.0639467157533,2025-09-30 10:56:59.503845
2.342560320590937,53.20219874840869,400.614870817184,2025-09-30 10:56:59.503845
2.3387589278952934,47.762490715306484,399.7057423371,2025-09-30 10:56:59.503845
2.4172253230335428,46.68104045993186,399.095868464107,2025-09-30 10:56:59.503845
2.1667493498191424,50.73267513621625,400.08465644832285,2025-09-30 10:56:59.503845
2.2645672793353806,54.25398633324305,400.1083802958514,2025-09-30 10:56:59.503845
2.2144269300389463,54.05187475794243,399.25454711622297,2025-09-30 10:56:59.503845
2.4382330374671675,51.362121755594195,400.22295862477574,2025-09-30 10:56:59.503845
2.292389349941248,56.78167842672066,401.5740324817725,2025-09-30 10:56:59.503845
2.2069669833059975,52.05810412873083,398.88528810349635,2025-09-30 10:56:59.503845
2.2597969432243925,54.29565178497145,401.54216406893954,2025-09-30 10:56:59.503845
2.366327212538381,58.780379963221215,400.10869340636907,2025-09-30 10:56:59.503845
2.419686538500268,52.22379806818708,399.88382102570824,2025-09-30 10:56:59.503845
2.2085230414034567,58.2510713591701,399.3854774151306,2025-09-30 10:56:59.503845
2.0723062567814097,62.057852618416646,398.11027117093226,2025-09-30 10:56:59.503845
2.183330700893395,51.22007159860568,398.70775348556106,2025-09-30 10:56:59.503845
2.3255465085898543,52.73964866652211,398.5912095959611,2025-09-30 10:56:59.503845
2.2206987253548074,49.532676394926916,399.31868767912374,2025-09-30 10:56:59.503845
2.119212965876589,43.21784198276721,398.1009630721334,2025-09-30 10:56:59.503845
2.2346119327261675,47.04086587835109,401.41249502744364,2025-09-30 10:56:59.503845
2.352764592245978,46.06749894566083,399.6170488289142,2025-09-30 10:56:59.503845
2.2420365077536344,49.605882100235036,398.286153740553,2025-09-30 10:56:59.503845
2.2980744343507085,56.3094672533407,400.93230312759323,2025-09-30 10:56:59.503845
2.160153738124666,56.686958612168425,399.5988715282525,2025-09-30 10:56:59.503845
2.234973786319049,53.76945147997331,400.13203360812406,2025-09-30 10:56:59.503845
2.2960928291135936,46.75957732763516,400.1557504670899,2025-09-30 10:56:59.503845
2.2853126621171604,51.403057913779875,400.84682916627776,2025-09-30 10:56:59.503845
2.195708536648375,54.2613033241468,399.57420782049905,2025-09-30 10:56:59.503845
2.409960957046171,56.248446071188035,399.6138042245797,2025-09-30 10:56:59.503845
2.396697673586034,55.342079685117675,399.50891299777226,2025-09-30 10:56:59.503845
2.325559470503121,55.759911489126274,399.4809888154869,2025-09-30 10:56:59.503845
2.22743619481864,54.230143303751056,400.4203110818071,2025-09-30 10:56:59.503845
2.221045219428776,43.42901991601249,401.1579672488593,2025-09-30 10:56:59.503845
2.316565259216738,57.30214664872025,400.8301199223487,2025-09-30 10:56:59.503845
2.367086622808984,49.75280666194684,399.69226685642855,2025-09-30 10:56:59.503845
2.4237730501045514,57.8081495910732,400.0889073385317,2025-09-30 10:56:59.503845
2.2635437954275486,58.128156593408036,399.89261060494493,2025-09-30 10:56:59.503845
2.3277562944926853,58.19898514191103,398.31243571326445,2025-09-30 10:56:59.503845
2.1704668266309457,49.1205343690169,400.15817410342555,2025-09-30 10:56:59.503845
2.276626185662228,54.06937364009965,399.8216712055651,2025-09-30 10:56:59.503845
2.2500744900039304,48.79488153501719,398.8797017999004,2025-09-30 10:56:59.503845
2.1991372314772324,57.72353723226959,399.7684049896595,2025-09-30 10:56:59.503845
2.333134066901176,58.06342245975741,399.70894426481584,2025-09-30 10:56:59.503845
2.297669294675668,51.70775961731355,400.2142461871112,2025-09-30 10:56:59.503845
2.223683449985282,52.763263738705206,399.42885672052256,2025-09-30 10:56:59.503845
2.330480533088036,48.10588482462978,399.15210889316364,2025-09-30 10:56:59.503845
2.071191873829348,63.64093204430941,399.9687660868126,2025-09-30 10:56:59.503845
2.189545013378846,56.844494229130746,399.45269200024416,2025-09-30 10:56:59.503845
2.2646383103827463,48.759734345905215,400.3137189803433,2025-09-30 10:56:59.503845
2.3251483187483126,46.14260322606852,398.82183774591056,2025-09-30 10:56:59.503845
2.050262305434874,51.51134117914209,399.7727243852522,2025-09-30 10:56:59.503845
2.419826286242933,53.32853203398303,400.59643743271204,2025-09-30 10:56:59.503845
2.3278449366397047,48.19542110698793,400.8387640584066,2025-09-30 10:56:59.503845
2.2800050778672407,46.97132874853577,399.50039234080793,2025-09-30 10:56:59.503845
2.308594037814368,52.70715666529091,398.5680017544131,2025-09-30 10:56:59.503845
2.137654015525515,52.26478282104391,399.75467849045344,2025-09-30 10:56:59.503845
2.5204500951651485,61.692599270018604,400.5282729915004,2025-09-30 10:56:59.503845
2.38355585005066,57.36136578564736,399.55550636770204,2025-09-30 10:56:59.503845
2.145312993706467,66.44119002542944,399.66734839990687,2025-09-30 10:56:59.503845
2.2857585890789465,55.02924880689126,399.2466793523999,2025-09-30 10:56:59.503845
2.3624894595277057,52.127724636987494,399.014994401187,2025-09-30 10:56:59.503845
2.08100287045572,49.61184654190218,399.9801938942789,2025-09-30 10:56:59.503845
2.449497932380761,54.23267436959311,399.3813632808154,2025-09-30 10:56:59.503845
2.3975783943594795,49.36020115408089,399.9104646058168,2025-09-30 10:56:59.503845
2.2643915250755575,60.380411075968865,400.354050443388,2025-09-30 10:56:59.503845
2.244312594595582,56.56433769171365,398.99624423572914,2025-09-30 10:56:59.503845
2.3344129198678694,57.258672288501614,401.1607600496026,2025-09-30 10:56:59.503845
2.366527430458901,54.6200421379614,399.0312348212912,2025-09-30 10:56:59.503845
2.2182925281522055,53.576701232023254,398.76165579367046,2025-09-30 10:56:59.503845
2.1920667637971176,59.533534422399924,399.74204153136316,2025-09-30 10:56:59.503845
2.3415056912000503,55.14942573882842,400.61896095753474,2025-09-30 10:56:59.503845
2.231270207477141,57.8087025215773,399.7831861723324,2025-09-30 10:56:59.503845
2.3895389373666007,45.29252760798552,400.2608432436616,2025-09-30 10:56:59.503845
2.247899781347046,41.86396828066593,398.8647873120212,2025-09-30 10:56:59.503845
2.2714950861011216,55.26877429395698,398.99304264193285,2025-09-30 10:56:59.503845
2.135979951669353,54.35497328480261,399.0360894667653,2025-09-30 10:56:59.503845
2.354884070296388,56.76148754130772,399.6207802931944,2025-09-30 10:56:59.503845
2.314139718716216,49.63534875356295,399.09061943706854,2025-09-30 10:56:59.503845
2.3148910410015797,55.85111435512426,399.9668541413571,2025-09-30 10:56:59.503845
2.273280413611618,58.69711136786775,398.8029734053596,2025-09-30 10:56:59.503845
2.3161987480051294,48.09288470932827,399.9933610044881,2025-09-30 10:56:59.503845
2.1805189110051812,56.481580224924805,400.85382188258274,2025-09-30 10:56:59.503845
2.3794937052107428,61.98320101831454,400.27675545818767,2025-09-30 10:56:59.503845
2.1994310491248883,55.211177638188545,400.8693532794381,2025-09-30 10:56:59.503845
2.0607243430370477,55.157865260217136,400.82871938268596,2025-09-30 10:56:59.503845
2.057427244747815,57.104011202396464,400.7252215737275,2025-09-30 10:56:59.503845
2.342520765644699,50.078998103878654,399.9647763422771,2025-09-30 10:56:59.503845
2.2115199745671594,52.336546622544,398.61685190730816,2025-09-30 10:56:59.503845
2.2443854121765803,59.66223608149061,400.6990263222798,2025-09-30 10:56:59.503845
2.239584888643538,55.36003971908339,399.0479829042278,2025-09-30 10:56:59.503845
2.317269527617031,55.277203217321016,402.02815837466915,2025-09-30 10:56:59.503845
2.289942134138661,48.74957567290831,401.1662577291586,2025-09-30 10:56:59.503845
2.1795521145531622,57.866960080530504,400.5114983086875,2025-09-30 10:56:59.503845
2.143592168654202,64.17938182711161,398.9688563461629,2025-09-30 10:56:59.503845
2.367307331172979,55.22038559852028,398.25997675900675,2025-09-30 10:56:59.503845
2.2727599822717806,49.93134011089617,400.8447848594821,2025-09-30 10:56:59.503845
2.237215444142954,62.9603068816864,400.5516081689846,2025-09-30 10:56:59.503845
2.225996134133764,55.53053763966192,398.3796301351898,2025-09-30 10:56:59.503845
2.3763866148342903,52.899762670810446,399.818689184943,2025-09-30 10:56:59.503845
2.3177301097692165,54.91870066639447,399.5221178483744,2025-09-30 10:56:59.503845
2.2649881424083755,50.87922003266637,400.7518184687697,2025-09-30 10:56:59.503845
2.2806140251140414,53.86829609037631,398.7794631803589,2025-09-30 10:56:59.503845
2.3430698805639785,52.779768026541994,399.28326565052487,2025-09-30 10:56:59.503845
2.436940506623712,57.83458982140087,400.241650036366,2025-09-30 10:56:59.503845
2.206195221744457,61.949674946115096,400.825135473766,2025-09-30 10:56:59.503845
2.292815216978515,55.95323949461124,398.6770547704645,2025-09-30 10:56:59.503845
2.2139765263462547,60.244837999836534,399.7915552350386,2025-09-30 10:56:59.503845
2.199372827317475,59.06451121209755,398.5541878822874,2025-09-30 10:56:59.503845
2.3277042217033292,59.77671220722439,398.8044750945152,2025-09-30 10:56:59.503845
2.3345614968824195,59.759215995403906,399.63347595026954,2025-09-30 10:56:59.503845
2.4777869494355245,46.87540200949872,401.2684927312324,2025-09-30 10:56:59.503845
2.4173194402322693,56.81843738949215,400.91068400157684,2025-09-30 10:56:59.503845
2.2748298682550887,49.37018898843161,398.8464869992194,2025-09-30 10:56:59.503845
2.405273796381261,58.52812332053507,400.05106692519007,2025-09-30 10:56:59.503845
2.384242653945447,46.04481807119818,398.0142646674886,2025-09-30 10:56:59.503845
2.1521442049953583,51.050251622672924,400.3586545575553,2025-09-30 10:56:59.503845
2.197945283241293,55.2517769502159,400.0730645915775,2025-09-30 10:56:59.503845
2.2215558696977125,49.49926379927863,400.78599151395724,2025-09-30 10:56:59.503845
2.238618800845728,57.504300165172914,401.3745557403913,2025-09-30 10:56:59.503845
2.549873855366202,53.57449433139949,399.3124864907669,2025-09-30 10:56:59.503845
2.1580369455691266,51.77763514808334,398.2377921266878,2025-09-30 10:56:59.503845
2.2087085632344166,66.28867281067912,399.48688267673197,2025-09-30 10:56:59.503845
2.0742867166231886,52.852037826457725,399.41327438078326,2025-09-30 10:56:59.503845
2.4188616651370602,53.14331743795,400.6809377468032,2025-09-30 10:56:59.503845
2.119953696287457,53.5163060842836,399.6566700990506,2025-09-30 10:56:59.503845
2.397822086875956,46.97776019769765,398.56771836148494,2025-09-30 10:56:59.503845
2.3008162665432765,53.08739469330485,400.43230895068956,2025-09-30 10:56:59.503845
2.4069534882106223,52.55704864765546,399.34000096666506,2025-09-30 10:56:59.503845
2.43593646032102,58.85363107837736,399.372360481948,2025-09-30 10:56:59.503845
2.2549908560144223,54.48480877988672,400.549454240409,2025-09-30 10:56:59.503845
2.4062216575924076,51.67733222594563,400.18205133937244,2025-09-30 10:56:59.503845
2.2680039568859,56.23785927025919,399.922541635214,2025-09-30 10:56:59.503845
2.2066213947614335,52.02078012411342,400.4566622311367,2025-09-30 10:56:59.503845
2.224888291978681,52.01222641771806,400.02639463689496,2025-09-30 10:56:59.503845
2.2984377708318746,47.70902916357096,400.03672822580745,2025-09-30 10:56:59.503845
2.1319835805038054,49.46954319476034,400.3153444936215,2025-09-30 10:56:59.503845
2.429375244787573,48.279411676810355,400.58300992238503,2025-09-30 10:56:59.503845
2.251371883457133,52.98456909515511,399.7902057753868,2025-09-30 10:56:59.503845
2.2665897052998534,56.822646665269644,400.2310056673018,2025-09-30 10:56:59.503845
2.3320312553506946,51.0204576197369,399.1203933186589,2025-09-30 10:56:59.503845
2.403797891760555,55.69970507423714,399.5951667025513,2025-09-30 10:56:59.503845
2.180768569506631,51.06441763609388,398.5139982871703,2025-09-30 10:56:59.503845
2.2578527259301326,56.799846956190834,399.87611603102556,2025-09-30 10:56:59.503845
2.172384277108455,55.03715594275899,398.73458584494216,2025-09-30 10:56:59.503845
2.166928947264026,51.58865259037859,400.61312596013425,2025-09-30 10:56:59.503845
2.2329864785449747,55.40552325639224,399.26072330739504,2025-09-30 10:56:59.503845
2.139520053269763,47.59709305859056,400.33852368856964,2025-09-30 10:56:59.503845
2.3861345737431754,51.8390213932088,399.4650005933094,2025-09-30 10:56:59.503845
2.0567760961889046,48.17631562447535,400.34358672832127,2025-09-30 10:56:59.503845
2.369603923473362,61.40001655479667,399.44214635778746,2025-09-30 10:56:59.503845
2.322271329174544,53.7741732787608,398.6657217547782,2025-09-30 10:56:59.503845
2.250593114293719,61.58847494892586,397.16082305558785,2025-09-30 10:56:59.503845
2.433715488543357,55.691823102002196,398.90405459326956,2025-09-30 10:56:59.503845
2.189029808672864,46.215106774441246,400.1945577002722,2025-09-30 10:56:59.503845
2.3692765117667522,50.40382696560823,399.451645779371,2025-09-30 10:56:59.503845
2.4179183917114098,59.44630420580856,400.82142430536607,2025-09-30 10:56:59.503845
2.142312646596143,60.75650663726401,399.08855799503516,2025-09-30 10:56:59.503845
2.4013096834852705,55.362257430997786,399.0024412309446,2025-09-30 10:56:59.503845
2.2927489748436836,65.64275937183163,399.9028966943965,2025-09-30 10:56:59.503845
2.3775741046508965,57.43665275288011,400.5678020592792,2025-09-30 10:56:59.503845
2.199705310490214,54.76092272646056,400.44944293670113,2025-09-30 10:56:59.503845
2.444926568506698,53.45117932265393,399.30472863682434,2025-09-30 10:56:59.503845
2.2686307857531394,52.1324219129194,399.83940608194837,2025-09-30 10:56:59.503845
2.264806184590164,58.229615074355365,398.8614397011604,2025-09-30 10:56:59.503845
2.2398765336722044,62.32513056833463,399.33198189839965,2025-09-30 10:56:59.503845
2.4009903540494415,50.25039206636909,399.8333136513342,2025-09-30 10:56:59.503845
2.371022828696634,48.232043890745764,400.59544793881616,2025-09-30 10:56:59.503845
2.1616552801240876,56.30481318505636,399.893060542708,2025-09-30 10:56:59.503845
2.16930789188223,44.27526872150055,399.8061450473915,2025-09-30 10:56:59.503845
2.3674690770237015,50.303821497580635,398.86202239807653,2025-09-30 10:56:59.503845
2.3669154111097,58.47184798843956,400.29016668851125,2025-09-30 10:56:59.503845
2.3279483070579685,54.69576017142354,399.37890365958026,2025-09-30 10:56:59.503845
2.17548710738514,44.384158831481265,400.1287859001491,2025-09-30 10:56:59.503845
2.201949615141889,52.545718233972906,399.837782540888,2025-09-30 10:56:59.503845
2.1591906617780263,55.952219298505234,399.83439612111823,2025-09-30 10:56:59.503845
2.251281822452105,54.38386691095796,399.4014695494185,2025-09-30 10:56:59.503845
2.2752362980760807,54.9119198058705,399.32507052439047,2025-09-30 10:56:59.503845
2.3149601819898336,53.749009211541214,398.9744709530609,2025-09-30 10:56:59.503845
2.28648408835145,49.90106284114485,399.9993578560746,2025-09-30 10:56:59.503845
2.073262799646557,52.610155203331864,399.87385991005505,2025-09-30 10:56:59.503845
2.0652895199998347,65.29120783896121,399.2853521680228,2025-09-30 10:56:59.503845
2.1589718666722066,48.76865432972486,398.87733915770855,2025-09-30 10:56:59.503845
2.198300661078342,51.85016767486779,399.6710571508749,2025-09-30 10:56:59.503845
2.2007326273276124,55.441983464609706,400.36162844967555,2025-09-30 10:56:59.503845
2.1500831644364378,60.502023845654975,399.21365253831635,2025-09-30 10:56:59.503845
2.4796686548002964,63.86239854217321,398.11491489430307,2025-09-30 10:56:59.503845
2.281368362958695,50.71537536171948,399.4742994666241,2025-09-30 10:56:59.503845
2.432656974081417,57.43138533572793,399.2364446267328,2025-09-30 10:56:59.503845
2.3622377363039013,44.87361452805527,399.9237943424271,2025-09-30 10:56:59.503845
2.266627081698831,46.720309125490004,400.6761099795877,2025-09-30 10:56:59.503845
2.263522305146186,52.873474063012296,400.02739261215726,2025-09-30 10:56:59.503845
2.246131496967833,44.91263531172822,399.9329282601803,2025-09-30 10:56:59.503845
2.318111391783959,42.239397279874126,401.3170669229209,2025-09-30 10:56:59.503845
2.2299081760958948,51.68521759110385,400.07952899971536,2025-09-30 10:56:59.503845
2.2326319678282256,48.62757259031509,399.3296766346772,2025-09-30 10:56:59.503845
2.3322865595511137,56.766060860759524,400.26816870786615,2025-09-30 10:56:59.503845
2.1845019981809473,53.75465181436939,399.8510190769245,2025-09-30 10:56:59.503845
2.2907196601311477,57.63476847655987,399.26566419362877,2025-09-30 10:56:59.503845
2.3808154674139517,53.61860063667697,400.72266477296654,2025-09-30 10:56:59.503845
2.3939675544798984,54.932724371203385,400.09904737883966,2025-09-30 10:56:59.503845
2.2228806801719987,61.778191054064344,400.3815622053268,2025-09-30 10:56:59.503845
2.3212353062653905,60.68894708165956,399.16957636057333,2025-09-30 10:56:59.503845
2.2383152076628665,55.11424089344764,399.64435094426585,2025-09-30 10:56:59.503845
2.3873462793112434,47.45193973247674,399.8465943417282,2025-09-30 10:56:59.503845
2.2036182558058446,55.0232580271083,400.1668260446019,2025-09-30 10:56:59.503845
2.2953579781655993,55.796215539941585,399.01634562685695,2025-09-30 10:56:59.503845
2.167370048470907,55.901061075063325,399.77156613740766,2025-09-30 10:56:59.503845
2.368593974663032,52.55526877956563,399.4034418765184,2025-09-30 10:56:59.503845
2.1154715502594654,51.91508858769857,400.1592358322655,2025-09-30 10:56:59.503845
2.2704958082600672,62.06409453704369,399.17692184923493,2025-09-30 10:56:59.503845
2.1495471323371,50.162677114368286,399.5761846301184,2025-09-30 10:56:59.503845
2.2924968364461824,58.6390787325949,398.73388612022046,2025-09-30 10:56:59.503845
2.1384239944735777,53.535412017904086,401.3650237147104,2025-09-30 10:56:59.503845
2.2057274660119948,50.142916632316556,399.8433134898518,2025-09-30 10:56:59.503845
2.2455504620241915,51.67877250394964,399.4582131340453,2025-09-30 10:56:59.503845
2.183476605448923,52.7954669836182,399.30289007501307,2025-09-30 10:56:59.503845
2.1857323959007373,53.89731267802007,400.12044824591896,2025-09-30 10:56:59.503845
2.49801706302647,56.2512258207781,399.72169340546105,2025-09-30 10:56:59.503845
2.2616938289254302,55.28844257218041,399.69877864075295,2025-09-30 10:56:59.503845
2.443482919530476,53.938905010948275,399.2844440171769,2025-09-30 10:56:59.503845
2.1374507510712477,47.811665799992,399.85683658043433,2025-09-30 10:56:59.503845
2.277312013802068,56.87369363322641,399.37677317691043,2025-09-30 10:56:59.503845
2.380722565458089,60.09073188984441,400.0823575153938,2025-09-30 10:56:59.503845
2.241856332631479,53.57515617187606,399.4063649768693,2025-09-30 10:56:59.503845
2.394491608423489,51.73017568293185,399.25294224567114,2025-09-30 10:56:59.503845
2.310251845142688,56.77322256633023,399.8438713853802,2025-09-30 10:56:59.503845
2.229308375600942,43.787242009538005,399.5254395491062,2025-09-30 10:56:59.503845
2.234266318885252,44.04627398833282,400.0354019422373,2025-09-30 10:56:59.503845
2.3239987622457603,56.49687735669105,399.4375885226559,2025-09-30 10:56:59.503845
2.2033048489235134,59.390132938140155,399.5534967931934,2025-09-30 10:56:59.503845
2.188095739700335,47.89445325723585,400.45341709479004,2025-09-30 10:56:59.503845
2.2723712500138187,57.362306787288354,399.9378008485318,2025-09-30 10:56:59.503845
2.19491416016548,60.43615820533772,399.5048590093737,2025-09-30 10:56:59.503845
2.291830165946141,56.48740430116717,400.40264087015186,2025-09-30 10:56:59.503845
2.2390716320962962,46.432521811110675,400.619303210429,2025-09-30 10:56:59.503845
2.249192520003132,59.47181582838135,400.40787349028824,2025-09-30 10:56:59.503845
2.3730797219418096,48.2159265615059,399.66752973378345,2025-09-30 10:56:59.503845
2.2530553629024097,52.706004649978325,398.79896911906354,2025-09-30 10:56:59.503845
2.2880972451061097,56.03682426693616,397.825974025188,2025-09-30 10:56:59.503845
2.1799400875191717,60.93234889758595,399.2042921509556,2025-09-30 10:56:59.503845
2.180759158317967,50.05448482888647,398.32083057115074,2025-09-30 10:56:59.503845
2.164207059015751,49.70805962078483,398.2821135740374,2025-09-30 10:56:59.503845
2.3032416944531704,45.22077426118804,399.2149793216752,2025-09-30 10:56:59.503845
2.367447150541151,60.20860729069449,399.311830737532,2025-09-30 10:56:59.503845
2.286510254389201,52.326380630355565,399.1112498370093,2025-09-30 10:56:59.503845
2.1662056595266734,42.450953430580974,400.9348262782007,2025-09-30 10:56:59.503845
2.511631252805126,52.828214703080974,400.670396412467,2025-09-30 10:56:59.503845
2.166421335897446,52.8056527102253,399.3627481655191,2025-09-30 10:56:59.503845
2.391798297101722,52.20552944653327,401.02415278055804,2025-09-30 10:56:59.503845
2.2946166556793037,52.21700810113442,398.18974221632914,2025-09-30 10:56:59.503845
2.338538087927441,64.15716745871754,399.9768455694534,2025-09-30 10:56:59.503845
2.361489398327206,56.39122172931635,399.9085055675256,2025-09-30 10:56:59.503845
2.2183705966871834,67.44547850962459,398.8044882240685,2025-09-30 10:56:59.503845
2.2094518719116913,52.54832673653472,398.57634846411423,2025-09-30 10:56:59.503845
2.417649162922896,55.55462000007335,399.76643070725595,2025-09-30 10:56:59.503845
2.225267320717588,56.60744624053168,400.98468121532994,2025-09-30 10:56:59.503845
2.2733410315088296,56.06032127592327,398.26017843485903,2025-09-30 10:56:59.503845
2.2779696823256934,51.19047965392367,399.00693679319403,2025-09-30 10:56:59.503845
2.2495367382534632,59.1807441038584,399.52054614977146,2025-09-30 10:56:59.503845
2.352561779463776,56.094009189137786,399.53269088313596,2025-09-30 10:56:59.503845
2.3788221832659477,54.98212019881551,399.1375585098083,2025-09-30 10:56:59.503845
2.1191297416280137,51.70452774518188,399.4781304941075,2025-09-30 10:56:59.503845
2.2257153027205954,50.721618124046195,398.23277597948123,2025-09-30 10:56:59.503845
2.3095376884934877,52.56271150075479,398.98452884518326,2025-09-30 10:56:59.503845
2.2484967110482135,53.79956230799202,399.22574441368624,2025-09-30 10:56:59.503845
2.284889789839567,51.29450782709636,399.4119625716971,2025-09-30 10:56:59.503845
2.1616986973245647,60.82410022708442,398.56807920242295,2025-09-30 10:56:59.503845
2.3408024895578157,48.720426820531834,398.67492501612384,2025-09-30 10:56:59.503845
2.4281914373175915,65.80431477050054,400.06592457092296,2025-09-30 10:56:59.503845
2.419537390288278,62.443646852292346,400.05048722029034,2025-09-30 10:56:59.503845
2.338716644683667,54.48161343874572,399.51101017773885,2025-09-30 10:56:59.503845
2.448643097708942,60.78198763604266,398.79475704341814,2025-09-30 10:56:59.503845
2.2466295066238504,64.35521919937491,399.4662643985717,2025-09-30 10:56:59.503845
2.209237230340277,54.39418085866975,399.7771230647604,2025-09-30 10:56:59.503845
2.2096899934331877,56.73992738515974,400.1985133115266,2025-09-30 10:56:59.503845
2.1630450548399485,61.33953654708299,398.7719998189596,2025-09-30 10:56:59.503845
2.483805526881164,62.934430429005594,399.8237137379111,2025-09-30 10:56:59.503845
2.2738776918962684,50.093845448350315,400.2042818481841,2025-09-30 10:56:59.503845
2.2548849784529055,56.21875304019813,399.85616402452166,2025-09-30 10:56:59.503845
2.1603313692672157,55.743953227957874,400.5279998856344,2025-09-30 10:56:59.503845
2.3978669434029882,49.23645102161422,399.66886666375734,2025-09-30 10:56:59.503845
2.2732004151934104,60.01709180053095,398.9734072776128,2025-09-30 10:56:59.503845
2.154347008793519,54.94033391839851,401.0304128369394,2025-09-30 10:56:59.503845
2.4002253743657596,58.30027750310912,398.8920202802174,2025-09-30 10:56:59.503845
2.315337851845975,59.907511794486965,400.37653906703633,2025-09-30 10:56:59.503845
2.3127404001516134,60.51852336497877,400.2097009733281,2025-09-30 10:56:59.503845
2.250682532308965,54.33443472091353,399.545164427055,2025-09-30 10:56:59.503845
2.257848314574994,62.15335814642397,399.76101200223127,2025-09-30 10:56:59.503845
2.1591229838621815,59.90811577318822,400.17068731270024,2025-09-30 10:56:59.503845
2.3320974986053318,56.106412671684716,400.92915229886074,2025-09-30 10:56:59.503845
2.311141622637973,59.677252771624964,400.66395087632225,2025-09-30 10:56:59.503845
2.2979144557867763,54.50961070482183,400.55567623892256,2025-09-30 10:56:59.503845
2.255534511034267,52.03461294669287,399.6883786423173,2025-09-30 10:56:59.503845
2.145965324183128,56.3140632911374,399.12456201758334,2025-09-30 10:56:59.503845
2.079647214552012,60.792448707319316,399.9628766034338,2025-09-30 10:56:59.503845
2.2003915107919605,67.28568223577295,399.84578371038907,2025-09-30 10:56:59.503845
2.2198337792020224,52.43229542713766,401.0774805245355,2025-09-30 10:56:59.503845
2.1743027821718575,53.93864183134458,399.4067402988506,2025-09-30 10:56:59.503845
2.238380134341959,44.94619823474472,399.5423782067464,2025-09-30 10:56:59.503845
2.044829745183808,53.757639312851005,400.20218227886346,2025-09-30 10:56:59.503845
2.1606998787802145,58.49447128782033,400.5037410998284,2025-09-30 10:56:59.503845
2.2461574610424253,53.08181503541953,398.8139124380139,2025-09-30 10:56:59.503845
2.237610211783585,62.90086676465219,400.48941519892594,2025-09-30 10:56:59.503845
2.3316691028062104,50.16958886272802,400.2924104904249,2025-09-30 10:56:59.503845
2.3443403563698513,54.59973507783498,400.12039795623696,2025-09-30 10:56:59.503845
2.3762309256788066,48.41651062110903,399.8765160173311,2025-09-30 10:56:59.503845
2.3295765627762504,50.18948180242526,399.57765583767974,2025-09-30 10:56:59.503845
2.347103311047106,51.018562783225626,400.17130917011605,2025-09-30 10:56:59.503845
2.206623420543726,53.32623850087225,401.1448188433091,2025-09-30 10:56:59.503845
2.3545945774086285,45.314827629001,399.1091205049843,2025-09-30 10:56:59.503845
2.5002116958791643,54.93851954111363,400.62813614723717,2025-09-30 10:56:59.503845
2.305878891936134,57.64394532920291,399.3521882602196,2025-09-30 10:56:59.503845
2.2540078139399133,53.58250660647282,400.12297646398963,2025-09-30 10:56:59.503845
2.329382601269005,58.83208564451612,399.3826602145915,2025-09-30 10:56:59.503845
2.072781633248877,54.25215689261047,400.03961703514784,2025-09-30 10:56:59.503845
2.390749947638379,51.801348242789814,399.1026471556185,2025-09-30 10:56:59.503845
2.362223172781029,49.99082279576227,400.51443901948284,2025-09-30 10:56:59.503845
2.3417317787797702,56.537460116710015,399.3960323782101,2025-09-30 10:56:59.503845
2.2895392645352177,48.75710062615643,398.9313192650501,2025-09-30 10:56:59.503845
2.2811713947743226,54.643170161089195,400.2134470728393,2025-09-30 10:56:59.503845
2.162278203480503,46.851396967880895,399.20546421785303,2025-09-30 10:56:59.503845
2.366750227750182,63.36013986685379,400.03981242276365,2025-09-30 10:56:59.503845
2.02549087767773,61.52584959232841,399.7156382368602,2025-09-30 10:56:59.503845
2.183460526541462,46.16955714038844,398.58977181177653,2025-09-30 10:56:59.503845
2.1609291804033255,56.32638287413172,399.61407672140433,2025-09-30 10:56:59.503845
2.278508171527283,49.05685345684278,401.12591948272836,2025-09-30 10:56:59.503845
2.2339462575478466,49.779775588910624,399.43953894824216,2025-09-30 10:56:59.503845
2.168293944824093,49.33443713580627,400.46580007761037,2025-09-30 10:56:59.503845
2.384742476093291,66.94078418492087,399.9644818578169,2025-09-30 10:56:59.503845
2.273479935070454,47.883435247162296,400.05868195046156,2025-09-30 10:56:59.503845
2.3785255540476404,59.32403745577521,398.3888173728525,2025-09-30 10:56:59.503845
2.4510254524582042,62.82792462593687,399.5755464230353,2025-09-30 10:56:59.503845
2.433753408957725,58.21551220588631,398.0366638305874,2025-09-30 10:56:59.503845
2.252388180156522,47.147713305927574,400.0255096990511,2025-09-30 10:56:59.503845
2.183478603961375,50.998304735632374,398.29247166196467,2025-09-30 10:56:59.503845
2.245214322894039,55.06688966606937,401.3355422498092,2025-09-30 10:56:59.503845
2.32546015729001,57.43601900703686,398.7525249615679,2025-09-30 10:56:59.503845
2.354314340496776,57.20263436038924,399.1595315693879,2025-09-30 10:56:59.503845
2.387864379644677,46.76505395278392,399.0421888126659,2025-09-30 10:56:59.503845
2.180562585762232,48.0123569359923,399.1307631559964,2025-09-30 10:56:59.503845
2.507421789962196,52.278950574956404,397.8873163499952,2025-09-30 10:56:59.503845
1.9323571137175908,55.84931676965084,400.1449958480259,2025-09-30 10:56:59.503845
2.037162203613258,59.1809381073877,398.69488387993,2025-09-30 10:56:59.503845
2.245284201336162,58.51650139219497,399.8893996020686,2025-09-30 10:56:59.503845
2.4599167470285606,56.139402275202855,397.479160000466,2025-09-30 10:56:59.503845
2.1452154712850966,58.40426332208946,399.1267427582211,2025-09-30 10:56:59.503845
2.2817790950194023,46.89659790757925,400.8314654052324,2025-09-30 10:56:59.503845
2.3554331198826786,52.65811902767402,400.83376186223063,2025-09-30 10:56:59.503845
2.3289219393780995,51.65939095757145,398.7509885972682,2025-09-30 10:56:59.503845
2.3816691449203313,59.93990722370261,400.4497826382489,2025-09-30 10:56:59.503845
2.2413681207532377,50.24390259709768,399.3144502687897,2025-09-30 10:56:59.503845
2.3153159966600256,49.35027954653227,399.6412836296742,2025-09-30 10:56:59.503845
1.8674579668350044,50.249442761283156,401.3870457610517,2025-09-30 10:56:59.503845
2.3806119480031835,45.921857103687834,400.7675021027968,2025-09-30 10:56:59.503845
2.2145813402004118,54.99064696739032,400.42298279350734,2025-09-30 10:56:59.503845
2.247302762417768,55.05693187995583,399.56012356297947,2025-09-30 10:56:59.503845
2.2082023681251255,56.76248619367215,398.10131951606706,2025-09-30 10:56:59.503845
2.2048530170950786,45.87280043428303,399.511355777892,2025-09-30 10:56:59.503845
2.211959523648451,56.96337268457486,398.9719085860131,2025-09-30 10:56:59.503845
2.3181878087611394,53.402076308866086,399.9582473510178,2025-09-30 10:56:59.503845
2.2194174938284736,58.44822883436637,400.15881623330944,2025-09-30 10:56:59.503845
2.3830815935989365,55.3313374983831,399.24394928953944,2025-09-30 10:56:59.503845
2.0345343142504304,55.33861848507695,399.3603939932287,2025-09-30 10:56:59.503845
2.520807405684916,52.29590056703865,400.5078098587413,2025-09-30 10:56:59.503845
2.3637679311453503,49.09779542216934,399.9462219393584,2025-09-30 10:56:59.503845
2.156409666026663,51.56011202684085,399.1782227927601,2025-09-30 10:56:59.503845
2.272474514593277,40.770779858319884,399.03070501078093,2025-09-30 10:56:59.503845
2.2456981139491243,53.476617110316404,401.38784014163605,2025-09-30 10:56:59.503845
2.062033472044962,50.15681815259269,399.73848615702775,2025-09-30 10:56:59.503845
2.180116957159024,55.611339796472286,399.7301354178147,2025-09-30 10:56:59.503845
2.245270677035369,55.615616405000495,398.5772400955719,2025-09-30 10:56:59.503845
2.2596977486779877,40.6226830340564,399.2940933965911,2025-09-30 10:56:59.503845
2.310736973089766,62.08380887750093,399.5961825633157,2025-09-30 10:56:59.503845
2.272881529605918,46.665857851321185,400.11690702511106,2025-09-30 10:56:59.503845
2.1927160121160236,57.0391278881143,400.62122487811024,2025-09-30 10:56:59.503845
2.2092890688716196,59.96065760920573,399.1946673731822,2025-09-30 10:56:59.503845
2.340976416524196,59.964858581491264,401.4003768867372,2025-09-30 10:56:59.503845
2.2609851781818775,54.99599023747759,400.4900428575932,2025-09-30 10:56:59.503845
2.114214035896836,53.99921801757368,399.65200617189976,2025-09-30 10:56:59.503845
2.4043884442715773,55.47879049810046,400.06302401227674,2025-09-30 10:56:59.503845
2.2885561918577904,50.41115259275552,398.9206947437112,2025-09-30 10:56:59.503845
2.063570469667026,55.292250710225034,400.1437144467754,2025-09-30 10:56:59.503845
2.1921171603462484,61.43231767716705,399.6940937118945,2025-09-30 10:56:59.503845
2.080512626011206,53.07939578605504,399.8890443437038,2025-09-30 10:56:59.503845
2.2514824386682224,52.921732348311735,399.78469722036465,2025-09-30 10:56:59.503845
2.2370824219621097,58.614807463430814,399.44384157229763,2025-09-30 10:56:59.503845
2.171914574355888,59.05293170278419,400.5247960500158,2025-09-30 10:56:59.503845
2.1555882148877608,49.95655102766768,400.04647575366386,2025-09-30 10:56:59.503845
2.247736389870569,60.473268091239305,400.19055073686724,2025-09-30 10:56:59.503845
2.1140063403751554,51.21365137380239,400.83358010704717,2025-09-30 10:56:59.503845
2.2740867762258814,46.28638104242796,399.8535471140353,2025-09-30 10:56:59.503845
2.232257903303257,55.64942555040935,400.43945101385856,2025-09-30 10:56:59.503845
2.3512155587870462,60.44373874843618,399.65860266812643,2025-09-30 10:56:59.503845
2.272999178095906,53.05691386739998,399.9375489404196,2025-09-30 10:56:59.503845
1.9456810932569866,48.21589624698355,400.3450070137619,2025-09-30 10:56:59.503845
2.3167537164888237,52.23776558561864,400.3934621799127,2025-09-30 10:56:59.503845
2.29348795792219,57.537313247148525,398.61873347041194,2025-09-30 10:56:59.503845
2.271544392350584,58.47974382411948,400.4658107572238,2025-09-30 10:56:59.503845
2.245492960486706,58.1611313221242,398.5285220989167,2025-09-30 10:56:59.503845
2.1963318086875496,52.78677363197789,399.5090260021077,2025-09-30 10:56:59.503845
2.2252382974256126,58.734032830205265,400.09912039871364,2025-09-30 10:56:59.503845
2.3840687400381215,48.880467805028985,399.2501602284232,2025-09-30 10:56:59.503845
2.346121613207302,57.0368271798674,399.39788928598045,2025-09-30 10:56:59.503845
2.287288235171477,57.051942398197376,398.9876473581888,2025-09-30 10:56:59.503845
2.288177254387502,45.0171570815264,400.60000053340855,2025-09-30 10:56:59.503845
2.1192187689663506,56.145203547683145,400.5741743218058,2025-09-30 10:56:59.503845
2.45575191628123,62.34716424809986,399.6361301667075,2025-09-30 10:56:59.503845
2.2908454969641934,47.228230429074976,400.01737329288176,2025-09-30 10:56:59.503845
2.2662083049963115,50.111887777980115,399.3185166746845,2025-09-30 10:56:59.503845
2.3511370083837555,60.27855562623737,399.3885114198052,2025-09-30 10:56:59.503845
2.0029645401658085,66.30766314313291,398.58465799193334,2025-09-30 10:56:59.503845
2.4149752007676284,55.40167871932353,398.55796755126534,2025-09-30 10:56:59.503845
2.21145550742851,57.04353714385049,398.33511100428234,2025-09-30 10:56:59.503845
2.2964437452618216,46.1744705688983,400.30147563990636,2025-09-30 10:56:59.503845
2.1912838550834546,47.307450980321576,401.00415875238974,2025-09-30 10:56:59.503845
2.1734115551661066,60.48311474859788,400.3787677088507,2025-09-30 10:56:59.503845
2.218660100654837,60.72068367874809,401.1780034199781,2025-09-30 10:56:59.503845
2.3156021119046444,57.50737140867765,399.93858064353725,2025-09-30 10:56:59.503845
2.3372684574040434,54.962241731459876,400.22947271865183,2025-09-30 10:56:59.503845
2.2836316556090837,57.03588344148617,399.57412244027444,2025-09-30 10:56:59.503845
2.1466327399613343,52.88603500017686,398.4723001522732,2025-09-30 10:56:59.503845
2.2520075686780863,63.243003413137274,399.63042058869473,2025-09-30 10:56:59.503845
2.4506956116788134,51.44611212554038,398.8723061747441,2025-09-30 10:56:59.503845
2.270614415928259,51.01007877106484,400.52347358004596,2025-09-30 10:56:59.503845
2.0693769819502887,51.572688461748804,399.2200364981266,2025-09-30 10:56:59.503845
2.18645437452418,48.508921056202944,399.6763852187937,2025-09-30 10:56:59.503845
2.2704085042998057,55.20146400923899,400.12377419695633,2025-09-30 10:56:59.503845
1.980090446880301,51.52388509192306,400.17723314385603,2025-09-30 10:56:59.503845
2.3440775947519916,53.57967316231478,401.0593083366707,2025-09-30 10:56:59.503845
2.3387996161713724,50.942266157596016,400.61619763860773,2025-09-30 10:56:59.503845
2.121066635293083,52.385752026203,398.94847547879016,2025-09-30 10:56:59.503845
2.0680327592265466,59.96218396566861,399.4842558602524,2025-09-30 10:56:59.503845
2.196527852696308,53.25664104232945,400.3466996405659,2025-09-30 10:56:59.503845
2.153261575024467,45.0806969816839,400.4769853786458,2025-09-30 10:56:59.503845
2.044178208763894,59.13413393460652,399.3399191043147,2025-09-30 10:56:59.503845
2.457684194894365,50.679580146515256,397.87433128365734,2025-09-30 10:56:59.503845
2.1051087062833305,45.22296589172583,400.8499993768634,2025-09-30 10:56:59.503845
2.4615040059955406,54.70389029927951,399.571971782251,2025-09-30 10:56:59.503845
2.3419300009060557,57.34257873429922,399.43457329435023,2025-09-30 10:56:59.503845
2.2430207864013627,59.03904289712654,400.7381402589381,2025-09-30 10:56:59.503845
2.2093877795408057,53.528182576000766,400.7791011387116,2025-09-30 10:56:59.503845
2.3030531591855445,47.821606391925,401.0027409969073,2025-09-30 10:56:59.503845
2.267564555831139,53.09576822512203,400.3128657558268,2025-09-30 10:56:59.503845
2.1902505574027527,53.19779117559004,400.38986666842914,2025-09-30 10:56:59.503845
2.401362423945207,55.62376645235804,400.827213027474,2025-09-30 10:56:59.503845
2.3146130117485955,52.37640179249061,399.4073843031583,2025-09-30 10:56:59.503845
2.20102840712646,60.22848058709667,400.09995057262785,2025-09-30 10:56:59.503845
2.298396861166221,68.47953296922367,401.49780095853873,2025-09-30 10:56:59.503845
2.28795387622469,47.11082415091034,398.0702476859464,2025-09-30 10:56:59.503845
2.395536344509458,52.453571602375405,401.1364416289196,2025-09-30 10:56:59.503845
2.2100519365825195,62.39778609688594,400.01950957771044,2025-09-30 10:56:59.503845
2.246496776798894,58.36205721538598,399.9857370450458,2025-09-30 10:56:59.503845
2.1998280782893946,56.937940298312206,399.34529051151475,2025-09-30 10:56:59.503845
2.2714957140427825,54.22454537986371,398.6434348143675,2025-09-30 10:56:59.503845
2.108965791650223,60.81024213323907,398.7888751323767,2025-09-30 10:56:59.503845
2.284173641575837,55.043179676953066,399.41859157880157,2025-09-30 10:56:59.503845
2.0917727278207345,51.061094371056754,399.911895591697,2025-09-30 10:56:59.503845
2.330105654089095,49.77583859537819,399.83570119408165,2025-09-30 10:56:59.503845
2.239657986290767,64.31203851465564,400.7258644933687,2025-09-30 10:56:59.503845
2.2883664621303974,64.44820487669281,399.9046441249105,2025-09-30 10:56:59.503845
2.224974090095109,53.59317883958941,401.6559331443062,2025-09-30 10:56:59.503845
2.404954399643497,53.86496812041138,399.58786609875364,2025-09-30 10:56:59.503845
2.3531333297174397,45.37431077517871,401.01355761847765,2025-09-30 10:56:59.503845
2.3282907334440637,46.687879793496116,399.1197051650789,2025-09-30 10:56:59.503845
2.2598946647025957,57.19977739469318,399.30772557697543,2025-09-30 10:56:59.503845
2.2379507534037355,50.608830157290605,401.4134351519483,2025-09-30 10:56:59.503845
2.231749210853569,52.80970459148886,399.9671372890067,2025-09-30 10:56:59.503845
2.3211308624004707,54.61223750503343,397.70763871260715,2025-09-30 10:56:59.503845
2.207109332726196,49.42450527856926,401.01270239523456,2025-09-30 10:56:59.503845
2.1112218873107267,45.178675983824306,399.35271357802486,2025-09-30 10:56:59.503845
2.0588089116354933,50.183731186791256,400.90362060088876,2025-09-30 10:56:59.503845
2.3530489707969404,57.055752741457994,399.46309721846836,2025-09-30 10:56:59.503845
2.314419559597054,59.107323629898794,400.11347564453797,2025-09-30 10:56:59.503845
2.215185877788657,44.59030199681271,399.24056456141585,2025-09-30 10:56:59.503845
2.284596422066323,58.99463576716283,399.6464971399296,2025-09-30 10:56:59.503845
2.1767370766633327,51.825607429471226,399.8744261848731,2025-09-30 10:56:59.503845
2.2783762791128286,60.281404622525955,400.17580034645044,2025-09-30 10:56:59.503845
2.1268211106605337,57.352878028985614,398.91627185913234,2025-09-30 10:56:59.503845
2.156147913669751,53.10062021032429,399.3707034075179,2025-09-30 10:56:59.503845
2.2002776680165366,56.900870641983396,399.88299409711766,2025-09-30 10:56:59.503845
2.2988733484192094,56.15164659499952,399.9167213691371,2025-09-30 10:56:59.503845
2.1802670206594343,55.9076179968738,399.24266189715047,2025-09-30 10:56:59.503845
2.203492988338425,46.59542043378711,398.94734537805886,2025-09-30 10:56:59.503845
2.2726540659583536,51.542156768777254,399.91295245306287,2025-09-30 10:56:59.503845
2.039406744634771,56.79181818880738,400.91770673592845,2025-09-30 10:56:59.503845
2.257406582661083,56.26667292650558,400.5115821503942,2025-09-30 10:56:59.503845
2.194671755601765,57.79751239532579,399.9909324506414,2025-09-30 10:56:59.503845
2.2414648913874777,56.00571877286037,400.7601355718785,2025-09-30 10:56:59.503845
2.2281118706174166,41.050876038993074,400.2488704753815,2025-09-30 10:56:59.503845
2.1158348461158747,46.549932831724725,400.4188990979109,2025-09-30 10:56:59.503845
2.1038550208283793,53.87126725647243,399.1902995907086,2025-09-30 10:56:59.503845
2.117541870090202,54.421417105020296,399.6907756510655,2025-09-30 10:56:59.503845
2.1996367104761925,48.27676085999913,399.9635612321359,2025-09-30 10:56:59.503845
2.2195735490373063,50.386871986354265,400.36271104499866,2025-09-30 10:56:59.503845
2.2489050617136073,51.60783274955855,399.548546249168,2025-09-30 10:56:59.503845
2.3890987287985657,60.85460548670255,399.66528792694714,2025-09-30 10:56:59.503845
2.2996651576749616,51.38171345809299,400.9182190515768,2025-09-30 10:56:59.503845
2.130037316772812,58.42960359009991,397.7937517522253,2025-09-30 10:56:59.503845
2.208736809626624,43.84385740706751,399.9165243743463,2025-09-30 10:56:59.503845
2.0264452596772635,54.3272539723386,400.02718944172653,2025-09-30 10:56:59.503845
2.2980921863667554,54.00900729106558,398.43459874725426,2025-09-30 10:56:59.503845
2.2304606235570823,50.800730122754615,401.527757389524,2025-09-30 10:56:59.503845
2.165889147644053,51.029669693920965,398.6475374707596,2025-09-30 10:56:59.503845
2.196852450915879,51.28937834244918,398.80738122300966,2025-09-30 10:56:59.503845
2.2423593906982657,58.383095400100515,400.71073758563097,2025-09-30 10:56:59.503845
2.224972682972077,64.11790481800574,401.1692260504233,2025-09-30 10:56:59.503845
2.2851627894051427,50.04763612628,398.2310443938468,2025-09-30 10:56:59.503845
2.283643841354698,51.599642241383606,399.6978996617878,2025-09-30 10:56:59.503845
2.235735013348566,46.98084681966644,399.57110208867334,2025-09-30 10:56:59.503845
2.1405393889299957,60.52302867948896,398.73927059253447,2025-09-30 10:56:59.503845
2.236033601704477,55.54299664955672,399.1732439075412,2025-09-30 10:56:59.503845
2.379635233568194,52.631183679646014,400.28291655667397,2025-09-30 10:56:59.503845
2.2665258171032687,56.805438245425655,399.51592985231133,2025-09-30 10:56:59.503845
2.200837141437686,51.08983705507494,399.7353768207532,2025-09-30 10:56:59.503845
2.0891404541048595,55.39424538020449,400.9051773224554,2025-09-30 10:56:59.503845
2.188386667146981,62.88612377172387,398.5488684456263,2025-09-30 10:56:59.503845
2.221358658671272,47.428368874936005,400.5636793660241,2025-09-30 10:56:59.503845
2.1205689206074756,54.98790754298566,399.1047535135716,2025-09-30 10:56:59.503845
2.2188735796805963,52.38550135005335,399.4424742331153,2025-09-30 10:56:59.503845
2.2864019434023417,61.20517196547485,400.55199601077203,2025-09-30 10:56:59.503845
2.381572067767291,52.11741230671873,400.65158494319263,2025-09-30 10:56:59.503845
2.392579617543964,46.979660675772465,400.23008400332077,2025-09-30 10:56:59.503845
2.405143358037643,57.95252942128927,401.1401408023718,2025-09-30 10:56:59.503845
2.3803741611603995,48.35673713221737,399.61101391504735,2025-09-30 10:56:59.503845
2.3055997060361597,54.7083248744913,400.6947364743318,2025-09-30 10:56:59.503845
2.3919395445058322,48.68313192900649,401.3255117442752,2025-09-30 10:56:59.503845
2.5415802374804177,53.768008403831146,400.9326515165881,2025-09-30 10:56:59.503845
2.2062963402625533,63.56697965219288,400.086640387461,2025-09-30 10:56:59.503845
2.281764213104224,57.34889029521578,399.7134519332958,2025-09-30 10:56:59.503845
2.1588851407703964,55.04809951384053,399.47106341547635,2025-09-30 10:56:59.503845
2.299951011074606,49.282207041732306,399.8090540820118,2025-09-30 10:56:59.503845
2.424405800466148,53.19635110984005,400.36411307548866,2025-09-30 10:56:59.503845
2.1773833338090105,59.54428054727218,400.0473660889404,2025-09-30 10:56:59.503845
2.1673551392967587,57.297521339205126,398.8118346210038,2025-09-30 10:56:59.503845
2.3573538637668285,57.080998782499115,399.9451449052551,2025-09-30 10:56:59.503845
2.557028921965999,53.35841543343777,399.53563312747553,2025-09-30 10:56:59.503845
2.171910026284735,49.586753404170175,400.12042083164664,2025-09-30 10:56:59.503845
2.160906444690052,49.06399808456213,400.00206856127096,2025-09-30 10:56:59.503845
2.315111401741059,62.199879916170254,399.8525354712021,2025-09-30 10:56:59.503845
2.2141793588570025,62.661082242677026,400.4920015086533,2025-09-30 10:56:59.503845
2.2436095343635474,53.77893886821571,399.206929770129,2025-09-30 10:56:59.503845
2.322343715419491,53.64569139778931,399.66912571759275,2025-09-30 10:56:59.503845
2.34472060020867,44.69508124695282,399.8909124563199,2025-09-30 10:56:59.503845
2.3486564721067666,63.32696777905947,399.62566370896275,2025-09-30 10:56:59.503845
2.5024029239046417,47.10940579156594,399.06869060445007,2025-09-30 10:56:59.503845
2.4496803730880776,52.23161760294906,399.5764655811779,2025-09-30 10:56:59.503845
2.329352819848819,50.04283193978293,399.71185537907485,2025-09-30 10:56:59.503845
2.310642670936347,60.566832973143526,399.97688080309223,2025-09-30 10:56:59.503845
2.3023348426696577,56.65025744451596,400.5613802650518,2025-09-30 10:56:59.503845
2.370330884222773,52.33012641834996,398.7711237305435,2025-09-30 10:56:59.503845
2.3096369283799634,53.38624579326521,399.5006774718957,2025-09-30 10:56:59.503845
2.2537833218812033,58.701281430405835,401.2210398606197,2025-09-30 10:56:59.503845
2.214367665454397,60.9254881955076,400.9653368946312,2025-09-30 10:56:59.503845
2.413980625565576,52.18371380650926,398.51029398841445,2025-09-30 10:56:59.503845
2.3680863906597285,49.18824722169213,399.8425865780952,2025-09-30 10:56:59.503845
2.3339705785879756,49.38655578188552,400.17025003885317,2025-09-30 10:56:59.503845
2.3882212614976392,59.298379388477514,399.70540495266806,2025-09-30 10:56:59.503845
2.244313080012789,55.1132035465638,399.529048820588,2025-09-30 10:56:59.503845
2.108216846100701,55.576250011685964,399.54375373601994,2025-09-30 10:56:59.503845
2.3540181236046873,51.47596924812459,398.8848021674053,2025-09-30 10:56:59.503845
2.3699237999731224,55.74841902632562,398.9564153145912,2025-09-30 10:56:59.503845
2.1242912764884,54.90846746628832,400.1327946622654,2025-09-30 10:56:59.503845
2.171175418188926,56.9703292580997,401.1127232338242,2025-09-30 10:56:59.503845
2.052596580328426,45.409044092636975,400.6118761570317,2025-09-30 10:56:59.503845
2.310583610945088,56.663216968325685,400.4906166450576,2025-09-30 10:56:59.503845
2.321721997637802,63.44538937015646,398.87182357962706,2025-09-30 10:56:59.503845
2.214348824605864,54.36378017441227,400.58516291201187,2025-09-30 10:56:59.503845
2.2078826757681362,50.714099906817,399.49980074178796,2025-09-30 10:56:59.503845
2.4225279142282905,56.81615698196551,399.20132806822016,2025-09-30 10:56:59.503845
2.184629452297407,53.43661479948429,400.4341620053601,2025-09-30 10:56:59.503845
2.522155383803584,45.854919742618215,398.9301973510637,2025-09-30 10:56:59.503845
2.251709457561048,61.93293976795892,400.2044171190131,2025-09-30 10:56:59.503845
2.21379567941544,49.26511329740368,399.2746022451961,2025-09-30 10:56:59.503845
2.282178097513394,41.172277496381,399.17469437936086,2025-09-30 10:56:59.503845
2.3307468805559055,52.545477778934796,397.9770778212451,2025-09-30 10:56:59.503845
2.308403662486104,58.54851566871704,399.80822148999295,2025-09-30 10:56:59.503845
2.2960583412211903,47.01170250393703,400.5301296335804,2025-09-30 10:56:59.503845
2.2709036894479193,54.017888570206004,399.65172904205406,2025-09-30 10:56:59.503845
2.397855769111921,47.305647349987716,401.7719999855073,2025-09-30 10:56:59.503845
2.3340103182335206,50.62965136907573,398.6450438593552,2025-09-30 10:56:59.503845
2.2670400438900264,46.43489734272567,400.0410242510324,2025-09-30 10:56:59.503845
2.4059266579079077,46.38404298700902,399.7110134926576,2025-09-30 10:56:59.503845
2.3414113466741036,45.18246875914384,399.3689339187757,2025-09-30 10:56:59.503845
2.431086819081662,65.00518687012567,398.6201432142849,2025-09-30 10:56:59.503845
2.338523890481349,54.06616559175287,400.497121017022,2025-09-30 10:56:59.503845
2.340591985949211,51.803538367149585,399.1033253949292,2025-09-30 10:56:59.503845
2.3645615928735837,54.30899955106107,399.58421680238723,2025-09-30 10:56:59.503845
2.169238477750274,49.80664304156074,401.60548015563677,2025-09-30 10:56:59.503845
2.3602280686127104,59.79998377722517,400.2542407008198,2025-09-30 10:56:59.503845
2.294141430402333,54.78404373977983,397.6867229228241,2025-09-30 10:56:59.503845
2.282781393725657,58.27034158407193,401.1548714187205,2025-09-30 10:56:59.503845
2.2775112782427427,55.19758397899808,398.9652630339907,2025-09-30 10:56:59.503845
2.323219963479113,55.02281481020415,398.6277600331173,2025-09-30 10:56:59.503845
2.1957283367880867,51.942191580630194,398.95952425611387,2025-09-30 10:56:59.503845
2.3431605007898746,60.31532462524904,398.65531873723324,2025-09-30 10:56:59.503845
2.203765980362765,61.53357841724958,398.60826174929275,2025-09-30 10:56:59.503845
2.3743658909542056,59.8313725769608,400.27436785837864,2025-09-30 10:56:59.503845
2.234532818008522,58.571437665502636,399.57382963283345,2025-09-30 10:56:59.503845
2.2520190111018548,59.47451782137138,399.1432853028456,2025-09-30 10:56:59.503845
2.2894596815862607,52.259487914537246,400.4561054938152,2025-09-30 10:56:59.503845
2.2912462169536654,55.494303882695334,400.5510796814811,2025-09-30 10:56:59.503845
2.1819959570087017,56.0023009689601,399.8599046568141,2025-09-30 10:56:59.503845
2.3022417618551927,46.787205670279114,399.5749562687849,2025-09-30 10:56:59.503845
2.3604642154905826,59.81682328479341,400.19593612599954,2025-09-30 10:56:59.503845
2.1902865824749047,54.728186828687576,400.25921397860134,2025-09-30 10:56:59.503845
2.3648297845440815,56.08722204344135,400.34081057827547,2025-09-30 10:56:59.503845
2.248119251405601,52.350712956559086,398.8406323913126,2025-09-30 10:56:59.503845
2.2599314187350465,57.62963935740912,399.43162356431714,2025-09-30 10:56:59.503845
2.158335652747506,53.671047551361134,399.9553164375394,2025-09-30 10:56:59.503845
2.416055861432377,53.02604567100681,400.33894970754153,2025-09-30 10:56:59.503845
2.283925978855233,56.22467862517024,400.9947755505576,2025-09-30 10:56:59.503845
2.2257782021169836,50.48382742831507,397.92445911103925,2025-09-30 10:56:59.503845
2.290731620673823,53.07238339222953,400.36460408043416,2025-09-30 10:56:59.503845
2.1762049362161386,56.54321658426871,400.3271650735085,2025-09-30 10:56:59.503845
2.206915611372616,54.53732255930774,400.5504700294574,2025-09-30 10:56:59.503845
2.292995301582066,47.11554555166064,399.0297366344661,2025-09-30 10:56:59.503845
2.2549489246690895,66.10376471808085,401.5675597017629,2025-09-30 10:56:59.503845
2.2767365805808777,55.6979164126864,399.275820808348,2025-09-30 10:56:59.503845
2.4627495337433136,51.737331832287204,398.90931927006886,2025-09-30 10:56:59.503845
2.213208396320671,52.480840712932945,399.7028142252321,2025-09-30 10:56:59.503845
2.252697730969264,52.039353565800255,399.4624225444071,2025-09-30 10:56:59.503845
2.4748406084281496,53.657538912971745,400.21650453342374,2025-09-30 10:56:59.503845
2.3599563665933596,58.24952411194416,399.3148095978828,2025-09-30 10:56:59.503845
2.1784409647793668,59.741646797822206,399.75165588740333,2025-09-30 10:56:59.503845
2.1719333090068136,50.960229664611816,400.1476407486808,2025-09-30 10:56:59.503845
2.084434212962514,62.040830645818815,400.5278033528074,2025-09-30 10:56:59.503845
2.221704313352486,55.296036927219845,399.0568628489739,2025-09-30 10:56:59.503845
2.0862677254627964,55.2350840196097,398.95523987641513,2025-09-30 10:56:59.503845
2.218718046055487,57.729746640683395,400.51387842599286,2025-09-30 10:56:59.503845
2.085848723901733,45.24544045938349,398.2769433455603,2025-09-30 10:56:59.503845
2.354697442752422,49.892136682450534,400.0112258549216,2025-09-30 10:56:59.503845
2.2787356817535476,57.90169076457977,400.22716482005427,2025-09-30 10:56:59.503845
2.241027112200392,45.066983114789565,398.45102670630354,2025-09-30 10:56:59.503845
2.3945011557243774,57.02972467774908,400.3011592311344,2025-09-30 10:56:59.503845
2.3268618197551034,52.59812985158971,401.055950782103,2025-09-30 10:56:59.503845
2.121983018644148,58.97544854705462,400.769535983798,2025-09-30 10:56:59.503845
2.308914793118445,56.61005197446413,398.0438991853039,2025-09-30 10:56:59.503845
2.119501072639588,46.355298765444054,399.67174804631685,2025-09-30 10:56:59.503845
2.404265059805515,59.577912446595434,399.17418933855856,2025-09-30 10:56:59.503845
2.0984032382161724,53.301450209992375,399.23157099435576,2025-09-30 10:56:59.503845
2.053760565679042,55.34359158532756,399.05656066082145,2025-09-30 10:56:59.503845
2.320182401944477,51.47052576484694,399.75551951043934,2025-09-30 10:56:59.503845
2.141543799756021,53.20327937026205,399.53845748034036,2025-09-30 10:56:59.503845
2.278067786233121,69.06523336192981,398.5398667574881,2025-09-30 10:56:59.503845
2.2229287890952505,58.82921369103782,400.0851977846274,2025-09-30 10:56:59.503845
2.277240261239026,61.14674072395102,400.26716400758346,2025-09-30 10:56:59.503845
2.3268752285480443,46.34880974523512,400.45174838349027,2025-09-30 10:56:59.503845
2.3175565344783116,50.108340881244324,398.31789385009444,2025-09-30 10:56:59.503845
2.2439045411315117,54.735850947464584,400.6352227218346,2025-09-30 10:56:59.503845
2.3313962707234923,47.835312352121974,399.96907095616837,2025-09-30 10:56:59.503845
2.242734485623062,41.527721534113205,398.75000059866073,2025-09-30 10:56:59.503845
2.2288087953654814,47.395712804401626,399.31808513717925,2025-09-30 10:56:59.503845
2.1997163936598536,50.017271087735466,400.1690081297164,2025-09-30 10:56:59.503845
2.217158349037574,53.16282770074111,399.75436857282364,2025-09-30 10:56:59.503845
2.367657364809073,53.999715609019695,400.9338663690118,2025-09-30 10:56:59.503845
2.141313288443841,52.02417234534011,399.60660209315904,2025-09-30 10:56:59.503845
2.1817315902321748,53.2662196864663,400.50974205247604,2025-09-30 10:56:59.503845
2.1089956061878796,64.22721049726427,400.08401423078783,2025-09-30 10:56:59.503845
1.9983579825266473,50.815545256588635,400.14360086744614,2025-09-30 10:56:59.503845
2.1690366896280935,56.313361768514895,399.95095751074507,2025-09-30 10:56:59.503845
2.206183602202721,56.65222114191048,400.6622468417249,2025-09-30 10:56:59.503845
2.207540282554709,47.85753728915074,400.65864315802133,2025-09-30 10:56:59.503845
2.1850411866840025,61.934429163268284,399.4999885837358,2025-09-30 10:56:59.503845
2.2886333185513323,51.4518065038372,399.4656981826885,2025-09-30 10:56:59.503845
2.3383204641315376,52.376310690473645,400.3988813904959,2025-09-30 10:56:59.503845
1.9747257399514728,53.84233315180086,400.7848994781185,2025-09-30 10:56:59.503845
2.3989339872892423,47.819164450817226,400.9970876310702,2025-09-30 10:56:59.503845
2.326840753672206,58.69650124796793,398.5023820022904,2025-09-30 10:56:59.503845
2.3675119573481296,53.386208184704905,399.6984463943546,2025-09-30 10:56:59.503845
2.3123390099939543,52.39965095120244,398.4127647906206,2025-09-30 10:56:59.503845
2.1611283128803476,63.069645351898785,400.43583907017546,2025-09-30 10:56:59.503845
2.091332912862249,47.26035308934397,399.8601439791057,2025-09-30 10:56:59.503845
2.0167015916797233,55.06027966147866,399.91366887689907,2025-09-30 10:56:59.503845
2.316034084775277,52.01595781799004,400.1779260328777,2025-09-30 10:56:59.503845
2.2027391270899015,53.9876436631791,399.40267041456644,2025-09-30 10:56:59.503845
2.4369765412088586,57.686437237231424,400.8133097615058,2025-09-30 10:56:59.503845
2.171979758606091,54.77874110476877,400.01569952458243,2025-09-30 10:56:59.503845
2.2067907944572793,48.135952381872364,398.670958614077,2025-09-30 10:56:59.503845
2.2253571553053284,59.85920485620338,401.0766254532989,2025-09-30 10:56:59.503845
2.1530426047128137,52.62609948883624,399.98230223782787,2025-09-30 10:56:59.503845
2.2940969095529584,55.484754861925694,399.84948755410653,2025-09-30 10:56:59.503845
2.1781918949890366,56.870332457990905,398.9396735421214,2025-09-30 10:56:59.503845
2.392255697010798,48.5368237575953,400.5903504472001,2025-09-30 10:56:59.503845
2.3232170020595277,41.383360161941184,400.1287499092107,2025-09-30 10:56:59.503845
2.11916748764737,46.61583668048261,400.038484997159,2025-09-30 10:56:59.503845
2.2313017871568066,49.650073487615686,400.2369007300675,2025-09-30 10:56:59.503845
2.175958329390508,45.3890253931977,400.6578774939128,2025-09-30 10:56:59.503845
2.171736836426687,60.70067367774332,400.2949820863381,2025-09-30 10:56:59.503845
2.0956603860746004,52.24578729221132,399.74989564205384,2025-09-30 10:56:59.503845
2.387567666545686,53.56077628061709,399.6849668959159,2025-09-30 10:56:59.503845
2.1057020460657707,44.60320738300463,399.78831651518635,2025-09-30 10:56:59.503845
2.381528915556432,55.96299486209972,398.39115209001847,2025-09-30 10:56:59.503845
2.1409010805979696,56.05657417679825,399.25040987175544,2025-09-30 10:56:59.503845
2.4642350019417743,46.27117680919878,400.19610067421377,2025-09-30 10:56:59.503845
2.279414240570599,47.76609382320959,399.89685897920697,2025-09-30 10:56:59.503845
2.1182310268344793,55.55538390863767,398.67382387641027,2025-09-30 10:56:59.503845
2.190005409640761,60.508011060333885,400.13900835226116,2025-09-30 10:56:59.503845
2.271634566802806,55.7761867052329,399.5508283077728,2025-09-30 10:56:59.503845
2.4140779948436952,46.63932945221402,398.24143011587563,2025-09-30 10:56:59.503845
2.246751103161604,52.92641504420633,400.79329719279065,2025-09-30 10:56:59.503845
2.122061946657805,61.80114446200414,399.5598742085621,2025-09-30 10:56:59.503845
2.3503610439457203,60.68373989341064,400.0288961862853,2025-09-30 10:56:59.503845
2.3559410724757934,58.31828566325672,399.5216500384816,2025-09-30 10:56:59.503845
2.2627489344945704,57.474478913528664,400.14082756114675,2025-09-30 10:56:59.503845
2.2975348429503724,57.982615916827854,400.3944825113208,2025-09-30 10:56:59.503845
2.1729405491686906,59.50231792224856,400.87602186729947,2025-09-30 10:56:59.503845
2.089384731721102,64.77592532479628,398.81125604776383,2025-09-30 10:56:59.503845
2.181851567673099,56.47086222852176,399.41386826685823,2025-09-30 10:56:59.503845
2.2539084141094503,51.59411446357995,399.80660374490617,2025-09-30 10:56:59.503845
2.1825874766724467,55.713680054486936,398.4912098595649,2025-09-30 10:56:59.503845
2.3447157038828084,58.74725252255942,400.0698142817942,2025-09-30 10:56:59.503845
2.2724925582176803,58.30923632015811,398.9822776281549,2025-09-30 10:56:59.503845
2.2521726033954708,54.72295362533737,399.5250899484783,2025-09-30 10:56:59.503845
2.3072283173159245,66.33312288835802,399.34309216843593,2025-09-30 10:56:59.503845
2.359512347402983,53.00374184069141,399.65636521066176,2025-09-30 10:56:59.503845
2.3041215852387524,59.47760870528722,398.62608028427894,2025-09-30 10:56:59.503845
2.1895505568572378,48.78893823437325,399.0342315149349,2025-09-30 10:56:59.503845
2.2692645871737525,44.00385422753161,400.15706372635907,2025-09-30 10:56:59.503845
2.312567229795836,57.09771982851854,399.44256701186197,2025-09-30 10:56:59.503845
2.20088081901169,56.26044132221661,400.0845212756191,2025-09-30 10:56:59.503845
2.3048600349282333,52.21598828916338,400.2366342769656,2025-09-30 10:56:59.503845
2.322137269945764,57.90475543636051,400.53164134114706,2025-09-30 10:56:59.503845
2.1851872642441057,49.48297184820438,399.9380347347502,2025-09-30 10:56:59.503845
2.349061767690492,55.45992209988661,400.5244537711748,2025-09-30 10:56:59.503845
2.150705050625976,44.05610877296065,400.45198767476734,2025-09-30 10:56:59.503845
2.08654536686473,51.43271412168506,399.69797370600475,2025-09-30 10:56:59.503845
2.322003281438023,47.14107480767317,400.82641112191527,2025-09-30 10:56:59.503845
2.1822996157160626,53.755648329111466,399.5343258796748,2025-09-30 10:56:59.503845
2.1545906906295134,54.84082592771919,400.74965169461393,2025-09-30 10:56:59.503845
2.1883708892406966,62.339928437482925,400.20693191583825,2025-09-30 10:56:59.503845
2.2554384182844798,50.08058488180164,397.3586857691746,2025-09-30 10:56:59.503845
2.495914020312763,61.07966835501425,400.1884713334813,2025-09-30 10:56:59.503845
2.2053895105196104,58.69603588393992,399.34176359187546,2025-09-30 10:56:59.503845
2.3697560397697495,60.13221191386963,399.7271307038924,2025-09-30 10:56:59.503845
2.1638876494921306,50.93953140392345,400.42091488035953,2025-09-30 10:56:59.503845
2.514588959533267,63.92878798941711,400.3256720688337,2025-09-30 10:56:59.503845
2.094934782019706,61.746410948624245,400.87709880701027,2025-09-30 10:56:59.503845
2.404886619785411,50.43795537868183,400.0581746849454,2025-09-30 10:56:59.503845
2.357741490605314,51.69767438093941,399.94650990485536,2025-09-30 10:56:59.503845
2.252015736689681,58.83774419428908,399.1215308214779,2025-09-30 10:56:59.503845
2.2173887674273938,43.90704739894494,401.01226557804347,2025-09-30 10:56:59.503845
2.2730012603345533,57.44061157538381,400.7670054278204,2025-09-30 10:56:59.503845
2.1240216748436147,51.70321934441883,400.7787143179534,2025-09-30 10:56:59.503845
2.305628287092898,55.06512660525832,398.7550736871303,2025-09-30 10:56:59.503845
2.2108467001870062,54.081711138496416,399.86856968073664,2025-09-30 10:56:59.503845
2.2874465548441094,49.10598111795511,399.65884398290984,2025-09-30 10:56:59.503845
2.142217669525277,53.30090824670063,398.81552557436856,2025-09-30 10:56:59.503845
2.342303043696494,55.87721362668746,398.6058950547323,2025-09-30 10:56:59.503845
2.313276222484044,56.78460666951183,399.7856473119544,2025-09-30 10:56:59.503845
2.252267889197558,52.33922163970517,398.91880649185816,2025-09-30 10:56:59.503845
2.295931683323043,56.47892917784766,398.93376439876295,2025-09-30 10:56:59.503845
2.3368732564754233,53.442668779275785,400.7588590032171,2025-09-30 10:56:59.503845
2.158679535620748,47.42629987420197,400.36410305096274,2025-09-30 10:56:59.503845
2.328443929877,51.89746887797145,398.47360978878555,2025-09-30 10:56:59.503845
2.2165347784094944,57.35152937527779,400.9537523300288,2025-09-30 10:56:59.503845
2.2475774519714533,60.06838208119177,401.25114780788886,2025-09-30 10:56:59.503845
2.353249130098371,53.81095385709451,399.8679549271925,2025-09-30 10:56:59.503845
2.264727778794858,56.23700014856393,399.90446952044533,2025-09-30 10:56:59.503845
2.3208434564739164,63.90773451349044,400.03748643504576,2025-09-30 10:56:59.503845
2.2954960671802165,54.1554477202223,399.1209788549641,2025-09-30 10:56:59.503845
2.1817283480478933,47.64014250328397,400.31007993577305,2025-09-30 10:56:59.503845
2.4168714556510977,49.06554995472369,401.19978503256857,2025-09-30 10:56:59.503845
2.2357190484195915,48.62480396812424,399.54862047733053,2025-09-30 10:56:59.503845
2.2635922949202523,54.521073398171595,398.8144905309248,2025-09-30 10:56:59.503845
2.2046931382217467,45.863310360450264,399.664758527354,2025-09-30 10:56:59.503845
2.3357681941204644,48.00468393765541,398.49501037404804,2025-09-30 10:56:59.503845
2.331587581743229,55.988327091495364,400.4416089614777,2025-09-30 10:56:59.503845
2.3383962558458404,48.87528060591107,400.1440853268417,2025-09-30 10:56:59.503845
2.090984063062275,52.23507486531587,399.9976696792981,2025-09-30 10:56:59.503845
2.2336750040111917,50.20837206162503,400.70214180913325,2025-09-30 10:56:59.503845
2.3492227948670457,50.26057165332186,400.0870460302402,2025-09-30 10:56:59.503845
2.191742877213962,54.32222403668477,399.7723213677506,2025-09-30 10:56:59.503845
2.1084314314080284,54.75041531017011,398.701556403764,2025-09-30 10:56:59.503845
2.159385018039919,52.83913046572613,398.63137976651376,2025-09-30 10:56:59.503845
2.2762887046718734,53.87844139196824,400.0384696347399,2025-09-30 10:56:59.503845
2.2728928088911853,48.319998144158525,400.7233888958223,2025-09-30 10:56:59.503845
2.1679385683842334,58.05584984773431,399.9869331019543,2025-09-30 10:56:59.503845
2.3268111842012775,55.98862737565741,399.22654336067103,2025-09-30 10:56:59.503845
2.3816230757280423,46.72455553603683,400.49868819527615,2025-09-30 10:56:59.503845
2.233452406966871,53.32231923143557,400.13818386581767,2025-09-30 10:56:59.503845
2.401095122060862,52.117141453043395,398.0263033277715,2025-09-30 10:56:59.503845
2.0733438986663266,54.27794711074115,400.8847422108854,2025-09-30 10:56:59.503845
2.152804703969178,48.3472224625698,400.37419758157847,2025-09-30 10:56:59.503845
2.331599666260944,63.439686550718804,399.99967315135046,2025-09-30 10:56:59.503845
2.443678123213456,49.88527526571647,400.5685972498567,2025-09-30 10:56:59.503845
2.334055880886303,61.180980892019875,400.346248196576,2025-09-30 10:56:59.503845
2.2783306355832558,56.506723187612224,399.17098993612507,2025-09-30 10:56:59.503845
2.3823164612399697,45.39446099067488,399.0761507589515,2025-09-30 10:56:59.503845
2.1638265069986473,53.50702209332129,398.84985847822986,2025-09-30 10:56:59.503845
2.268439783826495,55.63536204975914,399.28600236666654,2025-09-30 10:56:59.503845
2.3392037392243337,58.93971430138945,399.2980161581554,2025-09-30 10:56:59.503845
2.2349107653736944,48.65960281391379,398.51782843347223,2025-09-30 10:56:59.503845
2.2307329424728537,63.504542887565734,400.1089425279187,2025-09-30 10:56:59.503845
2.2513428296471276,51.32122413018893,400.9758431368971,2025-09-30 10:56:59.503845
2.1920905879164256,57.926934312144446,399.37281378275986,2025-09-30 10:56:59.503845
2.1459017752105285,60.748063603709795,398.903684459203,2025-09-30 10:56:59.503845
2.1470726374726747,47.33215453686381,399.6219610110012,2025-09-30 10:56:59.503845
2.324207106638522,53.60492647738043,398.8176749747206,2025-09-30 10:56:59.503845
2.2490652493294414,56.45946656503628,399.82660474029836,2025-09-30 10:56:59.503845
2.226422513418227,54.251295823342915,399.50137972763827,2025-09-30 10:56:59.503845
2.1035891602155705,58.08717226870167,398.55455349100885,2025-09-30 10:56:59.503845
2.344787893761115,53.276856408450016,397.9193595937365,2025-09-30 10:56:59.503845
2.4319127803902156,54.55682264035237,402.40077111962546,2025-09-30 10:56:59.503845
2.2820480140561634,54.33801647634711,399.1050927981074,2025-09-30 10:56:59.503845
2.2525045145667395,55.485550453434925,397.38224227111897,2025-09-30 10:56:59.503845
2.310936029506323,54.19343574248087,398.33040803013483,2025-09-30 10:56:59.503845
2.287091471748818,53.21082478664622,400.51130641618676,2025-09-30 10:56:59.503845
2.2621347612616094,54.00501297081973,398.8288703229179,2025-09-30 10:56:59.503845
2.332563628233306,48.409135315668,399.9461945294585,2025-09-30 10:56:59.503845
2.4103243873153883,39.95213931937259,402.086693483134,2025-09-30 10:56:59.503845
2.159536641846752,51.53673466483131,399.6862793497468,2025-09-30 10:56:59.503845
2.3664478120824786,50.628684371400375,398.6493263918184,2025-09-30 10:56:59.503845
2.2526428450673075,45.36527170038866,400.3407855236163,2025-09-30 10:56:59.503845
2.3135082466338157,54.58622598579125,400.047463840468,2025-09-30 10:56:59.503845
2.3543284056900147,55.04977336788463,398.7429902900286,2025-09-30 10:56:59.503845
2.2363511838415255,52.64092319045651,400.205735843659,2025-09-30 10:56:59.503845
2.4057561126856695,62.921380956864965,399.43753741963826,2025-09-30 10:56:59.503845
2.2235082301119458,55.30980395399794,399.4868355360984,2025-09-30 10:56:59.503845
2.455163942428791,57.971784460722205,399.1175085444906,2025-09-30 10:56:59.503845
2.206999515158595,53.93400235794907,400.59121756584807,2025-09-30 10:56:59.503845
2.444221702149972,58.60886860516038,400.66422908650975,2025-09-30 10:56:59.503845
2.3081723112723895,59.304959784787656,400.6257990914545,2025-09-30 10:56:59.503845
2.217791680131412,53.802603903821556,400.53521134169864,2025-09-30 10:56:59.503845
2.344160160782409,54.275323771023125,399.1710270583148,2025-09-30 10:56:59.503845
2.2447949302404466,55.42071121950604,400.0790981577829,2025-09-30 10:56:59.503845
2.417898604410606,53.8969895710974,400.790202507767,2025-09-30 10:56:59.503845
2.2927973451414028,60.64565151124837,400.24603638430943,2025-09-30 10:56:59.503845
2.2557525430159786,56.39815028323134,400.4144142595107,2025-09-30 10:56:59.503845
2.358413917683418,56.3278037705834,397.7875468375423,2025-09-30 10:56:59.503845
2.1539755967976557,59.919518288458434,399.8731622947345,2025-09-30 10:56:59.503845
2.261285649250102,58.03349479927963,399.7944255539017,2025-09-30 10:56:59.503845
2.1810028690273184,57.74440845523947,399.40060652757063,2025-09-30 10:56:59.503845
2.2217314217884403,54.70132028667566,399.566994671025,2025-09-30 10:56:59.503845
2.3345515044161194,48.43084419564476,399.87211725854786,2025-09-30 10:56:59.503845
2.260688821408894,55.42975879853139,399.26187014444184,2025-09-30 10:56:59.503845
2.3048967248216563,56.29671684226648,398.7582390967868,2025-09-30 10:56:59.503845
2.3545192756610045,48.3549029977445,398.04576566855013,2025-09-30 10:56:59.503845
2.231244798459061,52.33826330650982,400.629448169966,2025-09-30 10:56:59.503845
2.223196351357561,52.512010597245755,400.06464663317286,2025-09-30 10:56:59.503845
2.348315857157563,60.47552170288832,398.83466121606074,2025-09-30 10:56:59.503845
2.2614689367166934,40.08895947252348,400.68728104033204,2025-09-30 10:56:59.503845
2.3005968035516227,47.55387936445491,399.2559987601554,2025-09-30 10:56:59.503845
2.2352194373346777,57.32179700593681,400.51008140984953,2025-09-30 10:56:59.503845
2.305599639859287,48.00369513742006,399.5957165202646,2025-09-30 10:56:59.503845
2.266812947817944,60.93828082316958,399.0577472461123,2025-09-30 10:56:59.503845
2.1217790380317516,43.763720837614954,399.91931626122783,2025-09-30 10:56:59.503845
2.169780991845458,52.98940335841154,399.9323956977971,2025-09-30 10:56:59.503845
2.119054614278038,48.27868888224602,399.64441674702624,2025-09-30 10:56:59.503845
2.44209611419552,56.981898893175185,399.15300254114413,2025-09-30 10:56:59.503845
2.044930266802594,59.88633455576637,399.5901074655915,2025-09-30 10:56:59.503845
2.3675440635931304,56.716283772735316,399.17538879719433,2025-09-30 10:56:59.503845
2.2116816946946662,48.009892325670776,400.3362434740915,2025-09-30 10:56:59.503845
2.181347102321885,54.263509609518444,399.0929137602648,2025-09-30 10:56:59.503845
2.220777419503268,58.85644253884204,399.8609302915857,2025-09-30 10:56:59.503845
2.2921578386660313,53.02946505006547,398.8814827898815,2025-09-30 10:56:59.503845
1.9608726054429253,56.03782623470377,398.9887575104831,2025-09-30 10:56:59.503845
2.2371315403455276,56.64875342722808,398.3701347430421,2025-09-30 10:56:59.503845
2.341367942700219,56.315396023748995,399.09098087616786,2025-09-30 10:56:59.503845
2.1894935088795617,57.09963706414395,400.6126187110627,2025-09-30 10:56:59.503845
2.2945963319184237,72.03403551647355,399.0646877721433,2025-09-30 10:56:59.503845
2.1409367375664994,54.871981350566145,399.36001339078547,2025-09-30 10:56:59.503845
2.2229346504609775,53.07060078803654,399.8408653562119,2025-09-30 10:56:59.503845
2.2006238103183464,51.53347735335788,400.01772922737774,2025-09-30 10:56:59.503845
2.329119694550352,57.50512229922987,401.399286847997,2025-09-30 10:56:59.503845
2.2987356168888726,46.4292087244876,398.98087145251264,2025-09-30 10:56:59.503845
2.2149481950402325,60.0197939871174,399.52375832922,2025-09-30 10:56:59.503845
2.3637361608011025,60.28815723812503,399.50491958984765,2025-09-30 10:56:59.503845
2.1604829013332956,52.67345238167137,399.4616977849394,2025-09-30 10:56:59.503845
2.403792553320504,54.97487515707102,399.01124022125737,2025-09-30 10:56:59.503845
2.260845200111374,54.80780516825728,398.38028466988266,2025-09-30 10:56:59.503845
2.2313844354196934,54.39891370592109,400.15953894798633,2025-09-30 10:56:59.503845
2.0173648186904174,39.44603545245445,401.0759289656975,2025-09-30 10:56:59.503845
2.150388843212072,50.82225667679287,400.8915121794,2025-09-30 10:56:59.503845
2.1706528759134853,52.54072294614565,400.5595636699251,2025-09-30 10:56:59.503845
2.1914715613332865,44.35554996098905,399.8988449567941,2025-09-30 10:56:59.503845
2.325322651368347,53.73964677091846,399.41260893194783,2025-09-30 10:56:59.503845
2.167597467556739,49.163911654637516,400.334324063572,2025-09-30 10:56:59.503845
2.3010730340704866,62.30517808185108,400.674049822605,2025-09-30 10:56:59.503845
2.182757097288676,50.46327247304453,398.81169474355016,2025-09-30 10:56:59.503845
2.1480852091341114,54.479475479487526,399.79380949303294,2025-09-30 10:56:59.503845
2.247556909356677,58.17894461311258,400.82571734295334,2025-09-30 10:56:59.503845
2.3568847410493765,47.84400584429255,400.62187517188704,2025-09-30 10:56:59.503845
2.205909950870767,49.365573762911204,399.592554210656,2025-09-30 10:56:59.503845
2.4154577427529027,51.78254635849603,399.1385609732399,2025-09-30 10:56:59.503845
2.092942371722889,49.27202177742984,400.4014313357534,2025-09-30 10:56:59.503845
2.459426405377416,52.074240211208675,400.72558712302447,2025-09-30 10:56:59.503845
2.3052559202632574,41.68930444875077,400.91070445608443,2025-09-30 10:56:59.503845
2.05420705767863,57.81467705106788,399.78542622054835,2025-09-30 10:56:59.503845
2.4012745648226983,67.62255109040386,398.8600535292528,2025-09-30 10:56:59.503845
2.30883234600661,52.63800578678751,399.7410589799542,2025-09-30 10:56:59.503845
2.2949605312517782,48.56599724005364,399.0109852271784,2025-09-30 10:56:59.503845
2.1660613064517844,49.5241976403311,401.0820455910406,2025-09-30 10:56:59.503845
2.1796679221135973,49.454325524988114,400.4735600654169,2025-09-30 10:56:59.503845
2.158728682571713,55.83014341151198,398.35655890660917,2025-09-30 10:56:59.503845
2.329657616663275,55.91377743909183,400.13356355203035,2025-09-30 10:56:59.503845
2.262124957438322,48.74876193219312,400.92294413788113,2025-09-30 10:56:59.503845
2.384742798345646,56.15305299711773,398.03273143762925,2025-09-30 10:56:59.503845
2.2515961233067054,56.98276078466997,400.6312964902025,2025-09-30 10:56:59.503845
2.2523494073006693,55.03735984628539,398.88126026885266,2025-09-30 10:56:59.503845
2.1932676246436027,55.600098713622124,399.5027482416019,2025-09-30 10:56:59.503845
2.240846926861074,52.4087356172915,400.4325452553143,2025-09-30 10:56:59.503845
2.2243582097753487,48.75945979664504,399.22516215952766,2025-09-30 10:56:59.503845
2.2825602847357875,51.77092830147313,399.93284595120184,2025-09-30 10:56:59.503845
2.3399822589355193,59.76932700955487,400.3078132377389,2025-09-30 10:56:59.503845
2.3707081492830837,53.154992811038426,398.5635565689008,2025-09-30 10:56:59.503845
2.325034816588167,56.63484632140926,400.7639473208565,2025-09-30 10:56:59.503845
2.244482924939661,48.1597210176882,400.12192793062155,2025-09-30 10:56:59.503845
2.385647346400856,53.75757321929529,398.94619682557925,2025-09-30 10:56:59.503845
2.364644171475689,56.09880142311579,400.32322135210745,2025-09-30 10:56:59.503845
2.1895119907486205,57.16329880312957,399.80662537208775,2025-09-30 10:56:59.503845
2.1088687738064795,52.57291875893517,400.0683056116933,2025-09-30 10:56:59.503845
2.2175843886998408,42.00213735812708,399.8729720508729,2025-09-30 10:56:59.503845
2.20715096515188,52.56398351298344,400.0614805622264,2025-09-30 10:56:59.503845
2.1877832501474193,48.667365123462474,400.2884523780083,2025-09-30 10:56:59.503845
2.168590332749311,55.3567289484432,400.56779915747495,2025-09-30 10:56:59.503845
2.2890152877630623,50.858333401013496,400.2851436309844,2025-09-30 10:56:59.503845
2.326059295225946,55.673962990413116,399.3036198753199,2025-09-30 10:56:59.503845
2.3240638713552575,58.53707289665745,400.18443762522605,2025-09-30 10:56:59.503845
2.1195869677948704,44.52265344580614,399.7933617561144,2025-09-30 10:56:59.503845
2.250563201867433,51.76911062228527,400.15837563110824,2025-09-30 10:56:59.503845
2.2553720442558522,51.27791335979196,400.172236690058,2025-09-30 10:56:59.503845
2.267964780292153,62.007927945349074,399.78067019939573,2025-09-30 10:56:59.503845
2.2623445334101158,51.49316879782579,399.0328294564105,2025-09-30 10:56:59.503845
2.2790634571711865,54.894665149347055,400.1995798000885,2025-09-30 10:56:59.503845
2.2835090401671136,59.14132194115996,399.78482287219043,2025-09-30 10:56:59.503845
2.4571168036893063,59.055069409664746,400.6506058293274,2025-09-30 10:56:59.503845
2.173675741212848,54.28495167745857,400.0801577764869,2025-09-30 10:56:59.503845
2.3070919692188023,60.62340508265467,398.1589158086816,2025-09-30 10:56:59.503845
2.2215261285805026,61.995041309154445,400.00906098289926,2025-09-30 10:56:59.503845
2.3830738082819183,61.33112045998016,399.565325940728,2025-09-30 10:56:59.503845
2.4229526939926846,53.03513800524009,400.8402777086689,2025-09-30 10:56:59.503845
2.2917756834634124,56.38433025738861,400.07679809394,2025-09-30 10:56:59.503845
2.369458775369244,48.90555249716721,399.9665576075923,2025-09-30 10:56:59.503845
2.253504875208219,58.940717631994175,400.02565938789786,2025-09-30 10:56:59.503845
2.1716530015316526,59.73372394664074,399.65406551723686,2025-09-30 10:56:59.503845
2.2998291113986813,57.081770163025524,399.10796193762343,2025-09-30 10:56:59.503845
2.3623858163289233,42.443715479145325,399.89057737114246,2025-09-30 10:56:59.503845
2.445640967854636,48.74461047320198,399.14049978252996,2025-09-30 10:56:59.503845
2.233435226265513,53.75975587359063,399.5574722311461,2025-09-30 10:56:59.503845
2.305362722979559,56.360926834629986,399.13715634505496,2025-09-30 10:56:59.503845
2.2451746553858425,60.96514176890521,399.5125120329336,2025-09-30 10:56:59.503845
2.301484368494529,53.88662913728785,400.2619729467494,2025-09-30 10:56:59.503845
2.186070466654833,57.99975128142583,399.58903748132354,2025-09-30 10:56:59.503845
2.029532160710831,48.68263642781717,399.9045093058791,2025-09-30 10:56:59.503845
2.313941061838436,59.00572694138353,401.1577386719994,2025-09-30 10:56:59.503845
2.136554643235409,53.73993831447468,399.4962189288096,2025-09-30 10:56:59.503845
2.2297909162964795,50.59431039303609,399.2246459659831,2025-09-30 10:56:59.503845
2.342762554184337,47.09540261162871,399.45392265265014,2025-09-30 10:56:59.503845
2.2649517001545023,57.01238486064729,397.54312694117726,2025-09-30 10:56:59.503845
2.327097132340048,58.55741429517972,401.1670034219033,2025-09-30 10:56:59.503845
2.320141849338656,56.38428742536847,399.12085120250885,2025-09-30 10:56:59.503845
2.3077612106734033,54.69070669718535,399.7572057261839,2025-09-30 10:56:59.503845
2.3576721138592687,45.95541945403097,400.92287950547905,2025-09-30 10:56:59.503845
2.1994537942737025,59.712757110230136,401.11082525921637,2025-09-30 10:56:59.503845
2.1725095164449577,53.20383212378635,399.63442243070176,2025-09-30 10:56:59.503845
2.373400027095112,46.390491711271125,399.563584059872,2025-09-30 10:56:59.503845
2.3535329676432677,48.500495909229194,399.87869225725314,2025-09-30 10:56:59.503845
2.261846341655022,63.59169923771949,398.86746208402263,2025-09-30 10:56:59.503845
2.137727128253583,47.047875102836976,399.16855389651334,2025-09-30 10:56:59.503845
2.504062798489606,47.67157812293288,399.659454301122,2025-09-30 10:56:59.503845
2.1448950530599564,49.266194780339696,400.4831001918884,2025-09-30 10:56:59.503845
2.1478901890098516,58.877198784124225,399.27197379283,2025-09-30 10:56:59.503845
2.3732035595714076,50.17955984663083,399.2893611220921,2025-09-30 10:56:59.503845
2.3794597360431795,46.1618131424559,399.7383822427892,2025-09-30 10:56:59.503845
2.2552166000949114,55.068966348783185,400.0628955691555,2025-09-30 10:56:59.503845
2.2735678972498814,54.02407377107229,399.50037421839403,2025-09-30 10:56:59.503845
2.3792913699290614,49.53629324017685,398.9220137268918,2025-09-30 10:56:59.503845
2.3295644368576376,50.73417951910593,399.7361966450667,2025-09-30 10:56:59.503845
2.378655456571839,57.776895939641975,400.5478133539851,2025-09-30 10:56:59.503845
2.1850768744939995,59.6606607751056,399.8109349274105,2025-09-30 10:56:59.503845
2.3819118414709273,54.18812017516803,401.33061233279835,2025-09-30 10:56:59.503845
2.3762553368919397,51.84594375729891,399.8008661374319,2025-09-30 10:56:59.503845
2.317255147848265,58.45430097630234,398.81535480312243,2025-09-30 10:56:59.503845
2.335596322013283,53.34453025415407,399.81418949196546,2025-09-30 10:56:59.503845
2.291854456834523,51.03736563006721,399.65923300061854,2025-09-30 10:56:59.503845
2.2789733853803527,51.800735966695804,399.8158102030433,2025-09-30 10:56:59.503845
2.459638328191363,53.26925712472383,400.4430352672067,2025-09-30 10:56:59.503845
2.290282998028922,56.36930937227656,400.4358217288411,2025-09-30 10:56:59.503845
2.163707676859698,45.42350020016777,398.48859169567345,2025-09-30 10:56:59.503845
2.1730034138558367,57.12440227635426,399.5545852812579,2025-09-30 10:56:59.503845
2.1389336057982504,54.9667238541454,397.84585744818736,2025-09-30 10:56:59.503845
2.347220540495595,51.57048069378014,399.55179460521083,2025-09-30 10:56:59.503845
2.2406115192673814,62.68288873999117,399.0625008875252,2025-09-30 10:56:59.503845
2.32474751127419,52.62719221288725,400.8739834657894,2025-09-30 10:56:59.503845
2.1600047336475643,51.230773341008415,399.90050958465906,2025-09-30 10:56:59.503845
2.3342335864356563,50.93634715827212,399.7563029888328,2025-09-30 10:56:59.503845
2.1826073072558567,51.02991519356224,400.8422407621666,2025-09-30 10:56:59.503845
2.2282034389654277,49.50278226328313,400.5802074591293,2025-09-30 10:56:59.503845
2.1458330676442223,57.59100438183509,400.28311822237066,2025-09-30 10:56:59.503845
2.1910371719805224,51.187221628384435,399.8975552719473,2025-09-30 10:56:59.503845
2.1339677095514866,56.18691124406875,400.1839159394877,2025-09-30 10:56:59.503845
2.3093177209038807,56.029473530407046,401.18901099667363,2025-09-30 10:56:59.503845
2.344701563072973,64.06888550681597,399.9617285252703,2025-09-30 10:56:59.503845
2.1612965499464902,60.069681429471686,402.03159453200607,2025-09-30 10:56:59.503845
2.2973428140870435,55.6828527203148,400.6102020782073,2025-09-30 10:56:59.503845
2.155258105321772,57.30684373286031,399.8939915894929,2025-09-30 10:56:59.503845
2.1590549434501924,44.58649217988252,399.99696430738356,2025-09-30 10:56:59.503845
2.233448641679652,53.013295925726645,400.65151947548367,2025-09-30 10:56:59.503845
2.3060745914901846,66.91777312662452,399.67226148469314,2025-09-30 10:56:59.503845
2.161248637040153,50.11230978266644,400.8375868422171,2025-09-30 10:56:59.503845
2.4004196661660746,51.75948843223714,400.0302469017352,2025-09-30 10:56:59.503845
2.0415321887077957,55.75335515785731,400.37294325649145,2025-09-30 10:56:59.503845
2.3506053289547033,47.46603896533929,399.81904440901,2025-09-30 10:56:59.503845
2.394269602687414,50.6622258800662,399.67737657921907,2025-09-30 10:56:59.503845
2.3840175114581417,58.259902419915356,400.5459527456891,2025-09-30 10:56:59.503845
2.1996401760511666,60.45125131270608,401.51813783215385,2025-09-30 10:56:59.503845
2.138167759838004,57.98574889721566,399.74473320941615,2025-09-30 10:56:59.503845
2.2555198159822516,56.2372230400143,400.1818446635393,2025-09-30 10:56:59.503845
2.305879528523912,56.28546412590215,401.0658793929065,2025-09-30 10:56:59.503845
2.06200009992993,53.20855877126571,399.3842468087866,2025-09-30 10:56:59.503845
2.1464332344939296,53.79526499322513,400.56227301336816,2025-09-30 10:56:59.503845
1.9710553551510914,46.15592183256723,399.5219321613448,2025-09-30 10:56:59.503845
2.355219403556446,53.633333614673695,398.5635875953322,2025-09-30 10:56:59.503845
2.1016431802140847,52.94232619022603,400.2421055951068,2025-09-30 10:56:59.503845
2.2577978462266,49.56121242470155,400.54823570734004,2025-09-30 10:56:59.503845
2.2455741757025613,53.2495801998022,400.186731507762,2025-09-30 10:56:59.503845
2.176133736760935,53.32636276257318,400.1641024556136,2025-09-30 10:56:59.503845
2.3343703616395217,58.947084510640984,399.2757799604808,2025-09-30 10:56:59.503845
2.1198409776677343,46.57736727802694,401.44458768209677,2025-09-30 10:56:59.503845
2.055918656544852,48.29967957256209,399.4670736953574,2025-09-30 10:56:59.503845
2.287584725770463,62.98458651428074,400.14224797637064,2025-09-30 10:56:59.503845
2.066343674281621,58.99364149174495,399.03512559940316,2025-09-30 10:56:59.503845
2.3401375176615558,50.84473680917813,399.8188768347979,2025-09-30 10:56:59.503845
2.190740247998723,53.654401701573526,400.5158145972123,2025-09-30 10:56:59.503845
2.346169404145988,55.52734340049263,399.7912223913159,2025-09-30 10:56:59.503845
2.0983428636999952,48.546967987153586,399.58189137221035,2025-09-30 10:56:59.503845
2.260093273026461,49.24489639319592,401.01416014282967,2025-09-30 10:56:59.503845
2.2540332420060682,64.93100308712651,398.8280421068297,2025-09-30 10:56:59.503845
2.2864465234719926,62.30098135520818,400.35857791405283,2025-09-30 10:56:59.503845
2.3805948375339216,55.33058846819024,398.87774961062155,2025-09-30 10:56:59.503845
2.229781006968153,57.46172334975864,399.3103469546395,2025-09-30 10:56:59.503845
2.204280196334536,44.480332736675805,400.0058058658989,2025-09-30 10:56:59.503845
2.297283244775369,55.12916771088346,398.8028736901908,2025-09-30 10:56:59.503845
2.478681075816343,57.25998495206025,399.98105785872735,2025-09-30 10:56:59.503845
2.2518131534253616,56.15481680771306,399.8067514647134,2025-09-30 10:56:59.503845
2.1715390836497566,56.02378963457296,400.9199413013867,2025-09-30 10:56:59.503845
2.356797752892775,42.37530403469173,399.3084983500847,2025-09-30 10:56:59.503845
2.2180503119990242,57.00492859466686,399.9950576991706,2025-09-30 10:56:59.503845
2.474456956086166,49.06806424329487,401.09065895227934,2025-09-30 10:56:59.503845
2.1960821643202832,69.40485793539168,398.8497503217235,2025-09-30 10:56:59.503845
2.273013593354879,53.2401851808778,401.6797883108254,2025-09-30 10:56:59.503845
2.1970517299544534,48.717547172636195,398.9935110387893,2025-09-30 10:56:59.503845
2.2002865138851733,59.47625528178037,400.6264861120052,2025-09-30 10:56:59.503845
2.086262772170671,59.14033923535819,399.7340848867865,2025-09-30 10:56:59.503845
2.4296329031340282,51.809564783697276,400.3564081459564,2025-09-30 10:56:59.503845
2.2326418237951953,50.7393179250982,399.7888336544774,2025-09-30 10:56:59.503845
2.0721284176702315,54.28846972809037,400.16431522705915,2025-09-30 10:56:59.503845
2.2699753210583102,51.38313542282236,399.3817473056473,2025-09-30 10:56:59.503845
2.219673466494713,47.22928737392982,399.96579111310484,2025-09-30 10:56:59.503845
2.319649215606376,67.08900834082839,401.06208086161655,2025-09-30 10:56:59.503845
2.238622974148212,54.90854887347914,400.6142461214946,2025-09-30 10:56:59.503845
2.2514687710415746,66.67826799928619,398.6218434010672,2025-09-30 10:56:59.503845
2.245011203083646,55.26563808579193,399.48421437356905,2025-09-30 10:56:59.503845
2.1078746758576874,55.73834662550842,399.55523565492604,2025-09-30 10:56:59.503845
2.3450443811652413,53.71764647620418,399.483430956231,2025-09-30 10:56:59.503845
2.3076280327144367,59.947722200018724,399.75764866211824,2025-09-30 10:56:59.503845
2.184760091964191,54.16019707253138,399.3593577438656,2025-09-30 10:56:59.503845
2.279150925972539,47.070873178698506,399.7331755293932,2025-09-30 10:56:59.503845
2.3004169252026405,59.144208350956205,400.049817605177,2025-09-30 10:56:59.503845
2.2735054047263947,60.90053574884623,398.5931888218599,2025-09-30 10:56:59.503845
2.3412030655951668,51.86564141660516,400.35419729784724,2025-09-30 10:56:59.503845
2.2498895594029995,51.523243779494415,399.07944265459327,2025-09-30 10:56:59.503845
2.157805158951568,65.70836050655016,400.18370655931943,2025-09-30 10:56:59.503845
2.1199121631426534,42.898214131332594,398.73123177826255,2025-09-30 10:56:59.503845
2.2385307795674927,53.46865584505795,398.0160724343276,2025-09-30 10:56:59.503845
2.1621668215052674,49.726797981075535,400.2654435261577,2025-09-30 10:56:59.503845
2.1655519061148194,54.16307135596747,399.4068533711906,2025-09-30 10:56:59.503845
2.371606751748703,55.87022514103915,398.745249515415,2025-09-30 10:56:59.503845
2.2066661813710944,55.9499670714443,400.6131877778662,2025-09-30 10:56:59.503845
2.1024857336073293,53.72629613738696,398.69825753543563,2025-09-30 10:56:59.503845
2.309522337653218,45.88255784414562,399.7703422384715,2025-09-30 10:56:59.503845
2.294507566195538,54.874194813226154,401.130103438138,2025-09-30 10:56:59.503845
2.2788777216830582,49.978839195037864,400.14221945144453,2025-09-30 10:56:59.503845
2.140251362175004,64.3879567198314,400.66900229341536,2025-09-30 10:56:59.503845
2.346226805521831,51.17910209368247,399.6893494781653,2025-09-30 10:56:59.503845
2.116861374414488,58.49777216227872,399.47510815200735,2025-09-30 10:56:59.503845
2.2927584564530066,50.93929675270623,399.3752069710169,2025-09-30 10:56:59.503845
2.108891249542177,54.954470223595564,398.668369587099,2025-09-30 10:56:59.503845
2.1393883169248813,45.727073036804285,399.2750377549576,2025-09-30 10:56:59.503845
2.434474802187371,46.522836641492084,399.5569853727828,2025-09-30 10:56:59.503845
2.13768115384571,52.77205495885358,400.7676634930071,2025-09-30 10:56:59.503845
2.36080806690396,61.11449864014913,399.63043311719235,2025-09-30 10:56:59.503845
2.215579978831649,52.72789337711482,398.68610523444477,2025-09-30 10:56:59.503845
2.2028843096913278,60.144391935734625,400.36702723307866,2025-09-30 10:56:59.503845
2.363089787373019,49.51441947625536,399.22714157527173,2025-09-30 10:56:59.503845
2.1508838380570263,50.59789521263106,398.5091746069935,2025-09-30 10:56:59.503845
2.163096862264272,49.214698864692224,397.9082441142442,2025-09-30 10:56:59.503845
2.450929219610807,57.08880044719906,400.2329958996712,2025-09-30 10:56:59.503845
2.2558313341000975,52.46881048227234,398.9994222207463,2025-09-30 10:56:59.503845
2.2640210330689636,52.30490243922677,400.5766190953663,2025-09-30 10:56:59.503845
2.237699614013897,52.05487341751821,399.4256315745287,2025-09-30 10:56:59.503845
2.3812389353366554,45.55583768206378,399.8022592907152,2025-09-30 10:56:59.503845
2.386656501309022,53.22205990360054,400.9442989458484,2025-09-30 10:56:59.503845
2.320111910445962,61.64449063988221,401.047564394155,2025-09-30 10:56:59.503845
2.154980224782619,57.340560317013264,398.61909210661963,2025-09-30 10:56:59.503845
2.269229181950402,58.63570234650638,399.61465553806823,2025-09-30 10:56:59.503845
2.2576571061686628,56.24193913191106,402.2714410416388,2025-09-30 10:56:59.503845
2.4732325274630846,57.31395724602447,399.6723953695197,2025-09-30 10:56:59.503845
2.1525730732553603,57.73419908475799,400.0061810850808,2025-09-30 10:56:59.503845
2.205456532608824,55.965632305506894,400.1300973404836,2025-09-30 10:56:59.503845
2.3744281834176384,65.69983081918694,399.746277055148,2025-09-30 10:56:59.503845
2.3834488088330046,56.676984721078696,399.47237715109867,2025-09-30 10:56:59.503845
2.1926242257871515,51.72072091447515,400.40578004076275,2025-09-30 10:56:59.503845
2.3693258521796277,50.34737001619016,399.59740164036583,2025-09-30 10:56:59.503845
2.262672497303878,48.04252675984438,398.09277787083994,2025-09-30 10:56:59.503845
2.015540698925385,52.052198217209146,400.0844774592902,2025-09-30 10:56:59.503845
2.1469001260218175,55.79025144396835,399.09090944495586,2025-09-30 10:56:59.503845
2.443800106420114,47.57599578995581,400.1333612696481,2025-09-30 10:56:59.503845
2.2742838535078955,46.286369480927476,401.13018208160577,2025-09-30 10:56:59.503845
2.2237461933472518,50.91741263275754,400.4294768589879,2025-09-30 10:56:59.503845
2.121687490831482,50.627606726463846,401.3002335233456,2025-09-30 10:56:59.503845
2.168710900736098,42.87733354442747,398.93665515685115,2025-09-30 10:56:59.503845
2.392945571318511,51.5589568997597,399.8115336809134,2025-09-30 10:56:59.503845
2.257672768686373,54.944683049017186,399.1154498444244,2025-09-30 10:56:59.503845
2.4075077976370496,57.9452237696978,399.5527511205379,2025-09-30 10:56:59.503845
2.3468097847350866,55.57297262468046,400.347609022994,2025-09-30 10:56:59.503845
2.1742592581476083,59.559047220802526,398.9527422797855,2025-09-30 10:56:59.503845
2.5314779391412894,47.84488742082469,399.6016914921288,2025-09-30 10:56:59.503845
2.2573450161223594,53.987607955032146,399.71213615951626,2025-09-30 10:56:59.503845
2.276401905368463,58.114836137501996,398.6346750801159,2025-09-30 10:56:59.503845
2.152481643718381,59.0237497652753,400.50119619752985,2025-09-30 10:56:59.503845
2.2571919793529474,52.541964542771105,399.26149549095334,2025-09-30 10:56:59.503845
2.4123355143330882,54.59391546008894,399.3674232115408,2025-09-30 10:56:59.503845
2.2421107814444223,52.19794420347151,400.3231844751517,2025-09-30 10:56:59.503845
2.2758361303148504,61.69509079706757,400.0940676418108,2025-09-30 10:56:59.503845
2.1441604927468134,54.604347469876764,399.4442131500906,2025-09-30 10:56:59.503845
2.2012056420239596,52.93466123915869,399.68624326259516,2025-09-30 10:56:59.503845
2.3504982011798665,49.71359710725501,399.8156909672323,2025-09-30 10:56:59.503845
2.190958242953384,53.49912469356162,399.911391796526,2025-09-30 10:56:59.503845
2.391944713772901,51.57211718944014,399.0407045277043,2025-09-30 10:56:59.503845
2.2031205498454076,49.60047994846065,400.1408136797646,2025-09-30 10:56:59.503845
2.4255191400629372,45.777724723691676,398.26970258397307,2025-09-30 10:56:59.503845
2.1754604098012336,56.52891230035444,399.12266278098497,2025-09-30 10:56:59.503845
2.1564601044085556,56.318157991298,399.1339071459108,2025-09-30 10:56:59.503845
2.217341644738645,49.10971200135934,399.8701710653728,2025-09-30 10:56:59.503845
2.2764422291561424,58.32032271479096,400.4163332880929,2025-09-30 10:56:59.503845
2.3585423823707594,56.25895722324332,398.93571925234426,2025-09-30 10:56:59.503845
2.3341477848331147,49.91556892631306,399.2737109903472,2025-09-30 10:56:59.503845
2.2136750344860063,54.32324814630382,400.3125142801865,2025-09-30 10:56:59.503845
2.202148255540299,52.0389180781524,399.11648168045826,2025-09-30 10:56:59.503845
2.2259700545840735,56.675298337143275,398.86928884550446,2025-09-30 10:56:59.503845
2.2159749272008025,52.0811504132008,398.61095130069424,2025-09-30 10:56:59.503845
2.2040291061833965,47.27649451051591,399.1682072062903,2025-09-30 10:56:59.503845
2.21927273724242,57.96199734552402,398.9316551782797,2025-09-30 10:56:59.503845
2.1965159678004302,52.255396123208754,400.7071389022143,2025-09-30 10:56:59.503845
2.269017659983383,50.808129524065954,400.2452370131478,2025-09-30 10:56:59.503845
2.2242675935609943,49.91113954206072,398.3891262061533,2025-09-30 10:56:59.503845
2.2962001756557866,57.45107063120945,399.3505069829092,2025-09-30 10:56:59.503845
2.2017218054658283,46.13718901475703,401.16851925232163,2025-09-30 10:56:59.503845
2.1460566691221206,61.37434759563313,400.28365020104735,2025-09-30 10:56:59.503845
2.24673682051043,57.239721759584455,399.6076311837014,2025-09-30 10:56:59.503845
2.3322699583039586,63.056243962532136,398.66606283139606,2025-09-30 10:56:59.503845
2.2322992101137444,52.97196561782031,398.6916374824399,2025-09-30 10:56:59.503845
2.278575465293687,54.57411271288554,398.8583190184693,2025-09-30 10:56:59.503845
2.1256422600141667,50.07322715756806,399.2978814476666,2025-09-30 10:56:59.503845
2.290600054725515,49.85702824551872,399.25385419801165,2025-09-30 10:56:59.503845
2.3167638648677764,55.401959331235034,399.55981229094016,2025-09-30 10:56:59.503845
2.0951827932626648,61.0666490458368,401.3120973477831,2025-09-30 10:56:59.503845
2.3718404006605827,52.99786844721718,397.9087452790857,2025-09-30 10:56:59.503845
2.1227072860205296,54.51310548775153,400.2277084839968,2025-09-30 10:56:59.503845
2.249083382640387,56.773681062381115,399.66249236215356,2025-09-30 10:56:59.503845
2.17389706974238,60.404567044617295,398.7747469443234,2025-09-30 10:56:59.503845
2.178118956669947,52.703254667610985,400.55256899515103,2025-09-30 10:56:59.503845
2.345265440795757,61.36685882642166,399.5049270290535,2025-09-30 10:56:59.503845
2.2120545544924357,61.44659745364995,400.11476376883314,2025-09-30 10:56:59.503845
2.3399315587267506,51.696687688017235,398.4337117668498,2025-09-30 10:56:59.503845
2.233984840083025,57.233745251204105,399.16308773732277,2025-09-30 10:56:59.503845
2.2962792294210383,52.38360589280133,398.53840792013676,2025-09-30 10:56:59.503845
2.351355335920507,59.75232126798751,400.2166166379261,2025-09-30 10:56:59.503845
2.38158862690369,48.745515777865954,400.8460281171985,2025-09-30 10:56:59.503845
2.1673125596549787,57.23996363955734,400.9457523384832,2025-09-30 10:56:59.503845
2.3833800547535358,63.16747777534198,399.004400637946,2025-09-30 10:56:59.503845
2.223349118609724,58.359048577148435,399.9660709207146,2025-09-30 10:56:59.503845
2.10910151783243,54.54753496841466,399.0833813128044,2025-09-30 10:56:59.503845
2.362208763232428,51.73657527818782,399.29191896240206,2025-09-30 10:56:59.503845
2.2120302540276695,47.568006374790244,398.36477937416873,2025-09-30 10:56:59.503845
2.0960729968321963,41.078976927364515,401.3906918781547,2025-09-30 10:56:59.503845
2.2453591425940003,57.779060983986255,400.2917104136454,2025-09-30 10:56:59.503845
2.130650571597925,53.96282576886959,398.55151858431174,2025-09-30 10:56:59.503845
2.3173671462652643,57.694080872874,399.9773673136583,2025-09-30 10:56:59.503845
2.443673809970728,58.03221406615748,399.7276667454237,2025-09-30 10:56:59.503845
2.392241967695686,62.41521804123234,399.44814876501295,2025-09-30 10:56:59.503845
2.2693092229936394,63.38216220918925,400.47493425283415,2025-09-30 10:56:59.503845
2.3530438770464164,54.29317215276031,399.58500317331084,2025-09-30 10:56:59.503845
2.36939560367008,52.027673501217684,400.3992373421087,2025-09-30 10:56:59.503845
2.314670656068735,56.36738066269141,401.17403900264094,2025-09-30 10:56:59.503845
2.201908926681446,49.16346039157939,400.27641227557945,2025-09-30 10:56:59.503845
2.4041058676860314,53.59861846842446,398.8996231035697,2025-09-30 10:56:59.503845
2.1633635857444533,46.418981822226435,398.6517523629467,2025-09-30 10:56:59.503845
2.2625674245154777,48.162779800298686,399.1647855579008,2025-09-30 10:56:59.503845
2.3538619763579938,53.31043015056119,399.57095307104777,2025-09-30 10:56:59.503845
2.1933663993787267,47.90198757798059,399.4891823964997,2025-09-30 10:56:59.503845
2.252642575539841,47.02576309920397,399.2381765772802,2025-09-30 10:56:59.503845
2.3638932940384603,70.89121264092519,399.8483795468998,2025-09-30 10:56:59.503845
2.4098780111822435,46.76521211812935,398.8410607773395,2025-09-30 10:56:59.503845
2.142870709484767,56.39517254393089,399.92470282031735,2025-09-30 10:56:59.503845
2.2561639646341103,59.87055594010519,399.4278586357382,2025-09-30 10:56:59.503845
2.3429950370205987,56.83646859657787,398.0813379376624,2025-09-30 10:56:59.503845
2.4635663694413883,50.62759875919335,399.70751679753977,2025-09-30 10:56:59.503845
2.11035207048232,58.5835716584976,399.9985844411181,2025-09-30 10:56:59.503845
2.316767395872179,62.360233011575446,398.3777184739258,2025-09-30 10:56:59.503845
2.407966928044383,54.71104841316266,399.31760837144276,2025-09-30 10:56:59.503845
2.2179676177635037,55.469775996196574,400.5678537767319,2025-09-30 10:56:59.503845
2.2484556359989356,55.26035641400017,399.7139721238328,2025-09-30 10:56:59.503845
2.3566615697667723,55.499873981596025,400.1613966557679,2025-09-30 10:56:59.503845
2.2478344260405065,45.57032080635344,400.78407882012453,2025-09-30 10:56:59.503845
2.2824388193894256,51.418755833553455,401.5034220272958,2025-09-30 10:56:59.503845
2.2733139643177815,58.312006105697385,400.28590725176497,2025-09-30 10:56:59.503845
2.197657442798812,51.925379982692526,399.3844425403172,2025-09-30 10:56:59.503845
2.210268865688049,47.759234972523224,398.64855233582267,2025-09-30 10:56:59.503845
2.2932298306426704,49.23025068131909,399.32155260289585,2025-09-30 10:56:59.503845
2.331106261287072,50.5258666982168,400.34946519347324,2025-09-30 10:56:59.503845
2.173542878086067,49.51686706418491,401.0736969969599,2025-09-30 10:56:59.503845
2.3385909617451244,59.97294503234135,399.6911519716292,2025-09-30 10:56:59.503845
2.22040847207182,57.088774030300875,399.7205280074222,2025-09-30 10:56:59.503845
2.1282036902152157,53.419242991304756,397.96823926441823,2025-09-30 10:56:59.503845
2.1612570661491093,50.49008359955061,400.4661240089078,2025-09-30 10:56:59.503845
2.3664659739096763,54.915500362202536,399.36437659448376,2025-09-30 10:56:59.503845
2.2915390584707382,47.56406859953012,399.4510490481598,2025-09-30 10:56:59.503845
2.283284571166959,62.160754747449154,399.7747806549659,2025-09-30 10:56:59.503845
2.290501628538994,53.35994777710741,400.56887461988254,2025-09-30 10:56:59.503845
2.067126230850333,55.00425620564628,400.660938400362,2025-09-30 10:56:59.503845
2.0841295108516715,61.431683923837184,399.49209208261533,2025-09-30 10:56:59.503845
1.991562679095392,43.49702662648973,400.51761828452646,2025-09-30 10:56:59.503845
2.179846827850973,62.48405832755522,400.67879596100744,2025-09-30 10:56:59.503845
2.2536557480077946,52.86539828774116,400.6725566003072,2025-09-30 10:56:59.503845
2.4180102700661927,51.56682845894828,399.8615264463173,2025-09-30 10:56:59.503845
2.3843140380129064,50.38995994984398,400.7090550502564,2025-09-30 10:56:59.503845
2.2396451802217654,59.608607520980435,399.48133342816766,2025-09-30 10:56:59.503845
2.163391786022341,54.51426971122978,400.0871124364592,2025-09-30 10:56:59.503845
2.3053782646165866,49.435992917035954,398.1930459773825,2025-09-30 10:56:59.503845
2.3825200438037752,44.90943803507998,398.9041922278,2025-09-30 10:56:59.503845
2.2721994924980606,44.405235265986036,398.67359722048474,2025-09-30 10:56:59.503845
2.2967538314641325,49.97949413644604,399.8810161675633,2025-09-30 10:56:59.503845
2.2438069841048383,59.89823643420169,398.1126493404778,2025-09-30 10:56:59.503845
2.2335131672095483,51.31329113855408,400.780100315662,2025-09-30 10:56:59.503845
2.1638335912483257,56.6310307071065,399.7886917455939,2025-09-30 10:56:59.503845
2.1795557077903416,55.59762039604398,399.6664000085675,2025-09-30 10:56:59.503845
2.3574020282852914,52.16970379240137,399.40295052031496,2025-09-30 10:56:59.503845
2.300364434752272,62.247343495955775,399.6017700511264,2025-09-30 10:56:59.503845
2.3062667520382223,57.91730174175698,400.3352874363769,2025-09-30 10:56:59.503845
2.470124890352251,52.59847679003819,398.6334943244139,2025-09-30 10:56:59.503845
2.2097464805214653,51.85285925734273,399.3631772519562,2025-09-30 10:56:59.503845
2.362484163852524,58.944062548618746,399.94375510255855,2025-09-30 10:56:59.503845
2.317150425363725,52.25773605455599,399.033249037744,2025-09-30 10:56:59.503845
2.220240059258353,54.28681424468595,400.2662600420453,2025-09-30 10:56:59.503845
2.370854496669487,56.61448826412273,400.6422460640964,2025-09-30 10:56:59.503845
2.1693131615803076,57.531353166916794,400.81077473945334,2025-09-30 10:56:59.503845
2.2893566335546605,50.38395819015077,398.94740739044073,2025-09-30 10:56:59.503845
2.302164261317135,53.792160322459125,399.24725441130016,2025-09-30 10:56:59.503845
2.146105345693349,52.95646408890122,399.1583577610232,2025-09-30 10:56:59.503845
2.3610308271038827,53.78678508979078,399.64316995850237,2025-09-30 10:56:59.503845
2.0617845095964387,50.22197623895089,399.25556946227243,2025-09-30 10:56:59.503845
2.3468398213564168,52.999230565253434,399.0904428663791,2025-09-30 10:56:59.503845
2.1410478238765456,53.04267535551947,398.64852249948245,2025-09-30 10:56:59.503845
2.0611739832711575,57.88028416154171,400.5962665085089,2025-09-30 10:56:59.503845
2.284899120378935,57.21332725606454,399.00131377508694,2025-09-30 10:56:59.503845
2.2333745381120127,56.04298810398179,397.9612897857541,2025-09-30 10:56:59.503845
2.337423309495438,55.160813737488255,400.1124482757938,2025-09-30 10:56:59.503845
2.4737393404369796,54.08260465129225,398.4391892839926,2025-09-30 10:56:59.503845
2.371985990169164,57.809235854229016,399.04367149215153,2025-09-30 10:56:59.503845
2.3361330565262857,57.35592231198069,400.27728835633127,2025-09-30 10:56:59.503845
2.347135897278401,50.394342315653105,399.57249374277717,2025-09-30 10:56:59.503845
2.422905616290265,48.79583512337425,398.82886749922505,2025-09-30 10:56:59.503845
2.266060505718576,54.90104507132475,400.1377643716074,2025-09-30 10:56:59.503845
2.355175913344372,52.72786879183417,399.87423041561107,2025-09-30 10:56:59.503845
2.4629107560975636,53.40060232278337,402.2321121123572,2025-09-30 10:56:59.503845
2.106238849532079,58.274853634829576,399.7930920947929,2025-09-30 10:56:59.503845
2.3374883561602147,48.98109616931462,399.87044092373554,2025-09-30 10:56:59.503845
2.280180785482693,54.570797632003945,399.1134123543472,2025-09-30 10:56:59.503845
2.2530051089279173,50.855869073955155,400.2163467833288,2025-09-30 10:56:59.503845
2.2961348807358704,59.099392789989025,399.65026515031104,2025-09-30 10:56:59.503845
2.285578676589243,54.16276837921135,398.83939382930794,2025-09-30 10:56:59.503845
2.0761141082572343,47.42492428872255,398.81571052412306,2025-09-30 10:56:59.503845
2.1821628889582945,51.26737608803519,400.71559670708075,2025-09-30 10:56:59.503845
2.2497635398415983,44.92517406221305,399.19092644628216,2025-09-30 10:56:59.503845
2.360730048547295,52.29993973251917,401.79652966066817,2025-09-30 10:56:59.503845
2.0848590144970003,50.71280403903186,400.761799313271,2025-09-30 10:56:59.503845
2.520374853026448,47.104556343105195,400.4139242603723,2025-09-30 10:56:59.503845
2.4105251077185046,56.099747288911985,397.9486844294372,2025-09-30 10:56:59.503845
2.3055151280217703,50.43838285323336,400.58421357952284,2025-09-30 10:56:59.503845
2.155615363599979,50.08058663819479,398.4073795510238,2025-09-30 10:56:59.503845
2.124848774370588,53.56655254026507,399.78229992037143,2025-09-30 10:56:59.503845
2.4226873250151835,51.77190365350037,398.862860677248,2025-09-30 10:56:59.503845
2.302429885201535,49.59373257806451,399.5551200717208,2025-09-30 10:56:59.503845
2.131434080861813,56.37958911117981,400.131142925524,2025-09-30 10:56:59.503845
2.0986452909349254,48.523100202231376,398.43788666537523,2025-09-30 10:56:59.503845
2.117528006843621,54.53622467746929,399.5861452652193,2025-09-30 10:56:59.503845
2.1291441566666496,58.049375755460275,399.87459109852557,2025-09-30 10:56:59.503845
2.3068554251184343,48.684186834000776,400.64964284357,2025-09-30 10:56:59.503845
2.18347010119981,55.391511218054866,400.6462207110683,2025-09-30 10:56:59.503845
2.314376959294145,62.956926413432846,400.1991813770568,2025-09-30 10:56:59.503845
2.281097267897692,51.11565580278909,400.74173184394124,2025-09-30 10:56:59.503845
2.159830151074799,63.484624193569765,400.25500808106926,2025-09-30 10:56:59.503845
2.15472062932603,52.29210312289656,400.00322423027217,2025-09-30 10:56:59.503845
2.2600348014080707,45.665157795504136,399.7657316789047,2025-09-30 10:56:59.503845
2.3016211802616247,47.97457232549078,399.1870746629016,2025-09-30 10:56:59.503845
2.2827670137454215,54.83330960644637,399.48171372725454,2025-09-30 10:56:59.503845
2.386862620379122,52.597253260670335,401.37262151954945,2025-09-30 10:56:59.503845
2.296585775407306,38.26074337172468,400.0673243566466,2025-09-30 10:56:59.503845
2.208493255916528,53.91726178953941,400.9537890433847,2025-09-30 10:56:59.503845
1.9256239487693008,60.505088469852325,399.539741027568,2025-09-30 10:56:59.503845
2.4027753517499963,49.210303631204994,400.6104912421287,2025-09-30 10:56:59.503845
2.147315618121223,66.86106966825828,398.50234430588154,2025-09-30 10:56:59.503845
2.265349542939193,51.050368659832934,400.0754345551979,2025-09-30 10:56:59.503845
2.360721764466903,54.9722884285619,399.64854780742553,2025-09-30 10:56:59.503845
2.2957515191383453,61.5784821221157,399.8081120361211,2025-09-30 10:56:59.503845
2.170442625707664,55.5561761779751,400.03484789651765,2025-09-30 10:56:59.503845
2.26415054259955,60.05432665177129,399.3609895945834,2025-09-30 10:56:59.503845
2.234454022872121,49.11310041008395,400.6476965744439,2025-09-30 10:56:59.503845
2.116916540704589,49.139165830291105,400.03278240633165,2025-09-30 10:56:59.503845
2.365803593645751,50.15596619599009,399.9835167984473,2025-09-30 10:56:59.503845
2.3102442831102765,60.32851055493749,401.0491184477559,2025-09-30 10:56:59.503845
2.2876030552134763,59.10828022385129,399.62627381128317,2025-09-30 10:56:59.503845
2.2020087934391253,48.263702366452094,400.3775311936175,2025-09-30 10:56:59.503845
2.2938148755576107,65.44059029661517,400.30643939538226,2025-09-30 10:56:59.503845
2.155240248890753,51.04369513936853,398.4017243624236,2025-09-30 10:56:59.503845
2.2218958157557496,56.63064926193261,398.75491707995434,2025-09-30 10:56:59.503845
2.0004884595621877,51.88715197141454,398.5159598930931,2025-09-30 10:56:59.503845
2.211824154905477,51.618282265538156,400.01456860810003,2025-09-30 10:56:59.503845
2.377267509071484,59.28010457809646,399.9734829925148,2025-09-30 10:56:59.503845
2.203263382496607,48.053203729829164,399.105279856324,2025-09-30 10:56:59.503845
2.0745713951989617,49.421349474429,399.02471807763584,2025-09-30 10:56:59.503845
2.261044008826699,51.807664280166826,399.5755819809386,2025-09-30 10:56:59.503845
2.282306960194677,54.87556562840127,400.43192789726527,2025-09-30 10:56:59.503845
2.3583467733367285,52.857098229076534,401.1584428175815,2025-09-30 10:56:59.503845
2.1790642386877415,53.515208466412886,400.39244005368664,2025-09-30 10:56:59.503845
2.2533071438478314,59.256719306496244,400.2676791311379,2025-09-30 10:56:59.503845
2.2944883087649712,48.32536838457584,400.41777792773587,2025-09-30 10:56:59.503845
2.264718920319157,42.458773065332664,399.8983340732488,2025-09-30 10:56:59.503845
2.266375094133457,54.18880542593454,399.4453612695152,2025-09-30 10:56:59.503845
2.432793614957,52.4677815945949,400.338029586733,2025-09-30 10:56:59.503845
2.24161310088806,56.52419755063712,399.7111715877556,2025-09-30 10:56:59.503845
2.370859129798419,48.79522000948085,398.82821988523125,2025-09-30 10:56:59.503845
2.3286697325484225,51.101874200749556,398.7378479195484,2025-09-30 10:56:59.503845
2.2533809668953615,61.284556336188636,400.253136342391,2025-09-30 10:56:59.503845
2.1713816603071385,51.880993863978155,400.62557439573135,2025-09-30 10:56:59.503845
2.06512937176423,58.83363019858565,398.4317637114784,2025-09-30 10:56:59.503845
2.2621258184749813,51.174847942670915,400.84557741163235,2025-09-30 10:56:59.503845
2.207582339582939,66.45854522775657,400.2940252188715,2025-09-30 10:56:59.503845
2.324848565553039,51.525352752224826,401.73005733840756,2025-09-30 10:56:59.503845
2.2450136327408057,47.64226693298404,399.6690257645759,2025-09-30 10:56:59.503845
2.218576996468179,57.51321993528478,398.82166046357406,2025-09-30 10:56:59.503845
2.4274758070107803,51.71980845212932,399.8050184814312,2025-09-30 10:56:59.503845
2.1906298755965263,52.30220506544358,400.0958896776152,2025-09-30 10:56:59.503845
2.1726710359578867,54.79197421582689,399.7388047931617,2025-09-30 10:56:59.503845
2.4433142930796583,42.12491988146055,400.6319012486059,2025-09-30 10:56:59.503845
2.186447129742451,50.105615866296006,400.06425976786744,2025-09-30 10:56:59.503845
2.1049799247840615,56.796858858367415,400.9039572043482,2025-09-30 10:56:59.503845
2.351374042063564,52.23824096780278,399.7077813292532,2025-09-30 10:56:59.503845
2.2831576037637045,52.35151143901883,399.69484237830795,2025-09-30 10:56:59.503845
2.443385889210843,48.955986768936036,400.4573295480577,2025-09-30 10:56:59.503845
2.3612863003554723,45.754779374989035,399.8450873713555,2025-09-30 10:56:59.503845
2.282707443815876,57.679783883620715,399.9682751598283,2025-09-30 10:56:59.503845
2.257842191437141,65.27300123729357,399.7669854208945,2025-09-30 10:56:59.503845
2.243599427980883,53.1886000758848,400.3354969876873,2025-09-30 10:56:59.503845
2.364915601362466,52.608353190516475,399.6928539689832,2025-09-30 10:56:59.503845
2.222725095888384,50.851466569596994,400.391669820634,2025-09-30 10:56:59.503845
2.2417228779349903,47.17506805079856,399.39500036711837,2025-09-30 10:56:59.503845
2.2209334833746333,53.30587193951739,400.6707620575518,2025-09-30 10:56:59.503845
2.18570807350737,54.004266056533794,399.04973151698306,2025-09-30 10:56:59.503845
2.187776783661121,62.04107279066456,397.8764032523172,2025-09-30 10:56:59.503845
2.274945369049536,49.261398103786846,398.43358313803157,2025-09-30 10:56:59.503845
2.2834288687816953,53.1520272961934,397.87338553520493,2025-09-30 10:56:59.503845
2.4514422000103986,46.93308698374932,398.96870287301226,2025-09-30 10:56:59.503845
2.1592549999643396,57.34999525897061,399.4578495214149,2025-09-30 10:56:59.503845
2.2214745202775448,49.263648930581255,399.97456324784645,2025-09-30 10:56:59.503845
2.2014875605563526,55.15760857895065,400.0291723399434,2025-09-30 10:56:59.503845
2.290876076787337,52.02649652302092,398.84084332329354,2025-09-30 10:56:59.503845
2.340260381147994,56.41288400327356,400.58587326724603,2025-09-30 10:56:59.503845
2.2032144786586305,55.83821034368886,400.2941080872121,2025-09-30 10:56:59.503845
2.3403293950891304,53.82927433195212,398.5772350982197,2025-09-30 10:56:59.503845
2.3187099340930657,55.940753995083924,400.659284284326,2025-09-30 10:56:59.503845
2.3835198282338657,56.856236723729474,400.0855094985405,2025-09-30 10:56:59.503845
2.327907397673124,51.77590574587588,400.67809185064476,2025-09-30 10:56:59.503845
2.230142890141192,50.52608500334265,400.9927446932636,2025-09-30 10:56:59.503845
2.312745737215043,52.533711874224196,399.06322660019356,2025-09-30 10:56:59.503845
2.2604976084174235,49.00796126464453,400.99006746175917,2025-09-30 10:56:59.503845
2.279069407720594,47.27059635935191,400.28665611351215,2025-09-30 10:56:59.503845
2.091336807012416,61.056457385988715,399.44674261310723,2025-09-30 10:56:59.503845
2.24204443667845,51.2730657956197,400.8530253600329,2025-09-30 10:56:59.503845
2.340184622428243,53.89688368451836,399.78758740298,2025-09-30 10:56:59.503845
2.212400453282235,53.229791872374854,400.4696074736086,2025-09-30 10:56:59.503845
2.1742070865238476,55.15163121085508,398.9220601019828,2025-09-30 10:56:59.503845
2.4207178421754407,49.844257667904145,399.24976235108767,2025-09-30 10:56:59.503845
2.4229146813325926,53.189656537476864,399.4528449582125,2025-09-30 10:56:59.503845
2.2939050240153236,50.21550122981815,398.5500763126777,2025-09-30 10:56:59.503845
2.3204500468063585,53.79220786384978,399.28161103255934,2025-09-30 10:56:59.503845
2.1640706931372193,53.42480387828659,400.4332796912889,2025-09-30 10:56:59.503845
2.399996736014681,47.19737920370041,398.2356334514624,2025-09-30 10:56:59.503845
2.332820522815462,54.02868886540374,398.612658326148,2025-09-30 10:56:59.503845
2.395728805420855,54.38470538905781,400.4679704245549,2025-09-30 10:56:59.503845
2.2233606623750832,43.72440397878077,399.78909652913586,2025-09-30 10:56:59.503845
2.20448591730158,50.10228638991228,399.8036343377181,2025-09-30 10:56:59.503845
2.1933310073886623,47.8571931356461,399.6771823512406,2025-09-30 10:56:59.503845
2.303974522656439,53.83850948096224,399.30220891691573,2025-09-30 10:56:59.503845
2.304061926973992,53.64164268577913,400.7064945418186,2025-09-30 10:56:59.503845
2.317122029093708,60.26923789504024,398.11965116731125,2025-09-30 10:56:59.503845
2.2831028280655916,49.86370882117635,399.0874929292516,2025-09-30 10:56:59.503845
2.3381715056649037,53.65614628571694,400.0674527200727,2025-09-30 10:56:59.503845
2.2440967014439104,53.23602685278025,399.6067381895582,2025-09-30 10:56:59.503845
2.2402920938964064,57.09222202089695,399.76819874823957,2025-09-30 10:56:59.503845
2.333076180494759,58.89032764380835,400.25986965524606,2025-09-30 10:56:59.503845
2.1167855606994617,52.461056533322136,399.02288431816254,2025-09-30 10:56:59.503845
2.4157983163552954,56.84169552511372,400.0586412105041,2025-09-30 10:56:59.503845
2.1210200416681286,46.768509597202744,398.98054221366834,2025-09-30 10:56:59.503845
2.204716143306946,47.85453231076851,400.8303885971412,2025-09-30 10:56:59.503845
2.343408570471569,55.774040814117356,400.12267480890375,2025-09-30 10:56:59.503845
2.3680244621718054,51.38742953630283,399.8947137373206,2025-09-30 10:56:59.503845
2.2058514177789226,54.854891422747926,399.87548876708,2025-09-30 10:56:59.503845
2.362392092468351,61.23269630501169,399.5411936866451,2025-09-30 10:56:59.503845
2.4164484857199593,60.49708797676555,399.7057351009205,2025-09-30 10:56:59.503845
2.3163690025219,55.035548107307015,401.1413257653945,2025-09-30 10:56:59.503845
2.3697674706120444,57.72040400589102,399.81797249307334,2025-09-30 10:56:59.503845
2.3936143882333463,52.26682072694641,401.36892086444783,2025-09-30 10:56:59.503845
2.340722649577238,51.9141684154767,399.1567791990666,2025-09-30 10:56:59.503845
2.3094145608910708,54.91501297868806,400.08800896935736,2025-09-30 10:56:59.503845
2.3734095317446426,55.86303292212136,400.3165962007474,2025-09-30 10:56:59.503845
2.2173409761455187,53.800951006834225,399.63463208309423,2025-09-30 10:56:59.503845
2.3207531823135668,51.786164838326904,400.41435305694864,2025-09-30 10:56:59.503845
2.40936348874857,53.27229977316353,400.4649343566121,2025-09-30 10:56:59.503845
2.168115865578372,53.46996328604191,400.73085478930756,2025-09-30 10:56:59.503845
2.2686620060127143,60.14889125122834,400.7051804010263,2025-09-30 10:56:59.503845
2.2701711398578897,53.82207348929994,400.1858415527475,2025-09-30 10:56:59.503845
2.2326155286408387,54.70418823696779,399.3964277052497,2025-09-30 10:56:59.503845
2.2625298476103017,59.69891141989424,398.0046401964816,2025-09-30 10:56:59.503845
2.217519699266213,56.7719319652477,399.2540596451839,2025-09-30 10:56:59.503845
2.188830898660224,45.34231497770214,400.8278899387671,2025-09-30 10:56:59.503845
2.1555701699047747,52.65904373923923,399.9916902220893,2025-09-30 10:56:59.503845
2.426448687695907,63.822430337224354,399.66930185393517,2025-09-30 10:56:59.503845
2.4581497413957187,67.66467240139949,399.8031888932742,2025-09-30 10:56:59.503845
2.183703295326975,42.15291686442072,399.6941927170721,2025-09-30 10:56:59.503845
2.3001953388356022,57.94147976249563,399.00875739857526,2025-09-30 10:56:59.503845
2.1770846723933706,51.189577557533035,399.36667881833824,2025-09-30 10:56:59.503845
2.2053395130399753,50.25048103463142,400.61301917922765,2025-09-30 10:56:59.503845
2.2127790243151955,49.262323903027635,399.5016539766344,2025-09-30 10:56:59.503845
2.2091928123358877,54.059677838657805,399.2809955677335,2025-09-30 10:56:59.503845
2.3567930919609448,51.76782645785198,401.5069021243063,2025-09-30 10:56:59.503845
2.30152021860375,56.03278394793408,399.75467534583333,2025-09-30 10:56:59.503845
2.271128921598159,50.229633446319,399.7678907796219,2025-09-30 10:56:59.503845
2.348000118477478,56.26747106660828,401.23313571954696,2025-09-30 10:56:59.503845
2.1692870447238692,47.318383692799536,399.18448140083365,2025-09-30 10:56:59.503845
2.1312371854563215,53.0000517650995,400.3128587500473,2025-09-30 10:56:59.503845
2.172799128555304,50.221763656528815,398.4971851146419,2025-09-30 10:56:59.503845
2.322361080206885,55.52095584971109,400.5390975610455,2025-09-30 10:56:59.503845
2.284073349731371,63.551219730143,399.7861628389041,2025-09-30 10:56:59.503845
2.39445883691547,49.53779717382517,399.9290909324025,2025-09-30 10:56:59.503845
2.1281277803661616,53.97096062287795,398.77845149533135,2025-09-30 10:56:59.503845
2.1733801252131943,56.836156855638436,399.2611440690632,2025-09-30 10:56:59.503845
2.2034053809737806,62.61662330813372,400.4880442314972,2025-09-30 10:56:59.503845
2.286740838466206,44.34548393488607,397.89236760679114,2025-09-30 10:56:59.503845
2.229722915853645,61.582747623283545,399.1126537079703,2025-09-30 10:56:59.503845
2.219698797064263,47.351100226720376,399.2183990430181,2025-09-30 10:56:59.503845
2.2801978103716185,56.791061945532704,399.5469920282021,2025-09-30 10:56:59.503845
2.3851619258592476,50.06964496559772,400.8875972807284,2025-09-30 10:56:59.503845
2.0791463951151097,53.216459807412406,400.391836442124,2025-09-30 10:56:59.503845
2.2955578943428376,54.59074530662389,398.7201631690739,2025-09-30 10:56:59.503845
2.20985891215239,50.55304826590474,400.8744859309958,2025-09-30 10:56:59.503845
2.1383690498218244,56.89247657630501,400.54270532479126,2025-09-30 10:56:59.503845
2.3856723585264525,52.25135786136711,399.7197171591788,2025-09-30 10:56:59.503845
2.2645754007336487,57.18006221385364,399.43572608419066,2025-09-30 10:56:59.503845
2.5997976464286525,55.870234429492264,400.6033070971456,2025-09-30 10:56:59.503845
2.3403973222333883,53.72238432963265,399.95389199271654,2025-09-30 10:56:59.503845
2.3726423358185262,59.95791682215953,398.4198149233794,2025-09-30 10:56:59.503845
2.1957411112962983,56.59597232592477,400.1167518685574,2025-09-30 10:56:59.503845
2.212439342075459,49.738487839830064,399.30004864605854,2025-09-30 10:56:59.503845
2.1263447470864643,49.12084257839529,399.8857172910607,2025-09-30 10:56:59.503845
2.1564270612487024,57.30729976089249,398.1947492609338,2025-09-30 10:56:59.503845
2.2797113574900707,54.311281313694934,400.1115360685049,2025-09-30 10:56:59.503845
2.1205579339532736,54.31863711732211,400.3558152671191,2025-09-30 10:56:59.503845
2.423980401222624,58.93172106937367,399.1049552440025,2025-09-30 10:56:59.503845
2.2330119644745325,56.34179259769444,399.4680253263841,2025-09-30 10:56:59.503845
2.1057573666805967,61.171082315010445,399.04138795277277,2025-09-30 10:56:59.503845
2.3041746283331412,55.5559077557776,400.5191444340126,2025-09-30 10:56:59.503845
2.2510048176644486,49.94826042941638,398.59870476505677,2025-09-30 10:56:59.503845
2.3886819138203808,62.88524002739116,398.9953230075533,2025-09-30 10:56:59.503845
2.1474286052143583,59.106163272744254,400.5941471870719,2025-09-30 10:56:59.503845
2.234281733649982,63.02335275864549,400.1476230124133,2025-09-30 10:56:59.503845
2.322493209687812,50.203608250038464,399.5629901412743,2025-09-30 10:56:59.503845
2.1400441032232536,53.683290587449086,399.2836924029575,2025-09-30 10:56:59.503845
2.2673329189010047,43.942819791254664,399.2736253567118,2025-09-30 10:56:59.503845
2.135723780691721,55.723025248615116,400.603133321609,2025-09-30 10:56:59.503845
2.385191644545017,55.49718939665944,399.1832855266081,2025-09-30 10:56:59.503845
2.193164392110944,61.15808218821175,400.54019687458333,2025-09-30 10:56:59.503845
2.2660584261186725,50.864532628835505,398.007817304784,2025-09-30 10:56:59.503845
2.403098694359355,60.09624911331176,400.34006731162106,2025-09-30 10:56:59.503845
2.232412832410381,55.75893682506014,398.7057968182938,2025-09-30 10:56:59.503845
2.3725255811826784,55.16217112903143,400.7073174547079,2025-09-30 10:56:59.503845
2.3142824386595393,54.42522349423097,398.79515694067146,2025-09-30 10:56:59.503845
2.2962620575240837,55.75912135174223,401.0243224038752,2025-09-30 10:56:59.503845
2.3412804922367187,49.597319132291815,399.7691009589716,2025-09-30 10:56:59.503845
2.208062781278586,46.57598800878377,399.78218229382003,2025-09-30 10:56:59.503845
2.3758285496836495,49.65414146238179,399.94048742047073,2025-09-30 10:56:59.503845
2.386974293706399,62.42610886852964,400.43775537650134,2025-09-30 10:56:59.503845
2.300465366394115,57.597744932392686,400.3202317731752,2025-09-30 10:56:59.503845
2.248042364417719,49.90788889955371,398.5018639924216,2025-09-30 10:56:59.503845
2.3562189357689975,47.64258649708081,400.00240958682036,2025-09-30 10:56:59.503845
2.3361511708320446,48.976153726652164,400.0125784715296,2025-09-30 10:56:59.503845
2.3242256496556672,47.879946710911305,399.61253833111147,2025-09-30 10:56:59.503845
2.31707969058702,57.192543549886956,400.1277586280126,2025-09-30 10:56:59.503845
2.2270743530798347,57.414450986234975,399.8302116494776,2025-09-30 10:56:59.503845
2.244223377105057,60.14246458030155,399.9806185576439,2025-09-30 10:56:59.503845
2.2891834909420767,51.737469060000876,399.1353170560144,2025-09-30 10:56:59.503845
2.191290572460433,55.04805767383107,398.4315851527173,2025-09-30 10:56:59.503845
2.348413750899816,44.364207452536505,399.41337093313115,2025-09-30 10:56:59.503845
2.287588110155852,62.500676771098455,399.05234032932657,2025-09-30 10:56:59.503845
2.13800480525011,61.46986762595998,399.2187845240839,2025-09-30 10:56:59.503845
2.2318504238179946,51.075701787445155,399.59616587420254,2025-09-30 10:56:59.503845
2.4058370696265245,63.091312383713806,400.80713968410754,2025-09-30 10:56:59.503845
2.4633270319435874,54.74085517084103,400.1509859054737,2025-09-30 10:56:59.503845
2.165425472053668,49.320239134265535,399.44127783448135,2025-09-30 10:56:59.503845
2.2081230059581416,60.83339028828162,401.4482306479686,2025-09-30 10:56:59.503845
2.235348570921214,53.51583671990913,400.51169220731373,2025-09-30 10:56:59.503845
2.059974789993661,49.56024575134144,400.5478286445145,2025-09-30 10:56:59.503845
2.2926414397641444,53.62525058810033,398.5699881431804,2025-09-30 10:56:59.503845
2.2519183466138424,48.258019729991474,398.3831708610465,2025-09-30 10:56:59.503845
2.3195962132242034,57.08772763236208,399.5351210620204,2025-09-30 10:56:59.503845
2.2685458904245146,47.784194031309625,399.5844999150175,2025-09-30 10:56:59.503845
2.330596204182005,48.13680347366105,399.9264102319698,2025-09-30 10:56:59.503845
2.3538910573987617,46.77011700126931,399.69069153464574,2025-09-30 10:56:59.503845
2.393200830869869,55.22348494715886,399.25433967156164,2025-09-30 10:56:59.503845
2.403526246454182,47.17576030307949,399.98052293782155,2025-09-30 10:56:59.503845
2.249282924080903,47.92107244666335,398.46814488581555,2025-09-30 10:56:59.503845
2.288493220776044,53.09047378840702,400.80858764417366,2025-09-30 10:56:59.503845
2.45967702674985,52.875686550770006,399.6901582511259,2025-09-30 10:56:59.503845
2.209430549205115,48.25592827750532,400.9162230780453,2025-09-30 10:56:59.503845
2.224848538431655,48.07159362038837,399.40576784915487,2025-09-30 10:56:59.503845
2.2613003842325554,50.79446895638397,399.5365933874271,2025-09-30 10:56:59.503845
2.2504240364388455,52.68042038121204,399.7005375868616,2025-09-30 10:56:59.503845
2.2846562252001767,56.87834289952704,397.91612100754446,2025-09-30 10:56:59.503845
2.2678712825240908,50.811196195573174,399.9801840923802,2025-09-30 10:56:59.503845
2.448309782334009,50.42294733592524,398.0551274263191,2025-09-30 10:56:59.503845
2.3512006650977897,48.84524206048023,397.1132464933131,2025-09-30 10:56:59.503845
2.2762951580478163,50.39919436983352,399.14771015382547,2025-09-30 10:56:59.503845
2.2024953549736326,58.97859504021956,399.91338829328384,2025-09-30 10:56:59.503845
2.2815870321508975,56.653459155184805,400.8514633011058,2025-09-30 10:56:59.503845
2.330268694043537,61.32719729158712,399.80887744619304,2025-09-30 10:56:59.503845
2.301191365962639,54.039053291788996,400.3262532220151,2025-09-30 10:56:59.503845
2.154680608211074,57.48985418036623,399.89979521672893,2025-09-30 10:56:59.503845
2.404257870589072,50.01053499985449,400.3553115501001,2025-09-30 10:56:59.503845
2.2405966114210463,56.643668808146664,398.95034745900386,2025-09-30 10:56:59.503845
2.210764549558877,56.42756932650618,399.9641514121164,2025-09-30 10:56:59.503845
2.2146422670300923,60.82263825996099,400.3558746061728,2025-09-30 10:56:59.503845
2.070271889663243,56.69686034804705,400.90195598229576,2025-09-30 10:56:59.503845
2.2256196198208413,51.10466450055659,399.1229115095729,2025-09-30 10:56:59.503845
2.200847793441206,59.254841712424394,399.54878444679673,2025-09-30 10:56:59.503845
2.2152283530445027,42.86312442071764,399.76123945432215,2025-09-30 10:56:59.503845
2.328028900491614,49.611339488273785,398.5030100329137,2025-09-30 10:56:59.503845
2.110921517011957,53.384162353248605,401.0522299677128,2025-09-30 10:56:59.503845
2.307961082274394,48.185376419201475,399.3098773808261,2025-09-30 10:56:59.503845
2.1261155639187987,55.56819569063994,400.1367225276537,2025-09-30 10:56:59.503845
2.1778682838296506,55.404414563668425,400.4233039910766,2025-09-30 10:56:59.503845
2.4712771858548366,58.78785646793616,399.33198613443983,2025-09-30 10:56:59.503845
2.2377372284133723,41.92826874174355,398.89149218752925,2025-09-30 10:56:59.503845
2.2915278139774906,64.93029599118692,399.55899143675737,2025-09-30 10:56:59.503845
2.1899005424096574,64.12521351964453,397.39852182426205,2025-09-30 10:56:59.503845
2.325936285003143,57.045270886803486,401.301532877903,2025-09-30 10:56:59.503845
2.2733896760232506,50.956684606831544,399.8529916800448,2025-09-30 10:56:59.503845
2.260649303383918,62.13156184194431,398.90071593936693,2025-09-30 10:56:59.503845
2.105867205188437,57.58565181399264,400.49059121466377,2025-09-30 10:56:59.503845
2.396166607484065,54.87206700301683,399.05688913889315,2025-09-30 10:56:59.503845
2.155808298577167,54.327375152898675,398.70699244737284,2025-09-30 10:56:59.503845
2.4389315773847637,53.91725347009116,399.90143106288093,2025-09-30 10:56:59.503845
2.394177875128821,52.07375445256612,400.34257029062155,2025-09-30 10:56:59.503845
2.2534168110889183,51.36228619487218,399.66192647929665,2025-09-30 10:56:59.503845
2.2499575906494456,57.65400328313302,399.329868745536,2025-09-30 10:56:59.503845
2.1477228255344154,59.83003101388326,400.1713848372173,2025-09-30 10:56:59.503845
2.318705535828518,52.150542138992776,399.99186977665414,2025-09-30 10:56:59.503845
2.2065375743242788,54.89210988137114,399.83548197835836,2025-09-30 10:56:59.503845
2.3233888124801556,62.952956152778626,399.56053798794164,2025-09-30 10:56:59.503845
2.1911150445233174,58.15626261304203,399.8378468291998,2025-09-30 10:56:59.503845
2.3096236144145137,58.70875435396392,400.00081393167534,2025-09-30 10:56:59.503845
2.2656258649826078,55.28145834350486,397.93305586238347,2025-09-30 10:56:59.503845
2.1384054752023767,47.77750648893142,399.74944015157445,2025-09-30 10:56:59.503845
2.2046888631901487,65.72556509695019,399.4806902001623,2025-09-30 10:56:59.503845
2.274164321930335,58.50895315616866,398.87626014428326,2025-09-30 10:56:59.503845
2.267855116228472,54.61023364424613,399.3263784100354,2025-09-30 10:56:59.503845
2.115404727150481,53.70313879679179,400.82599651194744,2025-09-30 10:56:59.503845
2.191604090436882,55.10380621085661,400.5970689679028,2025-09-30 10:56:59.503845
2.1755274113721437,51.424885912580486,400.16021439627656,2025-09-30 10:56:59.503845
2.2627564148412036,51.34098539472793,399.5117073700495,2025-09-30 10:56:59.503845
2.139410651414055,55.630149217510386,400.7092654379551,2025-09-30 10:56:59.503845
2.3773869858702885,58.24542343977709,398.93753727083606,2025-09-30 10:56:59.503845
2.4935693159714116,47.5244127735683,399.5289185824995,2025-09-30 10:56:59.503845
2.2396201960876976,54.96047319907433,400.3519883946188,2025-09-30 10:56:59.503845
2.3562934298185487,60.27231114551235,399.0523126463404,2025-09-30 10:56:59.503845
2.208879513432184,45.55896683253698,399.93396144620755,2025-09-30 10:56:59.503845
2.2175421664851007,48.893660635425135,400.01786801955257,2025-09-30 10:56:59.503845
2.2775125098767925,47.557929847615846,401.1822938239254,2025-09-30 10:56:59.503845
2.189019528861236,49.56788814329023,401.08842082476457,2025-09-30 10:56:59.503845
2.2527493287793305,47.68475635012851,399.4467033808454,2025-09-30 10:56:59.503845
2.3556146600811227,57.582722335365716,399.9461990760116,2025-09-30 10:56:59.503845
2.2979685045103193,50.038024683541096,399.1900787088561,2025-09-30 10:56:59.503845
2.219725284479145,55.813382374769276,400.46813885683383,2025-09-30 10:56:59.503845
2.3054997634414724,48.449630967209025,398.72667584667647,2025-09-30 10:56:59.503845
2.292244430016961,56.7460142279638,399.2354923716301,2025-09-30 10:56:59.503845
2.245537862373406,52.319925151244014,401.3148221046451,2025-09-30 10:56:59.503845
2.278862738577313,60.65381317166043,400.7044468192242,2025-09-30 10:56:59.503845
2.129876979043067,60.59632322169902,400.22227168004935,2025-09-30 10:56:59.503845
2.388901568569151,46.73645191913743,400.5690113311482,2025-09-30 10:56:59.503845
2.3972382149846148,59.93202508092825,398.9837275692859,2025-09-30 10:56:59.503845
2.2983323264127,51.901328558407116,400.48909966989333,2025-09-30 10:56:59.503845
2.2545704653708416,52.95313494685134,399.0341874672151,2025-09-30 10:56:59.503845
2.3303952068591327,50.8389797852505,400.10080783648857,2025-09-30 10:56:59.503845
2.2203134725095186,58.816208759118,399.9390774760413,2025-09-30 10:56:59.503845
2.1644398100150997,52.64343583568349,400.3116372011078,2025-09-30 10:56:59.503845
2.2629737215754817,54.72205222522162,399.42094796051606,2025-09-30 10:56:59.503845
2.2198565871911384,60.642050164276306,401.1594461678818,2025-09-30 10:56:59.503845
2.3928745977739565,54.28972925834565,399.12389231869827,2025-09-30 10:56:59.503845
2.243489981499877,49.14493086823229,399.68980533066104,2025-09-30 10:56:59.503845
2.1873016510991654,57.30260964785008,400.3015813776071,2025-09-30 10:56:59.503845
2.2811904958161535,59.10955148948618,399.50674554521663,2025-09-30 10:56:59.503845
2.2850142898438714,45.964326508695315,400.48467588600056,2025-09-30 10:56:59.503845
2.174941490653513,52.02203999658492,400.5884246824783,2025-09-30 10:56:59.503845
2.3211931387542237,51.21992598707651,399.83627338742076,2025-09-30 10:56:59.503845
2.309828988945327,58.38501773047388,400.09291662789155,2025-09-30 10:56:59.503845
2.2511546206568536,50.76693071859319,399.1653159290297,2025-09-30 10:56:59.503845
2.175309573810011,58.06409824615205,400.1010464881629,2025-09-30 10:56:59.503845
2.1004096991931847,50.42669536279935,399.867013889494,2025-09-30 10:56:59.503845
2.2083832538390085,44.5027579635019,399.79927340238095,2025-09-30 10:56:59.503845
2.305266061616876,46.43942456156535,400.13696387093836,2025-09-30 10:56:59.503845
2.2785382954300184,50.37892522167023,400.35194634002005,2025-09-30 10:56:59.503845
2.3662639152468015,48.644019441909414,399.33048907832654,2025-09-30 10:56:59.503845
2.2045340199382935,54.82183141514751,398.8063345936552,2025-09-30 10:56:59.503845
2.2677614554883805,59.86010896772496,400.1452227354602,2025-09-30 10:56:59.503845
2.1408590672118026,62.658225751201634,399.77462103330106,2025-09-30 10:56:59.503845
2.2970956920025,63.90967401403512,398.6048277722913,2025-09-30 10:56:59.503845
2.2055371706171374,52.40349761636378,398.8883376083734,2025-09-30 10:56:59.503845
2.0653135453554765,58.55238776820508,400.2130992541054,2025-09-30 10:56:59.503845
2.237820780937357,49.80662467247188,399.56522772250037,2025-09-30 10:56:59.503845
2.1218133827506973,55.36816438088332,399.0978667534856,2025-09-30 10:56:59.503845
2.4551337438520293,55.009218941204075,401.6927615648431,2025-09-30 10:56:59.503845
2.3359779933442777,65.83418414748222,399.2991551167513,2025-09-30 10:56:59.503845
2.155199250502752,58.3341444962574,399.6477930844217,2025-09-30 10:56:59.503845
2.255151061899041,54.55319614322329,400.3639750932601,2025-09-30 10:56:59.503845
2.2919497232202857,61.77299665173064,399.96393712995746,2025-09-30 10:56:59.503845
2.326985912415654,56.74242741007437,400.6433893160894,2025-09-30 10:56:59.503845
2.110717639904322,54.910177936107125,401.5000487472501,2025-09-30 10:56:59.503845
2.2991665883163814,51.86965967120425,401.33837966370584,2025-09-30 10:56:59.503845
2.3198758531507866,62.403950252244215,400.2784970784228,2025-09-30 10:56:59.503845
2.187243813027612,54.47997656681141,400.03593680110345,2025-09-30 10:56:59.503845
1.8270158308285742,53.532654341992846,399.9073672921303,2025-09-30 10:56:59.503845
2.1370908801107382,58.72080806500787,399.3658787186887,2025-09-30 10:56:59.503845
2.272491207490286,50.681736062814,400.6363618794663,2025-09-30 10:56:59.503845
2.290890354970751,57.77676463316508,399.5947547302742,2025-09-30 10:56:59.503845
2.2645840789654765,52.12635733937391,399.723934862103,2025-09-30 10:56:59.503845
2.2578264298152697,54.4757057985735,398.31963773785367,2025-09-30 10:56:59.503845
2.183762924257572,56.84910294417783,399.9144544344189,2025-09-30 10:56:59.503845
2.260029146007282,59.62550246041839,399.8781361235694,2025-09-30 10:56:59.503845
2.292459202477261,43.849200365715106,400.3687148498514,2025-09-30 10:56:59.503845
2.1941687443158076,49.01464475127828,399.4669251709924,2025-09-30 10:56:59.503845
2.293194518801359,57.337118877067475,399.40182262929847,2025-09-30 10:56:59.503845
2.240468675382865,51.76648904180497,399.902538592633,2025-09-30 10:56:59.503845
2.1286704678098953,53.76366569385561,399.6440483826767,2025-09-30 10:56:59.503845
2.320901158368742,54.189836195208976,399.6736520827823,2025-09-30 10:56:59.503845
2.2254897628024732,55.65265512693809,398.6807347474599,2025-09-30 10:56:59.503845
2.2554114142917956,50.844443715883145,398.8801896348478,2025-09-30 10:56:59.503845
2.226392113147664,53.53469916167461,400.3015017362425,2025-09-30 10:56:59.503845
2.2158282001828655,54.93364051185568,399.0808709009003,2025-09-30 10:56:59.503845
2.2907189602411178,60.5783382851848,401.25694410624817,2025-09-30 10:56:59.503845
2.135409158718875,60.850885713065,400.1969171481418,2025-09-30 10:56:59.503845
2.428900301298008,58.28538668081199,400.87223017859196,2025-09-30 10:56:59.503845
2.2188449189051194,50.34453151963671,399.5085738710555,2025-09-30 10:56:59.503845
2.134447896848063,55.48378195956617,398.7346479543083,2025-09-30 10:56:59.503845
2.2939297217227193,46.0479592192782,399.27462672870206,2025-09-30 10:56:59.503845
2.445781213557342,61.248431250276255,399.26590950114905,2025-09-30 10:56:59.503845
2.3194911247705092,53.48343600835815,400.020353884223,2025-09-30 10:56:59.503845
2.2989775071397673,55.68983548949616,399.79426174854336,2025-09-30 10:56:59.503845
2.2077077806544128,50.022801713590894,399.7995392928595,2025-09-30 10:56:59.503845
2.145503159212963,47.635820887936404,400.2969602801663,2025-09-30 10:56:59.503845
2.008189909614315,59.743223878231525,399.1497586720365,2025-09-30 10:56:59.503845
2.153956580062335,54.48196247509335,399.68959000104695,2025-09-30 10:56:59.503845
2.188098474824886,64.06588683250422,400.2975333201608,2025-09-30 10:56:59.503845
2.3134998058605554,54.91018056029624,401.52387686241053,2025-09-30 10:56:59.503845
2.1983486491550797,53.78837465489636,400.3382616356433,2025-09-30 10:56:59.503845
2.2385691026815526,52.11581674181556,401.4024840088122,2025-09-30 10:56:59.503845
2.135153648964665,58.678660862126826,398.47345772655615,2025-09-30 10:56:59.503845
2.2346005168251555,56.89395468177334,398.3762940283719,2025-09-30 10:56:59.503845
2.2109132367858817,58.118461343105416,400.9014136732318,2025-09-30 10:56:59.503845
2.377268371143685,65.06608954827895,399.90363360085325,2025-09-30 10:56:59.503845
2.110213631047688,54.06224749655957,400.40863648683785,2025-09-30 10:56:59.503845
2.1954509837452174,61.923284968683085,398.4573819917722,2025-09-30 10:56:59.503845
2.168191716256195,63.77951889267994,399.28005623265057,2025-09-30 10:56:59.503845
2.2930340417067256,48.02139234849318,399.59383540758205,2025-09-30 10:56:59.503845
2.3251917723465088,55.220885368914274,400.81054911710396,2025-09-30 10:56:59.503845
2.359644282884817,65.21165958361874,400.0637893976017,2025-09-30 10:56:59.503845
2.27031612056743,52.1406097387302,399.51523098657,2025-09-30 10:56:59.503845
2.488121920673774,63.72760593994841,399.6949573163535,2025-09-30 10:56:59.503845
2.1519237032464753,51.65588411521958,397.6341476477296,2025-09-30 10:56:59.503845
2.3293919312486118,51.90332054158107,400.083228320633,2025-09-30 10:56:59.503845
2.117679301924162,51.08882545068663,400.69678371918434,2025-09-30 10:56:59.503845
2.3302326331248984,52.844961128123636,399.46456819950055,2025-09-30 10:56:59.503845
2.1839600724332398,54.74051086695038,400.09424103538186,2025-09-30 10:56:59.503845
2.0785829623868666,55.73466708747549,398.8476773635909,2025-09-30 10:56:59.503845
2.2645182757918967,60.453607802113616,399.14365624061855,2025-09-30 10:56:59.503845
2.102812487311408,66.63124444293551,400.51898625771327,2025-09-30 10:56:59.503845
2.3077071898887773,53.681108137895905,400.5161610047477,2025-09-30 10:56:59.503845
2.295799792244443,51.78387900837935,400.2095776546592,2025-09-30 10:56:59.503845
2.1875565333430003,50.519440714624814,399.3022893614333,2025-09-30 10:56:59.503845
2.3296010977707016,54.797641897211946,400.9023650659064,2025-09-30 10:56:59.503845
2.468447600258694,56.29812345569259,401.0859631414825,2025-09-30 10:56:59.503845
2.4039723460311317,49.715409023900506,399.32017066168305,2025-09-30 10:56:59.503845
2.2187915203550506,59.36546211204079,399.6754026196363,2025-09-30 10:56:59.503845
2.2899048401853017,58.822354917218995,399.4563515389895,2025-09-30 10:56:59.503845
2.3895890134211504,53.406434073354625,399.11508279482956,2025-09-30 10:56:59.503845
2.2964596586058805,51.440710892689616,399.6313133010775,2025-09-30 10:56:59.503845
2.2844688858236317,50.150289014388036,399.7746089328286,2025-09-30 10:56:59.503845
2.1715632920086834,60.486911306589946,400.43627328390835,2025-09-30 10:56:59.503845
2.347884034924733,53.16791038860154,399.32030765028634,2025-09-30 10:56:59.503845
2.330695016581316,49.70224990651548,398.6908911455311,2025-09-30 10:56:59.503845
2.0898689232384626,49.043628799689486,398.7483803085653,2025-09-30 10:56:59.503845
2.2176970563889427,59.355445211195665,400.71246095089566,2025-09-30 10:56:59.503845
2.0531941637401956,60.64240624109125,399.55694125173375,2025-09-30 10:56:59.503845
2.163454343628519,58.82045055769034,399.8423896196589,2025-09-30 10:56:59.503845
2.256615457473635,57.28652768910028,399.4058280910977,2025-09-30 10:56:59.503845
2.2852008967781776,60.09811278452167,400.1650355898219,2025-09-30 10:56:59.503845
2.4565007781664305,55.002967608064495,398.4361414837093,2025-09-30 10:56:59.503845
2.2029462020603856,50.312842412592616,401.01804255993403,2025-09-30 10:56:59.503845
2.229020148146681,40.82429772212761,399.9385644531494,2025-09-30 10:56:59.503845
2.27179715330493,48.81930615044143,399.8498451072239,2025-09-30 10:56:59.503845
2.4838501223286524,58.54701815857645,400.13405156795335,2025-09-30 10:56:59.503845
2.2198511720536396,53.59756305220891,399.3685615942999,2025-09-30 10:56:59.503845
2.2532247230009204,53.59920469325117,401.4424859008658,2025-09-30 10:56:59.503845
2.541661246448529,52.144021127523814,399.08948676573584,2025-09-30 10:56:59.503845
2.3552495997005627,47.03844047957008,400.26987507642724,2025-09-30 10:56:59.503845
2.2646106223595375,49.21760549024849,399.7271631451744,2025-09-30 10:56:59.503845
2.2586633114483137,57.71387028621969,398.5758220062013,2025-09-30 10:56:59.503845
2.3538056809426577,42.16890286509081,400.4819776680104,2025-09-30 10:56:59.503845
2.3854428604046607,55.58605087457383,399.1825487846136,2025-09-30 10:56:59.503845
2.2950441897685563,56.228382826376325,400.07108848148255,2025-09-30 10:56:59.503845
2.2306252389742562,54.49795503457639,400.32359411085173,2025-09-30 10:56:59.503845
2.2211639551093296,49.971327614609976,398.30788889703945,2025-09-30 10:56:59.503845
2.2924039196215937,48.008665068641186,398.82754594227646,2025-09-30 10:56:59.503845
2.3363511336745053,59.81209424271138,400.43449476256734,2025-09-30 10:56:59.503845
2.190138193896261,53.27942744976824,399.5092935913248,2025-09-30 10:56:59.503845
2.295155859041237,54.7625546877617,399.25971846720864,2025-09-30 10:56:59.503845
2.2494984948698673,49.66443493698744,400.42893537699524,2025-09-30 10:56:59.503845
2.2864379684940026,51.716497841595256,399.50188656992077,2025-09-30 10:56:59.503845
2.34111755957699,59.18778520254607,400.4570638405421,2025-09-30 10:56:59.503845
2.2478425482290243,63.93757962260034,401.2772494455251,2025-09-30 10:56:59.503845
2.1905712172805036,55.46069284341404,400.04165696907336,2025-09-30 10:56:59.503845
2.306478965011989,55.769250189454304,399.591266523642,2025-09-30 10:56:59.503845
2.208589065651159,56.48807244521154,401.0267692823597,2025-09-30 10:56:59.503845
2.222037603649839,64.93365505408573,400.7109440905977,2025-09-30 10:56:59.503845
2.011655053188592,63.26424161099418,399.5658060962421,2025-09-30 10:56:59.503845
2.188268623036752,49.82058086776302,399.9699709464263,2025-09-30 10:56:59.503845
2.3466994155007965,52.197055003359445,398.0028443261655,2025-09-30 10:56:59.503845
2.3266264895270856,51.34013484191999,400.2162959649446,2025-09-30 10:56:59.503845
2.3087171335275216,54.09361783185973,399.32034167893323,2025-09-30 10:56:59.503845
2.100889250168587,56.20411851609283,399.3978453207737,2025-09-30 10:56:59.503845
2.2457357526184483,45.70150184161896,399.3984981795283,2025-09-30 10:56:59.503845
2.2081756314755414,54.00562929665748,399.4653466734923,2025-09-30 10:56:59.503845
2.235455839578299,51.91847206781806,400.57353399756727,2025-09-30 10:56:59.503845
2.221557278391039,55.23028787633327,399.14695800786444,2025-09-30 10:56:59.503845
2.31696815434077,47.341284087803835,399.5617050184977,2025-09-30 10:56:59.503845
2.333847916360808,51.60062523706996,399.1947381314041,2025-09-30 10:56:59.503845
2.385968748612548,62.21826833213733,400.8692392628237,2025-09-30 10:56:59.503845
2.318359821187029,56.83747916727731,399.09788920421255,2025-09-30 10:56:59.503845
2.369413909733948,61.39455311419648,398.7282775809438,2025-09-30 10:56:59.503845
2.3509137875946355,53.023768151127086,399.8235887779096,2025-09-30 10:56:59.503845
2.177022379238574,60.789798120727035,398.73786259153945,2025-09-30 10:56:59.503845
2.40064419406327,53.00647698532768,399.6989460417486,2025-09-30 10:56:59.503845
2.2447050004320066,58.15030550209099,399.7133357271781,2025-09-30 10:56:59.503845
2.355633735793747,59.15095806331792,399.2485266102277,2025-09-30 10:56:59.503845
2.181008107843701,56.65991404595948,400.20977804434966,2025-09-30 10:56:59.503845
2.337499545028774,54.816703042989666,398.9132778066754,2025-09-30 10:56:59.503845
2.344669355999767,58.95062612433615,399.5892835767799,2025-09-30 10:56:59.503845
2.3603360015259716,52.95313636344766,400.3480396306342,2025-09-30 10:56:59.503845
2.388473191458204,51.241586935956335,400.4036093990219,2025-09-30 10:56:59.503845
1.9812842985081827,58.110706802057926,399.3477994364993,2025-09-30 10:56:59.503845
2.308290753609184,58.29592805291112,400.2986761058861,2025-09-30 10:56:59.503845
2.218535730631965,56.81933362204141,400.1937593699239,2025-09-30 10:56:59.503845
2.1352180429867884,55.742928203136024,399.22042534750005,2025-09-30 10:56:59.503845
2.378479427060122,64.06441819764828,398.5763954543724,2025-09-30 10:56:59.503845
2.3347554977351046,58.683298004759195,400.74735925940837,2025-09-30 10:56:59.503845
2.2504136541077444,56.74759977982874,398.1525488784969,2025-09-30 10:56:59.503845
2.161861423050963,57.92940016987711,398.7604960973604,2025-09-30 10:56:59.503845
2.275832486148518,50.07275050942191,399.54153934132546,2025-09-30 10:56:59.503845
2.0697657872562782,50.32738659686367,400.69924975856543,2025-09-30 10:56:59.503845
2.3211608389189022,51.999987791008444,398.9799890848049,2025-09-30 10:56:59.503845
2.225458080231761,51.5635450605754,398.61370717209195,2025-09-30 10:56:59.503845
2.1811620221068897,50.75560983074587,400.81334512872144,2025-09-30 10:56:59.503845
2.4125057428461383,53.02084015786929,400.4756383392082,2025-09-30 10:56:59.503845
2.338665154370651,52.82661930954066,399.6613841714006,2025-09-30 10:56:59.503845
2.231921079900164,55.765100008631215,399.58494920422095,2025-09-30 10:56:59.503845
2.3857338833747437,54.16865584049623,399.65001295896997,2025-09-30 10:56:59.503845
2.208167910875955,61.39864668826707,400.5413846792893,2025-09-30 10:56:59.503845
2.2991262454490986,55.5613458376556,399.6367820346682,2025-09-30 10:56:59.503845
2.318195471034401,54.25845223788407,399.3244057725374,2025-09-30 10:56:59.503845
2.271681409116012,52.90983974572482,400.03536822084334,2025-09-30 10:56:59.503845
2.1470228131886415,54.14699391938508,398.9136870309685,2025-09-30 10:56:59.503845
2.3216297742259178,49.06014654403713,398.2116775568102,2025-09-30 10:56:59.503845
2.3812773549759716,49.980182380273696,400.3745220271576,2025-09-30 10:56:59.503845
2.3158739538631368,51.34952671904554,399.20105042906897,2025-09-30 10:56:59.503845
2.3488577777686186,58.02692680843305,399.33217336530174,2025-09-30 10:56:59.503845
2.1886089687269,59.5847406534147,399.13458924618743,2025-09-30 10:56:59.503845
2.2924338951944847,61.25882741950542,398.2560548308689,2025-09-30 10:56:59.503845
2.1364159249063075,53.9092659791401,400.12601792255754,2025-09-30 10:56:59.503845
2.379119818392722,53.51272354002943,400.95518630450636,2025-09-30 10:56:59.503845
2.2626596352385913,61.606893673274556,399.5709571678814,2025-09-30 10:56:59.503845
2.3750574443088333,54.369008534699525,399.25132400468874,2025-09-30 10:56:59.503845
2.236179423363069,54.69712204591887,400.3409774170984,2025-09-30 10:56:59.503845
2.238559549843372,54.040145583502394,400.1070986535688,2025-09-30 10:56:59.503845
2.2584473538740895,64.70443494876884,399.4633038141116,2025-09-30 10:56:59.503845
2.2278779249244085,65.79221164993848,400.4700271551019,2025-09-30 10:56:59.503845
2.287138486388196,55.76996666437821,399.84256598213443,2025-09-30 10:56:59.503845
2.1147075721518114,62.50213100487381,398.16554171198044,2025-09-30 10:56:59.503845
2.2277220648053846,59.74829722392794,399.36128381871765,2025-09-30 10:56:59.503845
2.1121222061967875,62.59006663638489,399.71543761572997,2025-09-30 10:56:59.503845
2.2470524490329153,50.86555906353775,400.3294473499159,2025-09-30 10:56:59.503845
2.245071670361611,50.75656186608749,398.6342170163993,2025-09-30 10:56:59.503845
2.198359731127415,55.828134481763904,400.2455965695277,2025-09-30 10:56:59.503845
2.3689744956998884,50.257851601591554,399.93264292806776,2025-09-30 10:56:59.503845
2.2947002215575285,51.294887254226644,399.31496441128706,2025-09-30 10:56:59.503845
2.2477099034534844,50.56383159436832,400.6606981627291,2025-09-30 10:56:59.503845
2.187285566786034,57.81956767246379,400.2551766543402,2025-09-30 10:56:59.503845
2.2593174816365207,59.490811795667284,399.10015803016,2025-09-30 10:56:59.503845
2.187217286014698,48.96484183719566,399.40564954622056,2025-09-30 10:56:59.503845
2.185932135839796,53.27813889569075,398.7070705626833,2025-09-30 10:56:59.503845
2.3769337939906174,57.14738602049728,400.1647965459945,2025-09-30 10:56:59.503845
2.482139969468638,54.63825569222333,400.0003420188071,2025-09-30 10:56:59.503845
2.4736244383409587,45.588458168976366,399.760916496934,2025-09-30 10:56:59.503845
2.355196955457971,64.0662592205153,398.84208888309297,2025-09-30 10:56:59.503845
2.2566158319087912,55.56865070052872,400.5915750477715,2025-09-30 10:56:59.503845
2.3161835724368385,55.16930217431251,399.4081968944356,2025-09-30 10:56:59.503845
2.2854390914428753,45.29082308482192,398.28785383470387,2025-09-30 10:56:59.503845
2.4021497754155274,59.01209037696736,400.47605871375697,2025-09-30 10:56:59.503845
2.353312618958478,51.71926736423477,400.28970752327757,2025-09-30 10:56:59.503845
2.41113070747773,47.88483814682973,399.6453086103785,2025-09-30 10:56:59.503845
2.226450437192461,56.402677082822144,400.0758871808901,2025-09-30 10:56:59.503845
2.271291506701692,60.73454110747308,399.5376075055152,2025-09-30 10:56:59.503845
2.318866116272962,56.66282295809722,400.1340614728453,2025-09-30 10:56:59.503845
2.1785446097579384,54.014972082957414,398.79999200080323,2025-09-30 10:56:59.503845
2.2571065901364733,51.83375604441098,399.74508211979423,2025-09-30 10:56:59.503845
2.2772194415546663,60.6551118594534,398.58102975544955,2025-09-30 10:56:59.503845
2.2756745890331835,45.76296508956784,399.02039963372044,2025-09-30 10:56:59.503845
2.4277992586970427,54.333690990198924,398.5936102616527,2025-09-30 10:56:59.503845
2.2533246045707203,44.884366332582985,400.1804956898457,2025-09-30 10:56:59.503845
2.1616812855838488,57.962918686482496,400.7272208106606,2025-09-30 10:56:59.503845
2.1814038533292814,54.73661189221612,398.78284092092565,2025-09-30 10:56:59.503845
2.3267441992783584,54.295208974623336,400.2964563252095,2025-09-30 10:56:59.503845
2.365725185630053,52.310957701937646,399.48087143542307,2025-09-30 10:56:59.503845
2.2418959265482634,50.474741331355524,401.40577923476457,2025-09-30 10:56:59.503845
2.211505868207714,52.66039393317882,400.13826766916816,2025-09-30 10:56:59.503845
2.2944011303274143,62.63335473570428,400.57757025164204,2025-09-30 10:56:59.503845
2.1621800735329892,43.003862775213776,399.4639447975247,2025-09-30 10:56:59.503845
2.2598562168109275,55.194459369343875,400.2849536059553,2025-09-30 10:56:59.503845
2.3725627229633792,60.02232298741296,399.87754261350034,2025-09-30 10:56:59.503845
2.3314048951704764,51.93102029277979,399.61777956963317,2025-09-30 10:56:59.503845
2.320511085627684,57.59464761615837,400.60813735650174,2025-09-30 10:56:59.503845
2.3209145614608553,51.724771033209564,400.06761503945256,2025-09-30 10:56:59.503845
2.230692399617897,50.62833841707188,399.5429380334759,2025-09-30 10:56:59.503845
2.310631360206866,52.47890812546364,400.5666559301414,2025-09-30 10:56:59.503845
2.264322990228977,57.70467546539435,398.78858288450095,2025-09-30 10:56:59.503845
2.2862520972820315,50.120328716209734,400.59920025935696,2025-09-30 10:56:59.503845
2.11937928399747,55.59659279434329,398.0162172386819,2025-09-30 10:56:59.503845
2.240572785451091,50.24736300964434,399.9105193096429,2025-09-30 10:56:59.503845
2.242035319003265,59.97921196018277,400.4813700513146,2025-09-30 10:56:59.503845
2.3012180633144594,50.08972770642894,398.68016747814113,2025-09-30 10:56:59.503845
2.134261604089408,51.92579377254118,398.6478299798589,2025-09-30 10:56:59.503845
2.3615055864750794,61.357808163711525,399.7529034646812,2025-09-30 10:56:59.503845
2.277951143068974,57.14083680272739,399.06660148014214,2025-09-30 10:56:59.503845
2.23664250717874,57.22870514567971,398.85150944360566,2025-09-30 10:56:59.503845
2.1469377640854845,53.967895432684244,401.18826797697415,2025-09-30 10:56:59.503845
2.2927929957417605,53.9662131242722,398.99573518349507,2025-09-30 10:56:59.503845
2.259949676134967,53.46476821914161,399.43964257509623,2025-09-30 10:56:59.503845
2.332374480391392,56.615596092432924,399.3230478459918,2025-09-30 10:56:59.503845
2.3148385388894206,63.91297390216336,401.1798072797988,2025-09-30 10:56:59.503845
2.311150722415991,57.86194452708686,400.5694976797167,2025-09-30 10:56:59.503845
2.2189967661846377,57.68786205230026,398.86760562994834,2025-09-30 10:56:59.503845
2.231098263832618,51.2775473787383,399.9044166613861,2025-09-30 10:56:59.503845
2.0951319304411338,47.909225861497035,399.57343352235176,2025-09-30 10:56:59.503845
2.2179454034963673,44.14000852746237,400.73288026931544,2025-09-30 10:56:59.503845
2.5424149443293023,48.85695124339155,399.7598604197878,2025-09-30 10:56:59.503845
2.329392656788943,46.448030780652964,400.90894128158527,2025-09-30 10:56:59.503845
2.3009804375191187,63.01910523034465,400.0642079297854,2025-09-30 10:56:59.503845
2.103534107525155,58.20901049618757,399.8320567430598,2025-09-30 10:56:59.503845
2.3136387497344066,54.941724868508004,398.86009775985235,2025-09-30 10:56:59.503845
2.0978514637594707,51.76376499265762,400.02481292911034,2025-09-30 10:56:59.503845
2.183822901791738,55.03566419088333,400.1753022600236,2025-09-30 10:56:59.503845
2.3097847952858293,56.27798139513313,399.2831038330194,2025-09-30 10:56:59.503845
2.341757270808291,48.81129706103894,400.63360130060437,2025-09-30 10:56:59.503845
2.292421526388006,59.80245918124906,399.22222762302977,2025-09-30 10:56:59.503845
2.2642148913423075,64.53655092006679,399.754171681923,2025-09-30 10:56:59.503845
2.217631971050724,63.7310562688081,400.6393846537435,2025-09-30 10:56:59.503845
2.3034164334551988,57.792956427774136,400.563958211211,2025-09-30 10:56:59.503845
2.2787983044473474,54.74755835881548,399.66870748833696,2025-09-30 10:56:59.503845
2.240202056782465,49.83691455923639,401.46787148792936,2025-09-30 10:56:59.503845
2.13331073033805,55.01238968149891,399.3927986363027,2025-09-30 10:56:59.503845
2.299155847254113,54.469565159337996,397.72995002980065,2025-09-30 10:56:59.503845
2.327847004131987,52.23105569856109,399.38071548276855,2025-09-30 10:56:59.503845
2.4221658183131223,54.20906619673281,398.1474316610242,2025-09-30 10:56:59.503845
2.1797173358543964,57.234905738147866,400.5779477570299,2025-09-30 10:56:59.503845
2.2649696860141755,48.242207310975274,399.3803719389967,2025-09-30 10:56:59.503845
2.0683306079002133,51.11691064376292,401.2364837351172,2025-09-30 10:56:59.503845
2.1968097566659353,57.5159199245272,400.90791330214233,2025-09-30 10:56:59.503845
2.465716330782844,47.39402133010271,398.6839618151287,2025-09-30 10:56:59.503845
2.2970101423375673,64.39436332967996,400.48527481582863,2025-09-30 10:56:59.503845
2.183966133089441,54.35243997093936,399.49285438259983,2025-09-30 10:56:59.503845
2.297962882689368,54.06022514336991,400.0661183295214,2025-09-30 10:56:59.503845
2.223053153461233,42.843028479762495,399.1756998982061,2025-09-30 10:56:59.503845
2.1522961145541686,54.44783353682692,398.6905727741083,2025-09-30 10:56:59.503845
2.3924328371219614,53.32600840510603,400.25793715049616,2025-09-30 10:56:59.503845
2.1921651002648934,53.263509101523276,401.0646815483484,2025-09-30 10:56:59.503845
2.2857966226515947,56.937485916938655,398.3750452105248,2025-09-30 10:56:59.503845
2.278648788214739,47.424126231553814,399.7065571637649,2025-09-30 10:56:59.503845
2.238974529708985,55.83189763858999,398.0481044164083,2025-09-30 10:56:59.503845
2.329039080733778,54.68248598615538,399.322270672703,2025-09-30 10:56:59.503845
2.224740715923492,56.43155223374022,399.18728697409216,2025-09-30 10:56:59.503845
2.4483202674867592,56.386925304148015,400.75379168809997,2025-09-30 10:56:59.503845
2.09351942883713,45.430940840085384,398.6970125668508,2025-09-30 10:56:59.503845
2.150092145991956,68.99170250524145,399.65943416650447,2025-09-30 10:56:59.503845
2.2627219238504686,45.98436323766889,398.98964947968943,2025-09-30 10:56:59.503845
2.1546745439393717,44.808771536268765,399.9722118522491,2025-09-30 10:56:59.503845
2.041057483121937,59.76345402841874,400.28830539443874,2025-09-30 10:56:59.503845
2.2310415553182157,56.199032720014685,400.3859185074306,2025-09-30 10:56:59.503845
2.2106236097042626,60.669644837030134,398.835947676755,2025-09-30 10:56:59.503845
2.142666150283858,58.555319811451795,400.2191208912096,2025-09-30 10:56:59.503845
2.334473383995511,57.956835271284746,399.7490102054497,2025-09-30 10:56:59.503845
2.075189857269397,56.40129231583685,399.92934462730113,2025-09-30 10:56:59.503845
2.2832411260555467,54.280697900051855,400.0662918235888,2025-09-30 10:56:59.503845
2.191212566615825,59.66172594195882,399.567355877673,2025-09-30 10:56:59.503845
2.161093098179999,60.379663293975,400.9512973667456,2025-09-30 10:56:59.503845
2.3596820289169194,50.58635279990696,399.39083904111544,2025-09-30 10:56:59.503845
2.2197453170866153,42.95612721747478,401.4857404379326,2025-09-30 10:56:59.503845
2.061270964930501,56.801597038114096,401.3713373601302,2025-09-30 10:56:59.503845
2.298165494984121,56.99410194036287,401.109070999644,2025-09-30 10:56:59.503845
2.266723036830597,57.7789597402526,398.07638206980107,2025-09-30 10:56:59.503845
2.2611883152981966,50.764307487312045,400.06977929795386,2025-09-30 10:56:59.503845
2.194970227968683,58.73412435347167,400.35068702892266,2025-09-30 10:56:59.503845
2.268728853709944,59.052392026683975,402.81924252965325,2025-09-30 10:56:59.503845
2.2601598988963922,63.44064236595706,400.4048880080189,2025-09-30 10:56:59.503845
2.426573956901189,47.454378264375244,399.15080010967813,2025-09-30 10:56:59.503845
2.3382903927676364,55.9210583789581,398.1937508080029,2025-09-30 10:56:59.503845
2.1874894612512414,54.505047241540865,400.312546279244,2025-09-30 10:56:59.503845
2.179839079811977,55.81514043528174,399.6455483103598,2025-09-30 10:56:59.503845
2.2289146655467005,59.53938332265004,399.6392746644765,2025-09-30 10:56:59.503845
2.2117137197665877,56.64513061213009,399.34426419138316,2025-09-30 10:56:59.503845
2.3343762603520997,53.331955178969515,398.7877384532614,2025-09-30 10:56:59.503845
2.1448676243694336,55.87428882802899,400.42714088971746,2025-09-30 10:56:59.503845
2.2673193670113525,65.23642533062274,400.0075259200993,2025-09-30 10:56:59.503845
2.1992866702612215,55.681578293441476,399.3298344256573,2025-09-30 10:56:59.503845
2.1828513978625317,52.941394784737035,400.90963687638913,2025-09-30 10:56:59.503845
2.288187579699527,58.121800350215516,399.74019928725284,2025-09-30 10:56:59.503845
2.215930933560353,59.63538331286283,399.7348503251259,2025-09-30 10:56:59.503845
2.2155107526958737,50.90433523793621,398.9530358622391,2025-09-30 10:56:59.503845
2.0659975346383845,50.277515598130115,400.7329503089945,2025-09-30 10:56:59.503845
2.122265665271887,61.963714399052876,400.0473224213824,2025-09-30 10:56:59.503845
2.344266932775676,57.25976384025881,400.98833565371325,2025-09-30 10:56:59.503845
2.319361506437525,54.488831452788865,397.96915645794235,2025-09-30 10:56:59.503845
2.2130453035421898,63.992404146288614,399.7935227837701,2025-09-30 10:56:59.503845
2.144819664244781,57.97835784104014,400.79134520343604,2025-09-30 10:56:59.503845
2.119650869407335,49.11272870508172,399.685985788285,2025-09-30 10:56:59.503845
2.294307481632971,49.042780491553266,401.78419914339315,2025-09-30 10:56:59.503845
2.174367511944604,53.16745072874734,400.0479190914287,2025-09-30 10:56:59.503845
2.1581776124557446,63.62267953131276,399.99085745098415,2025-09-30 10:56:59.503845
2.1046492729750663,52.91926645169732,399.5112025436379,2025-09-30 10:56:59.503845
2.1728408193096285,51.76868594294929,399.63515705622814,2025-09-30 10:56:59.503845
2.114894371192776,46.555299979703875,400.2521354651472,2025-09-30 10:56:59.503845
2.252124288258021,64.06538696217066,399.96948076131946,2025-09-30 10:56:59.503845
2.2762949867790363,50.867239940050226,399.07466109825066,2025-09-30 10:56:59.503845
2.08252499598518,53.31492470050019,400.183435484153,2025-09-30 10:56:59.503845
2.192124827464403,61.26667859994987,398.7203503293795,2025-09-30 10:56:59.503845
2.405266559835687,62.48953038717107,398.67804209105304,2025-09-30 10:56:59.503845
2.170822758982069,55.573544190622435,398.796734194031,2025-09-30 10:56:59.503845
2.4315540962344615,52.84194182735499,399.1786567098176,2025-09-30 10:56:59.503845
2.3937347162764477,51.31401650471451,400.51342641120885,2025-09-30 10:56:59.503845
2.215446762962002,40.29222908998523,400.3732214319621,2025-09-30 10:56:59.503845
2.262125734319328,60.95518209996067,399.90427743591465,2025-09-30 10:56:59.503845
2.2566309574498367,58.273870469901034,400.0287274485506,2025-09-30 10:56:59.503845
2.2862663679804567,66.03939437116149,399.30946161034285,2025-09-30 10:56:59.503845
2.115200641973332,53.08010640614908,400.0846293603224,2025-09-30 10:56:59.503845
2.2245877834523164,56.27745296703891,399.61837189264634,2025-09-30 10:56:59.503845
2.1485701898005254,55.21029603889429,400.25091268494697,2025-09-30 10:56:59.503845
2.299521602448774,58.43027219411478,400.13497795741273,2025-09-30 10:56:59.503845
2.3382068644004628,45.62721416238675,399.39267598080784,2025-09-30 10:56:59.503845
2.1068153466803645,42.59315833607724,399.866510739968,2025-09-30 10:56:59.503845
2.3212945716841014,49.72948441001916,398.78682250852506,2025-09-30 10:56:59.503845
2.4374545085264288,57.66699531817438,400.1593798510051,2025-09-30 10:56:59.503845
2.2600859021076993,51.346132871024906,399.2443308517397,2025-09-30 10:56:59.503845
2.2556586602555977,53.3424605440719,400.01379654651777,2025-09-30 10:56:59.503845
2.3815088192231104,55.98689634324026,401.00898039775893,2025-09-30 10:56:59.503845
2.216961476118005,53.53734294295215,400.49396459163273,2025-09-30 10:56:59.503845
2.2246899898900296,64.4191637799713,399.08747738909057,2025-09-30 10:56:59.503845
2.107242117341433,51.35421598296053,401.6268635105619,2025-09-30 10:56:59.503845
2.388568454512572,70.8033786359663,399.32103068518853,2025-09-30 10:56:59.503845
2.274868145636865,48.504044181573356,399.92200856908454,2025-09-30 10:56:59.503845
2.4720440918150337,55.89288635863869,400.730532097035,2025-09-30 10:56:59.503845
2.320951606722767,54.13649734676134,400.8172410422848,2025-09-30 10:56:59.503845
2.2866530088764287,65.89039021180102,399.1305807329116,2025-09-30 10:56:59.503845
2.2780700123346236,55.41427572357887,398.6068261550987,2025-09-30 10:56:59.503845
2.1941748342868044,64.93010983990615,400.8988584506797,2025-09-30 10:56:59.503845
2.3360689348072765,60.57532629170343,399.66682096877,2025-09-30 10:56:59.503845
2.1730149133711163,53.75110711687891,400.97178585384984,2025-09-30 10:56:59.503845
2.2788838293321882,46.449691814645796,399.6418879589907,2025-09-30 10:56:59.503845
2.079942410676371,54.71915273828459,398.9164504012085,2025-09-30 10:56:59.503845
2.14379735667819,58.90868307271768,400.7814940580771,2025-09-30 10:56:59.503845
2.264062913895196,53.43041309174349,400.0665985216147,2025-09-30 10:56:59.503845
2.1747031876960126,51.68983909661061,399.1813877358445,2025-09-30 10:56:59.503845
2.162655676309422,56.938512918854634,399.4005621496407,2025-09-30 10:56:59.503845
2.1769306297708932,53.65610391799145,399.3989794997539,2025-09-30 10:56:59.503845
2.3912004308414776,55.83565336019581,400.6410223208859,2025-09-30 10:56:59.503845
2.3767862485468845,52.44930256670362,399.57797415801093,2025-09-30 10:56:59.503845
2.339399258488336,50.30948664427718,399.5410126422675,2025-09-30 10:56:59.503845
2.2031218695469788,53.896518501787675,399.9705293137347,2025-09-30 10:56:59.503845
2.352006375550566,53.97186624166318,400.3793068272548,2025-09-30 10:56:59.503845
2.190099318373283,56.45093866995394,399.2130707666101,2025-09-30 10:56:59.503845
2.1810129784691674,45.74734599677728,399.19281253765456,2025-09-30 10:56:59.503845
2.103607192214427,45.34716051808668,400.35320224808584,2025-09-30 10:56:59.503845
2.200424316202389,51.94820823159339,399.39319396131623,2025-09-30 10:56:59.503845
2.1987710417940187,61.85948210654377,400.1301657173522,2025-09-30 10:56:59.503845
2.240548494604967,49.60765899744865,399.53022239038023,2025-09-30 10:56:59.503845
2.562993146180111,54.910103300257006,400.0950970265918,2025-09-30 10:56:59.503845
2.4734036499712886,54.87050500987069,399.0250284774295,2025-09-30 10:56:59.503845
2.2950429921633217,50.051072977962676,400.381203003385,2025-09-30 10:56:59.503845
2.0793253967056433,56.125918945296455,398.8781475872901,2025-09-30 10:56:59.503845
2.150764453340458,53.540294727438756,400.40741377921086,2025-09-30 10:56:59.503845
2.368948359536354,59.30007677831321,399.3265511334959,2025-09-30 10:56:59.503845
2.282399161071607,51.827681458379644,399.9893098919397,2025-09-30 10:56:59.503845
2.1896574299172573,49.49553201766639,400.22238346814123,2025-09-30 10:56:59.503845
2.2507851080816006,61.688260992059604,399.21692651320467,2025-09-30 10:56:59.503845
2.5196029939980895,59.61053201411945,399.8018360731373,2025-09-30 10:56:59.503845
2.2318908521424294,60.117564044751916,400.3830239200832,2025-09-30 10:56:59.503845
2.248734857794702,43.68880444167574,399.8199156499263,2025-09-30 10:56:59.503845
2.2899636493804016,46.17992886112893,400.4187174994433,2025-09-30 10:56:59.503845
2.3499484038790284,49.61473562580314,400.0145916834036,2025-09-30 10:56:59.503845
2.156184964994321,45.33634658314756,398.8960802719932,2025-09-30 10:56:59.503845
2.0696229343396375,47.644242710320285,399.38450482171226,2025-09-30 10:56:59.503845
2.388137862567331,60.752186769253115,400.163755099771,2025-09-30 10:56:59.503845
2.321639822185916,44.67518440297308,398.7935954610871,2025-09-30 10:56:59.503845
2.265727068735116,59.806489618023775,398.59188078800423,2025-09-30 10:56:59.503845
2.2211622060937377,55.72197646382609,401.39670488476173,2025-09-30 10:56:59.503845
2.432742763762559,56.551272190767826,401.24107457944575,2025-09-30 10:56:59.503845
2.314992610993255,45.88728618622481,398.489593577121,2025-09-30 10:56:59.503845
2.414359688764819,47.87009793161399,399.5209200647132,2025-09-30 10:56:59.503845
2.3204681680187287,56.506600264729734,399.78478136270854,2025-09-30 10:56:59.503845
2.2395950219400245,47.39114431001549,399.28799160074647,2025-09-30 10:56:59.503845
2.1764058275325335,55.45632125222072,399.44816524017654,2025-09-30 10:56:59.503845
2.4766987511238074,53.11179515010992,400.1733395900302,2025-09-30 10:56:59.503845
2.1270800945905117,48.95972706939824,400.4099060759412,2025-09-30 10:56:59.503845
2.209360599698253,60.55296693211741,400.0077096485475,2025-09-30 10:56:59.503845
2.216318657669716,47.81088324744131,399.22320278429345,2025-09-30 10:56:59.503845
2.211829543169557,59.82354442087717,399.02743407298436,2025-09-30 10:56:59.503845
2.347053462464271,57.77430251545542,401.468058232178,2025-09-30 10:56:59.503845
2.078144104847451,46.19854563194113,399.95420425134415,2025-09-30 10:56:59.503845
2.0264161295493865,54.19101032784561,399.5505552434294,2025-09-30 10:56:59.503845
2.4215003309096863,53.463683261254204,399.3671227156298,2025-09-30 10:56:59.503845
2.3282588649773728,48.498726488233025,400.0115960623658,2025-09-30 10:56:59.503845
2.2025583460052904,51.75883781344211,400.55765192073443,2025-09-30 10:56:59.503845
2.25898246781334,49.95896394887761,400.31895645013014,2025-09-30 10:56:59.503845
2.2086069490143445,56.293645243470976,400.0675959489207,2025-09-30 10:56:59.503845
2.35610656171456,54.05695857581658,398.8287858844021,2025-09-30 10:56:59.503845
2.222611688910283,54.343771524733896,399.17021140857224,2025-09-30 10:56:59.503845
2.212817637548167,45.93544310990244,400.3475488916176,2025-09-30 10:56:59.503845
2.220444580316032,58.139181626196574,400.5296485201648,2025-09-30 10:56:59.503845
2.343106941849807,51.41604027381286,400.430933290851,2025-09-30 10:56:59.503845
2.248466098613903,53.33525978942633,399.47005771886865,2025-09-30 10:56:59.503845
2.2710697227714016,52.74500815517504,400.4885771438403,2025-09-30 10:56:59.503845
2.37183397709005,52.25727785091673,400.4344962537974,2025-09-30 10:56:59.503845
2.296433023497872,55.086008850311075,399.1367932819732,2025-09-30 10:56:59.503845
2.263772540290477,51.04657096433078,399.4860407700511,2025-09-30 10:56:59.503845
2.257831637289693,50.93025918638646,400.04055096092674,2025-09-30 10:56:59.503845
2.429291800913757,52.221764570636054,399.24157098041377,2025-09-30 10:56:59.503845
2.3745797424278035,54.77670845315111,398.43041954001467,2025-09-30 10:56:59.503845
2.3460033827407867,55.51615955516354,399.44301962466824,2025-09-30 10:56:59.503845
2.2365002402434984,59.706356983234805,400.5098042563279,2025-09-30 10:56:59.503845
2.1382393655481313,55.64037404508251,398.68062443184675,2025-09-30 10:56:59.503845
2.346565667137588,47.936766148492026,399.8634616465306,2025-09-30 10:56:59.503845
2.2621650244496303,50.648381845959,399.618837431145,2025-09-30 10:56:59.503845
2.28257223164259,52.40978386584147,399.5520985102329,2025-09-30 10:56:59.503845
2.2884464693587545,53.08205828730367,398.89894978067014,2025-09-30 10:56:59.503845
2.2476921920344597,53.25587610492778,400.4900321020895,2025-09-30 10:56:59.503845
2.1686516299491694,54.45109244518931,399.8351254399105,2025-09-30 10:56:59.503845
2.268855241743168,67.14936238565123,399.8564118627648,2025-09-30 10:56:59.503845
2.3835269023154964,56.534833695005,399.52809580116127,2025-09-30 10:56:59.503845
2.3489901307116567,51.35893570762611,400.06293503902015,2025-09-30 10:56:59.503845
2.2916944172904206,54.776797798681805,399.51152251761556,2025-09-30 10:56:59.503845
2.1086957717764157,52.69360315541136,400.83682425981056,2025-09-30 10:56:59.503845
2.3015327863500126,50.21927960513369,400.35295358252176,2025-09-30 10:56:59.503845
2.30671208070642,57.01533481475336,399.9583221788374,2025-09-30 10:56:59.503845
2.1050158868089617,47.03096951680802,399.4274376882455,2025-09-30 10:56:59.503845
2.179569232247693,54.883936976329586,398.8181185864357,2025-09-30 10:56:59.503845
2.1849186427280656,59.287723205631195,399.67431751375733,2025-09-30 10:56:59.503845
2.2968025625390363,57.7660023222672,400.5018838882372,2025-09-30 10:56:59.503845
2.299395578486539,57.151242012595645,400.12238656212605,2025-09-30 10:56:59.503845
2.0988923017800816,45.963002751893626,399.44079413614986,2025-09-30 10:56:59.503845
2.416450775735274,49.408816848669616,398.3252346403307,2025-09-30 10:56:59.503845
2.071765876575312,49.88356598159895,399.4322801981455,2025-09-30 10:56:59.503845
2.260561426034288,57.8076485477342,399.21368262991774,2025-09-30 10:56:59.503845
2.3159280820357675,59.81394071591996,399.7764845957354,2025-09-30 10:56:59.503845
2.2305857096906108,55.68314755744077,400.192797720208,2025-09-30 10:56:59.503845
2.3306831646988795,52.49503132410472,399.2385967598474,2025-09-30 10:56:59.503845
2.2980595201226657,56.74383519927352,399.6140597488526,2025-09-30 10:56:59.503845
2.264781805425883,57.269749445654085,399.47020236297817,2025-09-30 10:56:59.503845
2.192644820479885,54.72744549165485,399.36443000533217,2025-09-30 10:56:59.503845
2.1770923738346433,51.78848827240513,399.23398323300717,2025-09-30 10:56:59.503845
2.2140346026409947,62.22736515883889,399.0964971771724,2025-09-30 10:56:59.503845
2.3161320575270445,53.58509345932469,401.1666450825192,2025-09-30 10:56:59.503845
2.098894686576335,54.23820001763036,399.6238606950517,2025-09-30 10:56:59.503845
2.1734074991497248,56.646536856945254,399.2889137198241,2025-09-30 10:56:59.503845
2.2856344503900536,54.811833472851895,399.94966239359536,2025-09-30 10:56:59.503845
2.138178817487126,58.627818348405036,399.2025968753755,2025-09-30 10:56:59.503845
2.212010211448265,57.922874094204445,401.68722506858194,2025-09-30 10:56:59.503845
2.2215656977475158,49.73412815503947,398.7212075977021,2025-09-30 10:56:59.503845
2.2540094704299767,61.90227987106274,398.44474018870324,2025-09-30 10:56:59.503845
2.2349376599654835,53.90074614945917,399.474332897757,2025-09-30 10:56:59.503845
2.279770278663796,54.35802587361444,400.6706165014496,2025-09-30 10:56:59.503845
2.24182017158069,55.16375643203786,400.0806228182026,2025-09-30 10:56:59.503845
2.3612077070795223,51.111288665127205,400.366933624853,2025-09-30 10:56:59.503845
2.300623441406006,56.76764741361829,400.7677803728574,2025-09-30 10:56:59.503845
2.282058897905352,62.99162448161702,399.281296642928,2025-09-30 10:56:59.503845
2.1753238261882735,55.639278471320324,399.85749861585714,2025-09-30 10:56:59.503845
2.201921161243101,51.32976719941908,400.68375488795857,2025-09-30 10:56:59.503845
2.385382599942641,48.79892473436729,399.4942076970068,2025-09-30 10:56:59.503845
2.3015263308271736,52.33322034881641,399.24096796159847,2025-09-30 10:56:59.503845
2.328186140645326,55.12229296818897,399.05157645651303,2025-09-30 10:56:59.503845
2.2135016825299747,59.71726923951218,400.21889056063833,2025-09-30 10:56:59.503845
2.198740541291693,58.30572776087502,397.3646003167862,2025-09-30 10:56:59.503845
2.1856639474514292,49.59599670277969,400.1111370320203,2025-09-30 10:56:59.503845
2.358599728729661,51.07950256049336,399.9968330487441,2025-09-30 10:56:59.503845
2.455019366918395,49.763535371836355,398.6040011182928,2025-09-30 10:56:59.503845
2.072519624272238,53.62460266788753,399.24464763265854,2025-09-30 10:56:59.503845
2.1823753130127805,53.27887401801815,399.77022261605424,2025-09-30 10:56:59.503845
2.2882613020219376,51.59208925171724,400.65926200486365,2025-09-30 10:56:59.503845
2.2041883087363394,55.480315245878444,398.2942824525418,2025-09-30 10:56:59.503845
2.1991349302052248,59.431500009641134,399.3505009267288,2025-09-30 10:56:59.503845
2.1523673608275407,47.430781645869956,398.7376682392174,2025-09-30 10:56:59.503845
2.4260089266480906,55.374485787083245,399.2055734018043,2025-09-30 10:56:59.503845
2.2898002534513173,51.910315222294464,398.6852243065593,2025-09-30 10:56:59.503845
2.2073762054468675,60.23946459313318,399.98566311057857,2025-09-30 10:56:59.503845
2.2224439774815865,53.10781907549236,400.368796003382,2025-09-30 10:56:59.503845
2.2392342264095424,60.31767921123786,398.1794200977335,2025-09-30 10:56:59.503845
2.1298941861946896,49.07061020478879,399.6782291494185,2025-09-30 10:56:59.503845
2.1878911108173305,52.98463626185543,398.8778631515383,2025-09-30 10:56:59.503845
2.2363710695597554,52.745161933216934,399.4862233446944,2025-09-30 10:56:59.503845
2.407301578925521,54.99795237122181,399.086626703667,2025-09-30 10:56:59.503845
2.3388790922273808,53.77271894907733,400.2609615685105,2025-09-30 10:56:59.503845
2.277026666552175,50.25565521914166,400.8288411356678,2025-09-30 10:56:59.503845
2.1457354503782984,54.358948776716865,400.3762108834513,2025-09-30 10:56:59.503845
2.240463633223488,59.66677296835894,399.3290976365655,2025-09-30 10:56:59.503845
2.288837726415681,60.56955443421708,398.65001649540085,2025-09-30 10:56:59.503845
2.347832830172946,54.784435054118795,400.0203081537801,2025-09-30 10:56:59.503845
2.168108580953025,58.31782959404261,398.92856628662804,2025-09-30 10:56:59.503845
2.305782387571206,53.76530983575715,399.31117124105424,2025-09-30 10:56:59.503845
2.080953261125986,45.81200420351987,399.2970828555493,2025-09-30 10:56:59.503845
2.34790685481601,57.206495858823104,400.3200772269117,2025-09-30 10:56:59.503845
2.2990423468625547,55.85127017409719,397.705045476567,2025-09-30 10:56:59.503845
2.297651757180545,65.55184074405072,398.6485278787619,2025-09-30 10:56:59.503845
2.317268580669512,46.968139196022236,399.7184694299645,2025-09-30 10:56:59.503845
2.232325200908758,59.57265973931674,399.55353911976175,2025-09-30 10:56:59.503845
2.2066457353363234,60.14253394058282,399.91884168828096,2025-09-30 10:56:59.503845
2.2666834267949216,57.67209772751578,399.82966183454243,2025-09-30 10:56:59.503845
2.1000252811257494,41.404647268420796,400.41141447154826,2025-09-30 10:56:59.503845
2.2286963642361584,49.26179592257334,400.552321763795,2025-09-30 10:56:59.503845
2.2835900514360388,47.68544628686621,398.72698987655974,2025-09-30 10:56:59.503845
2.3854490395599366,57.62763711815146,399.69001471542197,2025-09-30 10:56:59.503845
2.2684635928790966,51.671654433069726,399.55610358012467,2025-09-30 10:56:59.503845
2.291393016552744,55.91369151058845,397.7412591432788,2025-09-30 10:56:59.503845
2.3066401438568374,54.329134067996485,400.1761449921737,2025-09-30 10:56:59.503845
2.2934412644179294,54.093608015047394,400.7563520739771,2025-09-30 10:56:59.503845
2.1274431044973796,50.98801127702849,400.1109228841762,2025-09-30 10:56:59.503845
2.2203950448338725,52.58171573950489,400.41556970298825,2025-09-30 10:56:59.503845
2.3160131884119357,57.16469938809354,400.84274790929425,2025-09-30 10:56:59.503845
2.230886594657467,54.033212379139975,400.3408621590425,2025-09-30 10:56:59.503845
2.283565132679518,51.855685589163826,399.1015926733986,2025-09-30 10:56:59.503845
2.30145317964627,51.863173298430816,400.892392659827,2025-09-30 10:56:59.503845
2.1720912844945803,53.266266356359175,399.02178104670645,2025-09-30 10:56:59.503845
2.2379347341954308,58.67912923108606,399.9343556448609,2025-09-30 10:56:59.503845
2.1558907097105777,51.51098976995056,399.6114482143675,2025-09-30 10:56:59.503845
2.2370767752746805,52.82314219293294,399.08295049673285,2025-09-30 10:56:59.503845
2.192697247256246,62.7822063052693,400.1512410024542,2025-09-30 10:56:59.503845
2.3067073844577406,49.80140576510955,399.9588963489723,2025-09-30 10:56:59.503845
2.2662228740713553,50.009921604832066,400.2909119057228,2025-09-30 10:56:59.503845
2.244050554086624,52.74892061020146,399.49540175398187,2025-09-30 10:56:59.503845
2.3644054515059483,61.28153742794113,399.50733064027276,2025-09-30 10:56:59.503845
2.442852570943015,61.34282544074454,399.6212585336881,2025-09-30 10:56:59.503845
2.078578935280272,57.78424681929749,400.61826968766076,2025-09-30 10:56:59.503845
2.1899201541676807,48.176526348736616,399.394624239487,2025-09-30 10:56:59.503845
2.1731216401315865,51.137065486401504,399.4457257005273,2025-09-30 10:56:59.503845
2.244862282007471,55.337730504350844,399.6368561157005,2025-09-30 10:56:59.503845
2.3069637158277825,54.51471890469023,399.1510654025458,2025-09-30 10:56:59.503845
2.35714568849127,47.09192682048275,400.27288403643405,2025-09-30 10:56:59.503845
2.1677399199693532,51.48678834341365,400.0129671512891,2025-09-30 10:56:59.503845
2.2157026595422753,48.9293514266273,400.3746590425624,2025-09-30 10:56:59.503845
2.197762474746761,45.37242714268776,399.70570091770304,2025-09-30 10:56:59.503845
2.3057467378304466,61.70384417183341,398.46876040619435,2025-09-30 10:56:59.503845
2.04510476972537,62.929495470451386,399.5841079638247,2025-09-30 10:56:59.503845
2.2003818596101206,50.958130035471015,398.6292684572587,2025-09-30 10:56:59.503845
2.2175773612586136,51.42568893734379,400.1471619101842,2025-09-30 10:56:59.503845
2.4160587684972974,65.13531051218395,400.83642484390356,2025-09-30 10:56:59.503845
2.4358800800964464,56.530817547021144,399.90198506654133,2025-09-30 10:56:59.503845
2.1623751297157274,51.66347554091948,399.6041510833266,2025-09-30 10:56:59.503845
2.0743207949462654,57.84433015657219,398.8907183181276,2025-09-30 10:56:59.503845
2.2320763960248424,59.42775278399845,400.6548545533627,2025-09-30 10:56:59.503845
2.1404678109839135,59.53115229082652,400.30352461790966,2025-09-30 10:56:59.503845
2.172089306799827,49.24335893936397,399.31874427483484,2025-09-30 10:56:59.503845
2.3287070383175044,40.886447955321216,399.93973199865945,2025-09-30 10:56:59.503845
2.309945486035178,53.328612266262965,399.5229493954285,2025-09-30 10:56:59.503845
2.25309377493239,48.184264632734376,400.2118880404347,2025-09-30 10:56:59.503845
2.3789650145950256,51.207972706742005,399.8745742307931,2025-09-30 10:56:59.503845
2.410281866883994,61.30833566537186,398.8677185740047,2025-09-30 10:56:59.503845
2.489011790813265,57.81201972156492,400.465146679042,2025-09-30 10:56:59.503845
2.447552581745834,52.29336796399271,400.2653403521101,2025-09-30 10:56:59.503845
2.346056318441871,56.63776102992595,399.0384181542797,2025-09-30 10:56:59.503845
2.360714654815066,60.13182297179849,400.6875323789514,2025-09-30 10:56:59.503845
2.048293972266948,51.36629295874526,399.17483947402053,2025-09-30 10:56:59.503845
2.2690190857015757,50.92785563232977,399.2341889800184,2025-09-30 10:56:59.503845
2.2592306326182516,54.60269911093669,399.4563431563566,2025-09-30 10:56:59.503845
2.0840424400561854,50.28406196545329,399.73048148133205,2025-09-30 10:56:59.503845
2.1483966055412598,47.530233046470784,400.2196392572787,2025-09-30 10:56:59.503845
2.2116167712778405,54.016832590755115,398.7644128273058,2025-09-30 10:56:59.503845
2.4567108551300603,61.03448704855744,400.3947837608944,2025-09-30 10:56:59.503845
2.2530644726843017,46.9822999301749,400.568382169406,2025-09-30 10:56:59.503845
2.312034579507847,59.819028640525424,401.32774793780317,2025-09-30 10:56:59.503845
2.225134370812802,46.46921815395096,400.0860230923334,2025-09-30 10:56:59.503845
2.194174435225979,61.05743836965078,399.22805086720365,2025-09-30 10:56:59.503845
2.097988907980113,53.07213152868407,399.868011269451,2025-09-30 10:56:59.503845
2.229812509164399,50.37748797503973,399.50891893498937,2025-09-30 10:56:59.503845
2.3278865563840996,59.8802554184638,399.7403581532005,2025-09-30 10:56:59.503845
2.309077041964546,59.1635039655746,398.839415449245,2025-09-30 10:56:59.503845
2.3068211718131275,48.559578636422664,399.0386336447548,2025-09-30 10:56:59.503845
2.379539852730109,57.08122000658157,399.07977865357765,2025-09-30 10:56:59.503845
2.3655429248430346,59.63622317570391,398.5689860449363,2025-09-30 10:56:59.503845
2.3996292700279485,58.101221401127354,399.84527288986453,2025-09-30 10:56:59.503845
2.260199406199306,54.57887077405318,400.576386637773,2025-09-30 10:56:59.503845
2.1830540239533223,51.730549719213016,400.44418762520337,2025-09-30 10:56:59.503845
2.1710697073826393,55.05163038561761,400.1471309434304,2025-09-30 10:56:59.503845
2.2935095273485424,53.17361345540377,400.971177057545,2025-09-30 10:56:59.503845
2.2958256271123116,54.0443294558472,398.6435553279323,2025-09-30 10:56:59.503845
2.1690711574011887,54.33093987099244,398.6914584237548,2025-09-30 10:56:59.503845
2.2856719298104498,57.53343220314669,399.9690871829889,2025-09-30 10:56:59.503845
2.3030725263154954,55.9957232470783,399.5661647721399,2025-09-30 10:56:59.503845
2.2623792302739063,57.33132988884578,400.07536022396624,2025-09-30 10:56:59.503845
2.3334310124529356,49.39420967283752,400.3945991185368,2025-09-30 10:56:59.503845
2.235424643447403,56.79361217879118,399.89321463222507,2025-09-30 10:56:59.503845
2.289731513455137,55.00523197201586,401.30924759316326,2025-09-30 10:56:59.503845
2.246533473989564,59.5013878363989,399.26492047404815,2025-09-30 10:56:59.503845
2.2352948305850453,59.395811049536306,400.177815028342,2025-09-30 10:56:59.503845
2.2436954713029595,54.415279005049676,400.2193733451687,2025-09-30 10:56:59.503845
2.2172658643047902,52.757760755802295,398.69591981558165,2025-09-30 10:56:59.503845
2.1878649067365985,45.33842020558052,399.9473237376864,2025-09-30 10:56:59.503845
2.43504015199044,53.81716475793126,401.25171077845863,2025-09-30 10:56:59.503845
2.287010838778185,54.87326355595718,399.3803951600526,2025-09-30 10:56:59.503845
2.153633513706341,56.441025107483576,399.5339032980548,2025-09-30 10:56:59.503845
2.1352803576893877,51.77358529777501,399.21115872141263,2025-09-30 10:56:59.503845
2.1749141203472426,58.45658625985335,400.9675408383146,2025-09-30 10:56:59.503845
2.350795037023272,62.43377681677471,398.72138519001777,2025-09-30 10:56:59.503845
2.399940458339257,54.54951804903869,398.52919184148533,2025-09-30 10:56:59.503845
2.3127480174194655,47.98987417204554,399.5386455513734,2025-09-30 10:56:59.503845
2.274785593621992,51.843580524591495,398.49539596511573,2025-09-30 10:56:59.503845
2.339810760578346,50.92626345889957,398.6709159859364,2025-09-30 10:56:59.503845
2.330459378911175,42.123299535506156,400.055380965411,2025-09-30 10:56:59.503845
2.3646045131401245,56.730748123333484,398.10234392852,2025-09-30 10:56:59.503845
2.1301424677500753,57.84673041834877,398.15664943311094,2025-09-30 10:56:59.503845
2.359418201505487,50.695546996618404,399.421467906908,2025-09-30 10:56:59.503845
2.3157187718488186,51.14838271790611,399.4894980394372,2025-09-30 10:56:59.503845
2.2161480421992543,52.28852628746034,399.0581090429869,2025-09-30 10:56:59.503845
2.238570532705452,47.698191131424565,401.1802472777455,2025-09-30 10:56:59.503845
2.0867572690896985,56.53368735691858,400.35481722850784,2025-09-30 10:56:59.503845
2.2069043549256846,52.417176238073885,399.8333870868657,2025-09-30 10:56:59.503845
2.291067908637048,60.590376571133234,398.40471666899407,2025-09-30 10:56:59.503845
1.9178445495861742,59.650163511360105,398.9894450024343,2025-09-30 10:56:59.503845
2.2775757948751427,55.103132833017376,399.4010741703658,2025-09-30 10:56:59.503845
2.240852812373121,57.749560698913875,400.7482418924159,2025-09-30 10:56:59.503845
2.175078711351873,61.06237062622416,398.8044200793231,2025-09-30 10:56:59.503845
2.321710134405192,54.27347960729104,399.1100487259477,2025-09-30 10:56:59.503845
2.3067650194907925,44.846360930719285,399.21787058368596,2025-09-30 10:56:59.503845
2.3458454549149526,56.64383069921038,401.00950184093466,2025-09-30 10:56:59.503845
2.333027067902737,62.390404768450885,399.49861585722056,2025-09-30 10:56:59.503845
2.283220208344143,56.88912383803994,397.6051286176375,2025-09-30 10:56:59.503845
2.314437718783286,64.36695052450968,398.08013701004063,2025-09-30 10:56:59.503845
2.381068931234172,57.44918205199612,399.39687132617235,2025-09-30 10:56:59.503845
2.3112917726379676,54.357549879376855,399.2454940003884,2025-09-30 10:56:59.503845
2.1974889154488992,52.32284173682227,398.9308198873507,2025-09-30 10:56:59.503845
2.121101058673064,55.819729756580976,399.7004718718047,2025-09-30 10:56:59.503845
2.2227157574490586,56.57209407989845,398.4918778716304,2025-09-30 10:56:59.503845
2.246050925078499,53.09244718349343,399.0800805429294,2025-09-30 10:56:59.503845
2.2015249369917522,62.79289277856326,399.0038243807436,2025-09-30 10:56:59.503845
2.19428288045107,56.83278051940256,399.9938032280466,2025-09-30 10:56:59.503845
2.405297895146958,51.91009751122238,399.55233146591416,2025-09-30 10:56:59.503845
2.1758983976747324,58.70320275245644,399.98743310970553,2025-09-30 10:56:59.503845
2.1236654430582957,57.56426291076364,399.90241731393513,2025-09-30 10:56:59.503845
2.0949175151563835,47.48197092718869,401.3167781113453,2025-09-30 10:56:59.503845
2.2014857697882597,57.692004481291555,399.9603595408059,2025-09-30 10:56:59.503845
2.1226063770921897,62.761598417980714,398.3848903229663,2025-09-30 10:56:59.503845
2.2822165828870307,51.491848721392614,399.70649052346215,2025-09-30 10:56:59.503845
2.4403403460185285,55.118992363146496,400.24788860108646,2025-09-30 10:56:59.503845
2.214227775428919,56.33729211435607,398.5569312795426,2025-09-30 10:56:59.503845
2.1520323160779884,58.68409005675223,400.0987422382102,2025-09-30 10:56:59.503845
2.287035854409215,51.292886868495714,399.0741951452714,2025-09-30 10:56:59.503845
2.2390627091442066,60.456411723982654,399.8593145710154,2025-09-30 10:56:59.503845
2.1883478877678235,56.21137436312691,398.4961184520084,2025-09-30 10:56:59.503845
2.250373243679766,55.25830918352363,398.4341657342947,2025-09-30 10:56:59.503845
2.2887333787079926,58.781591687149266,399.68130269230437,2025-09-30 10:56:59.503845
2.367581535266701,44.64325670733716,398.07887249247796,2025-09-30 10:56:59.503845
2.4158106717694903,44.726816015296876,400.17569533409517,2025-09-30 10:56:59.503845
2.283929236248007,52.36699615963683,399.0164949617831,2025-09-30 10:56:59.503845
2.1567669672057215,45.320510346187106,401.08850671756863,2025-09-30 10:56:59.503845
2.131683621441802,64.65724318540546,399.9893826350799,2025-09-30 10:56:59.503845
2.2259043574506796,54.863149538769434,400.46294872583576,2025-09-30 10:56:59.503845
2.281870680014053,62.51661430794174,399.3486272057335,2025-09-30 10:56:59.503845
2.391622561390242,51.80772000354934,400.59686555899583,2025-09-30 10:56:59.503845
2.355861970586002,51.299238250329175,400.85662741184115,2025-09-30 10:56:59.503845
2.1972602797388245,52.097087821698366,398.35776007047474,2025-09-30 10:56:59.503845
2.308794265037174,45.98809632608688,400.72736132422614,2025-09-30 10:56:59.503845
2.171640824621617,58.972109837761586,398.5595251268304,2025-09-30 10:56:59.503845
2.309348115260643,55.89207941927007,400.0194690200014,2025-09-30 10:56:59.503845
2.1897271829231513,55.356876481796824,400.4520504047279,2025-09-30 10:56:59.503845
2.2257513056016434,52.70278222212171,401.1522930883037,2025-09-30 10:56:59.503845
2.1521824757405987,48.95369136726494,399.6566234784332,2025-09-30 10:56:59.503845
2.251022905425694,55.18360557704428,400.5016473049346,2025-09-30 10:56:59.503845
2.287606031904529,59.11857741224369,398.71142841499733,2025-09-30 10:56:59.503845
2.2207147244657186,53.17862941823373,401.50387150995596,2025-09-30 10:56:59.503845
2.223922276465161,60.448844896295185,400.2551372145604,2025-09-30 10:56:59.503845
2.3433207171442274,45.83072667903042,399.5640293921377,2025-09-30 10:56:59.503845
2.28322706701832,54.980650182556104,398.9237442019057,2025-09-30 10:56:59.503845
2.2144681314856074,46.967855938760295,399.84760467549063,2025-09-30 10:56:59.503845
2.1641319736485682,50.426817779900325,401.21001519063697,2025-09-30 10:56:59.503845
2.1190147868311198,49.29142777339271,399.43637908628256,2025-09-30 10:56:59.503845
2.2708488632779185,47.78317681273607,400.0400603579632,2025-09-30 10:56:59.503845
2.214622303357081,57.34597701606876,400.3000031379676,2025-09-30 10:56:59.503845
2.3178297367248017,52.73773807064719,399.8660407102878,2025-09-30 10:56:59.503845
2.1902118683463168,56.18224795734241,399.29560553479166,2025-09-30 10:56:59.503845
2.32779865463112,43.77929577686968,399.5356859071586,2025-09-30 10:56:59.503845
2.3910148435089122,45.98748848841083,399.74024989463913,2025-09-30 10:56:59.503845
2.260610765625358,53.46242605131157,398.66192227486215,2025-09-30 10:56:59.503845
2.277505468282249,49.69173545281297,400.0126190753495,2025-09-30 10:56:59.503845
2.426291000846269,51.87285523915538,399.1616508952306,2025-09-30 10:56:59.503845
2.277006346233234,53.16324828114335,400.66589596447045,2025-09-30 10:56:59.503845
2.3343289538054814,50.45589349776564,399.4918942230617,2025-09-30 10:56:59.503845
2.212988630987444,62.81986587866686,399.7642614218159,2025-09-30 10:56:59.503845
2.2467313847406207,53.08882051366063,400.5925889214763,2025-09-30 10:56:59.503845
2.363256740169102,53.12810503195848,399.96051254165167,2025-09-30 10:56:59.503845
2.115258740192066,47.16027116128564,398.5364512859938,2025-09-30 10:56:59.503845
2.295778983272706,54.29695998758507,399.3255924402486,2025-09-30 10:56:59.503845
2.26324174747624,57.522110472660444,400.60275821108036,2025-09-30 10:56:59.503845
2.384077616756683,42.93012508929637,397.9762287632485,2025-09-30 10:56:59.503845
2.2830384827255137,53.31062206601828,399.1706258388291,2025-09-30 10:56:59.503845
2.333694445199999,62.57301731455779,399.7689705837548,2025-09-30 10:56:59.503845
2.354393176284354,53.656519206001086,399.22976898542646,2025-09-30 10:56:59.503845
2.2075956573142994,58.49694039175019,398.522898866432,2025-09-30 10:56:59.503845
2.160139149934386,60.20772520424451,400.4649501492005,2025-09-30 10:56:59.503845
2.316519510549267,53.693814426491095,400.0919341971582,2025-09-30 10:56:59.503845
2.1188799496777,54.71446729742807,400.9057865857468,2025-09-30 10:56:59.503845
2.166405376519957,50.05832235618075,398.5415274908037,2025-09-30 10:56:59.503845
2.2404421267068706,56.75015338680759,399.92674242228657,2025-09-30 10:56:59.503845
2.1565674814704296,49.632543636445895,399.87084153681707,2025-09-30 10:56:59.503845
2.419472904972888,51.05857208798801,398.2650922346989,2025-09-30 10:56:59.503845
2.339030133230858,54.35123814214633,400.73190737019803,2025-09-30 10:56:59.503845
2.3727476877288427,58.3624823427708,400.09643431806563,2025-09-30 10:56:59.503845
2.059679227261261,53.65314015195226,400.6999757623907,2025-09-30 10:56:59.503845
2.2539483552111395,54.86635187584619,400.4380268528907,2025-09-30 10:56:59.503845
2.201129292175066,49.32418751385176,398.37803810286454,2025-09-30 10:56:59.503845
2.325274317214754,50.47086632367175,400.5184935628401,2025-09-30 10:56:59.503845
2.1626419640636008,59.68360321266113,399.61080595070143,2025-09-30 10:56:59.503845
2.2662941632391083,49.43557263834412,398.42616469124516,2025-09-30 10:56:59.503845
2.118175297042797,60.835584273696334,399.7583651324223,2025-09-30 10:56:59.503845
2.3249875913733256,57.75695669365714,399.42510543103486,2025-09-30 10:56:59.503845
2.485989829430076,52.1943920167157,400.45150905714036,2025-09-30 10:56:59.503845
2.261663415061083,42.50008051462289,398.6210124948533,2025-09-30 10:56:59.503845
2.417967548400065,54.978145339420074,400.5622280454585,2025-09-30 10:56:59.503845
2.2905396947117556,58.86304117048411,398.8370615101093,2025-09-30 10:56:59.503845
2.435249508404418,51.518600170797015,399.89851477863255,2025-09-30 10:56:59.503845
2.230906001968214,51.82247649683246,399.0674511008695,2025-09-30 10:56:59.503845
2.245572488340908,57.28701216829313,400.42224155719884,2025-09-30 10:56:59.503845
2.1917992183467163,44.595328317639726,398.3370260306935,2025-09-30 10:56:59.503845
2.3242563837169903,52.20329879590148,400.40740758119034,2025-09-30 10:56:59.503845
2.231333491969766,62.597317068142225,399.96966966295156,2025-09-30 10:56:59.503845
2.3752258095995757,54.2498532912469,398.1243575401292,2025-09-30 10:56:59.503845
2.3446484681481423,56.842145423727885,400.6172823580408,2025-09-30 10:56:59.503845
2.248433863373636,55.04910125634798,400.4091787001729,2025-09-30 10:56:59.503845
2.3479684780671253,50.267698547357874,397.3252199654774,2025-09-30 10:56:59.503845
2.2744752662543735,52.727678789506115,400.1161631333728,2025-09-30 10:56:59.503845
2.265310184109552,47.28218965733186,399.8048643831702,2025-09-30 10:56:59.503845
2.2251429917368477,53.39492708863708,399.01938407208854,2025-09-30 10:56:59.503845
2.2988623078209933,52.92844081701161,398.9016527122053,2025-09-30 10:56:59.503845
2.2428783427525887,59.928683941416054,399.7871382403963,2025-09-30 10:56:59.503845
2.264502980920335,60.54279843551959,399.1407480972964,2025-09-30 10:56:59.503845
2.173488821743909,53.15490401158684,399.5486896496246,2025-09-30 10:56:59.503845
2.4187450172769895,56.4271953805396,399.963206072946,2025-09-30 10:56:59.503845
2.2515887753159607,49.06495845068148,399.10533793933405,2025-09-30 10:56:59.503845
2.0502931257957915,58.49007714218909,398.8955808799574,2025-09-30 10:56:59.503845
2.236643308361473,53.01266059062447,399.1992059149745,2025-09-30 10:56:59.503845
2.2400473132015195,59.10273052569707,399.3535158324024,2025-09-30 10:56:59.503845
2.0584624124913455,52.3998892608903,400.34295575967275,2025-09-30 10:56:59.503845
2.3909467596006286,51.315633258380046,399.8868843417351,2025-09-30 10:56:59.503845
2.370211838219481,49.98771117589304,399.77326988266236,2025-09-30 10:56:59.503845
2.30587264792799,50.76208784033192,400.01259549503783,2025-09-30 10:56:59.503845
2.2995975905885695,46.10570484952556,398.4313117325585,2025-09-30 10:56:59.503845
2.1998748209937844,63.07720921250754,398.8287030730192,2025-09-30 10:56:59.503845
2.3049771182646324,53.54562486554366,398.9074049703673,2025-09-30 10:56:59.503845
2.244041056861669,57.078547251088025,398.87919447680525,2025-09-30 10:56:59.503845
2.129114456826201,53.906841285648625,399.9103494891999,2025-09-30 10:56:59.503845
2.2378863205674944,56.661515630936684,399.7507139676841,2025-09-30 10:56:59.503845
2.146875288914926,47.018432747721626,399.92546195429645,2025-09-30 10:56:59.503845
2.243942578613511,51.63453345445258,398.9630943387668,2025-09-30 10:56:59.503845
2.2765010731125725,62.43388701458758,400.203322903377,2025-09-30 10:56:59.503845
2.2432939418913587,58.97564049494133,399.4262236025569,2025-09-30 10:56:59.503845
2.4344084032275224,57.16359619125352,399.55012556686864,2025-09-30 10:56:59.503845
2.1741016035050134,51.107233915816764,399.4999751036069,2025-09-30 10:56:59.503845
2.213238770446131,48.811291242029746,399.9233722063373,2025-09-30 10:56:59.503845
2.4850188496428545,55.93227637909269,399.8118046122551,2025-09-30 10:56:59.503845
2.1967860049665235,48.797051545395306,400.1803432234821,2025-09-30 10:56:59.503845
2.263814225635387,54.437668066137036,398.4821108541651,2025-09-30 10:56:59.503845
2.37475551188993,63.20672275019342,399.7629839120184,2025-09-30 10:56:59.503845
2.240568952789658,49.844417610333494,399.51240197041005,2025-09-30 10:56:59.503845
2.174600265758933,52.36446077256784,398.1447505897502,2025-09-30 10:56:59.503845
2.2369667163518914,51.969272638881876,398.46907144672906,2025-09-30 10:56:59.503845
2.2146657904349762,56.57945630513309,399.9257002075239,2025-09-30 10:56:59.503845
2.2970937935088553,60.659916125263464,399.77682527778296,2025-09-30 10:56:59.503845
2.2853594010131855,57.41308993613678,399.3057309005822,2025-09-30 10:56:59.503845
2.273342424574489,53.480010276680126,399.99289062330075,2025-09-30 10:56:59.503845
2.3019838436251283,55.64604575578583,398.7216046320684,2025-09-30 10:56:59.503845
2.319319040736789,52.49830051049837,400.30769791548636,2025-09-30 10:56:59.503845
2.336770266114207,55.57682381236387,399.0971957800039,2025-09-30 10:56:59.503845
2.2226298210175828,54.00204426336285,400.0289755988687,2025-09-30 10:56:59.503845
2.2927909945009977,53.191756716867786,399.61970148428554,2025-09-30 10:56:59.503845
2.1773115498825364,53.67022001560177,400.5061290768278,2025-09-30 10:56:59.503845
2.16231397911596,49.39351618009264,400.1160558083032,2025-09-30 10:56:59.503845
2.374368254280337,49.50978436308847,400.2337630559247,2025-09-30 10:56:59.503845
2.1693249545289084,52.94226938138035,399.61293159782684,2025-09-30 10:56:59.503845
2.2908586920051976,51.96604256665408,399.224027997044,2025-09-30 10:56:59.503845
2.1740820077123946,60.630449440618534,400.4668248911973,2025-09-30 10:56:59.503845
2.2884411527691744,54.86923216948234,400.00742192529987,2025-09-30 10:56:59.503845
2.108998691340681,52.5901490301234,399.5087955255375,2025-09-30 10:56:59.503845
2.1076904752346306,52.12486198800946,399.74266027354224,2025-09-30 10:56:59.503845
2.1824999698716017,50.816595956309115,399.1859148958769,2025-09-30 10:56:59.503845
2.1199746859768864,64.2571976465515,400.4935458830318,2025-09-30 10:56:59.503845
2.102927266463141,46.89023281432594,399.57456597428023,2025-09-30 10:56:59.503845
2.30972336133072,53.93654629239879,400.58282138827974,2025-09-30 10:56:59.503845
2.376179418761334,58.06269914066254,400.0164195539706,2025-09-30 10:56:59.503845
2.083605837197104,57.10787436622092,401.2545871519324,2025-09-30 10:56:59.503845
2.263240876359964,66.78038302061252,400.32029976332177,2025-09-30 10:56:59.503845
2.3210815470975037,57.35829799358665,399.977308506589,2025-09-30 10:56:59.503845
2.305007891239111,59.285464953119444,399.49863916357435,2025-09-30 10:56:59.503845
2.395580726674321,57.67553290976605,399.94247294739426,2025-09-30 10:56:59.503845
2.1769920918360004,53.28925572133883,399.930669717772,2025-09-30 10:56:59.503845
2.216331483468809,48.665516773081826,398.9808205225956,2025-09-30 10:56:59.503845
2.264949114349115,58.46424372424388,397.6131799879176,2025-09-30 10:56:59.503845
2.3305669589637037,44.57520983905623,400.11350374815385,2025-09-30 10:56:59.503845
2.3317599268000873,44.066980473886424,400.3102031698213,2025-09-30 10:56:59.503845
2.25594634868773,56.770392761785615,400.83741601417086,2025-09-30 10:56:59.503845
2.13961321170599,49.10354690012297,400.3911861751803,2025-09-30 10:56:59.503845
2.3924185077241193,59.99504363440955,400.8350139249923,2025-09-30 10:56:59.503845
2.294454662112817,48.54442699335309,399.9893154149567,2025-09-30 10:56:59.503845
2.231301904344163,56.04063911196047,399.66052015810675,2025-09-30 10:56:59.503845
2.206088492302546,57.76286171526259,399.4453905391509,2025-09-30 10:56:59.503845
2.2792882015865974,59.76114363631633,398.8389846108814,2025-09-30 10:56:59.503845
2.245381722392779,47.00259664696612,399.4105543590559,2025-09-30 10:56:59.503845
2.255811143761541,54.04013473146766,399.9448678078002,2025-09-30 10:56:59.503845
2.2991255475343624,58.17571599917682,399.3670594980948,2025-09-30 10:56:59.503845
2.3894144734802953,49.985095598562715,399.39315814571046,2025-09-30 10:56:59.503845
2.113720753068678,50.55259689883693,399.8863189425003,2025-09-30 10:56:59.503845
2.306078877801277,50.528796776740315,400.6316349296091,2025-09-30 10:56:59.503845
2.3319055499440116,51.62683199106554,399.5969470947795,2025-09-30 10:56:59.503845
2.4293687562099167,49.404928997772586,398.8559109397747,2025-09-30 10:56:59.503845
2.308289741164327,46.09117761948269,398.9759258711749,2025-09-30 10:56:59.503845
2.0465980956610617,59.85621820043318,399.3604687937594,2025-09-30 10:56:59.503845
2.3289069720452433,58.689193018319806,399.6665131493021,2025-09-30 10:56:59.503845
2.339258993010023,55.57500575282651,398.40462270114773,2025-09-30 10:56:59.503845
2.2722883862660126,51.94485210487841,399.87861135586746,2025-09-30 10:56:59.503845
2.2026502769080474,55.85654188637348,397.92351903115537,2025-09-30 10:56:59.503845
2.28045903547866,59.576921851808194,398.8854717076532,2025-09-30 10:56:59.503845
2.2514562598379895,55.779123318901924,400.325202226821,2025-09-30 10:56:59.503845
2.0610078987115057,59.18611318421054,400.176924007319,2025-09-30 10:56:59.503845
2.15367481039673,53.52956243754566,399.4998978099034,2025-09-30 10:56:59.503845
2.2020046667605606,49.08540963192149,398.97768950717835,2025-09-30 10:56:59.503845
2.2065846639094997,57.22019628843219,400.0719302191496,2025-09-30 10:56:59.503845
2.19850134938941,48.4363692045667,399.7719889321289,2025-09-30 10:56:59.503845
2.2560484568459795,55.42864696518068,400.05003456384594,2025-09-30 10:56:59.503845
2.3390932992852305,63.150255236036664,399.4840654647718,2025-09-30 10:56:59.503845
2.3311629592897,52.39255037431858,399.3566809414849,2025-09-30 10:56:59.503845
2.2969271081752725,50.396333532150656,399.03075179128405,2025-09-30 10:56:59.503845
2.2664152888157294,46.666226021356906,400.0097637094809,2025-09-30 10:56:59.503845
2.1562691878192743,61.225986854479956,398.982446403576,2025-09-30 10:56:59.503845
2.2635430461422446,49.07954086487669,400.81362785886506,2025-09-30 10:56:59.503845
2.245060905077755,57.47552655453081,400.00723281123317,2025-09-30 10:56:59.503845
2.3095463002810233,59.25254982310326,399.3508440143183,2025-09-30 10:56:59.503845
2.2865883197694084,57.135523756176546,400.0852036115224,2025-09-30 10:56:59.503845
2.211344757591847,51.75517135170878,399.78070660384293,2025-09-30 10:56:59.503845
2.18361797913188,51.3707314188646,398.9585443290957,2025-09-30 10:56:59.503845
2.4830749535656853,48.94717957976642,398.8030941371366,2025-09-30 10:56:59.503845
2.2082438273505907,52.15133770831125,399.1335277042131,2025-09-30 10:56:59.503845
2.175454511026693,49.346738465506675,400.3452405857345,2025-09-30 10:56:59.503845
2.2338203722024943,55.5520058614683,398.9970109148948,2025-09-30 10:56:59.503845
2.2034357371708917,63.314912889453105,398.38139517547535,2025-09-30 10:56:59.503845
2.310513932923281,53.81656712642284,399.3078534024158,2025-09-30 10:56:59.503845
2.239563480726155,60.83967189076281,399.5336366039627,2025-09-30 10:56:59.503845
2.4751360124297013,51.049601474862804,399.1789485164533,2025-09-30 10:56:59.503845
2.1019087653714705,49.06318118241358,399.0228205204353,2025-09-30 10:56:59.503845
2.1747439358273786,54.92041827689135,399.7095629777235,2025-09-30 10:56:59.503845
2.2991964527694218,58.197420299071716,400.6638334474547,2025-09-30 10:56:59.503845
2.244853379100926,62.80119703474795,399.4587568359722,2025-09-30 10:56:59.503845
2.2014581834008387,45.289856085179736,400.386220693897,2025-09-30 10:56:59.503845
2.2998298708620792,47.46292396021045,398.1395039370097,2025-09-30 10:56:59.503845
2.4244452069466598,61.7526639165099,399.88626306264644,2025-09-30 10:56:59.503845
2.240500193060071,50.387187076144215,398.55177600031436,2025-09-30 10:56:59.503845
2.276238933027494,61.49483141344236,399.0541665304965,2025-09-30 10:56:59.503845
2.237088187562944,55.58888834917411,400.63526784767595,2025-09-30 10:56:59.503845
2.295728986515875,44.33463654412714,400.5329973933275,2025-09-30 10:56:59.503845
2.157361916675227,58.262669955410324,400.1419043093066,2025-09-30 10:56:59.503845
2.3477786392312825,55.367350664324775,400.19732857901556,2025-09-30 10:56:59.503845
2.17604159529299,47.00123763492288,399.6863678512542,2025-09-30 10:56:59.503845
2.3134670020924064,53.53457470778188,399.8749494230796,2025-09-30 10:56:59.503845
2.1576012356930696,55.824686362297214,400.60130800237783,2025-09-30 10:56:59.503845
2.3129071996585746,66.4754868542577,399.53349120377703,2025-09-30 10:56:59.503845
2.3404776963986733,60.23246853291351,399.23965294893,2025-09-30 10:56:59.503845
2.209927189561451,51.79195248296457,400.70076930099805,2025-09-30 10:56:59.503845
2.3955613814669054,55.659595942508545,400.18655198837183,2025-09-30 10:56:59.503845
2.1380206532400177,56.336876010571864,400.2792972437226,2025-09-30 10:56:59.503845
2.308462209515315,51.49862642131464,399.667650658148,2025-09-30 10:56:59.503845
1.9977147842322116,59.04870938403256,399.1897714088938,2025-09-30 10:56:59.503845
2.273146434130171,62.390108274653244,399.7288760300735,2025-09-30 10:56:59.503845
2.3805926607239836,49.66337819918155,398.59196589246267,2025-09-30 10:56:59.503845
2.1890097136521547,50.642968961395084,399.89535107695843,2025-09-30 10:56:59.503845
2.36774978441602,46.648554716413955,398.539033555145,2025-09-30 10:56:59.503845
2.306137142604162,57.06266657868291,399.79985013240696,2025-09-30 10:56:59.503845
2.2342809299352626,53.211052708637936,400.1344524159608,2025-09-30 10:56:59.503845
2.416164569709844,51.70468755844474,398.7623923966807,2025-09-30 10:56:59.503845
2.1396652472047752,62.68348960938445,400.1020154260451,2025-09-30 10:56:59.503845
2.2195281343548676,56.86658809567297,400.4997755145096,2025-09-30 10:56:59.503845
2.1870513597802304,59.7798751665524,399.98466984216185,2025-09-30 10:56:59.503845
2.3350189816468307,52.16985617882093,400.56553537311436,2025-09-30 10:56:59.503845
2.2868748860044072,58.845995561686536,399.2815564756816,2025-09-30 10:56:59.503845
2.3051632830115234,61.8986311577938,399.8079394581375,2025-09-30 10:56:59.503845
2.1912681985208264,54.01760309838301,398.2581392013237,2025-09-30 10:56:59.503845
2.2825387096941534,67.95147233183138,399.4626398729114,2025-09-30 10:56:59.503845
2.317878554477158,45.74207586620412,400.6456179054364,2025-09-30 10:56:59.503845
2.43246305495729,62.39902717870592,400.7104338836574,2025-09-30 10:56:59.503845
2.2851161777128928,60.95135203394906,398.5881977577245,2025-09-30 10:56:59.503845
2.4081153890947062,66.11848905135048,398.5563259379335,2025-09-30 10:56:59.503845
2.2318092904101725,58.55245654365835,399.09556649882677,2025-09-30 10:56:59.503845
2.073593029838912,56.23251909922381,399.0650193865366,2025-09-30 10:56:59.503845
2.0967900936576944,48.05091126297643,399.24321698932334,2025-09-30 10:56:59.503845
2.2721739083187567,52.6295752258812,400.6880379570656,2025-09-30 10:56:59.503845
2.114954744380068,51.222911715374735,399.85759198991263,2025-09-30 10:56:59.503845
2.0999058468620695,50.84816597604902,399.41754933272443,2025-09-30 10:56:59.503845
2.272934971920309,52.185431635509374,399.8707274940543,2025-09-30 10:56:59.503845
2.0877768353295716,58.33379601297724,399.5833367339678,2025-09-30 10:56:59.503845
2.3625828762770875,52.50416717223194,398.41975876216276,2025-09-30 10:56:59.503845
2.0591055009135255,52.214445775768716,401.52140813272473,2025-09-30 10:56:59.503845
2.2835829785977975,57.053501023161175,399.76641003553897,2025-09-30 10:56:59.503845
2.108061538715615,47.736569436456854,397.710650561763,2025-09-30 10:56:59.503845
2.3197911946457284,58.40915959600788,400.37770807703106,2025-09-30 10:56:59.503845
2.455412443013163,51.809008556000855,400.1244052310905,2025-09-30 10:56:59.503845
2.3204802882870195,42.30364125556751,399.0312616093731,2025-09-30 10:56:59.503845
2.198787124918191,56.284299013877366,399.10045396513647,2025-09-30 10:56:59.503845
2.0893091462748963,55.7436955625992,398.98051847185644,2025-09-30 10:56:59.503845
2.2505611384346706,53.757732179661105,399.6630043268344,2025-09-30 10:56:59.503845
2.3428237169413033,53.75938491877506,400.8421489085909,2025-09-30 10:56:59.503845
2.327416954138713,57.37621437764141,398.69667105874544,2025-09-30 10:56:59.503845
2.344147650666984,45.87359850860118,400.24885414311836,2025-09-30 10:56:59.503845
2.2498141758302825,53.30244504201416,399.52206280348395,2025-09-30 10:56:59.503845
2.162776265300977,55.861595638113705,398.4778318577114,2025-09-30 10:56:59.503845
2.229835900963327,60.408021202707246,398.6994885844924,2025-09-30 10:56:59.503845
2.093591353560879,54.926147314742515,400.96585597707747,2025-09-30 10:56:59.503845
2.2179555755350835,43.61084224537336,400.0239664741559,2025-09-30 10:56:59.503845
2.1879386861529464,54.66111180520716,399.0383354461681,2025-09-30 10:56:59.503845
2.358442033849932,46.37160817184256,400.26931609515134,2025-09-30 10:56:59.503845
2.2268623021416496,61.49990455478243,398.7223944166712,2025-09-30 10:56:59.503845
2.266047381672936,55.992666028196105,400.03237441124236,2025-09-30 10:56:59.503845
2.340374651667669,56.33775559870586,399.83895414680654,2025-09-30 10:56:59.503845
2.440605196196033,55.35063910421356,400.030427003893,2025-09-30 10:56:59.503845
2.1626323366556868,55.22886512053851,400.41908308401656,2025-09-30 10:56:59.503845
2.20749489792108,60.12029647390681,398.53068571339577,2025-09-30 10:56:59.503845
2.446893092123235,54.13114440196032,399.7125178750734,2025-09-30 10:56:59.503845
2.145153330946185,57.198578219637824,401.82593566308384,2025-09-30 10:56:59.503845
2.225415059108157,50.11243462747353,398.15911164841964,2025-09-30 10:56:59.503845
2.0803919060301896,60.26495312554803,399.7728218625178,2025-09-30 10:56:59.503845
2.3573056889785504,57.216526602593014,399.9704057985259,2025-09-30 10:56:59.503845
2.208576454459174,49.04207750994832,401.5618803782251,2025-09-30 10:56:59.503845
2.3649780588298848,48.94733524664944,398.43935344289196,2025-09-30 10:56:59.503845
2.2256911225617952,61.21632988283174,399.81084568930845,2025-09-30 10:56:59.503845
2.2143863976056686,54.49461012293318,399.3708604082759,2025-09-30 10:56:59.503845
2.230763531503459,55.50830051860472,398.4622586365354,2025-09-30 10:56:59.503845
2.2443857355410746,54.07917981416346,398.2404583136237,2025-09-30 10:56:59.503845
2.384193568723692,55.08717486115868,398.5784889731947,2025-09-30 10:56:59.503845
2.0759364220450096,57.3836691872636,400.47367261186474,2025-09-30 10:56:59.503845
2.3851059648712667,53.64590581898076,398.3826112047953,2025-09-30 10:56:59.503845
2.2832276680493373,53.2514686013095,400.67761793745325,2025-09-30 10:56:59.503845
2.3812981696124615,54.126734035564745,398.4652657411067,2025-09-30 10:56:59.503845
2.2901254177350525,57.26321333793699,400.0124400923796,2025-09-30 10:56:59.503845
2.3531913923894123,62.21123382896309,401.5114608858771,2025-09-30 10:56:59.503845
2.1519849503402684,55.93919070349296,399.88027759213355,2025-09-30 10:56:59.503845
2.2910337249157857,49.4351400597871,399.1815906949217,2025-09-30 10:56:59.503845
2.0653126118604987,59.55687405355585,400.3667747897851,2025-09-30 10:56:59.503845
2.345953623278114,53.42429833121294,400.68640680316696,2025-09-30 10:56:59.503845
2.1773166458474864,55.347029539349045,399.421953462627,2025-09-30 10:56:59.503845
2.178832735592593,46.70349026444099,399.17518520139095,2025-09-30 10:56:59.503845
2.2479633663160894,43.125479380918605,398.6979526470237,2025-09-30 10:56:59.503845
2.3753341039208746,55.134339608029244,398.9772522871677,2025-09-30 10:56:59.503845
2.232075267752529,47.758537827879735,399.96841898471524,2025-09-30 10:56:59.503845
2.271866516941565,51.61395077639981,399.3558541200477,2025-09-30 10:56:59.503845
2.385212451747665,60.393657527921235,400.4517994609835,2025-09-30 10:56:59.503845
2.2126600378521726,49.652918244233376,401.5654685254472,2025-09-30 10:56:59.503845
2.3391233747282882,50.02518414799177,397.58562150809246,2025-09-30 10:56:59.503845
2.193147259520819,55.95511235753411,398.90125112936425,2025-09-30 10:56:59.503845
2.273796922828252,51.42322378064557,398.6861151391796,2025-09-30 10:56:59.503845
2.375433163636326,54.85166914381965,399.7581824110045,2025-09-30 10:56:59.503845
2.3210539989372463,45.92025550151005,398.4645865621657,2025-09-30 10:56:59.503845
2.253828074362264,53.00293593425448,399.63355182705465,2025-09-30 10:56:59.503845
2.1661029919701917,49.742741419703314,400.118791135172,2025-09-30 10:56:59.503845
2.1769086398696254,57.743114350843314,398.2275477918252,2025-09-30 10:56:59.503845
2.3556393972671676,50.94552760166192,399.0574319751434,2025-09-30 10:56:59.503845
2.445405048532972,51.139508735849596,399.55465692432256,2025-09-30 10:56:59.503845
2.3793676639782446,60.56009866495084,401.34012010985214,2025-09-30 10:56:59.503845
2.2897583229219762,51.26374584078478,400.8638398600008,2025-09-30 10:56:59.503845
2.2306748786932356,71.29344304233594,400.40407186963347,2025-09-30 10:56:59.503845
2.2696452852306885,44.0235775560891,400.3163963088718,2025-09-30 10:56:59.503845
2.270142053157229,53.428989844409635,399.74082909690986,2025-09-30 10:56:59.503845
2.372695947766158,60.39643238309807,399.9528562659918,2025-09-30 10:56:59.503845
2.324235278255319,60.44045444797742,399.28087078023475,2025-09-30 10:56:59.503845
2.3505949518345237,54.77971370803749,398.99961264540997,2025-09-30 10:56:59.503845
2.2622767660405616,59.972302489468646,398.1457781524142,2025-09-30 10:56:59.503845
2.2980722808179475,57.22441348278995,400.67855666991323,2025-09-30 10:56:59.503845
2.3660161433529514,51.766681368039684,399.6846885896814,2025-09-30 10:56:59.503845
2.2059187249082965,59.55328193515446,398.6988210753808,2025-09-30 10:56:59.503845
2.189679598377545,53.60113202641622,400.9030238894939,2025-09-30 10:56:59.503845
2.2355525367661366,50.041738090070396,399.79954735105673,2025-09-30 10:56:59.503845
2.0943593223357952,46.52072783865905,399.0285579933158,2025-09-30 10:56:59.503845
2.2088775181277023,57.557070213503025,401.2994161413485,2025-09-30 10:56:59.503845
2.3054024949198544,53.519131584590184,400.3677047306671,2025-09-30 10:56:59.503845
2.2818202924684976,56.16136309159375,399.94817081178854,2025-09-30 10:56:59.503845
2.1316788952741197,62.04385869053944,399.4225756334191,2025-09-30 10:56:59.503845
2.1008062849310942,46.02820647172942,399.05510967191543,2025-09-30 10:56:59.503845
2.3229725247779016,50.96720030707201,400.68493117350386,2025-09-30 10:56:59.503845
2.274398821492302,56.37460221545151,400.2308425304002,2025-09-30 10:56:59.503845
2.2512187521200033,56.55194726389817,399.4750499814226,2025-09-30 10:56:59.503845
2.0957778484864895,53.40705412133589,398.0357288465462,2025-09-30 10:56:59.503845
2.2317201330270886,56.26650356020089,399.5469778897162,2025-09-30 10:56:59.503845
2.3131309318626996,55.12327961596403,398.8311778802451,2025-09-30 10:56:59.503845
2.2237288727097755,48.97410939330877,400.8473362180913,2025-09-30 10:56:59.503845
2.1894754727070964,51.949241193986424,399.20316242941436,2025-09-30 10:56:59.503845
2.2995815391516845,49.576961053760755,399.4622362923219,2025-09-30 10:56:59.503845
2.3714994254674098,58.11689702363436,399.9940476147035,2025-09-30 10:56:59.503845
2.246000373193739,54.736202634899016,401.0800682006338,2025-09-30 10:56:59.503845
2.201093036811357,61.38948104620004,400.8269832703285,2025-09-30 10:56:59.503845
2.268309740345554,47.32657040326711,399.03904793087673,2025-09-30 10:56:59.503845
2.3126246486184265,62.740292884901905,397.6183983416247,2025-09-30 10:56:59.503845
2.2728864025300908,52.49088097320507,400.74646782879637,2025-09-30 10:56:59.503845
2.2392028403658673,53.609494595797315,400.1628800680838,2025-09-30 10:56:59.503845
2.203571057559285,50.44118691260873,399.6538873861248,2025-09-30 10:56:59.503845
2.246316780830344,57.099394784714846,398.4181993358959,2025-09-30 10:56:59.503845
2.3135115957557586,58.12913244403234,398.01242018070246,2025-09-30 10:56:59.503845
2.263143460301378,68.056753767848,398.73791508411614,2025-09-30 10:56:59.503845
2.213375167053188,49.98949293885387,399.48212921910175,2025-09-30 10:56:59.503845
2.0287411639992796,51.505986062261705,401.27174081513493,2025-09-30 10:56:59.503845
2.222252675104544,42.883745290047514,399.6212283627647,2025-09-30 10:56:59.503845
2.221624318408788,48.44026196310534,399.0574931474911,2025-09-30 10:56:59.503845
2.3307809299777813,64.14063601089282,398.2083002279854,2025-09-30 10:56:59.503845
2.3861829965011485,52.96279491315327,399.166613540137,2025-09-30 10:56:59.503845
2.394260579976452,51.33499488494751,399.41325658934187,2025-09-30 10:56:59.503845
2.1906762377330664,56.2181637615726,399.38158147107794,2025-09-30 10:56:59.503845
2.261260035445278,57.274580895900236,400.21317426192485,2025-09-30 10:56:59.503845
2.385883100559756,57.48408929851429,400.4206017671079,2025-09-30 10:56:59.503845
2.2694825719365834,54.78195233162553,400.7251658130449,2025-09-30 10:56:59.503845
2.2427554513353236,51.00644206067661,399.63314892999074,2025-09-30 10:56:59.503845
2.1564382112386618,52.45368796986136,398.99060275028154,2025-09-30 10:56:59.503845
2.171255915073473,58.531678683025014,399.85836654705327,2025-09-30 10:56:59.503845
2.17451140543916,60.30108621771568,399.6607468878255,2025-09-30 10:56:59.503845
2.2264145838889373,49.78284548531472,400.7064568110126,2025-09-30 10:56:59.503845
2.0778635498338263,60.008822786190805,400.54722771330916,2025-09-30 10:56:59.503845
2.11526715729338,54.383109614623656,400.2047014134419,2025-09-30 10:56:59.503845
2.242270910209964,59.062434323508946,399.0474480383322,2025-09-30 10:56:59.503845
2.323303418685647,46.745120548441285,398.6780702401509,2025-09-30 10:56:59.503845
2.382224678286229,61.54762705506082,399.8707295192283,2025-09-30 10:56:59.503845
2.054054951108789,41.71533898606954,399.4355987006559,2025-09-30 10:56:59.503845
2.150952855398523,47.14481035350745,398.48551259711064,2025-09-30 10:56:59.503845
2.073389307721644,50.93142075574324,399.5934943399567,2025-09-30 10:56:59.503845
2.2479343987352767,46.3413410967554,399.8245968958445,2025-09-30 10:56:59.503845
2.2966883044750492,62.27570021174002,400.4740944900124,2025-09-30 10:56:59.503845
2.2121429454098562,49.68009119639673,400.0299004699961,2025-09-30 10:56:59.503845
2.2103326034066177,47.420966947883535,400.2739764041513,2025-09-30 10:56:59.503845
2.372348280602616,51.81031073117305,398.0829001976067,2025-09-30 10:56:59.503845
2.2160208752604604,50.617979253623695,399.99407376184985,2025-09-30 10:56:59.503845
2.306097701852405,58.50962808843103,401.03540834099186,2025-09-30 10:56:59.503845
2.3421457807861077,54.73339520922518,398.5826326952903,2025-09-30 10:56:59.503845
2.4681596336901976,49.802769396574575,398.82574529949204,2025-09-30 10:56:59.503845
2.455959929869673,53.37364883769788,400.2066534504916,2025-09-30 10:56:59.503845
2.379729122837252,61.39440414709726,400.7953136778544,2025-09-30 10:56:59.503845
2.219699393087051,53.560837606198824,399.85517016617786,2025-09-30 10:56:59.503845
2.217529417497276,56.093316052098565,400.464080310662,2025-09-30 10:56:59.503845
2.40390172025218,58.08986036897745,400.33378937590527,2025-09-30 10:56:59.503845
2.2749303547041344,57.51740320037126,398.1997870933466,2025-09-30 10:56:59.503845
2.3229231943493955,62.67981949811877,399.788881101523,2025-09-30 10:56:59.503845
2.2908139559885496,50.53808284752144,399.14309771416947,2025-09-30 10:56:59.503845
2.2471355870925893,54.7250071801964,399.16988340402037,2025-09-30 10:56:59.503845
2.2393204145335925,51.52526279565079,398.7634055936852,2025-09-30 10:56:59.503845
2.234260320061324,56.068355131264966,399.9803127457293,2025-09-30 10:56:59.503845
2.2558849456316867,48.40994400030595,399.9280594760294,2025-09-30 10:56:59.503845
2.335702180480861,58.636702473572356,400.4913670769377,2025-09-30 10:56:59.503845
2.172960876474838,56.27173865414192,400.89624206995353,2025-09-30 10:56:59.503845
2.452348043386241,56.69224916329645,399.93073449006727,2025-09-30 10:56:59.503845
2.202670725823969,59.814929424100114,399.7305266025819,2025-09-30 10:56:59.503845
2.312170376471792,53.31741973138077,399.4788559167391,2025-09-30 10:56:59.503845
2.1946424196659473,59.42625898698072,400.10394750156604,2025-09-30 10:56:59.503845
2.211251991809811,56.33882627088826,400.2179454373657,2025-09-30 10:56:59.503845
2.3513648108851517,49.138438391233954,400.0145623875224,2025-09-30 10:56:59.503845
2.181255576981676,58.419695310988565,398.3110339625101,2025-09-30 10:56:59.503845
2.3362093793340355,52.4042531828993,399.8200176557833,2025-09-30 10:56:59.503845
2.1914532030116614,55.8923963737318,398.8798584903645,2025-09-30 10:56:59.503845
2.2718712678126143,45.5156742810387,400.49630822133554,2025-09-30 10:56:59.503845
2.1622582549786107,53.09667334182988,398.96539644144286,2025-09-30 10:56:59.503845
2.2998669356069046,57.30813004090649,398.4974024619294,2025-09-30 10:56:59.503845
2.3199228286937275,62.09179671989787,399.5979564712964,2025-09-30 10:56:59.503845
2.1474942467471605,54.542945818137106,400.87915691092275,2025-09-30 10:56:59.503845
2.3691335471862036,53.353647658198916,399.0098753593361,2025-09-30 10:56:59.503845
2.206315608187244,55.166829596274006,399.1346593766399,2025-09-30 10:56:59.503845
2.217262648017029,57.467125794879735,400.3343019969418,2025-09-30 10:56:59.503845
2.1755306980500864,62.754151130465836,400.13735169252294,2025-09-30 10:56:59.503845
2.2450451797514184,63.79385289275048,399.23721720191764,2025-09-30 10:56:59.503845
2.1535756212359543,49.24427129977928,399.4475413577919,2025-09-30 10:56:59.503845
2.3729488558209137,53.5197285238155,399.3360458598399,2025-09-30 10:56:59.503845
2.236672149433207,48.79776642908902,399.5515948139949,2025-09-30 10:56:59.503845
2.3852403861423395,48.94179023577547,400.1114543252733,2025-09-30 10:56:59.503845
2.3608902845087574,58.05958453904486,400.3591685156649,2025-09-30 10:56:59.503845
2.2361458844989133,55.923106601104664,400.43288126123804,2025-09-30 10:56:59.503845
2.341372180500829,51.07753726301372,399.84482906388223,2025-09-30 10:56:59.503845
2.268570709664433,58.798702266997424,399.9689178716973,2025-09-30 10:56:59.503845
2.255072233032924,51.6629321900034,400.6015163505099,2025-09-30 10:56:59.503845
2.2668072195580016,58.54172090841266,401.2724572218572,2025-09-30 10:56:59.503845
2.364246595084449,47.06439334029689,398.7611797497236,2025-09-30 10:56:59.503845
2.2148782146405366,51.842143171315485,400.7702198763864,2025-09-30 10:56:59.503845
2.344307007943687,48.4222511249955,400.5465344126969,2025-09-30 10:56:59.503845
2.112675702500648,61.55544287135922,399.4035198862256,2025-09-30 10:56:59.503845
2.2509669243444974,58.83412785196532,399.75002978663247,2025-09-30 10:56:59.503845
2.118919384516109,53.243388830580315,398.6129321649042,2025-09-30 10:56:59.503845
2.1609527416155716,41.273270174712636,398.7753929813107,2025-09-30 10:56:59.503845
2.225408838799403,49.13389651785884,399.9422468710151,2025-09-30 10:56:59.503845
2.409851263951128,52.10687623574565,400.36633422471175,2025-09-30 10:56:59.503845
1.9687908721519363,60.935809733809805,400.13385889486614,2025-09-30 10:56:59.503845
2.1648603674830404,50.972678769100256,400.0479901625134,2025-09-30 10:56:59.503845
2.273266484853508,49.07167829799352,400.6049009828868,2025-09-30 10:56:59.503845
2.2003767594196426,51.657755991592346,400.34028996233855,2025-09-30 10:56:59.503845
2.15033032511768,50.9660233149688,399.97806916590474,2025-09-30 10:56:59.503845
2.2152656383706035,54.04686795712175,399.42261263203557,2025-09-30 10:56:59.503845
2.323697226443358,55.67219730858819,400.55632881591805,2025-09-30 10:56:59.503845
2.3775582939342486,54.23633778876428,401.1055517496648,2025-09-30 10:56:59.503845
2.26524647230204,56.170510491179535,399.34399886841186,2025-09-30 10:56:59.503845
2.3668006281799245,47.621248768888506,399.3222553275977,2025-09-30 10:56:59.503845
2.2488131141413032,45.83464436003278,399.9753412516795,2025-09-30 10:56:59.503845
2.2759176815142097,59.746660058341284,400.19689340805206,2025-09-30 10:56:59.503845
2.4293186461480203,46.37634185148971,400.7277446657831,2025-09-30 10:56:59.503845
2.1825467535909775,53.12414390835167,399.9176246704633,2025-09-30 10:56:59.503845
2.204410804696776,43.775136489492695,400.6465525297435,2025-09-30 10:56:59.503845
2.226946032943655,53.038483130794184,400.5404690045566,2025-09-30 10:56:59.503845
2.295694661381124,53.588935059052105,399.94494517473896,2025-09-30 10:56:59.503845
2.41869801790204,53.4832479271981,398.9843159821854,2025-09-30 10:56:59.503845
2.204097537473823,52.62519589807773,400.62840706832765,2025-09-30 10:56:59.503845
2.3697046518680382,52.394949567136926,400.57656046006747,2025-09-30 10:56:59.503845
2.1665195410530447,49.978317778660184,397.6261097130558,2025-09-30 10:56:59.503845
2.2352408947510396,54.979549831347825,400.371614533047,2025-09-30 10:56:59.503845
2.1684074752982614,55.75747727847044,400.5242352116524,2025-09-30 10:56:59.503845
2.2767269409068627,47.00378407516441,400.5744093815904,2025-09-30 10:56:59.503845
2.2539455381907425,59.993041296265076,399.5779987771766,2025-09-30 10:56:59.503845
2.108237973064721,51.55516570910186,399.0067155513426,2025-09-30 10:56:59.503845
2.2821775411204217,57.15648601918658,400.89070299805167,2025-09-30 10:56:59.503845
2.296448290383339,60.52290399233058,398.2153483887337,2025-09-30 10:56:59.503845
2.2553783561715686,62.998421089729554,398.8820053932994,2025-09-30 10:56:59.503845
2.1454259995385345,43.79783715969606,398.2065509989138,2025-09-30 10:56:59.503845
2.4219065147312135,58.4606919588595,398.8105096829024,2025-09-30 10:56:59.503845
2.1546265148701242,45.48555600286142,400.22933696733946,2025-09-30 10:56:59.503845
2.17156735964262,54.03142317101804,400.5731461103134,2025-09-30 10:56:59.503845
2.198808588040424,55.58537648485519,399.56683802962186,2025-09-30 10:56:59.503845
2.346017497605091,67.86452931231382,399.5961988590419,2025-09-30 10:56:59.503845
2.302249779764707,57.918024481421845,399.91713960304634,2025-09-30 10:56:59.503845
2.397518129942832,63.14659827138226,400.2306907791323,2025-09-30 10:56:59.503845
2.2252741967664553,57.94802292714288,398.9996813623163,2025-09-30 10:56:59.503845
2.3728238308002245,58.134199745154,399.91414962828946,2025-09-30 10:56:59.503845
2.185815215839081,54.20283032131334,400.39906094327137,2025-09-30 10:56:59.503845
2.3797726945915585,55.59032533548183,400.6012350516397,2025-09-30 10:56:59.503845
2.433275187571016,54.72552871154003,399.9336249395994,2025-09-30 10:56:59.503845
2.2242614945718997,49.76995661422467,399.97412950406186,2025-09-30 10:56:59.503845
2.1809374142701596,59.47816532954086,401.2729864808282,2025-09-30 10:56:59.503845
2.3453542296986494,58.29847959078944,399.5449892548203,2025-09-30 10:56:59.503845
2.215896923472725,63.275027721154444,397.74759023316733,2025-09-30 10:56:59.503845
2.2792529577700678,59.026728878422745,399.87764679732317,2025-09-30 10:56:59.503845
2.248300788509465,52.048012453318115,400.147364659542,2025-09-30 10:56:59.503845
2.3876723993185767,61.51570430770983,400.8358741789787,2025-09-30 10:56:59.503845
2.230501190317096,49.165875970800435,398.8048957812049,2025-09-30 10:56:59.503845
2.1108525543505463,57.47255343900586,400.0803568737976,2025-09-30 10:56:59.503845
2.0027393543977916,53.29776909659748,398.4855620557772,2025-09-30 10:56:59.503845
2.4073122438147037,55.665116061458555,400.08192849536033,2025-09-30 10:56:59.503845
2.207130036955356,57.467130302984934,400.81374089884645,2025-09-30 10:56:59.503845
2.316736798153176,53.733590327660735,398.5450763950477,2025-09-30 10:56:59.503845
2.242956501094744,60.45790925796384,400.26251264877897,2025-09-30 10:56:59.503845
2.3303562772957127,61.25445725400893,399.73480355590516,2025-09-30 10:56:59.503845
2.362646814198745,57.604625608408,399.43212515689686,2025-09-30 10:56:59.503845
2.280068913899967,52.00179688029866,400.1064044316144,2025-09-30 10:56:59.503845
2.2581423403636194,63.366493432804425,399.3837902842026,2025-09-30 10:56:59.503845
2.283053130098544,56.83805842641278,399.6049773169055,2025-09-30 10:56:59.503845
2.2035529702707843,55.30166656617667,401.0570879518478,2025-09-30 10:56:59.503845
2.184426784783651,46.66466117008197,399.53910749162253,2025-09-30 10:56:59.503845
2.1497994607672015,54.638308144108954,398.000542722338,2025-09-30 10:56:59.503845
2.0937682097540042,60.10291404001798,398.84273036604395,2025-09-30 10:56:59.503845
2.1882802608816396,49.46840917321334,399.6390381556121,2025-09-30 10:56:59.503845
2.3060156557278213,47.49903741108835,399.1078787250295,2025-09-30 10:56:59.503845
2.3768112669704395,55.41136449284879,400.35816381946205,2025-09-30 10:56:59.503845
2.3287645229646627,57.6983982512897,398.7270673613147,2025-09-30 10:56:59.503845
2.3479299684008352,56.89322113679366,399.4945490668813,2025-09-30 10:56:59.503845
2.136717707510986,50.71585787810711,401.49025102326,2025-09-30 10:56:59.503845
2.183721007924089,54.696734884798836,397.88958101458303,2025-09-30 10:56:59.503845
2.284135065457326,56.1653734114534,400.17686175745575,2025-09-30 10:56:59.503845
2.210760222126429,58.789241989543555,399.2950195352711,2025-09-30 10:56:59.503845
2.3573553280086093,56.224172103611025,399.5729236574309,2025-09-30 10:56:59.503845
2.331039039765223,45.955066279172065,399.98844358998196,2025-09-30 10:56:59.503845
2.267009492327071,53.504842377546964,399.97143583545795,2025-09-30 10:56:59.503845
2.216560457838292,59.23358024823864,398.4517814493284,2025-09-30 10:56:59.503845
2.177512661350992,56.544718363066956,399.9387711394433,2025-09-30 10:56:59.503845
1.957636039300197,58.31061314478743,400.9910007205323,2025-09-30 10:56:59.503845
2.403262456533599,59.99284786867975,400.68613575914287,2025-09-30 10:56:59.503845
2.2846918143598165,52.40386049922099,399.902271550784,2025-09-30 10:56:59.503845
2.256595899746248,52.24110809419218,400.3495964622809,2025-09-30 10:56:59.503845
2.3351528419686063,50.55230556253881,398.85203372613176,2025-09-30 10:56:59.503845
2.3928223129183737,55.43953541295495,400.47868736572565,2025-09-30 10:56:59.503845
2.228796223954835,48.766664033421876,398.541319463046,2025-09-30 10:56:59.503845
1.9820710806341175,56.050807785811415,399.1933080467834,2025-09-30 10:56:59.503845
2.2056775580297945,55.98809689308721,399.6583232624259,2025-09-30 10:56:59.503845
2.0940277214208245,59.829726008454735,400.22758881657035,2025-09-30 10:56:59.503845
2.2191286972163935,59.49197180312976,399.622061560873,2025-09-30 10:56:59.503845
2.242099550461638,50.63908889065646,399.06415944342297,2025-09-30 10:56:59.503845
2.257191124007764,53.50765167228821,400.60406363703925,2025-09-30 10:56:59.503845
2.103455404074643,55.71117620616107,399.4774951301143,2025-09-30 10:56:59.503845
2.196868246916933,53.42465916174366,398.7250505582658,2025-09-30 10:56:59.503845
2.2219995651058166,61.39725159916679,401.66028221757074,2025-09-30 10:56:59.503845
2.3585243636733297,49.48798831226672,400.0074943773846,2025-09-30 10:56:59.503845
2.187757449944779,47.62967170158895,399.7342850145961,2025-09-30 10:56:59.503845
2.2915513723161367,65.36184174493786,399.8358138086736,2025-09-30 10:56:59.503845
2.357346423808793,60.114586697756806,399.85348212892404,2025-09-30 10:56:59.503845
2.341761112985174,60.846821812119764,400.64191253995796,2025-09-30 10:56:59.503845
2.3160788181674716,58.85438885777331,399.02856315557773,2025-09-30 10:56:59.503845
2.244042781448519,57.381828858361594,399.1871634643702,2025-09-30 10:56:59.503845
2.0648451097041645,55.51219766545018,400.0657843647863,2025-09-30 10:56:59.503845
2.253969114136484,48.178756990116824,399.5038463263963,2025-09-30 10:56:59.503845
2.2789557956295154,58.394061800516525,400.92590655605443,2025-09-30 10:56:59.503845
2.3112823610884234,61.15906506047012,400.6247567629955,2025-09-30 10:56:59.503845
2.2012114944241725,59.44336890278606,400.8597643511899,2025-09-30 10:56:59.503845
2.2389864143412685,62.945827395805644,401.8913511302887,2025-09-30 10:56:59.503845
2.331480890814609,45.80500432044365,400.2543147406415,2025-09-30 10:56:59.503845
2.211673566127446,53.931237021812755,399.1950857938109,2025-09-30 10:56:59.503845
2.2417722475914372,57.806969013318366,400.13446894216185,2025-09-30 10:56:59.503845
2.0317622347555733,52.25116873878084,398.83752506021375,2025-09-30 10:56:59.503845
2.1865813594864125,50.971655706593694,398.99713786211373,2025-09-30 10:56:59.503845
2.482025040154521,46.83612110173988,397.71300042152643,2025-09-30 10:56:59.503845
2.38373220802638,59.221657932659014,399.6754809804459,2025-09-30 10:56:59.503845
2.246730183016978,53.444073466711316,399.5332091409251,2025-09-30 10:56:59.503845
2.1811013455958252,61.329076388522836,400.69102851199756,2025-09-30 10:56:59.503845
2.2961681528305764,56.875246559438615,399.81559212184635,2025-09-30 10:56:59.503845
2.3408675333863584,49.76191238871551,399.8846077597221,2025-09-30 10:56:59.503845
2.405198109645685,46.27184095210363,399.51125369645496,2025-09-30 10:56:59.503845
2.139973321998414,52.75574134178688,399.883978905857,2025-09-30 10:56:59.503845
2.163505318605767,51.57443978525112,399.0564991396998,2025-09-30 10:56:59.503845
2.250371439390205,47.34517423048466,399.26903180083076,2025-09-30 10:56:59.503845
2.256006304254686,62.79921032373258,399.0577603129438,2025-09-30 10:56:59.503845
2.516044045459815,47.34134665441849,399.42011888804495,2025-09-30 10:56:59.503845
2.236527994023722,53.06360692885974,400.3530017898979,2025-09-30 10:56:59.503845
2.0809178273860285,59.47234364182033,401.80902573107005,2025-09-30 10:56:59.503845
2.3968616092514976,54.27234116816909,401.1033284627081,2025-09-30 10:56:59.503845
2.127295658420265,64.63548413557685,398.6113654784224,2025-09-30 10:56:59.503845
2.2477394291529236,46.47836220840678,399.81048443730964,2025-09-30 10:56:59.503845
2.3785071626344148,61.73155484860225,399.49801059165054,2025-09-30 10:56:59.503845
2.211366479903144,57.17880018356598,399.66716736660175,2025-09-30 10:56:59.503845
2.3242446697285404,46.5282767318557,400.9713194793303,2025-09-30 10:56:59.503845
2.175675746072054,53.007482576045376,399.97667975399537,2025-09-30 10:56:59.503845
2.2120255210773556,48.6309333599048,398.7273025751853,2025-09-30 10:56:59.503845
2.249485851512686,52.11194934236916,399.39197502976236,2025-09-30 10:56:59.503845
2.3076402922518935,63.02483835843864,399.1759555108508,2025-09-30 10:56:59.503845
2.2323447416017346,51.72400140270789,400.4874844435636,2025-09-30 10:56:59.503845
2.110855842262854,58.303492789096396,399.50243653935496,2025-09-30 10:56:59.503845
2.2470068226742264,52.35168448575908,400.4760362344885,2025-09-30 10:56:59.503845
2.2916384639296794,58.5122493619676,399.17429117553235,2025-09-30 10:56:59.503845
2.1967932144567253,55.635830903837935,399.5440187381096,2025-09-30 10:56:59.503845
2.0660237587038117,64.57338921775437,399.3812844071322,2025-09-30 10:56:59.503845
2.1880617150154724,54.68137860689897,400.08671868799684,2025-09-30 10:56:59.503845
2.2776482831831295,55.34529630194818,401.8099910936134,2025-09-30 10:56:59.503845
2.383632991461376,56.22211854449228,399.7884563014652,2025-09-30 10:56:59.503845
2.2206144467435363,56.17101950850654,398.6939220247042,2025-09-30 10:56:59.503845
2.27240124895746,62.96123024457991,398.76458813185576,2025-09-30 10:56:59.503845
2.343756036593272,60.29966835992987,399.12057834466617,2025-09-30 10:56:59.503845
2.2675988125593243,51.88235380389917,399.5922950200978,2025-09-30 10:56:59.503845
2.2299508687834164,50.541250507044985,399.85489139163474,2025-09-30 10:56:59.503845
2.2101676074783945,52.5843923781624,399.4047321820183,2025-09-30 10:56:59.503845
2.282392544475652,54.82671678372551,399.31000910986694,2025-09-30 10:56:59.503845
2.50793343176694,46.970321120776816,400.47006044247786,2025-09-30 10:56:59.503845
2.3091120588305625,50.79665637371099,398.8315843131375,2025-09-30 10:56:59.503845
2.269128744794598,60.298418594210666,399.72351921719957,2025-09-30 10:56:59.503845
2.184014377794541,57.55027693392155,398.8041569173126,2025-09-30 10:56:59.503845
2.3185332630554543,52.71603528777351,400.2826574447078,2025-09-30 10:56:59.503845
2.2212594184533114,61.95204331429649,399.90525394247356,2025-09-30 10:56:59.503845
2.319268548423432,57.832562469159754,398.9241881980493,2025-09-30 10:56:59.503845
2.2194955364182567,52.71125801154115,399.93766915104106,2025-09-30 10:56:59.503845
2.3644033136986757,55.8680646949206,399.7225288305557,2025-09-30 10:56:59.503845
2.189081792849239,52.57948020592617,400.40994208906454,2025-09-30 10:56:59.503845
2.203498437245914,48.2688315464965,399.76265837405555,2025-09-30 10:56:59.503845
2.2231223141844185,53.06643435309962,400.38707101369397,2025-09-30 10:56:59.503845
2.2672616537982377,55.11927302503775,399.28686623708376,2025-09-30 10:56:59.503845
2.25511441308615,57.401121833418756,400.02135942620265,2025-09-30 10:56:59.503845
2.3650067588278634,62.57049276392014,398.9546617687875,2025-09-30 10:56:59.503845
2.266588560465724,49.305373655557545,399.9730794086726,2025-09-30 10:56:59.503845
2.2064858755494234,60.61059953511581,398.8510301005153,2025-09-30 10:56:59.503845
2.270023031151637,64.5551592184653,399.93006531504903,2025-09-30 10:56:59.503845
2.11468176830484,49.806087887960615,398.7278628223998,2025-09-30 10:56:59.503845
2.3613699711284637,57.39447850089085,399.1912698679449,2025-09-30 10:56:59.503845
2.43134405164034,53.32847665215617,399.7022645485367,2025-09-30 10:56:59.503845
2.452520724628026,51.659120051246965,399.49530687622354,2025-09-30 10:56:59.503845
2.2942428543360536,60.51323421810289,399.6903167280845,2025-09-30 10:56:59.503845
2.2852308194717432,62.14407474627849,398.70441699429824,2025-09-30 10:56:59.503845
2.3027549588948335,66.89484266980789,399.57179610628947,2025-09-30 10:56:59.503845
2.2597739349152426,48.61512618845795,400.5011389721484,2025-09-30 10:56:59.503845
2.297185679124901,38.36909510904553,399.6256424586672,2025-09-30 10:56:59.503845
2.4130987955212793,55.7441324478063,400.19935123888183,2025-09-30 10:56:59.503845
2.285462507484384,57.34560973449744,399.3322112489916,2025-09-30 10:56:59.503845
2.3387874166997404,48.53089011109232,399.43323652651355,2025-09-30 10:56:59.503845
2.2820387316253323,54.50624480275198,399.0147613812447,2025-09-30 10:56:59.503845
2.3313427366593404,54.38106189809876,400.1799187664031,2025-09-30 10:56:59.503845
2.2469249677022547,52.23068622568391,399.47752370286634,2025-09-30 10:56:59.503845
2.151528111903819,53.06892301008055,398.7232427715393,2025-09-30 10:56:59.503845
2.2326614404713356,60.309569961485096,398.58518714697664,2025-09-30 10:56:59.503845
2.3327356350512924,50.53467695942014,398.0188359688884,2025-09-30 10:56:59.503845
2.3262246323537137,52.92415126258958,400.0239564807133,2025-09-30 10:56:59.503845
2.2841179047503606,57.16269443747245,399.0579587240606,2025-09-30 10:56:59.503845
2.436524727028437,57.16903657305116,400.12611476529145,2025-09-30 10:56:59.503845
2.1546916901035407,38.599614801517376,398.4370885815445,2025-09-30 10:56:59.503845
2.4353162845765506,53.755569378755524,399.7851325748019,2025-09-30 10:56:59.503845
2.1928051372003616,55.3724468985122,398.8716703129829,2025-09-30 10:56:59.503845
2.3580137100668423,60.91450844288874,400.11305254698607,2025-09-30 10:56:59.503845
2.3741027244534836,53.199082477774894,399.9751400148553,2025-09-30 10:56:59.503845
2.3367730409207343,55.193346219713945,399.78092925261865,2025-09-30 10:56:59.503845
2.4244902682678675,58.37665836163431,400.1693115003852,2025-09-30 10:56:59.503845
2.5147827895427715,54.60489050880563,398.88407100872473,2025-09-30 10:56:59.503845
2.199771249911341,51.8548850151747,401.4961380931377,2025-09-30 10:56:59.503845
2.2717407264815233,56.04110239488189,399.9404001250858,2025-09-30 10:56:59.503845
2.132506603647565,48.16741387582327,399.4730759987228,2025-09-30 10:56:59.503845
2.191115384665929,59.089740197170315,400.6538196759077,2025-09-30 10:56:59.503845
2.197364710230672,59.568626760096066,399.53689509220453,2025-09-30 10:56:59.503845
2.328447093469118,51.025056168635395,400.1378314676424,2025-09-30 10:56:59.503845
2.2051078842681524,54.777209040525165,399.620636257337,2025-09-30 10:56:59.503845
2.346008618569725,55.51009148001899,400.11107128635433,2025-09-30 10:56:59.503845
2.220222432809081,52.81034926370229,398.1207771116331,2025-09-30 10:56:59.503845
2.265479290272312,57.96926461840401,399.9549282798379,2025-09-30 10:56:59.503845
2.1941454371565103,55.11269901619822,399.7912490267288,2025-09-30 10:56:59.503845
2.340693991665295,54.36268461061458,400.2410249015332,2025-09-30 10:56:59.503845
2.156517713474581,56.448420291281096,400.3896169709858,2025-09-30 10:56:59.503845
2.3430711244825515,61.18718003211489,398.79684741044736,2025-09-30 10:56:59.503845
2.2654739948404012,57.618314231305185,399.36598286703907,2025-09-30 10:56:59.503845
2.411395907108736,45.62269871613334,400.7183547890153,2025-09-30 10:56:59.503845
2.11272377649779,55.74945352430027,398.8866918581001,2025-09-30 10:56:59.503845
2.0148573047127463,51.45323653885702,400.78543289060104,2025-09-30 10:56:59.503845
2.107183403011337,53.88962591541443,399.49265799535414,2025-09-30 10:56:59.503845
2.1355172832928213,49.198901763769854,400.961406506369,2025-09-30 10:56:59.503845
2.1491584758993585,49.17494011708955,399.38242436345837,2025-09-30 10:56:59.503845
2.2243846873634334,52.22455169379509,400.20051150812753,2025-09-30 10:56:59.503845
2.2258968332199127,47.075807301823346,401.14122021225586,2025-09-30 10:56:59.503845
2.109454348991187,51.309735513583774,399.9420682449835,2025-09-30 10:56:59.503845
2.2040020452972673,57.54389591421454,399.72411471756857,2025-09-30 10:56:59.503845
2.131327004520821,53.21892081783273,399.2063592359845,2025-09-30 10:56:59.503845
2.2241874317133785,60.54334004043759,400.20602489491495,2025-09-30 10:56:59.503845
2.3207076547624963,51.01198923153828,400.7396657185378,2025-09-30 10:56:59.503845
2.2305399650102595,55.672175878272476,399.01495988292294,2025-09-30 10:56:59.503845
2.27909406514006,60.748655206223205,400.1253413450712,2025-09-30 10:56:59.503845
2.150278043364694,44.094331821384564,400.9932837679336,2025-09-30 10:56:59.503845
2.2912923043158644,53.00090910273034,400.1958942667968,2025-09-30 10:56:59.503845
2.179551900998693,55.37552679351673,400.1477604818389,2025-09-30 10:56:59.503845
2.2584783209724333,48.43353419591658,399.43428513524185,2025-09-30 10:56:59.503845
2.2690900515662924,41.97201339228685,399.75319421863463,2025-09-30 10:56:59.503845
2.448199347628553,60.6534796638117,398.5744916469181,2025-09-30 10:56:59.503845
2.272222361436702,56.170824770465934,399.8164723966629,2025-09-30 10:56:59.503845
2.229086587789076,47.02363560936688,400.9340353904245,2025-09-30 10:56:59.503845
2.1566879571821405,60.638874834706684,399.2005390879149,2025-09-30 10:56:59.503845
2.26556699271219,51.60579267274622,399.8637367983296,2025-09-30 10:56:59.503845
2.431597329145085,56.42077954840987,399.81585125039965,2025-09-30 10:56:59.503845
2.351776627238784,60.80408200559258,399.48472292355143,2025-09-30 10:56:59.503845
2.111157064716915,55.82122526634804,401.46110125218183,2025-09-30 10:56:59.503845
2.354221863093054,56.30101754128107,398.2649235564366,2025-09-30 10:56:59.503845
2.112201145824721,61.16090651136407,400.53848514655175,2025-09-30 10:56:59.503845
2.2980589287801454,52.04558974853741,400.8363390708772,2025-09-30 10:56:59.503845
2.2535661322084595,60.492386128056324,399.74335517348135,2025-09-30 10:56:59.503845
2.264386400178233,61.036231731862166,398.92923706629284,2025-09-30 10:56:59.503845
2.2449228358719093,47.77812330880231,399.16263236757953,2025-09-30 10:56:59.503845
2.4763379201134157,58.14105440235463,401.1838840609091,2025-09-30 10:56:59.503845
2.007940725671477,55.87486872642477,399.2819963237094,2025-09-30 10:56:59.503845
2.292157272192333,50.540203728344665,398.3777948819435,2025-09-30 10:56:59.503845
2.311912224658143,52.05043921717584,399.23593243483236,2025-09-30 10:56:59.503845
2.3514178730111275,50.81596880423217,400.08471769736536,2025-09-30 10:56:59.503845
2.2287977725758292,57.76931991761185,399.53468652713724,2025-09-30 10:56:59.503845
2.410053850478181,57.13960612570734,400.0077857431832,2025-09-30 10:56:59.503845
2.3998301616749336,59.56000920746304,399.17094769976467,2025-09-30 10:56:59.503845
2.325922111774799,54.08564632317903,400.33818663120906,2025-09-30 10:56:59.503845
2.136793796368298,51.974332476066486,399.4134819800895,2025-09-30 10:56:59.503845
2.220782441200682,56.840116878399456,400.5957033571934,2025-09-30 10:56:59.503845
2.2456143800932904,61.23452210732017,401.96290846761246,2025-09-30 10:56:59.503845
2.1849146409043194,60.31245515483596,400.1867885575741,2025-09-30 10:56:59.503845
2.2223876834198433,58.154020183636796,400.06608521997344,2025-09-30 10:56:59.503845
2.311586992830805,54.982107693122096,399.4206537918884,2025-09-30 10:56:59.503845
2.1132385076837985,51.7913648607929,399.4731188911516,2025-09-30 10:56:59.503845
2.155809392126226,47.84391357982811,398.15396533176386,2025-09-30 10:56:59.503845
1.9992116144335683,47.078296734168255,400.0688696888462,2025-09-30 10:56:59.503845
2.350790086024207,53.235310217664455,400.88705780104937,2025-09-30 10:56:59.503845
2.2393115552297806,52.6442350795301,401.0393950028779,2025-09-30 10:56:59.503845
2.2657170348200637,61.13574865842897,400.20065999917466,2025-09-30 10:56:59.503845
2.1093006526364046,58.1506326457396,399.2981353907519,2025-09-30 10:56:59.503845
2.1071431396351112,59.28767591054726,398.2450571820772,2025-09-30 10:56:59.503845
2.3562257499058763,49.868269663326124,400.88661381153463,2025-09-30 10:56:59.503845
2.30594691707412,48.65205109501806,399.5834200220639,2025-09-30 10:56:59.503845
2.2876901592842196,58.922326882813756,400.15541762592454,2025-09-30 10:56:59.503845
2.128644102534866,57.65878962142476,398.68736105345954,2025-09-30 10:56:59.503845
2.2608231697964545,51.70368512590764,400.5103739727717,2025-09-30 10:56:59.503845
2.3830681339662347,55.90535236533967,399.2750646050047,2025-09-30 10:56:59.503845
2.3528829792591277,32.153843072420386,399.5075117218784,2025-09-30 10:56:59.503845
2.2898156821605045,49.09344068755824,400.3864237729725,2025-09-30 10:56:59.503845
2.1169432579352976,52.721926872522964,399.22652539505066,2025-09-30 10:56:59.503845
2.2475749328148784,60.68610984998244,399.119734500194,2025-09-30 10:56:59.503845
2.1499210597143374,65.06064681403144,399.5841020368468,2025-09-30 10:56:59.503845
2.140028049652594,46.65871636520455,399.97722981873915,2025-09-30 10:56:59.503845
2.271650765403927,48.678637885525035,399.82764034276215,2025-09-30 10:56:59.503845
2.4625088953052536,63.49749709486618,400.10669764573214,2025-09-30 10:56:59.503845
2.351875758243136,55.49343931764605,400.26112345995557,2025-09-30 10:56:59.503845
2.2136102102777686,61.397058755265824,398.36784184445156,2025-09-30 10:56:59.503845
2.2958538575572205,57.632279305571124,401.098874719214,2025-09-30 10:56:59.503845
2.194296398329985,56.19956123577349,399.96912836391095,2025-09-30 10:56:59.503845
2.37075448522923,49.63620283037139,400.3755426448125,2025-09-30 10:56:59.503845
2.2458559737473247,47.575849845162,398.3545325237445,2025-09-30 10:56:59.503845
2.044547440944942,64.67269467759346,400.4854785252498,2025-09-30 10:56:59.503845
2.341333204744868,51.77707176305359,399.1617291151417,2025-09-30 10:56:59.503845
2.255014046068109,56.666389036936366,401.0489035833633,2025-09-30 10:56:59.503845
2.047231801659223,58.37164969473853,400.88261561138074,2025-09-30 10:56:59.503845
2.1712896561195922,60.55760808088304,399.1242563595217,2025-09-30 10:56:59.503845
2.1916058479289244,65.1599253338764,399.45500464512503,2025-09-30 10:56:59.503845
2.22617196613553,54.79160762068527,399.2749326288983,2025-09-30 10:56:59.503845
2.232890000829833,51.06537724383059,399.35570526204907,2025-09-30 10:56:59.503845
2.270803399816752,57.87401784905875,400.9827030208816,2025-09-30 10:56:59.503845
2.3235348481457216,53.64631389940202,399.2960459170786,2025-09-30 10:56:59.503845
2.397696360187214,68.17516378480771,401.04150741489843,2025-09-30 10:56:59.503845
2.0809613617133813,55.46493496637735,399.68367156534765,2025-09-30 10:56:59.503845
2.4261748596997905,50.33194991224401,400.35001850193464,2025-09-30 10:56:59.503845
2.240974591841635,61.95168538158261,400.3081603179767,2025-09-30 10:56:59.503845
2.2400380785245257,52.24455260808856,400.08481944041984,2025-09-30 10:56:59.503845
2.297668086866492,56.65528112014487,399.84677029249326,2025-09-30 10:56:59.503845
2.364390280687687,59.45419160285892,398.63357067740526,2025-09-30 10:56:59.503845
2.2891690236146496,72.05510940180152,400.12386706306097,2025-09-30 10:56:59.503845
2.153816517887261,50.050609413647145,399.00995632296735,2025-09-30 10:56:59.503845
2.214571525836732,56.666326671007056,398.97720484425355,2025-09-30 10:56:59.503845
2.348313420824241,65.05259561374302,402.1390929271072,2025-09-30 10:56:59.503845
2.303007543546965,71.4974018253912,399.6511422091716,2025-09-30 10:56:59.503845
2.1838825860530227,51.45370486111566,399.1292365581452,2025-09-30 10:56:59.503845
2.1063346688326128,54.53419072171011,400.9074449221987,2025-09-30 10:56:59.503845
2.1875929810300443,57.129970873304984,399.0744117451094,2025-09-30 10:56:59.503845
2.2564960261091165,59.46011027544878,399.71159753505106,2025-09-30 10:56:59.503845
2.1852997823273737,50.8254172197652,399.2831346451609,2025-09-30 10:56:59.503845
2.1575044601251943,62.49418612084955,399.55247400753717,2025-09-30 10:56:59.503845
2.362053982933648,59.02000535262553,398.34775363710446,2025-09-30 10:56:59.503845
2.3044798710548884,59.077350413979275,399.5493657580805,2025-09-30 10:56:59.503845
2.3286442941178875,60.984673474959735,398.73369463284973,2025-09-30 10:56:59.503845
2.315312148281807,56.3696064077881,400.75540632532073,2025-09-30 10:56:59.503845
2.263964285345117,56.16504014422128,397.8726576498028,2025-09-30 10:56:59.503845
2.2664916479328654,53.910046592953385,401.3094139207486,2025-09-30 10:56:59.503845
2.110262604708264,54.886572827336856,398.9381267554749,2025-09-30 10:56:59.503845
2.3106864332058166,65.00343809084055,399.6955583625517,2025-09-30 10:56:59.503845
2.35066104470608,52.042362212639006,399.43728682735946,2025-09-30 10:56:59.503845
2.291062947988537,61.05037382610817,399.78758990749947,2025-09-30 10:56:59.503845
2.5373125567791854,52.71603230142633,400.86002833305895,2025-09-30 10:56:59.503845
2.2444284161091694,62.43499771133913,401.6067903313866,2025-09-30 10:56:59.503845
2.213960476627899,61.42963149195736,400.07223469463906,2025-09-30 10:56:59.503845
2.197241693811347,55.37717089445388,399.7538117691756,2025-09-30 10:56:59.503845
2.1795278098115936,55.219293808016204,399.62022546493984,2025-09-30 10:56:59.503845
2.1938762313511364,54.701888902771444,399.17614610135445,2025-09-30 10:56:59.503845
2.0823704824152975,52.49358160451357,400.0931390593609,2025-09-30 10:56:59.503845
2.2967661966960122,45.66384418652433,399.50499057634573,2025-09-30 10:56:59.503845
2.171633525981505,51.591798234299766,400.11061408303726,2025-09-30 10:56:59.503845
2.261974187534332,47.540153858147754,400.00963004597617,2025-09-30 10:56:59.503845
2.357011930528205,49.68302564567618,399.9855382823707,2025-09-30 10:56:59.503845
2.325925394450813,52.11773281015045,400.66793485130245,2025-09-30 10:56:59.503845
2.4737051896302042,57.770273152662185,400.81171825680127,2025-09-30 10:56:59.503845
2.3668898006194254,58.835719171501786,398.5071020041125,2025-09-30 10:56:59.503845
2.331387209963781,46.306813386511315,400.2042400672114,2025-09-30 10:56:59.503845
2.413127326475209,46.391148235815635,398.79763462657473,2025-09-30 10:56:59.503845
2.42762665690657,49.70690548226336,398.2777691756158,2025-09-30 10:56:59.503845
2.2549391228308964,56.67212345344204,400.226995365952,2025-09-30 10:56:59.503845
2.1784933815398553,57.066043483577026,399.85052590616453,2025-09-30 10:56:59.503845
2.2629540107527384,52.38839941304366,399.0119653849766,2025-09-30 10:56:59.503845
2.284777559959074,50.853062169421655,400.0823822515086,2025-09-30 10:56:59.503845
2.4098134787191308,51.7900965639033,400.168122533705,2025-09-30 10:56:59.503845
2.3677178717487677,55.21517128163512,401.5414932230163,2025-09-30 10:56:59.503845
2.1790426671609353,47.01614444485366,399.1946090058076,2025-09-30 10:56:59.503845
2.386137806552527,54.56198938162531,399.5178253671385,2025-09-30 10:56:59.503845
2.1650472767880924,54.62096967700811,398.1091074286488,2025-09-30 10:56:59.503845
2.3628473463869764,56.04909512735337,398.8524089189106,2025-09-30 10:56:59.503845
2.434350258557452,53.00357587884783,400.98357290755115,2025-09-30 10:56:59.503845
2.2251054864466258,61.59703088044415,398.8706746355283,2025-09-30 10:56:59.503845
2.141324266020734,57.65693927796591,400.68831439792444,2025-09-30 10:56:59.503845
2.3276702768087474,58.09225684994588,400.1047636163975,2025-09-30 10:56:59.503845
2.22775234366726,62.94728909582296,400.02328462361123,2025-09-30 10:56:59.503845
2.1417246590504484,50.823330882297554,399.814999081907,2025-09-30 10:56:59.503845
2.0360347342632745,54.839466352210884,399.93669729165634,2025-09-30 10:56:59.503845
2.1450842782320616,45.06698378946546,398.69063015555486,2025-09-30 10:56:59.503845
2.2908321573726416,51.75124355454009,400.46353973688656,2025-09-30 10:56:59.503845
2.2845989549487835,49.03660235086052,399.9964607518215,2025-09-30 10:56:59.503845
2.2315391919048038,53.655248748809115,401.3412632157209,2025-09-30 10:56:59.503845
2.028494546996891,44.096027923406055,399.5563843423918,2025-09-30 10:56:59.503845
2.209660326704256,48.42470999606047,399.8434159492778,2025-09-30 10:56:59.503845
2.251575298230991,52.837432431447155,398.8228762106621,2025-09-30 10:56:59.503845
2.4007997911632377,52.46956391584002,400.98444018176906,2025-09-30 10:56:59.503845
2.2267184597512495,56.79592242818731,400.83708431729065,2025-09-30 10:56:59.503845
2.2730843109087755,56.205515780740186,399.68853708441173,2025-09-30 10:56:59.503845
2.293309549415061,56.2598536042847,400.4045190599083,2025-09-30 10:56:59.503845
2.3070902334468646,62.12706789356081,399.4119402977166,2025-09-30 10:56:59.503845
2.2952137036449547,56.60473517745335,398.47648905115943,2025-09-30 10:56:59.503845
2.333335064839186,45.48346231364348,401.7453356937234,2025-09-30 10:56:59.503845
2.3813321257162285,49.46177843903761,399.9520751895824,2025-09-30 10:56:59.503845
2.3127055672221437,52.553415226457275,400.82876430016785,2025-09-30 10:56:59.503845
2.2374305765936944,41.54524026569902,400.44162616180313,2025-09-30 10:56:59.503845
2.3636279831517184,54.9591681413789,401.5397041532765,2025-09-30 10:56:59.503845
2.217776835521171,53.32281191683769,399.82556918534766,2025-09-30 10:56:59.503845
2.215828264837257,58.31988098562285,399.72902978712887,2025-09-30 10:56:59.503845
2.366734077859973,62.78100642532299,399.3779087120825,2025-09-30 10:56:59.503845
2.1602119222590233,55.74655308373523,398.32170228416936,2025-09-30 10:56:59.503845
2.4153568422332246,58.30391413530141,399.4776232431977,2025-09-30 10:56:59.503845
2.2419619096221464,57.65032928892957,400.5474246954174,2025-09-30 10:56:59.503845
2.230067536563432,51.45222624762753,399.7110387905331,2025-09-30 10:56:59.503845
2.1615183594111245,47.41670565480096,399.1006379835327,2025-09-30 10:56:59.503845
2.2948459902065106,49.96645270882209,399.50863754574823,2025-09-30 10:56:59.503845
2.155584201399968,49.025896511778406,398.9682941424934,2025-09-30 10:56:59.503845
2.3311280078427496,63.12017754029698,400.03232975764064,2025-09-30 10:56:59.503845
2.2311116953011276,48.61937371764713,400.97921420093576,2025-09-30 10:56:59.503845
2.2335359025012806,45.024374213932276,399.06071149513207,2025-09-30 10:56:59.503845
2.356459259352112,44.409866469514604,399.6534212491602,2025-09-30 10:56:59.503845
2.353637514787933,59.818054210441346,400.1836413353869,2025-09-30 10:56:59.503845
2.313030308819598,50.727175764262086,398.5282895790842,2025-09-30 10:56:59.503845
1.959552703965465,63.54191189565954,399.6850676677065,2025-09-30 10:56:59.503845
2.2866035045858886,42.80008841195189,399.97156199190255,2025-09-30 10:56:59.503845
2.2399201793459964,56.893120940751736,400.2348122066608,2025-09-30 10:56:59.503845
2.4406641472677695,57.59819192019944,398.77060783806166,2025-09-30 10:56:59.503845
2.141229457333576,59.45584045104763,401.03933255439085,2025-09-30 10:56:59.503845
2.3067602061253925,56.385145134728496,399.73415630394635,2025-09-30 10:56:59.503845
2.3510016965040665,55.445686015434276,397.86488213269405,2025-09-30 10:56:59.503845
2.190377006024474,50.608684532085306,400.52921729965715,2025-09-30 10:56:59.503845
2.191255270756703,49.960000155584524,398.9600090411703,2025-09-30 10:56:59.503845
2.2846112532919225,53.32335747373041,400.2946037455861,2025-09-30 10:56:59.503845
2.2791338222165836,53.248551318181434,399.5918426954178,2025-09-30 10:56:59.503845
2.210141187272018,51.16387581087305,399.5246510087903,2025-09-30 10:56:59.503845
2.241008381347345,53.81465322125696,401.5873668439023,2025-09-30 10:56:59.503845
2.2589321915575624,52.49472421931758,399.170815809348,2025-09-30 10:56:59.503845
2.1514163182759822,49.67945432784795,400.3248713282148,2025-09-30 10:56:59.503845
2.4691486033158174,52.53753475782342,399.3013152654152,2025-09-30 10:56:59.503845
2.147039338832368,44.55915071447575,401.1848310359903,2025-09-30 10:56:59.503845
2.2991004357541946,49.155846479977235,399.4551456952619,2025-09-30 10:56:59.503845
2.2254077462090747,61.246059969167504,400.19694153766346,2025-09-30 10:56:59.503845
2.217365622260195,61.24977659683001,398.7957241597811,2025-09-30 10:56:59.503845
2.3126885989903117,63.443902905745546,400.10528545691824,2025-09-30 10:56:59.503845
2.526383231300429,54.10300230948498,398.46144072820346,2025-09-30 10:56:59.503845
2.2388770537024123,51.45819475151629,398.5360779020778,2025-09-30 10:56:59.503845
2.478251981374338,57.64295125462045,399.2345114837389,2025-09-30 10:56:59.503845
2.189260793004479,48.68241047897577,399.9862152374953,2025-09-30 10:56:59.503845
2.292692862031722,53.662139976105905,399.97064711325527,2025-09-30 10:56:59.503845
2.200839687546157,61.31337461603334,400.7233196111924,2025-09-30 10:56:59.503845
2.233654240363667,51.67117248856084,398.16957879803823,2025-09-30 10:56:59.503845
2.3724517609212685,63.08152757827481,398.5480851681974,2025-09-30 10:56:59.503845
2.2351847647817253,59.64423595141782,400.7860438786448,2025-09-30 10:56:59.503845
2.0791745059856575,56.32507610270969,399.8869056649833,2025-09-30 10:56:59.503845
2.325315874878862,53.94841506860077,398.3372187183068,2025-09-30 10:56:59.503845
2.137985205203119,49.47149704119765,399.5211122139062,2025-09-30 10:56:59.503845
2.2200626648901447,56.56645799857199,399.4779769616141,2025-09-30 10:56:59.503845
2.4790493480199443,60.659420616582665,400.50153827537997,2025-09-30 10:56:59.503845
2.1618433478287518,54.43145322374242,400.5250639929595,2025-09-30 10:56:59.503845
2.342530331645485,55.986064488610516,399.53599216896123,2025-09-30 10:56:59.503845
2.289884769112188,51.796248996446515,399.66872949100576,2025-09-30 10:56:59.503845
2.0284636125257145,45.977460380305786,400.5510889759119,2025-09-30 10:56:59.503845
2.365556305089659,58.63484550962023,400.0549265384587,2025-09-30 10:56:59.503845
2.2007075262584785,52.41892725887889,400.3902207574918,2025-09-30 10:56:59.503845
2.253668376079708,57.58379299582377,399.0809988433997,2025-09-30 10:56:59.503845
2.3063839852311667,52.87380830869517,398.649072902693,2025-09-30 10:56:59.503845
2.3320002220951164,52.05302661842873,398.9099402631393,2025-09-30 10:56:59.503845
2.289938033239831,62.51530713758457,398.587993237091,2025-09-30 10:56:59.503845
2.327605977248008,57.553609803011675,400.5101064560327,2025-09-30 10:56:59.503845
2.301266008684463,58.639990360737826,401.33163184085146,2025-09-30 10:56:59.503845
2.38765766527898,48.44219023323858,398.91148046584897,2025-09-30 10:56:59.503845
2.2824630085047817,54.14504778026502,400.70544789310816,2025-09-30 10:56:59.503845
2.277038856100912,60.815611316554836,398.36727440063356,2025-09-30 10:56:59.503845
2.15186720228561,59.148007138309076,400.9134014639092,2025-09-30 10:56:59.503845
2.3001386162798254,50.70260962128042,398.20285323086676,2025-09-30 10:56:59.503845
2.2038615945394504,48.77455655284284,399.7526798392413,2025-09-30 10:56:59.503845
2.1398700074664894,51.7587750320803,399.7246891094365,2025-09-30 10:56:59.503845
2.253622521754484,57.28191867545175,399.268404191119,2025-09-30 10:56:59.503845
2.277457403144645,42.911932260838825,401.0714940986317,2025-09-30 10:56:59.503845
2.307005090075561,59.405263890661075,400.4222460559286,2025-09-30 10:56:59.503845
2.1269109926067777,56.9073587515959,400.96178263664365,2025-09-30 10:56:59.503845
2.3346510927634796,46.866952603712896,398.97212600795797,2025-09-30 10:56:59.503845
2.2405392317315127,56.502782557973596,399.57157053648706,2025-09-30 10:56:59.503845
2.212371702215397,51.293138312799506,399.1442257331083,2025-09-30 10:56:59.503845
2.4209922437431417,51.25714687671867,399.51813768458055,2025-09-30 10:56:59.503845
2.2079843581710223,58.39589121671651,398.4898991317489,2025-09-30 10:56:59.503845
2.2783128878291192,56.60836316952853,399.74893204429094,2025-09-30 10:56:59.503845
2.2094818544249444,47.28076030909639,398.7525735889703,2025-09-30 10:56:59.503845
2.417575602046032,58.58194953408247,399.42315204634696,2025-09-30 10:56:59.503845
2.2036670678274475,46.52921307582013,399.75009872459265,2025-09-30 10:56:59.503845
2.2025500707059606,42.91795274519926,398.82547375436445,2025-09-30 10:56:59.503845
2.4013642551783985,52.03499573124992,400.80688425036,2025-09-30 10:56:59.503845
2.220965016703651,51.44321020916401,399.33635377447035,2025-09-30 10:56:59.503845
2.2736139018020647,54.83061506689548,400.3447865177521,2025-09-30 10:56:59.503845
2.311611112966198,54.26657613285489,399.3185977653723,2025-09-30 10:56:59.503845
2.2382910021536073,60.13754855248613,400.10185226745193,2025-09-30 10:56:59.503845
2.1977395021601036,58.11718108638074,399.41586228985335,2025-09-30 10:56:59.503845
2.226704692616679,56.377599637016374,399.36855234068827,2025-09-30 10:56:59.503845
2.2693020878953236,56.44985514862468,399.41244897246526,2025-09-30 10:56:59.503845
2.1434650462936,60.78944665551437,398.729936324656,2025-09-30 10:56:59.503845
2.1805468350136037,52.05052375912591,400.6270145136742,2025-09-30 10:56:59.503845
2.3335350235479773,55.226864414872935,400.0676176044329,2025-09-30 10:56:59.503845
2.4018249018998468,57.826367317990076,398.8696230072019,2025-09-30 10:56:59.503845
2.2595262530482523,53.705727691472404,399.410858297713,2025-09-30 10:56:59.503845
2.28094028833072,62.46427875817657,400.771564244941,2025-09-30 10:56:59.503845
2.112334298541457,55.051299921900664,400.0924554651322,2025-09-30 10:56:59.503845
2.3011207685725936,43.117046688885935,398.95007820712254,2025-09-30 10:56:59.503845
2.462867504535565,51.687286351128094,400.0010129597802,2025-09-30 10:56:59.503845
2.214906446845865,61.46147610232887,399.8494327016858,2025-09-30 10:56:59.503845
2.28062870822905,53.647119845983624,399.02822602820623,2025-09-30 10:56:59.503845
2.1116886481006363,50.455655161132015,398.1103421560921,2025-09-30 10:56:59.503845
2.0654768368220973,52.84696510645568,400.15062900856844,2025-09-30 10:56:59.503845
2.3473524113068587,46.29018123581426,400.383459908496,2025-09-30 10:56:59.503845
2.1941214260274453,55.75276483824697,400.4912363507221,2025-09-30 10:56:59.503845
2.214231453761463,62.759095556162094,399.2827279348527,2025-09-30 10:56:59.503845
2.280194265840929,58.15847441123236,399.40791129403885,2025-09-30 10:56:59.503845
2.3255559425776755,58.38698485637656,399.5579722393717,2025-09-30 10:56:59.503845
2.4351196697810837,58.22295098037906,400.8042293965795,2025-09-30 10:56:59.503845
2.1894364904003667,53.384778676214374,401.18563653697686,2025-09-30 10:56:59.503845
2.2239400061908237,59.17596474391991,401.51598437637847,2025-09-30 10:56:59.503845
2.1328441787512156,56.97391577675337,400.7590888728162,2025-09-30 10:56:59.503845
2.282482151540989,50.07554456156075,400.32461446927584,2025-09-30 10:56:59.503845
2.1518671914675753,51.85994421323428,399.70564378926434,2025-09-30 10:56:59.503845
2.154603916182857,54.9411253373861,398.299376922846,2025-09-30 10:56:59.503845
2.5283078796020813,49.71310335706904,400.1689203388226,2025-09-30 10:56:59.503845
2.197406349537797,51.51634384822859,400.6155345985286,2025-09-30 10:56:59.503845
2.149043575417122,47.153416742204755,399.5121231267579,2025-09-30 10:56:59.503845
2.0912093599668884,52.54353762294088,399.3164862835521,2025-09-30 10:56:59.503845
2.3232062447548167,60.20753140910347,398.2778641613574,2025-09-30 10:56:59.503845
2.2531481156114816,57.3383048167121,400.5707346007174,2025-09-30 10:56:59.503845
2.306373573976816,46.03592748163553,400.9081651690781,2025-09-30 10:56:59.503845
2.1116882237374672,58.18190402491039,398.82740253513293,2025-09-30 10:56:59.503845
2.163730281651957,49.2660515390857,399.692971468879,2025-09-30 10:56:59.503845
2.08635665170637,56.37213450088605,400.8549963521173,2025-09-30 10:56:59.503845
2.242718569626714,53.05531731722129,398.2414128297621,2025-09-30 10:56:59.503845
2.345562210840145,54.998651293305194,399.68917273918834,2025-09-30 10:56:59.503845
2.181975797558984,51.42010870984884,400.2658835999952,2025-09-30 10:56:59.503845
2.4552270286561964,59.23946261242325,399.8483121342307,2025-09-30 10:56:59.503845
2.281789329480895,55.80677359299951,399.76827985515035,2025-09-30 10:56:59.503845
2.1680106472962923,49.04397586090113,400.2462180802896,2025-09-30 10:56:59.503845
2.131680820470684,57.3729877535296,399.5803467896119,2025-09-30 10:56:59.503845
2.317274062512984,52.63260251141432,399.7475288811456,2025-09-30 10:56:59.503845
2.4324537106923887,55.983430492574534,399.0938914959172,2025-09-30 10:56:59.503845
2.251864634194282,55.97697448282342,399.52064311304457,2025-09-30 10:56:59.503845
2.257681794118157,50.934222814132475,399.8742558050464,2025-09-30 10:56:59.503845
2.3302542596633757,53.07458182027896,400.41312892018533,2025-09-30 10:56:59.503845
2.162722768321049,49.57491829797428,398.69702264059646,2025-09-30 10:56:59.503845
2.367382924595764,56.438978752743054,398.55809408975506,2025-09-30 10:56:59.503845
2.332815626463723,57.88855237692324,400.7912010534155,2025-09-30 10:56:59.503845
2.2768749737892047,45.93835408441317,399.87581713081914,2025-09-30 10:56:59.503845
2.3752373397631428,53.80831588674663,398.7572044573954,2025-09-30 10:56:59.503845
2.195165888976184,57.47460885641757,400.19990733321345,2025-09-30 10:56:59.503845
2.2931505616697923,54.210192723072176,399.38071450401986,2025-09-30 10:56:59.503845
2.402586909778284,46.6632248162169,400.3191852073864,2025-09-30 10:56:59.503845
2.220292348822241,45.13986162214586,399.37888353873007,2025-09-30 10:56:59.503845
2.3660239164426295,54.92875600685148,399.1392681185126,2025-09-30 10:56:59.503845
2.326877468744951,54.02647401611609,400.1785683349517,2025-09-30 10:56:59.503845
2.172203557828705,52.46120872614511,400.9070910103317,2025-09-30 10:56:59.503845
2.2681034068932737,55.35455542747543,399.41339155383463,2025-09-30 10:56:59.503845
2.1285995628517256,50.903202647299665,399.27024378299694,2025-09-30 10:56:59.503845
2.287812118840098,57.55116107920261,400.458802558132,2025-09-30 10:56:59.503845
2.315674810248315,51.380865875827965,398.73259444679564,2025-09-30 10:56:59.503845
2.283027177363048,56.183144028479425,400.03198120060557,2025-09-30 10:56:59.503845
2.165525510762007,51.21182712480686,401.2267791927177,2025-09-30 10:56:59.503845
2.3094609281513896,63.78927332756742,398.21185182717363,2025-09-30 10:56:59.503845
2.297229150156929,59.196262150716706,399.50498219767894,2025-09-30 10:56:59.503845
2.308756812391138,54.31593154851136,399.06855863664197,2025-09-30 10:56:59.503845
2.216881011273132,60.79916091575712,399.7112231372211,2025-09-30 10:56:59.503845
2.0441417250944087,47.411061114327985,399.8588135941335,2025-09-30 10:56:59.503845
2.1539222722535403,65.05457829772723,400.8942744306214,2025-09-30 10:56:59.503845
2.324731740765376,48.46912961558137,399.4818486964011,2025-09-30 10:56:59.503845
2.315426432992109,47.5039143513004,400.6589023397452,2025-09-30 10:56:59.503845
2.1642197872891304,47.8442680361989,399.9339342020219,2025-09-30 10:56:59.503845
2.312316757129556,46.879277030514515,399.7590361390517,2025-09-30 10:56:59.503845
2.163407117774911,50.059462883830406,399.09949693761376,2025-09-30 10:56:59.503845
2.0814367075502105,55.401070062610586,398.50186709581794,2025-09-30 10:56:59.503845
2.222731831671836,53.50209263308264,400.0442122235798,2025-09-30 10:56:59.503845
2.1723675688276622,54.90976173958068,400.3126611368417,2025-09-30 10:56:59.503845
2.3440954887605123,60.21237501958796,400.8048205333797,2025-09-30 10:56:59.503845
2.1781779093813736,54.257500470833186,397.91141699188194,2025-09-30 10:56:59.503845
2.1231136436452642,60.29211807822629,398.5912776285602,2025-09-30 10:56:59.503845
2.361481499194935,48.228902051982075,398.8542697132956,2025-09-30 10:56:59.503845
2.229283524659275,50.76461715164035,398.6357888275467,2025-09-30 10:56:59.503845
2.1434771415638494,57.22827717986142,400.35692466695775,2025-09-30 10:56:59.503845
2.0887042135694913,52.63527373313358,400.12263977290365,2025-09-30 10:56:59.503845
2.1618119726117837,55.807899280429965,397.60848544392866,2025-09-30 10:56:59.503845
2.240216663567788,44.83538531603944,398.69628057175385,2025-09-30 10:56:59.503845
2.1526812046997104,51.03980224788988,398.96592717897823,2025-09-30 10:56:59.503845
2.214749066818863,58.38517068780979,400.26080133263366,2025-09-30 10:56:59.503845
2.2547771675211843,54.32433942275543,399.3613373829724,2025-09-30 10:56:59.503845
2.2800126405092858,59.615566658468715,400.830886137582,2025-09-30 10:56:59.503845
2.4916152901575095,59.397802070427375,398.79734805068745,2025-09-30 10:56:59.503845
2.220988510327788,62.8101815316298,399.667527883394,2025-09-30 10:56:59.503845
2.378730788663323,59.69800873857226,399.1946117522662,2025-09-30 10:56:59.503845
2.3379585236785743,49.861451963419825,401.4791720628782,2025-09-30 10:56:59.503845
2.2347973594604644,65.45689398016799,399.6419931624474,2025-09-30 10:56:59.503845
2.2394559297667236,56.3582991981477,399.18713054331243,2025-09-30 10:56:59.503845
2.2193025033102236,56.16276788581797,400.58567788018655,2025-09-30 10:56:59.503845
2.2068846115919483,44.05861083212393,400.0659407959872,2025-09-30 10:56:59.503845
2.099909245461054,57.563115905468045,400.6438429263698,2025-09-30 10:56:59.503845
2.4097078084337187,59.378685344461346,399.05662355692203,2025-09-30 10:56:59.503845
2.129470541403477,55.75686773496353,399.3526950806271,2025-09-30 10:56:59.503845
2.255021495771764,53.99375456280814,400.88552676028587,2025-09-30 10:56:59.503845
2.121274027928799,47.777908713990584,399.9345797071283,2025-09-30 10:56:59.503845
2.327278988157123,49.884602513149105,400.2329157502055,2025-09-30 10:56:59.503845
2.269524033169695,56.370094943142576,399.3720940424441,2025-09-30 10:56:59.503845
2.2907945211364056,44.966566421442096,399.84388685880333,2025-09-30 10:56:59.503845
2.31901202565827,48.96983589546953,400.5972303911582,2025-09-30 10:56:59.503845
2.185008690010806,49.24059909554166,398.8405221397259,2025-09-30 10:56:59.503845
2.281316187961391,58.063753766526965,398.6665511313142,2025-09-30 10:56:59.503845
2.3870180910909284,59.700507407577575,401.31987530326063,2025-09-30 10:56:59.503845
2.2590120243229914,49.41924633456967,399.1441533322941,2025-09-30 10:56:59.503845
2.2766670779124643,53.27031565798201,399.6727459656395,2025-09-30 10:56:59.503845
2.215630300823676,57.55771258210073,399.41588415673704,2025-09-30 10:56:59.503845
2.07300152588953,52.26325124806129,399.1725911959009,2025-09-30 10:56:59.503845
2.3675270810487112,59.16387634183203,400.46668629397874,2025-09-30 10:56:59.503845
2.1489819579830343,54.92493862607505,400.4966634582015,2025-09-30 10:56:59.503845
2.245272078655309,57.79680791843137,401.03347730047346,2025-09-30 10:56:59.503845
2.3521536944266184,50.66804624899847,400.42731471034756,2025-09-30 10:56:59.503845
1.9826855791196516,60.91304449744921,400.88846308124005,2025-09-30 10:56:59.503845
2.3399488561938115,45.7211038991111,399.17230334681545,2025-09-30 10:56:59.503845
2.258884379033882,54.47440715927221,398.16552309634164,2025-09-30 10:56:59.503845
2.272840314388785,46.409496828183634,400.16542249770464,2025-09-30 10:56:59.503845
2.337283937229891,53.119865483787514,400.3193664962326,2025-09-30 10:56:59.503845
2.0737903468395027,50.86682186185606,400.4964670449529,2025-09-30 10:56:59.503845
2.246706767407653,43.76264519785744,398.9872656606701,2025-09-30 10:56:59.503845
2.230188156029581,51.647763758572474,399.4749043957812,2025-09-30 10:56:59.503845
2.1450112976072595,57.87015502057228,399.65989777721296,2025-09-30 10:56:59.503845
2.1723807214011863,49.74881124430831,398.3333737040802,2025-09-30 10:56:59.503845
2.261255728251993,47.14546201302091,399.17401064768,2025-09-30 10:56:59.503845
2.1576868404128406,47.54059880778129,400.13092871534946,2025-09-30 10:56:59.503845
2.3994698098035228,54.46560661552792,399.3383761426359,2025-09-30 10:56:59.503845
2.2367976366730393,57.64347341300566,400.0363703537297,2025-09-30 10:56:59.503845
2.3573927162552653,48.72459483274541,400.239903494701,2025-09-30 10:56:59.503845
2.3451388151674113,51.180347165830376,400.3627453854934,2025-09-30 10:56:59.503845
2.2429812066326584,56.41196071337116,399.67448871746353,2025-09-30 10:56:59.503845
2.3881598846103165,56.40629304117654,399.58516804890616,2025-09-30 10:56:59.503845
2.179062511539997,55.27805947593419,399.7945845161334,2025-09-30 10:56:59.503845
2.2682103673784644,56.36359847552168,398.4497416523184,2025-09-30 10:56:59.503845
2.3444597468443598,52.612600092261005,400.33751084715317,2025-09-30 10:56:59.503845
2.161498787347626,41.767831403204774,400.0247828329098,2025-09-30 10:56:59.503845
2.186556129415883,59.61893545618065,399.00536472648344,2025-09-30 10:56:59.503845
2.2298130982070723,56.65243694167669,398.5203830731453,2025-09-30 10:56:59.503845
2.5198272370632337,64.12389297632991,401.1576154851371,2025-09-30 10:56:59.503845
2.449638266311948,52.83318369576593,399.26766502761467,2025-09-30 10:56:59.503845
2.307691737630254,58.169096868573035,399.6906600802699,2025-09-30 10:56:59.503845
2.4161456676986988,54.81274990659686,398.55940369692456,2025-09-30 10:56:59.503845
2.326920839773533,59.08049255626037,399.04259542138726,2025-09-30 10:56:59.503845
2.2849721578835966,59.062609051789224,398.9370825340307,2025-09-30 10:56:59.503845
2.1124121115650394,55.77253820166867,399.9068255259117,2025-09-30 10:56:59.503845
2.3924865037831067,49.795508412295405,398.01159557646463,2025-09-30 10:56:59.503845
2.2444840011095377,54.61406308696505,399.32546832033086,2025-09-30 10:56:59.503845
2.384268246744855,57.35082369675519,399.47335357073234,2025-09-30 10:56:59.503845
2.0839265199084567,67.0650222166235,399.9136576092633,2025-09-30 10:56:59.503845
2.232022279206616,47.32014739705151,399.9878395907727,2025-09-30 10:56:59.503845
2.3134227234324696,71.05048077894601,401.69550280186087,2025-09-30 10:56:59.503845
2.2800299097521513,60.97580954246367,399.88973139979,2025-09-30 10:56:59.503845
2.3911949940469426,55.60851812464413,399.10386508888416,2025-09-30 10:56:59.503845
2.392752899361517,47.64437116581913,399.82286608166436,2025-09-30 10:56:59.503845
2.220755040562395,53.25570097538466,400.41729017732814,2025-09-30 10:56:59.503845
2.152579376496665,53.1987486826545,399.6786463522838,2025-09-30 10:56:59.503845
2.0270837852217927,50.96818319187522,400.5161534518212,2025-09-30 10:56:59.503845
2.123975659704179,59.88571230733329,399.1096549535336,2025-09-30 10:56:59.503845
2.2952632803143316,59.0860553005274,400.62474346075373,2025-09-30 10:56:59.503845
2.218011766087452,49.58874638962262,399.88464257319333,2025-09-30 10:56:59.503845
2.338967344183484,60.267173165848064,399.6967768023683,2025-09-30 10:56:59.503845
2.3373270277960985,63.7053055650226,400.57203574811723,2025-09-30 10:56:59.503845
2.201887727872875,54.73881532952094,398.278219053288,2025-09-30 10:56:59.503845
2.234211986004483,51.59141651755223,398.60585314786874,2025-09-30 10:56:59.503845
2.1680937524907757,61.4471605913892,399.3380220479255,2025-09-30 10:56:59.503845
2.1648533152108214,55.96966956910717,400.13734969764135,2025-09-30 10:56:59.503845
2.3336200052161424,51.04340194664608,400.02660611582115,2025-09-30 10:56:59.503845
2.3578236729292112,61.563845243326625,399.5561771634212,2025-09-30 10:56:59.503845
2.0928607544616082,51.375610476166024,398.80648836921176,2025-09-30 10:56:59.503845
2.277457333132414,51.48629154789431,400.9167454121209,2025-09-30 10:56:59.503845
2.133117654024248,58.71882473447571,398.9014734635957,2025-09-30 10:56:59.503845
2.167237762699957,42.19148236329379,400.2611899151979,2025-09-30 10:56:59.503845
2.320608002163577,51.53545040874715,398.7955231574976,2025-09-30 10:56:59.503845
2.190935034731996,54.44593761695425,398.945258826296,2025-09-30 10:56:59.503845
2.119976898045885,45.765817873710475,400.8094099103041,2025-09-30 10:56:59.503845
2.2636940342438456,53.36668119041306,399.54893868872716,2025-09-30 10:56:59.503845
2.1851686686073695,52.263685174891634,399.5995532097933,2025-09-30 10:56:59.503845
2.21088768107734,55.774664382616926,398.5928426709876,2025-09-30 10:56:59.503845
2.2321827826372154,49.771552983157186,400.274942919462,2025-09-30 10:56:59.503845
2.368751766656785,53.16127655292669,401.0626841607902,2025-09-30 10:56:59.503845
2.1967176590787707,49.331566903462885,398.5773526544415,2025-09-30 10:56:59.503845
2.340629030752771,55.08858550351478,399.7523706238117,2025-09-30 10:56:59.503845
2.23639174955886,54.08617795417568,402.1410290754666,2025-09-30 10:56:59.503845
2.305654844487158,51.83844850919628,398.61941278340623,2025-09-30 10:56:59.503845
2.3503707376820113,54.66432723774506,398.2782705835695,2025-09-30 10:56:59.503845
2.148749979282206,56.625591993312916,398.1342142467706,2025-09-30 10:56:59.503845
2.243387936037057,61.162382538305806,400.2385419693347,2025-09-30 10:56:59.503845
2.2461463630643337,54.52384227715201,398.9287502198146,2025-09-30 10:56:59.503845
2.16425748438139,51.9710088851557,399.41576654157797,2025-09-30 10:56:59.503845
2.234466401647821,49.272273532822354,400.6476361972502,2025-09-30 10:56:59.503845
2.1435820684087954,49.48534066220846,400.370646559502,2025-09-30 10:56:59.503845
2.230464842532914,60.37034383398801,398.94779731332164,2025-09-30 10:56:59.503845
2.417939616968726,58.70489518825902,398.2739221516371,2025-09-30 10:56:59.503845
2.194063927893607,49.6464462723511,400.28637545490534,2025-09-30 10:56:59.503845
2.138334930771486,48.37378604303511,399.4818870125713,2025-09-30 10:56:59.503845
2.229271192513078,61.81214045657409,397.1277396769123,2025-09-30 10:56:59.503845
2.2607864198354486,52.82572587832219,400.99835828707353,2025-09-30 10:56:59.503845
2.1213623792653014,56.13420587635642,398.96301058647646,2025-09-30 10:56:59.503845
2.411031484906109,55.75318213085246,400.22093550138663,2025-09-30 10:56:59.503845
2.250240879155236,51.12318313179741,399.70080538778944,2025-09-30 10:56:59.503845
2.235775296759523,42.598949569560475,400.16487352710004,2025-09-30 10:56:59.503845
2.2204407597924583,55.592309375804135,398.9011865956352,2025-09-30 10:56:59.503845
2.3845521581949845,55.30318543284731,398.73994244398205,2025-09-30 10:56:59.503845
2.234306792301856,49.16067998438762,399.2109023256895,2025-09-30 10:56:59.503845
2.2090044557843687,50.44678775714136,398.85129547941597,2025-09-30 10:56:59.503845
2.279032360980183,54.15311305318991,400.3839943459196,2025-09-30 10:56:59.503845
2.452525237752288,58.47822755238416,399.3592328353576,2025-09-30 10:56:59.503845
2.1906768785486435,52.06510509818457,400.6449897151944,2025-09-30 10:56:59.503845
2.2280141475496786,61.979573620783654,400.0729535784169,2025-09-30 10:56:59.503845
2.386049875766226,49.24649543687593,401.10170510604695,2025-09-30 10:56:59.503845
2.1408421034369143,46.681425840837946,399.10398827468214,2025-09-30 10:56:59.503845
2.4068141666071217,41.5168634090183,399.66691972877845,2025-09-30 10:56:59.503845
2.285607899004207,57.375644020594855,399.2218298498151,2025-09-30 10:56:59.503845
2.2852464163551196,57.4244786993759,400.3045396714147,2025-09-30 10:56:59.503845
2.3756199637035853,56.63925828625591,400.75147029036424,2025-09-30 10:56:59.503845
2.0993591318635034,50.15692122988584,399.20111759246635,2025-09-30 10:56:59.503845
2.148646119805594,50.577844468528255,398.96085440223135,2025-09-30 10:56:59.503845
2.2158284318312864,54.50590211587995,399.46028269315474,2025-09-30 10:56:59.503845
2.1261479857402046,55.46295094354326,400.4589537290013,2025-09-30 10:56:59.503845
2.1785072783272805,53.42108906404529,398.6966230505037,2025-09-30 10:56:59.503845
2.0833212612247065,49.40057455596998,400.5852577808216,2025-09-30 10:56:59.503845
2.175317402151628,50.16455521499183,399.07322819223884,2025-09-30 10:56:59.503845
2.2705711774781654,51.085876256423155,399.6792673971565,2025-09-30 10:56:59.503845
2.2307769530530566,48.54318953768392,400.96518956319215,2025-09-30 10:56:59.503845
2.1191776208257616,48.51516540619613,401.3277801787194,2025-09-30 10:56:59.503845
2.168389544563469,54.32250826028034,397.6035707997614,2025-09-30 10:56:59.503845
2.3672941530209632,45.764605651375504,399.6873243035054,2025-09-30 10:56:59.503845
2.3891526966935857,58.505907292082654,398.0719431946016,2025-09-30 10:56:59.503845
2.2958412954471266,57.958345665953004,401.2368379188293,2025-09-30 10:56:59.503845
2.2037650887011204,52.06520174536688,399.17771390845377,2025-09-30 10:56:59.503845
2.3101111322169325,62.109242027745154,398.64176753172217,2025-09-30 10:56:59.503845
2.2117422933667115,52.54909203675137,399.67038196117824,2025-09-30 10:56:59.503845
2.194847933941579,43.53503748422024,401.3875185530359,2025-09-30 10:56:59.503845
2.1955248389051496,52.25036052617976,399.6799713955288,2025-09-30 10:56:59.503845
2.279272730948684,55.48567926394475,399.93535944845274,2025-09-30 10:56:59.503845
2.2753664560522355,56.45338583567697,399.4305776211565,2025-09-30 10:56:59.503845
2.3237022546530905,46.883444650474615,400.5983002622266,2025-09-30 10:56:59.503845
2.2637092785135735,65.2886483309522,399.57046582991325,2025-09-30 10:56:59.503845
2.2679754280912108,49.10733809255009,400.31384357588547,2025-09-30 10:56:59.503845
2.062627756261892,63.93732770685808,399.2467845613509,2025-09-30 10:56:59.503845
2.326573699764009,55.61710755765842,400.60908986645705,2025-09-30 10:56:59.503845
2.124154601083157,52.11559814354957,400.3321767152747,2025-09-30 10:56:59.503845
2.199031164846923,53.62389718457605,399.3930622609223,2025-09-30 10:56:59.503845
2.2592714047793687,51.28453051843344,400.10981964562427,2025-09-30 10:56:59.503845
2.2571926100437145,56.50893151542417,400.7882656558844,2025-09-30 10:56:59.503845
2.164480324941471,53.792976638937766,398.97732898163775,2025-09-30 10:56:59.503845
2.332631918813312,56.593699279323026,400.97535449605067,2025-09-30 10:56:59.503845
2.2271697521842313,50.52332256947553,400.4760881084744,2025-09-30 10:56:59.503845
2.230574363667146,46.23048510153072,399.95384278055167,2025-09-30 10:56:59.503845
2.423477341465152,57.0568104045699,399.27792390583676,2025-09-30 10:56:59.503845
2.38093529506419,54.71333868081983,398.9225094076666,2025-09-30 10:56:59.503845
2.2825290454621117,53.4156015113986,400.01509594895316,2025-09-30 10:56:59.503845
2.2332355381101987,58.333982077670534,401.08158437887477,2025-09-30 10:56:59.503845
2.0086817448994037,59.30471928489003,398.4837174466555,2025-09-30 10:56:59.503845
2.077550402503261,53.32692071354994,400.5597213681313,2025-09-30 10:56:59.503845
2.329110856118225,50.35510455965336,400.0846701359619,2025-09-30 10:56:59.503845
2.316043595789472,63.14393713955991,400.18190958006323,2025-09-30 10:56:59.503845
2.4305225608578596,44.3558703664433,399.83320230945304,2025-09-30 10:56:59.503845
2.3480814509260455,53.29159998445445,398.85977607262856,2025-09-30 10:56:59.503845
2.267869030314676,55.62101035181936,399.9757540576777,2025-09-30 10:56:59.503845
2.3757968788034423,52.139335247383386,397.2631430917855,2025-09-30 10:56:59.503845
2.3026096692634423,58.74191861188039,401.9363029856787,2025-09-30 10:56:59.503845
2.2759647725710317,50.7173644712136,400.7584316901059,2025-09-30 10:56:59.503845
2.315991626272669,54.772381264599076,397.99737719429976,2025-09-30 10:56:59.503845
2.4211838624124047,56.011225526525145,400.9408895585417,2025-09-30 10:56:59.503845
2.280064204783266,61.95362192532991,398.7501738337922,2025-09-30 10:56:59.503845
2.0287446560620466,60.223074250626716,399.7259534857686,2025-09-30 10:56:59.503845
2.3184989368426674,50.72110137349464,397.88712672926493,2025-09-30 10:56:59.503845
2.3565996313477533,54.6367764402226,399.98172500039067,2025-09-30 10:56:59.503845
2.262830642167566,56.73317566458227,400.1273648573745,2025-09-30 10:56:59.503845
2.3528167559702773,49.66691329764659,400.4876363133913,2025-09-30 10:56:59.503845
2.1202690189829863,57.61062826755589,399.4361478665971,2025-09-30 10:56:59.503845
2.123219453461934,59.048000074920324,401.02533586774047,2025-09-30 10:56:59.503845
2.3110171096727488,47.29617445190653,398.43550199295885,2025-09-30 10:56:59.503845
2.28289447014878,53.51993586588829,399.96586615180127,2025-09-30 10:56:59.503845
2.366359530287964,50.0905602097332,402.1388463419962,2025-09-30 10:56:59.503845
2.4926648101909112,63.12999840407997,399.01308657989114,2025-09-30 10:56:59.503845
2.2071333017362025,48.972848059777,399.5832720849198,2025-09-30 10:56:59.503845
2.396702982286695,49.934184085842176,398.5754314947682,2025-09-30 10:56:59.503845
2.4829446970678912,54.801604419452055,399.440945164197,2025-09-30 10:56:59.503845
2.113419071065347,60.17017148864189,399.3061244779391,2025-09-30 10:56:59.503845
2.1026850733668905,66.23231725050407,399.7233197643835,2025-09-30 10:56:59.503845
2.3636038016584973,42.37017633462144,399.41308090256604,2025-09-30 10:56:59.503845
2.4257897076850474,47.894910513792894,401.9817340006803,2025-09-30 10:56:59.503845
2.1844955495516047,63.96323437809224,400.26084381129846,2025-09-30 10:56:59.503845
2.214288485839108,54.594580037936566,400.12901840335525,2025-09-30 10:56:59.503845
2.2796013029875466,50.08770257254155,401.4003315338447,2025-09-30 10:56:59.503845
2.400464396898072,57.192434023374425,399.1219722042621,2025-09-30 10:56:59.503845
2.36027617872182,54.67073801242669,399.55422767820306,2025-09-30 10:56:59.503845
2.218226410651598,54.44549574723937,399.6014659559074,2025-09-30 10:56:59.503845
2.3992796639421936,46.189560134999944,398.89590702460015,2025-09-30 10:56:59.503845
2.3304051020963246,53.20669178203947,400.71238260434745,2025-09-30 10:56:59.503845
2.2260746800389586,51.38838372843116,398.55694733515674,2025-09-30 10:56:59.503845
2.0569612131760397,58.39206393321943,398.4703732116236,2025-09-30 10:56:59.503845
2.1743155789692103,56.16602271747561,399.8262894639778,2025-09-30 10:56:59.503845
2.1116206236807913,46.15216397068651,400.0916669679797,2025-09-30 10:56:59.503845
2.3533454497522235,57.87804114212577,400.20191583998314,2025-09-30 10:56:59.503845
2.2828204378045864,49.34291067320715,398.384887547387,2025-09-30 10:56:59.503845
2.2532896876092248,57.65729337681323,398.66888520092164,2025-09-30 10:56:59.503845
2.217727746065814,62.12085950768818,398.7689024085583,2025-09-30 10:56:59.503845
2.2900531195089813,50.07631293848732,399.81599760921733,2025-09-30 10:56:59.503845
2.172284761096595,45.51673744401467,399.53556567634257,2025-09-30 10:56:59.503845
2.329944938607424,45.62251192970078,399.8091098347269,2025-09-30 10:56:59.503845
2.040531618947571,53.185690450940875,400.4339467942604,2025-09-30 10:56:59.503845
2.2074378759876905,52.904091140457936,398.6284052876645,2025-09-30 10:56:59.503845
2.3909986039797646,49.666093221773366,399.19721371821277,2025-09-30 10:56:59.503845
2.3552592612142957,53.179107182860214,399.62196496509495,2025-09-30 10:56:59.503845
2.2875439474900103,47.85975953766141,399.9628963828617,2025-09-30 10:56:59.503845
2.2961230056841635,56.768078174066865,399.68945073058245,2025-09-30 10:56:59.503845
2.0849429420326366,41.72551638068767,399.11432866202216,2025-09-30 10:56:59.503845
2.25120717386187,50.25892686970362,399.72924196052674,2025-09-30 10:56:59.503845
2.2802343804738205,53.976191165354656,401.17044383218234,2025-09-30 10:56:59.503845
2.2943938219450497,48.8361659558648,400.01870067070024,2025-09-30 10:56:59.503845
2.3594065759444076,61.93975408264091,400.31758791246165,2025-09-30 10:56:59.503845
2.2848564888433827,57.09464927513054,399.83815501101736,2025-09-30 10:56:59.503845
2.4187041356569043,43.83208438806212,399.1338710250822,2025-09-30 10:56:59.503845
2.2734184621584044,55.09421955748272,400.86667442505995,2025-09-30 10:56:59.503845
2.2061758204655666,62.5817666847208,401.0801495556576,2025-09-30 10:56:59.503845
2.266113500122532,56.79049390150632,400.9851339254108,2025-09-30 10:56:59.503845
2.3308865280063285,54.20822667128945,399.86355532781556,2025-09-30 10:56:59.503845
2.2180653810446582,60.54825397393473,398.4837763142972,2025-09-30 10:56:59.503845
2.4529260841925513,56.2502130649698,397.7799061719354,2025-09-30 10:56:59.503845
2.0901374508243924,55.814051738803045,398.9972120139548,2025-09-30 10:56:59.503845
2.3759207047885607,54.77888619746633,399.18283094577555,2025-09-30 10:56:59.503845
2.406081451480942,48.114590466291745,400.6131171372403,2025-09-30 10:56:59.503845
2.359424745226633,55.45331717019547,400.1322588029619,2025-09-30 10:56:59.503845
2.3928008891513826,48.4176682190478,400.2028046044955,2025-09-30 10:56:59.503845
2.2038189515702227,55.020291743312576,400.24310037824586,2025-09-30 10:56:59.503845
2.256933674845874,46.88903298251534,399.3502515076565,2025-09-30 10:56:59.503845
2.1525397265876616,44.589262432309205,399.19318296213356,2025-09-30 10:56:59.503845
2.2852496229456425,52.46311883806356,400.25114521551114,2025-09-30 10:56:59.503845
2.238309399236198,63.43314660366014,399.54157683695905,2025-09-30 10:56:59.503845
2.23463880518113,60.20731500937039,399.02595971304476,2025-09-30 10:56:59.503845
2.4027420145957956,60.29180840174465,399.0828487578595,2025-09-30 10:56:59.503845
2.2387456172814617,47.97032264625002,399.77388850185673,2025-09-30 10:56:59.503845
2.16186726199423,62.09116791111528,398.781268187654,2025-09-30 10:56:59.503845
2.229084303257433,58.04658018896382,400.670264058973,2025-09-30 10:56:59.503845
2.2739027194486585,59.44998478965875,400.550527321596,2025-09-30 10:56:59.503845
2.175614228897027,59.728121677093725,398.7987585634832,2025-09-30 10:56:59.503845
2.1834094063841913,55.63686161946455,398.5027727168289,2025-09-30 10:56:59.503845
2.173973604807119,53.95409929765623,399.3057099086766,2025-09-30 10:56:59.503845
2.4556946505377004,41.66716869236531,399.61290493399486,2025-09-30 10:56:59.503845
2.353375998843774,55.15829108215318,400.0230684984058,2025-09-30 10:56:59.503845
2.146260077312612,53.46125201196456,400.2566769023279,2025-09-30 10:56:59.503845
2.127561715045083,55.536490806374744,398.37671968707696,2025-09-30 10:56:59.503845
2.2670872975467655,51.66103971695442,399.2854745700893,2025-09-30 10:56:59.503845
2.30607737530531,50.23450582885498,401.2253446400226,2025-09-30 10:56:59.503845
2.2648508205157394,43.005678760766955,401.2361159612198,2025-09-30 10:56:59.503845
2.457756364241532,54.452423555169126,401.32734170806054,2025-09-30 10:56:59.503845
2.2652604011636344,60.389336168999144,399.9722916858921,2025-09-30 10:56:59.503845
2.3080667942289477,50.74903903216873,398.18457543487074,2025-09-30 10:56:59.503845
2.4554601592133407,59.09139078328961,398.49812987416504,2025-09-30 10:56:59.503845
2.2753862642224023,49.16308478514076,398.7262655946381,2025-09-30 10:56:59.503845
2.002993464404848,55.917639075273684,399.9435937885305,2025-09-30 10:56:59.503845
2.239071837788904,53.09512830617596,399.69795135421674,2025-09-30 10:56:59.503845
2.1201315409977446,58.14324578582207,400.5918004317178,2025-09-30 10:56:59.503845
2.234727022113491,63.13376694088766,400.2082293390269,2025-09-30 10:56:59.503845
2.2161678284302786,56.36044311776361,397.8860381769943,2025-09-30 10:56:59.503845
2.527640938422396,56.15749416333213,399.6214506410008,2025-09-30 10:56:59.503845
2.182122316656907,52.55436510677636,399.0574620401608,2025-09-30 10:56:59.503845
2.1961869178170774,56.16212878347882,399.69823440502955,2025-09-30 10:56:59.503845
2.0863271043366414,51.27250120456176,400.3570202701255,2025-09-30 10:56:59.503845
2.1409523539316613,55.90644147738551,399.96146186813866,2025-09-30 10:56:59.503845
2.3556401421055093,52.26545888425796,400.246092770284,2025-09-30 10:56:59.503845
2.1277365505025814,61.74315591306466,399.6751354426336,2025-09-30 10:56:59.503845
2.1571690772967314,57.31454888818379,400.8908385048888,2025-09-30 10:56:59.503845
2.138593349934058,63.217862743465325,399.16401010684734,2025-09-30 10:56:59.503845
2.276176392471564,61.07816874303494,400.66559708334233,2025-09-30 10:56:59.503845
2.251399105757035,56.110255935861815,400.03972424445624,2025-09-30 10:56:59.503845
2.2514453539318255,64.52754608325478,399.89729544341156,2025-09-30 10:56:59.503845
2.0563509818545387,57.712631776460015,400.5073464229533,2025-09-30 10:56:59.503845
2.3959505139482706,54.9673762529665,398.71377418461833,2025-09-30 10:56:59.503845
2.193752966896758,58.29218031003598,398.4514173044752,2025-09-30 10:56:59.503845
2.2761845103511216,47.0769053939548,399.28099143417245,2025-09-30 10:56:59.503845
2.2082985029753215,56.63970630894083,399.3441009158117,2025-09-30 10:56:59.503845
2.1088493484630395,51.620501206320355,399.39361510225524,2025-09-30 10:56:59.503845
2.247998709862736,54.4738961379063,398.4269972246607,2025-09-30 10:56:59.503845
2.0479908922574235,42.73234053086014,400.00786617657843,2025-09-30 10:56:59.503845
2.1021929406091706,48.631422033865846,399.283400892636,2025-09-30 10:56:59.503845
1.9848718379791306,57.17695940141117,400.1229610616657,2025-09-30 10:56:59.503845
2.2640815428397802,55.45253121881274,400.6268615092502,2025-09-30 10:56:59.503845
2.252843033370011,58.35098515652386,399.0690652401816,2025-09-30 10:56:59.503845
2.3991099314053077,49.06454123078699,399.62877871889475,2025-09-30 10:56:59.503845
2.180670202240249,59.08702060798753,400.50966872344196,2025-09-30 10:56:59.503845
2.4070792622666133,55.14191205549293,399.2458630294637,2025-09-30 10:56:59.503845
2.40318609040216,54.370732052051686,399.27834980312576,2025-09-30 10:56:59.503845
2.2357182345056232,46.80855522487767,400.3957670358802,2025-09-30 10:56:59.503845
2.19715835836208,50.295769336947544,398.8412006823466,2025-09-30 10:56:59.503845
2.147775529509935,56.50742074500049,399.33927507966627,2025-09-30 10:56:59.503845
2.340770527462333,55.10666872901545,399.7055462348765,2025-09-30 10:56:59.503845
2.1750658460517673,51.24235117493058,399.1207339029247,2025-09-30 10:56:59.503845
2.255470166853008,51.11930936405551,398.14852969977284,2025-09-30 10:56:59.503845
2.040432370840065,52.43317881974258,399.1328796506738,2025-09-30 10:56:59.503845
2.2482963380194616,44.291658210441,400.12325097173573,2025-09-30 10:56:59.503845
2.3729539162016087,53.32848278317507,399.0333137637012,2025-09-30 10:56:59.503845
2.220802180290342,52.02237879357266,400.95300355220513,2025-09-30 10:56:59.503845
2.2613096514711395,62.43552008109507,400.30346646752554,2025-09-30 10:56:59.503845
2.257963208207766,54.03518064798526,398.6409032190222,2025-09-30 10:56:59.503845
2.4037025379808847,52.533723603006266,400.2603320331,2025-09-30 10:56:59.503845
2.3777419924486134,50.36317928091748,398.0122771678296,2025-09-30 10:56:59.503845
2.3770093297756385,50.989764592526306,400.122067457521,2025-09-30 10:56:59.503845
2.130024386483028,51.62312534761793,399.03835995810323,2025-09-30 10:56:59.503845
2.432996049675516,54.472540843325305,399.80106043307813,2025-09-30 10:56:59.503845
2.2154837123106623,57.88518795956942,399.50606159391646,2025-09-30 10:56:59.503845
2.2221101624463104,51.90051595146995,400.6971238150101,2025-09-30 10:56:59.503845
2.2490153994405335,59.562167204868814,398.6487389714359,2025-09-30 10:56:59.503845
2.3185484153584626,51.881283961112665,400.9615335559747,2025-09-30 10:56:59.503845
2.4157034339637393,51.50380577323413,399.7342127596776,2025-09-30 10:56:59.503845
2.259530644766978,62.70489562393895,400.74556097435044,2025-09-30 10:56:59.503845
2.306511790516443,57.86572341428775,399.37604802557075,2025-09-30 10:56:59.503845
2.3213306291842204,61.395615048350805,400.52028412466325,2025-09-30 10:56:59.503845
2.4073016784330723,53.56911770462615,400.5868659661062,2025-09-30 10:56:59.503845
2.3269186578192538,58.582964153062534,399.01345002612965,2025-09-30 10:56:59.503845
2.2834539190262038,53.874231531205865,400.66852430573346,2025-09-30 10:56:59.503845
2.294267667399342,43.11765331186287,400.53287830012005,2025-09-30 10:56:59.503845
2.3401623914826346,58.85486252668989,399.52112789900525,2025-09-30 10:56:59.503845
2.3936019172324037,52.8652434069244,399.0320344139734,2025-09-30 10:56:59.503845
2.389151464834855,51.43373648256046,398.9797113504229,2025-09-30 10:56:59.503845
2.270179707749142,55.276027748775604,397.7155737168501,2025-09-30 10:56:59.503845
2.262276886176016,46.98486174585656,400.57276636811775,2025-09-30 10:56:59.503845
2.191397100234841,57.04328403108203,400.3222103569265,2025-09-30 10:56:59.503845
2.195500288844191,61.47916329786188,399.93288043249646,2025-09-30 10:56:59.503845
2.3348727167441874,55.85358986696079,400.5517099869558,2025-09-30 10:56:59.503845
2.0079316667027354,50.15904540803544,400.6926170796729,2025-09-30 10:56:59.503845
2.3767335197513897,54.35930802096584,400.6088080376518,2025-09-30 10:56:59.503845
2.342674068801715,51.074459563840115,399.634710290053,2025-09-30 10:56:59.503845
2.2396350508167253,57.28805320120147,399.63745230853607,2025-09-30 10:56:59.503845
2.099409648070714,54.648291683569376,400.34958525633215,2025-09-30 10:56:59.503845
2.396203099747637,53.07205279428677,400.21131581098416,2025-09-30 10:56:59.503845
2.378069720839669,43.44705887975441,400.88093045631126,2025-09-30 10:56:59.503845
2.1892037130192836,55.681784338512784,399.7609948980422,2025-09-30 10:56:59.503845
2.3968965513045286,45.89270593314847,399.4401818777153,2025-09-30 10:56:59.503845
2.3839885738840842,51.252070711444354,399.10904089798186,2025-09-30 10:56:59.503845
2.2769601881242814,52.08127048697359,399.4147906188499,2025-09-30 10:56:59.503845
2.403468896176706,48.447380030328624,399.1379289360861,2025-09-30 10:56:59.503845
2.256865430634335,53.3518171283052,398.20553334626584,2025-09-30 10:56:59.503845
2.2905143775735075,56.25276157123958,401.52592084291854,2025-09-30 10:56:59.503845
2.1455209768296393,51.49705974486142,401.4107775713751,2025-09-30 10:56:59.503845
2.2921128373937054,58.9604141234187,400.375771280056,2025-09-30 10:56:59.503845
2.384164714782406,51.04640465401614,400.16024289420903,2025-09-30 10:56:59.503845
2.348091142430817,47.85235326991853,401.33398313191344,2025-09-30 10:56:59.503845
2.3583537483263277,51.736435531901925,399.0712673340885,2025-09-30 10:56:59.503845
2.162685306262499,50.735745892397695,400.29461492699573,2025-09-30 10:56:59.503845
2.360087824169069,59.68052469205155,401.0565898565663,2025-09-30 10:56:59.503845
2.4108734278343626,58.62000902998811,398.7153236653124,2025-09-30 10:56:59.503845
2.17454165119479,52.76457244210627,398.680070126658,2025-09-30 10:56:59.503845
2.3915464565904956,45.468240636345435,399.30303586992153,2025-09-30 10:56:59.503845
2.267179273723657,59.52836835936238,401.2331656235633,2025-09-30 10:56:59.503845
2.3803109698717853,55.6119957892673,398.6918554733206,2025-09-30 10:56:59.503845
2.390312373353538,56.4618580438039,399.3905410038506,2025-09-30 10:56:59.503845
2.213187997428673,56.39086009942579,399.49698730092246,2025-09-30 10:56:59.503845
2.3688013778380137,59.70223514051134,400.58143418488004,2025-09-30 10:56:59.503845
1.9862932009699097,56.094285022989794,398.59009804342014,2025-09-30 10:56:59.503845
2.4030774084333117,53.22318503621501,399.5849617436896,2025-09-30 10:56:59.503845
2.230288675775293,43.30758616146841,399.8120012157085,2025-09-30 10:56:59.503845
2.2602172786054373,56.94941718414392,399.994456801685,2025-09-30 10:56:59.503845
2.216826098088594,47.32347757405143,398.9095423125383,2025-09-30 10:56:59.503845
2.34892953543533,53.841943900869765,400.2033968330755,2025-09-30 10:56:59.503845
2.1168030691023496,59.986040148409515,398.24404730735546,2025-09-30 10:56:59.503845
2.0693768313023626,56.92674678131638,399.80313023764245,2025-09-30 10:56:59.503845
2.3892045627169844,54.25058288422768,401.00345036439575,2025-09-30 10:56:59.503845
2.269296898582776,53.0880589621957,399.9666738057116,2025-09-30 10:56:59.503845
2.2373025188917577,42.15846244227946,400.1040555811554,2025-09-30 10:56:59.503845
2.270304778992813,51.76287928962017,399.5556602831078,2025-09-30 10:56:59.503845
2.2237111374039142,52.35821733957768,401.25825172032626,2025-09-30 10:56:59.503845
2.1920385848622175,56.54415148659936,399.5311798003248,2025-09-30 10:56:59.503845
2.2864808577234843,60.107842244051355,400.44028162201994,2025-09-30 10:56:59.503845
2.2681577066308662,53.13023943487517,399.5151337516452,2025-09-30 10:56:59.503845
2.175741563379866,59.8247009476009,399.6364006992741,2025-09-30 10:56:59.503845
2.241140945606539,56.534064637724775,398.49875157580516,2025-09-30 10:56:59.503845
2.267897354636241,55.44123981804359,400.38172366109853,2025-09-30 10:56:59.503845
2.16728314728409,62.801233224741615,400.0870966152034,2025-09-30 10:56:59.503845
2.352319675080868,50.35231385348567,401.09766304062794,2025-09-30 10:56:59.503845
2.531700771674432,57.819379149348286,398.7655706745771,2025-09-30 10:56:59.503845
2.212160423223717,61.7950942281785,400.40334506710496,2025-09-30 10:56:59.503845
2.1808545254433085,57.3589301503782,399.94296181298967,2025-09-30 10:56:59.503845
2.2463093904893134,52.93528751634091,399.4032761073311,2025-09-30 10:56:59.503845
2.318435281009526,64.84854140446951,398.6541898553095,2025-09-30 10:56:59.503845
2.190239318322754,57.25302293411744,399.71063509004284,2025-09-30 10:56:59.503845
2.2780855146262207,51.07172264879405,399.85386554000837,2025-09-30 10:56:59.503845
2.292194344182797,57.94200346748659,400.0499408009514,2025-09-30 10:56:59.503845
2.2542369929784787,48.10299770283489,399.3136170472162,2025-09-30 10:56:59.503845
2.1985215628084687,59.41905883549818,400.3796681258504,2025-09-30 10:56:59.503845
2.192816936944203,55.68095279424486,401.67017853137236,2025-09-30 10:56:59.503845
2.2770334665140606,50.20870318298633,400.3502027256825,2025-09-30 10:56:59.503845
2.195881385330221,60.070086175678455,400.17818854189807,2025-09-30 10:56:59.503845
2.269011923651602,54.41222977084835,399.0920279504678,2025-09-30 10:56:59.503845
2.1940529170687197,60.42300640831954,400.87517027022733,2025-09-30 10:56:59.503845
2.2910334542391166,56.672032403028425,399.51234307398164,2025-09-30 10:56:59.503845
2.2962313334509625,46.31290780730948,399.4610763548528,2025-09-30 10:56:59.503845
2.1368527010443583,54.604074246116156,399.4706571800289,2025-09-30 10:56:59.503845
2.149425266191898,56.688656387336344,399.93014275833696,2025-09-30 10:56:59.503845
2.1073831949629773,52.61351519954642,399.7854634246492,2025-09-30 10:56:59.503845
2.351030704256304,48.89993622993523,397.984393150153,2025-09-30 10:56:59.503845
2.4371250866568697,58.73850736072259,400.0877242225725,2025-09-30 10:56:59.503845
2.218194293530713,52.09644596640856,398.71129528927406,2025-09-30 10:56:59.503845
2.3591084698990983,58.845859761730836,400.2590948437098,2025-09-30 10:56:59.503845
2.322494095082509,52.50165956695332,400.22962424884076,2025-09-30 10:56:59.503845
2.3363020877954646,51.642884944528234,399.0698471789783,2025-09-30 10:56:59.503845
2.191899061793788,40.53254185391531,399.2467259319409,2025-09-30 10:56:59.503845
2.2371627154491875,51.31827409531178,399.3949368447135,2025-09-30 10:56:59.503845
2.170643517338537,62.74861648197963,398.5467974254614,2025-09-30 10:56:59.503845
2.231171374200965,52.063751257810566,400.11715239385245,2025-09-30 10:56:59.503845
2.045943384290162,59.89158401965098,399.50342561698193,2025-09-30 10:56:59.503845
2.204828600432377,57.10547055271991,398.6609317939629,2025-09-30 10:56:59.503845
2.2598412599132365,58.293448442362724,400.6215775504785,2025-09-30 10:56:59.503845
2.3688157968732453,57.51116778851504,401.2996188654908,2025-09-30 10:56:59.503845
2.2020545334462613,51.484000329523184,398.83345654155227,2025-09-30 10:56:59.503845
2.1956676791713883,44.740382359290386,399.2870557286467,2025-09-30 10:56:59.503845
2.3649624730556056,46.906485870846964,398.100077767537,2025-09-30 10:56:59.503845
2.0930925657659745,49.88710397371737,400.00332838826887,2025-09-30 10:56:59.503845
2.3420489046907056,59.13559028400171,400.91901970881065,2025-09-30 10:56:59.503845
2.203701718607302,55.14248304031566,400.5311107548357,2025-09-30 10:56:59.503845
2.0925528080698537,61.532830118304624,400.6641438207412,2025-09-30 10:56:59.503845
2.3279523896287677,47.545589553359235,399.3578911524889,2025-09-30 10:56:59.503845
2.3098536408083805,59.80489511797989,399.8887895488797,2025-09-30 10:56:59.503845
2.1988838413853284,52.48370603471682,398.74327811164795,2025-09-30 10:56:59.503845
2.275815393654631,56.50794244668005,399.3599715630395,2025-09-30 10:56:59.503845
2.094893606731464,54.14619564180781,398.38193439187916,2025-09-30 10:56:59.503845
2.3407512155072174,54.28477919764511,399.97937185882057,2025-09-30 10:56:59.503845
2.3142020863387627,50.55114638785117,400.9414498135199,2025-09-30 10:56:59.503845
2.440018082648696,56.94262798983596,400.7575625816918,2025-09-30 10:56:59.503845
2.175910812935853,60.14476673471203,399.37690259750036,2025-09-30 10:56:59.503845
2.2673413634577884,59.4936075461863,398.88663180254383,2025-09-30 10:56:59.503845
2.1539361490654603,65.57019899737645,398.47909124259957,2025-09-30 10:56:59.503845
2.270101926072944,58.65312985380058,399.41187281747676,2025-09-30 10:56:59.503845
2.1478804234012707,55.39234063187368,399.7656959184406,2025-09-30 10:56:59.503845
2.1501150815537513,55.09974286385373,399.3813873929014,2025-09-30 10:56:59.503845
2.307675918265574,59.48528194938267,399.1126976747154,2025-09-30 10:56:59.503845
2.214133711771984,64.2540085002386,399.81282500882617,2025-09-30 10:56:59.503845
2.3286130952258204,46.947031815648955,401.2366656675816,2025-09-30 10:56:59.503845
2.3240519901921197,53.98134907506884,399.14636873725397,2025-09-30 10:56:59.503845
2.2962326796985146,48.44042489549227,399.3404869987471,2025-09-30 10:56:59.503845
2.468541848829858,55.442434566504005,399.9915808320649,2025-09-30 10:56:59.503845
2.3631783630455576,52.909618926866315,401.80769923262903,2025-09-30 10:56:59.503845
2.231991165667452,53.94145366509273,400.00963548189884,2025-09-30 10:56:59.503845
2.280141802652695,64.4871721222729,398.8701612055059,2025-09-30 10:56:59.503845
2.3440690823252956,56.221755042748036,398.93918800362286,2025-09-30 10:56:59.503845
2.2017546448007415,54.83390638962749,399.70356903171523,2025-09-30 10:56:59.503845
2.2985579770746853,63.89203959409254,400.6518150851406,2025-09-30 10:56:59.503845
2.435768888352073,53.19816571111934,400.2300776541761,2025-09-30 10:56:59.503845
2.3174071887526946,63.65432303056293,398.73647600782436,2025-09-30 10:56:59.503845
1.9805526505292121,54.30916013636983,398.6586808876358,2025-09-30 10:56:59.503845
2.1559963528321,55.416301057219115,399.1848020247153,2025-09-30 10:56:59.503845
2.163952626788013,59.20812786723925,399.5488044143046,2025-09-30 10:56:59.503845
2.4270207607411742,59.78346480731641,398.27547543834936,2025-09-30 10:56:59.503845
2.376653820668761,56.13038685172467,400.1794356212516,2025-09-30 10:56:59.503845
2.1552006905452328,53.7024942545767,399.2199317025828,2025-09-30 10:56:59.503845
2.462390364525049,49.37551211888387,400.08365992301816,2025-09-30 10:56:59.503845
2.2835107944076496,48.628423937413196,400.59096834630714,2025-09-30 10:56:59.503845
2.265772494091884,53.7403148105398,398.66454384302057,2025-09-30 10:56:59.503845
2.4081330836813777,53.453305944917645,399.56192062675507,2025-09-30 10:56:59.503845
2.3336214859797773,56.791674453499766,400.4148653671453,2025-09-30 10:56:59.503845
2.3192653566428674,50.90165203844198,399.52963445498676,2025-09-30 10:56:59.503845
2.0836467603253075,49.14081444297243,399.283071210709,2025-09-30 10:56:59.503845
2.2043864258828214,58.19311660540534,400.4811530447896,2025-09-30 10:56:59.503845
2.1909049914343712,62.437934379206986,401.1430411715681,2025-09-30 10:56:59.503845
2.235984810537975,51.39211311080463,400.6092290468896,2025-09-30 10:56:59.503845
2.237065357889165,52.16633796187089,400.5694072711812,2025-09-30 10:56:59.503845
2.312066744900731,56.65147391964139,400.04647638389554,2025-09-30 10:56:59.503845
2.1849155092704513,60.32781516248146,400.10286888404124,2025-09-30 10:56:59.503845
2.3029317507577063,59.01934407129851,400.9203235268565,2025-09-30 10:56:59.503845
2.2054605455958747,48.57955425346167,400.47290908972695,2025-09-30 10:56:59.503845
2.370858676540092,52.58994294123197,399.5768767942505,2025-09-30 10:56:59.503845
2.21676060783361,52.65238922421486,399.9400145602737,2025-09-30 10:56:59.503845
2.400168329092902,60.546530167850136,398.0053829094768,2025-09-30 10:56:59.503845
2.4068696015671467,65.81704812283394,398.68144476142936,2025-09-30 10:56:59.503845
2.2327028874532484,56.019956278619276,398.8818529329088,2025-09-30 10:56:59.503845
2.2291278802395817,52.987282153980374,398.51859451605964,2025-09-30 10:56:59.503845
2.2848106128923753,54.65819813367476,399.8908399297206,2025-09-30 10:56:59.503845
2.423292105837012,46.21023290922985,401.02372282266793,2025-09-30 10:56:59.503845
2.2977434548868896,46.863590658879744,401.0290662964732,2025-09-30 10:56:59.503845
2.2760783097479504,48.69976304309749,399.5587371191177,2025-09-30 10:56:59.503845
2.3605752768728316,46.649583904106436,399.6224372308708,2025-09-30 10:56:59.503845
2.4224098326613084,56.64290656662487,398.7977073042165,2025-09-30 10:56:59.503845
2.375856719289585,50.81938044843224,399.45838304667177,2025-09-30 10:56:59.503845
2.235614540369218,44.48051363507854,398.08447447745976,2025-09-30 10:56:59.503845
2.183416225342857,47.61780532122016,399.5371433365934,2025-09-30 10:56:59.503845
2.079855266324482,45.721321811301245,400.2988428641105,2025-09-30 10:56:59.503845
2.399978128987128,54.02806012691728,400.35640836752185,2025-09-30 10:56:59.503845
2.451944284196382,46.24768268967558,400.1348726743514,2025-09-30 10:56:59.503845
2.398923137201007,55.15944406352799,399.7522757113053,2025-09-30 10:56:59.503845
2.3703918671618327,54.61106472487333,400.8590657337292,2025-09-30 10:56:59.503845
2.2539055468256004,57.47409929808322,399.38917654132246,2025-09-30 10:56:59.503845
2.359388444228997,56.186075164353696,400.04441150848373,2025-09-30 10:56:59.503845
2.409397583926378,61.18745857712291,401.0040197112917,2025-09-30 10:56:59.503845
2.2798200139055362,43.36725033907625,399.2072259239521,2025-09-30 10:56:59.503845
2.1714188210006156,52.01804742259366,399.9680409826762,2025-09-30 10:56:59.503845
2.3322827030702387,48.04549852958491,400.6448811313983,2025-09-30 10:56:59.503845
2.1594998849137284,59.94261673399593,400.22813182532605,2025-09-30 10:56:59.503845
2.1650456051475535,56.146742607425395,399.78113936581474,2025-09-30 10:56:59.503845
2.1924166107663425,56.689471518949986,398.62734450755124,2025-09-30 10:56:59.503845
2.214866264609916,55.586636514364514,399.6292152099906,2025-09-30 10:56:59.503845
2.346597319510565,48.912549288355606,399.8988901904897,2025-09-30 10:56:59.503845
2.2500041215298903,41.55095039846495,401.61256700542015,2025-09-30 10:56:59.503845
2.251072762015728,59.743062698883,398.82089085689734,2025-09-30 10:56:59.503845
2.1168366223081896,49.170672308249216,399.1563097701198,2025-09-30 10:56:59.503845
2.351798745858261,62.16096472547047,399.75668746105094,2025-09-30 10:56:59.503845
2.278087753547723,52.609939674931645,398.97055659246735,2025-09-30 10:56:59.503845
2.30672371024897,60.57539585737176,400.2991911572256,2025-09-30 10:56:59.503845
2.262166825962128,52.95919815315376,399.5161137504539,2025-09-30 10:56:59.503845
2.320294619046768,50.09478552550854,400.2915520352293,2025-09-30 10:56:59.503845
2.33546801148566,62.62908011453712,400.35425923407183,2025-09-30 10:56:59.503845
2.2829157941022626,57.60225064717421,398.6230124446626,2025-09-30 10:56:59.503845
2.3451221424075643,51.44942354133296,399.80251827354755,2025-09-30 10:56:59.503845
2.2562368326884514,56.369290734993285,399.97442858282386,2025-09-30 10:56:59.503845
2.220247883300854,53.06728979889107,398.4944807013392,2025-09-30 10:56:59.503845
2.1858228444053096,49.476278898065814,399.26565958665543,2025-09-30 10:56:59.503845
2.3513803590699838,46.86097559287558,398.8857933885664,2025-09-30 10:56:59.503845
2.2817550040725765,53.280745313942376,400.9286585853931,2025-09-30 10:56:59.503845
2.229516260490631,57.4236984537545,399.75858085242993,2025-09-30 10:56:59.503845
2.0397010060677943,46.62913085777775,399.8937060143009,2025-09-30 10:56:59.503845
2.2574024381359283,55.99883009969045,399.86884913725174,2025-09-30 10:56:59.503845
2.2335855487836014,62.67501555778941,398.854072422859,2025-09-30 10:56:59.503845
2.0746347096785027,51.251990654002135,399.67488290981225,2025-09-30 10:56:59.503845
2.3659962110840036,63.90348656187176,400.02346727728764,2025-09-30 10:56:59.503845
2.0875227601256876,51.82928112771054,398.76079766736586,2025-09-30 10:56:59.503845
1.9825894993397195,51.56578817933051,398.93642012717436,2025-09-30 10:56:59.503845
2.2319786785111275,63.599213572367596,399.59397977452636,2025-09-30 10:56:59.503845
2.22459288466512,51.11292351168307,399.40022505021045,2025-09-30 10:56:59.503845
2.234570807060444,52.072292731299406,398.6971777762435,2025-09-30 10:56:59.503845
2.25885418126219,55.61934848727078,399.5754099787649,2025-09-30 10:56:59.503845
2.2803202171469814,55.915013095206454,398.083678556176,2025-09-30 10:56:59.503845
2.150830975996613,53.01389139498149,398.9672387097375,2025-09-30 10:56:59.503845
2.2578821520199317,49.36863081352349,398.9213060752392,2025-09-30 10:56:59.503845
2.2019532150790346,39.55534723699696,400.0564571548202,2025-09-30 10:56:59.503845
2.2466896924032316,54.559139015233356,398.4701357759377,2025-09-30 10:56:59.503845
2.274182016365737,52.7592097921814,398.86229203143836,2025-09-30 10:56:59.503845
2.1485661074769764,56.46061912410122,400.9278596520395,2025-09-30 10:56:59.503845
2.2911311668388685,58.21867811712875,399.7310278736155,2025-09-30 10:56:59.503845
2.1445962611192564,53.47361556917362,399.6661228325074,2025-09-30 10:56:59.503845
2.4371990596139654,60.721641255130926,400.56138651453495,2025-09-30 10:56:59.503845
2.387317530265327,59.69548618886655,398.91313746633176,2025-09-30 10:56:59.503845
2.307415862425368,64.96055572295907,399.61493853175404,2025-09-30 10:56:59.503845
2.140517821223199,48.25928353914287,399.92955522164056,2025-09-30 10:56:59.503845
2.214096429400174,53.32468954178902,400.44696449210466,2025-09-30 10:56:59.503845
2.4231402255560477,59.34870254704365,399.6810859160114,2025-09-30 10:56:59.503845
2.051472444229057,49.81272501458355,399.6496219510429,2025-09-30 10:56:59.503845
2.273838083079521,59.03521182336267,400.21828775100215,2025-09-30 10:56:59.503845
2.4256057779922333,52.305743087897376,399.4103106573303,2025-09-30 10:56:59.503845
2.325788544306302,52.88040840513136,399.942653086579,2025-09-30 10:56:59.503845
2.1165698303326743,55.30535012493274,400.3451863310308,2025-09-30 10:56:59.503845
2.1649057177641993,52.78299037067682,400.5548035810883,2025-09-30 10:56:59.503845
2.356090094344848,62.18360646856841,399.79248986313013,2025-09-30 10:56:59.503845
2.3504940107218406,57.95518127137952,400.33725821092474,2025-09-30 10:56:59.503845
2.0515540583439242,48.918437300033986,399.00292576047116,2025-09-30 10:56:59.503845
2.45160769774105,55.30236055355101,398.6272254709252,2025-09-30 10:56:59.503845
2.2767820050284118,54.06226450445592,400.22887318260234,2025-09-30 10:56:59.503845
2.1357380311105194,48.03111148321366,401.307750755019,2025-09-30 10:56:59.503845
2.1266315699998235,59.7615317898324,398.8626629907729,2025-09-30 10:56:59.503845
2.2972066428990074,57.86797729335776,400.12761442419225,2025-09-30 10:56:59.503845
2.217274790758106,57.99209803119469,399.4080106427442,2025-09-30 10:56:59.503845
2.304048944283956,50.127981703024595,399.3485540394027,2025-09-30 10:56:59.503845
2.278841228567448,62.38449250811178,399.4175351955369,2025-09-30 10:56:59.503845
2.3580099166189834,56.21204589073358,399.04695227498405,2025-09-30 10:56:59.503845
2.264416104187782,45.95319130925823,398.9359189742171,2025-09-30 10:56:59.503845
2.1847167624119717,54.374816117799355,399.6785084455508,2025-09-30 10:56:59.503845
2.2481848124514867,63.454462319276914,399.5314838648022,2025-09-30 10:56:59.503845
2.285305651077503,50.70558877279858,399.3370814926747,2025-09-30 10:56:59.503845
2.267124524773636,52.475401329961855,397.306962524369,2025-09-30 10:56:59.503845
2.403122210721506,61.26131855840465,399.19867873853906,2025-09-30 10:56:59.503845
2.1955598150043842,59.27645957438209,399.7187832656475,2025-09-30 10:56:59.503845
2.310901910172069,54.905771080763415,398.45820144259676,2025-09-30 10:56:59.503845
2.145216095184563,52.51549943129112,400.99678562014043,2025-09-30 10:56:59.503845
2.233831934650979,53.956671545279285,401.0061800551841,2025-09-30 10:56:59.503845
2.2058688559688218,64.33523629273067,400.4029512798506,2025-09-30 10:56:59.503845
2.4451395851149536,53.83283945649209,400.186578733916,2025-09-30 10:56:59.503845
2.2103824192063763,56.00074618926277,399.86706975855395,2025-09-30 10:56:59.503845
2.1869536198702404,58.47473147661786,399.74859729390107,2025-09-30 10:56:59.503845
2.2207621472561145,44.12024276854131,398.12461241856226,2025-09-30 10:56:59.503845
2.443000942024005,54.497712220871186,400.3246010407226,2025-09-30 10:56:59.503845
2.252824806307247,49.065148117251155,399.8010538187847,2025-09-30 10:56:59.503845
2.271484819675368,56.46466003058007,397.6665512242244,2025-09-30 10:56:59.503845
2.2764772564286617,58.13331890117218,398.22735239881575,2025-09-30 10:56:59.503845
2.233501457291454,58.70564646628852,400.24184692605974,2025-09-30 10:56:59.503845
2.268582403870485,62.223769145487616,400.0407649869788,2025-09-30 10:56:59.503845
2.302164742774031,61.13933345040844,398.7910590608583,2025-09-30 10:56:59.503845
2.1828750506892556,51.622900320518646,399.99273097365244,2025-09-30 10:56:59.503845
2.3595680838074795,63.9838434568048,399.8807872967141,2025-09-30 10:56:59.503845
2.2173538802603017,57.22043514702699,398.55365978271675,2025-09-30 10:56:59.503845
2.322150218106954,57.91764212123914,398.448606029734,2025-09-30 10:56:59.503845
2.241906978150815,54.05133758971545,399.6196163992628,2025-09-30 10:56:59.503845
2.2833379829092664,51.020486116187456,399.684243918928,2025-09-30 10:56:59.503845
2.0945329171397047,54.05564057727257,399.3334813719103,2025-09-30 10:56:59.503845
2.2439648370646594,58.428012324110746,401.7146868301904,2025-09-30 10:56:59.503845
2.2930455207304012,57.530749234953475,401.52095370438695,2025-09-30 10:56:59.503845
2.0883081545339834,61.112581021106436,399.4790397848742,2025-09-30 10:56:59.503845
2.2702082448598833,54.90589819540639,400.6800082196171,2025-09-30 10:56:59.503845
2.1402157707708316,53.09246505229143,399.19123297540875,2025-09-30 10:56:59.503845
2.0982860127026317,50.40859193630498,399.57916090697535,2025-09-30 10:56:59.503845
2.347845346445761,56.588194305681064,399.64826820200744,2025-09-30 10:56:59.503845
2.1525602728414825,54.003177850690655,400.299033642599,2025-09-30 10:56:59.503845
2.3637849886966276,50.21343536366334,399.9540692417238,2025-09-30 10:56:59.503845
2.16949785096997,49.89131966142603,399.67730710994925,2025-09-30 10:56:59.503845
2.1590136644388576,49.90794638212448,399.6096443251719,2025-09-30 10:56:59.503845
2.2891457388621985,53.28326114958323,400.88378157424836,2025-09-30 10:56:59.503845
2.2348608967271466,52.67872895992533,399.74592073957075,2025-09-30 10:56:59.503845
2.1014777721879945,56.129949969187805,399.9686009400127,2025-09-30 10:56:59.503845
2.138072129869312,52.08332955225056,400.49361118220435,2025-09-30 10:56:59.503845
2.271147130057447,53.94810736242459,398.9369505611057,2025-09-30 10:56:59.503845
2.3992384743416157,44.38066243773994,398.8859610725092,2025-09-30 10:56:59.503845
2.4167689928513902,49.628083865194064,400.1101897657544,2025-09-30 10:56:59.503845
2.4016414966663806,57.34352499241123,401.15720233476316,2025-09-30 10:56:59.503845
2.370196943695893,52.500372525105355,399.1207924169067,2025-09-30 10:56:59.503845
2.235337625144299,61.24795936960879,399.88180333995416,2025-09-30 10:56:59.503845
2.1679392535203363,49.54403936908192,399.2411710226777,2025-09-30 10:56:59.503845
2.388398929074283,54.443707637157466,400.245709466446,2025-09-30 10:56:59.503845
2.3642489921643097,59.936756507695314,399.45221498263203,2025-09-30 10:56:59.503845
2.3246525366111714,45.70672086020908,400.7214860702601,2025-09-30 10:56:59.503845
2.149710756570029,60.11085295448062,399.34678613770376,2025-09-30 10:56:59.503845
2.310255235585692,52.818348977863344,399.4018769415089,2025-09-30 10:56:59.503845
2.1995208213085458,53.92001245459372,401.4290202382227,2025-09-30 10:56:59.503845
2.330092462079852,51.64921689406587,399.03912345064145,2025-09-30 10:56:59.503845
2.0647082088002477,57.13758384424819,400.4092275103488,2025-09-30 10:56:59.503845
2.3335489314353803,53.94709420068393,399.02005003477643,2025-09-30 10:56:59.503845
2.154615875634955,51.61629626684514,400.070873469353,2025-09-30 10:56:59.503845
2.2840305798567564,52.52098167444645,399.3865537682106,2025-09-30 10:56:59.503845
2.3626724429952217,55.624015883340675,398.9792509279801,2025-09-30 10:56:59.503845
2.293279261616321,47.748082000084935,399.23581856621,2025-09-30 10:56:59.503845
2.371128797374025,57.818739755376015,400.81974023403006,2025-09-30 10:56:59.503845
2.41998075815589,55.787025069279935,400.10415572457634,2025-09-30 10:56:59.503845
2.363609258953283,47.68914529178826,399.30618401127043,2025-09-30 10:56:59.503845
2.3900231392961393,43.98135826616341,400.34617936535756,2025-09-30 10:56:59.503845
2.143844432510512,55.373195016887124,399.27178032243853,2025-09-30 10:56:59.503845
2.290854393214817,60.283935773130715,399.18101363633997,2025-09-30 10:56:59.503845
2.262891621832491,56.622493901107916,399.7440666098948,2025-09-30 10:56:59.503845
2.1851429178922173,45.88065578871819,399.81780307346855,2025-09-30 10:56:59.503845
2.3653918398683316,56.777736958588555,399.02303514168034,2025-09-30 10:56:59.503845
2.2516969529007715,62.04753953149289,399.6883661902074,2025-09-30 10:56:59.503845
2.4157124927101448,56.95855945409764,401.13144721671244,2025-09-30 10:56:59.503845
2.265807780745092,53.748490599294286,397.597549189684,2025-09-30 10:56:59.503845
2.3670726133604076,47.82987559064565,400.8220822938777,2025-09-30 10:56:59.503845
2.2794030105615306,60.364425351726254,400.8174932579948,2025-09-30 10:56:59.503845
2.2254555007766643,53.52697504207895,399.7663376782434,2025-09-30 10:56:59.503845
2.2912048987377607,60.88552021005263,400.2583629895702,2025-09-30 10:56:59.503845
2.290168133845138,45.28358891820813,399.0137937442029,2025-09-30 10:56:59.503845
2.2928526215984775,59.894343533593634,399.4815798571108,2025-09-30 10:56:59.503845
2.2898246366893904,61.13543808695921,400.8497223922499,2025-09-30 10:56:59.503845
2.185370540748825,54.47763430111325,399.7424868490044,2025-09-30 10:56:59.503845
2.324264708323609,53.27241507717992,398.952889123287,2025-09-30 10:56:59.503845
2.2215885432668125,53.8056306377671,400.4899662361599,2025-09-30 10:56:59.503845
2.2104867274331994,60.61641084417783,399.3765707118617,2025-09-30 10:56:59.503845
2.194153721433608,60.80118829009185,398.3062745128631,2025-09-30 10:56:59.503845
2.1926919687932167,54.26859053208581,399.728026245065,2025-09-30 10:56:59.503845
2.3377699672838412,60.88565681189604,400.15344334086535,2025-09-30 10:56:59.503845
2.2053216998700775,54.88695262580237,400.35872341124144,2025-09-30 10:56:59.503845
2.190614352087424,54.151356298045215,399.3943186183546,2025-09-30 10:56:59.503845
2.2692509112387236,51.42100962833021,399.5740435421144,2025-09-30 10:56:59.503845
2.205954923182984,51.8425937955267,399.27179238227745,2025-09-30 10:56:59.503845
2.2429469812432323,60.073387654028345,400.22183358862765,2025-09-30 10:56:59.503845
2.342760160446557,59.88733230607703,399.0595675329315,2025-09-30 10:56:59.503845
2.146892619706061,50.5516735312781,399.8598747784273,2025-09-30 10:56:59.503845
2.215733279714369,51.03713395447365,399.6564984829922,2025-09-30 10:56:59.503845
2.2856489080644953,53.642908448198796,401.2572129367736,2025-09-30 10:56:59.503845
2.2726680064222564,51.90363506910875,399.2774895732283,2025-09-30 10:56:59.503845
2.4749469379852287,54.10939931849123,399.5817019776397,2025-09-30 10:56:59.503845
2.3642407199630737,48.35815079548984,399.6692928435906,2025-09-30 10:56:59.503845
2.2639403152638904,52.99642461255499,399.06351460897935,2025-09-30 10:56:59.503845
2.27995857755807,60.21994980277348,399.7036554485805,2025-09-30 10:56:59.503845
2.1941038484135538,54.38201992091087,399.4737394359811,2025-09-30 10:56:59.503845
2.315758583846255,48.18482511857266,399.7770795557406,2025-09-30 10:56:59.503845
2.320558599418009,57.628851641227946,398.9424618154227,2025-09-30 10:56:59.503845
2.315466342614413,57.02794934669375,400.6044334481704,2025-09-30 10:56:59.503845
2.252349829079668,60.12525484425116,399.4177646307473,2025-09-30 10:56:59.503845
2.2413806738325572,51.22006456432458,400.1728104901382,2025-09-30 10:56:59.503845
2.1210673055843827,52.04977482868319,399.9167636964355,2025-09-30 10:56:59.503845
2.3312031951599135,46.61307115082747,399.6424085780215,2025-09-30 10:56:59.503845
2.1442283986179715,51.638138889778446,398.41697685113513,2025-09-30 10:56:59.503845
2.387333574676265,58.921558835815226,399.1688388371242,2025-09-30 10:56:59.503845
2.172991217880649,52.347116196279366,400.76352885822865,2025-09-30 10:56:59.503845
2.327170963531174,54.51513768474696,401.4311434408191,2025-09-30 10:56:59.503845
2.227995087398583,57.3390484174986,400.18765859995347,2025-09-30 10:56:59.503845
2.3369251662354182,57.91966667136572,399.8403482554813,2025-09-30 10:56:59.503845
2.311982458299947,60.57619224469923,400.93032607192487,2025-09-30 10:56:59.503845
2.2301242765651255,57.432283041157795,399.9233236025778,2025-09-30 10:56:59.503845
2.3272225351298235,48.33504828231153,400.2015866081083,2025-09-30 10:56:59.503845
2.3225111650243595,54.417893581554324,399.4275555154912,2025-09-30 10:56:59.503845
2.24229147650958,59.14717432712256,398.95007499916505,2025-09-30 10:56:59.503845
2.22850397492991,49.3795041189703,399.46517179748935,2025-09-30 10:56:59.503845
2.1136185274953565,45.14494273100061,400.3443999823452,2025-09-30 10:56:59.503845
2.4902310542491084,58.167953482883796,398.82415666267394,2025-09-30 10:56:59.503845
2.184175936852877,56.214927226564825,400.62137034980225,2025-09-30 10:56:59.503845
2.233420023280791,54.18110759402454,399.05220329365983,2025-09-30 10:56:59.503845
2.33549629974338,58.21149375183973,400.20752524230306,2025-09-30 10:56:59.503845
2.1241446295832573,56.31544636765988,398.8093328925502,2025-09-30 10:56:59.503845
2.347965901656377,56.46009103742483,398.5494960661974,2025-09-30 10:56:59.503845
2.265812815012298,52.64423159600554,400.51218457144375,2025-09-30 10:56:59.503845
2.0165169246160137,55.47750683595085,399.64074843507524,2025-09-30 10:56:59.503845
2.3328541495241666,49.8771844931647,401.2532766335989,2025-09-30 10:56:59.503845
2.349663404777774,46.95874805970506,398.5613253397734,2025-09-30 10:56:59.503845
2.3603813854212654,65.00393945875022,400.4502754148485,2025-09-30 10:56:59.503845
2.3336958738759797,61.12889102351897,399.86034828391826,2025-09-30 10:56:59.503845
2.3714426191545512,57.351934139690314,400.78295361383044,2025-09-30 10:56:59.503845
2.177558428774972,54.92294039186295,400.3592988209925,2025-09-30 10:56:59.503845
2.122423286976904,55.93455812621527,399.53360539164225,2025-09-30 10:56:59.503845
2.1374885809101434,45.83264361022171,400.244483353978,2025-09-30 10:56:59.503845
2.2835461227904075,60.36843667088345,399.2907349755433,2025-09-30 10:56:59.503845
2.288373466004657,58.90406839206991,400.2870400283239,2025-09-30 10:56:59.503845
2.251956072694039,57.29970043421402,399.4974607556068,2025-09-30 10:56:59.503845
2.314040068003976,56.698496665813906,399.8479521138637,2025-09-30 10:56:59.503845
2.2046424284311312,48.45923492497128,399.6244621858163,2025-09-30 10:56:59.503845
2.353776512405552,50.896180055708285,400.2196635201867,2025-09-30 10:56:59.503845
2.128084723708612,58.742917636987634,400.13536041938113,2025-09-30 10:56:59.503845
2.3291598014359587,56.709057351561725,400.64129871380936,2025-09-30 10:56:59.503845
2.2512881321936633,52.15397714596589,398.65952348150813,2025-09-30 10:56:59.503845
2.2536040822570866,53.74702380920165,401.2258973726326,2025-09-30 10:56:59.503845
2.232019390982043,53.75526833320279,399.0611737334749,2025-09-30 10:56:59.503845
2.369877344939723,44.00939236981373,398.3185515653856,2025-09-30 10:56:59.503845
2.2892788259499484,53.770587696863544,399.2055732134865,2025-09-30 10:56:59.503845
2.0566665630252374,60.46338527097468,401.3443193590811,2025-09-30 10:56:59.503845
2.233314121242105,57.66904358830774,398.50432155856254,2025-09-30 10:56:59.503845
2.2690010439740154,51.46889774320668,399.52711833468845,2025-09-30 10:56:59.503845
2.282248492638162,50.75159725033838,399.80042224569127,2025-09-30 10:56:59.503845
2.32988213419421,52.4126897476376,400.6576299149318,2025-09-30 10:56:59.503845
2.2562815996781547,54.26945947659936,399.19090529607973,2025-09-30 10:56:59.503845
2.3061130002215657,41.27944159866168,399.3062330071693,2025-09-30 10:56:59.503845
2.2585939614401265,55.00938825315949,401.0010134072371,2025-09-30 10:56:59.503845
2.42589162383315,52.65072676279665,399.1888988842783,2025-09-30 10:56:59.503845
2.3297042341990366,46.548468741131536,399.68355776474607,2025-09-30 10:56:59.503845
2.324606769713415,57.75295746305422,399.55746885893797,2025-09-30 10:56:59.503845
2.239869197253067,53.52670694130511,400.16959783372323,2025-09-30 10:56:59.503845
2.071989627260787,46.46030488620987,398.84492458061294,2025-09-30 10:56:59.503845
2.249698938601081,42.4041944134133,399.76611807242256,2025-09-30 10:56:59.503845
2.3176021444669,63.13414374659816,400.01749090512567,2025-09-30 10:56:59.503845
2.351635699315095,53.21325894876935,400.50228646877736,2025-09-30 10:56:59.503845
2.2366609765960805,52.956882184181254,398.8284241146525,2025-09-30 10:56:59.503845
2.315480847931056,55.37029077190807,400.553590054144,2025-09-30 10:56:59.503845
2.2539909162191143,52.08579599637181,398.2284054986367,2025-09-30 10:56:59.503845
2.2239825353199865,65.30546109392255,401.12008607429374,2025-09-30 10:56:59.503845
2.3350399597852163,49.726651302279244,399.6992735960735,2025-09-30 10:56:59.503845
2.207639507220994,53.66911375627056,399.88841646159386,2025-09-30 10:56:59.503845
2.0700972323236893,54.20688387417729,399.38771439991143,2025-09-30 10:56:59.503845
2.389627345045575,50.841311510027445,399.8969872380961,2025-09-30 10:56:59.503845
2.221279720471016,53.52648881966776,400.34441384949037,2025-09-30 10:56:59.503845
2.4253270365699975,49.9566072735641,399.3123265088602,2025-09-30 10:56:59.503845
2.206794743215201,54.127852433367295,399.45014494102384,2025-09-30 10:56:59.503845
2.2601078524462843,61.41622563560165,399.2299661938333,2025-09-30 10:56:59.503845
2.3282257488217906,48.04813243883734,399.7672490648624,2025-09-30 10:56:59.503845
2.1397246875998124,48.19941773081403,398.6381114900386,2025-09-30 10:56:59.503845
2.3616785543789973,42.9085892979266,398.81453795549464,2025-09-30 10:56:59.503845
2.416188653729353,54.307147846651425,400.2434994155957,2025-09-30 10:56:59.503845
2.3873381596750907,49.09846358822623,400.20886239275393,2025-09-30 10:56:59.503845
2.107438249177406,53.844875478401356,399.65854812352086,2025-09-30 10:56:59.503845
2.2543963166934566,49.67465241134053,399.03756128225433,2025-09-30 10:56:59.503845
2.081099854512563,51.612928377670485,400.62763937504195,2025-09-30 10:56:59.503845
2.1929840736530744,57.19304592409669,400.03974143322614,2025-09-30 10:56:59.503845
2.0738246285068622,47.817514464918794,398.87138910331004,2025-09-30 10:56:59.503845
2.0563350904021633,54.22344444923163,397.8970501490812,2025-09-30 10:56:59.503845
2.318168353009883,47.06973336775379,400.0894901165014,2025-09-30 10:56:59.503845
2.2606607459840986,55.57553795424757,399.71197481497114,2025-09-30 10:56:59.503845
2.265289830331334,61.373045072518664,398.22205608273487,2025-09-30 10:56:59.503845
2.256854803156911,59.3867252713124,399.00594953971324,2025-09-30 10:56:59.503845
2.2691641441021346,53.73716070386633,399.7808888528828,2025-09-30 10:56:59.503845
2.355460901762554,48.86499757508749,400.3274290371649,2025-09-30 10:56:59.503845
2.2719778294911523,52.11279920796622,399.79084535530654,2025-09-30 10:56:59.503845
2.2646510741592536,59.82647825625742,400.15482513365265,2025-09-30 10:56:59.503845
2.1935510483323455,43.08998711902511,399.9904170572002,2025-09-30 10:56:59.503845
2.323507247632862,47.0041225469883,399.59526822202014,2025-09-30 10:56:59.503845
2.18960615689633,45.99497286270534,399.3815289782552,2025-09-30 10:56:59.503845
2.406681333970256,52.67284891383039,399.0643223587482,2025-09-30 10:56:59.503845
2.440302148437354,54.04848435869811,399.1179418850802,2025-09-30 10:56:59.503845
2.159719487059371,55.39650899824806,397.40173360394886,2025-09-30 10:56:59.503845
2.409810965738676,55.255453727773066,399.2774948643585,2025-09-30 10:56:59.503845
2.238089454140346,57.99297436209577,398.64763716143574,2025-09-30 10:56:59.503845
2.001810058761408,50.292658410661545,399.23977251672846,2025-09-30 10:56:59.503845
2.234668109389687,53.39799746273424,399.2602828204836,2025-09-30 10:56:59.503845
2.237580101999421,55.14546281369319,399.733790673893,2025-09-30 10:56:59.503845
2.3696938590494536,54.30971370378487,400.28543485086635,2025-09-30 10:56:59.503845
2.1978783918626594,49.85581371084924,398.92220092380444,2025-09-30 10:56:59.503845
2.1034434879479136,57.262741844423665,399.22519453887304,2025-09-30 10:56:59.503845
2.339348799308489,57.48783427302339,399.6987308924045,2025-09-30 10:56:59.503845
2.171086018161786,51.72990687496585,401.0441344861714,2025-09-30 10:56:59.503845
2.177463823221939,59.5390573230721,400.3897527977339,2025-09-30 10:56:59.503845
2.2248028223642837,48.531801852783,398.57578059074007,2025-09-30 10:56:59.503845
2.3855564781798337,61.01567877303755,400.2512875967937,2025-09-30 10:56:59.503845
2.211528249600071,56.67309083282144,399.67405957602966,2025-09-30 10:56:59.503845
2.1829627071733597,54.992367168988395,398.93515958158633,2025-09-30 10:56:59.503845
2.242736003599384,61.32501271987138,399.42171732076696,2025-09-30 10:56:59.503845
2.2086422926780083,55.95856231289284,399.7573497903253,2025-09-30 10:56:59.503845
2.3832837446259845,59.91640700106982,399.97576282956624,2025-09-30 10:56:59.503845
2.2727069412266903,55.88580271687351,400.35213622495127,2025-09-30 10:56:59.503845
2.3518014546971204,46.39325902877606,400.7048429398474,2025-09-30 10:56:59.503845
2.2920314331638156,59.75977512016529,399.1867865348057,2025-09-30 10:56:59.503845
2.1765993743720657,55.387327987413215,401.2896988131201,2025-09-30 10:56:59.503845
2.1662067845717106,61.501417967241245,400.173679291841,2025-09-30 10:56:59.503845
2.268793913963674,53.08573315084398,399.9143060835925,2025-09-30 10:56:59.503845
2.3659550217405627,51.32072489520763,399.54311211069256,2025-09-30 10:56:59.503845
2.0109796851026998,62.86303370318322,398.9827952820197,2025-09-30 10:56:59.503845
2.3330348666598115,60.172724036947606,399.52319082826597,2025-09-30 10:56:59.503845
2.3292415971845424,62.13966923710855,399.4035875223523,2025-09-30 10:56:59.503845
2.179966668035453,54.14557067669332,398.9413921433519,2025-09-30 10:56:59.503845
2.158494598220623,52.64340050318494,400.3803981617508,2025-09-30 10:56:59.503845
2.274045751151234,57.790555764662926,400.5656906034022,2025-09-30 10:56:59.503845
2.179950248306903,54.11792992548501,400.1311338445678,2025-09-30 10:56:59.503845
2.282257910407645,56.55214055732691,400.92012081577656,2025-09-30 10:56:59.503845
2.1002254219514915,43.83565112168601,399.28656448271863,2025-09-30 10:56:59.503845
2.324904865136916,53.23430298464932,399.83572598842653,2025-09-30 10:56:59.503845
2.1037378574646772,47.48009352910054,399.7714832810563,2025-09-30 10:56:59.503845
2.2578430516179937,45.83880857499201,400.49919806284856,2025-09-30 10:56:59.503845
2.383153232297756,47.20046998243001,399.08644593357695,2025-09-30 10:56:59.503845
2.3637500945853653,52.70654651579653,400.60733135823085,2025-09-30 10:56:59.503845
2.4008059093050713,52.53684799209582,399.6150076496402,2025-09-30 10:56:59.503845
2.233926764073801,54.865927586488496,399.8475352839447,2025-09-30 10:56:59.503845
2.384122349419347,58.60722262081069,398.7177287579674,2025-09-30 10:56:59.503845
2.3003481548092863,56.36197172676327,398.7870584468637,2025-09-30 10:56:59.503845
2.0873739025564855,64.8835051573288,399.39984485082107,2025-09-30 10:56:59.503845
2.313726986176735,50.824936859596086,399.6110736653596,2025-09-30 10:56:59.503845
2.262679812567171,51.1168479299664,398.243727686306,2025-09-30 10:56:59.503845
2.25886681273617,63.59158662732361,399.7024519524815,2025-09-30 10:56:59.503845
2.0956995089089356,53.56228305252012,400.65504088992907,2025-09-30 10:56:59.503845
2.316170706034501,57.567616770838185,401.58593882463066,2025-09-30 10:56:59.503845
2.112361616390384,53.34286693830587,398.06623716778233,2025-09-30 10:56:59.503845
2.2955855611191347,43.43893652010322,399.6701683001978,2025-09-30 10:56:59.503845
2.155387890411898,49.064411758061986,400.8864001016497,2025-09-30 10:56:59.503845
2.181159928104657,57.880799253305675,400.88246198504476,2025-09-30 10:56:59.503845
2.3416803528592816,43.828331513983706,400.46786729100216,2025-09-30 10:56:59.503845
2.2268737724362433,61.12048604517169,398.97158693836525,2025-09-30 10:56:59.503845
2.3086597666762834,57.94589971041324,398.985899752871,2025-09-30 10:56:59.503845
2.2179238956781098,55.85502830783148,399.3384176775179,2025-09-30 10:56:59.503845
2.3491156892057097,55.10200632859794,399.6027053017606,2025-09-30 10:56:59.503845
2.066385250748541,58.4623017935019,399.96940522909875,2025-09-30 10:56:59.503845
2.3265082057366677,68.97707406819745,400.77333356167213,2025-09-30 10:56:59.503845
2.3354538937595395,53.44930637298527,399.7938086402485,2025-09-30 10:56:59.503845
2.272851146799154,47.6536737450442,399.7984986517285,2025-09-30 10:56:59.503845
2.274374511758712,54.00008269323298,399.92437161390524,2025-09-30 10:56:59.503845
2.124944243206906,49.861222229780225,399.49260921803307,2025-09-30 10:56:59.503845
2.2668286628050693,67.15967700473614,400.6088119872227,2025-09-30 10:56:59.503845
2.2823514036924424,59.34567654468285,400.0333188884023,2025-09-30 10:56:59.503845
2.291090872653988,57.40123181039342,399.7287473648955,2025-09-30 10:56:59.503845
2.210187273852109,59.91764563107785,400.6813124658693,2025-09-30 10:56:59.503845
2.1491582266408282,55.20758070642741,399.9177208159083,2025-09-30 10:56:59.503845
2.149880316204741,60.0318462406091,399.1377638065973,2025-09-30 10:56:59.503845
2.334772197548053,50.81815530052106,399.9570540340409,2025-09-30 10:56:59.503845
2.254258215269665,48.13553969961843,399.75736529558117,2025-09-30 10:56:59.503845
2.3436420760410486,45.61740955328621,399.2193876473407,2025-09-30 10:56:59.503845
2.2365217105802615,56.93090114332377,400.80707553690746,2025-09-30 10:56:59.503845
2.293348004262981,54.96281178845759,398.6574783965365,2025-09-30 10:56:59.503845
2.191790398626504,63.05980438005332,399.19602541517713,2025-09-30 10:56:59.503845
1.9438442849875415,52.71404796926879,400.84275730047335,2025-09-30 10:56:59.503845
2.210458209495368,47.64007565596406,400.2658055383051,2025-09-30 10:56:59.503845
2.1411743033927504,41.994409735029,400.2109508515382,2025-09-30 10:56:59.503845
2.200249855213844,47.43832684685304,400.1017808871279,2025-09-30 10:56:59.503845
2.1704781686378873,47.170358814800494,399.1935915890329,2025-09-30 10:56:59.503845
2.358400501744345,49.55764407831513,399.71658201967455,2025-09-30 10:56:59.503845
2.317052224838395,46.881597721093264,399.3657509860342,2025-09-30 10:56:59.503845
2.1833506886384977,53.19080619569541,399.9948434082588,2025-09-30 10:56:59.503845
2.140847708585163,61.10541992170541,398.96613214072585,2025-09-30 10:56:59.503845
2.414973548543273,51.60745630353881,398.9787041328362,2025-09-30 10:56:59.503845
2.1171059982513714,54.47399164915639,399.4699892946779,2025-09-30 10:56:59.503845
2.4935235945004064,52.81171028443515,399.9825807527321,2025-09-30 10:56:59.503845
2.2973935322549064,57.09096485043074,398.11431942265165,2025-09-30 10:56:59.503845
2.2006370899770444,54.42656770549716,399.16871775137804,2025-09-30 10:56:59.503845
2.3554427524628307,54.305395501954095,400.25685929641503,2025-09-30 10:56:59.503845
2.185052309017003,54.36568633727311,400.2228706574524,2025-09-30 10:56:59.503845
2.1499462653040533,51.58155905070648,400.3070311506987,2025-09-30 10:56:59.503845
2.1521524489776156,50.024382921355546,399.40994625426185,2025-09-30 10:56:59.503845
2.2317111024606096,59.81698826258698,400.07843107960315,2025-09-30 10:56:59.503845
2.1630078504683823,50.88857826622954,399.9490591819723,2025-09-30 10:56:59.503845
2.3871080863130842,48.474744255194416,399.9032021063012,2025-09-30 10:56:59.503845
2.3086506892863503,52.58636392598734,399.12722857246524,2025-09-30 10:56:59.503845
2.1408934038153546,49.092209940772634,398.4953076968738,2025-09-30 10:56:59.503845
2.4679943722086595,47.942735955068,400.2068059156878,2025-09-30 10:56:59.503845
2.3653933508906713,50.23255695672451,399.8810944770034,2025-09-30 10:56:59.503845
2.2155471416825856,65.03083155428105,400.38443737035345,2025-09-30 10:56:59.503845
2.24092437872574,58.76379797315364,399.69301220175134,2025-09-30 10:56:59.503845
2.2435168193182546,53.133425949565364,400.42067950628683,2025-09-30 10:56:59.503845
2.1437330123609986,53.44581644421803,399.2369292712628,2025-09-30 10:56:59.503845
2.3716561707585586,59.717733209121086,399.47930913539835,2025-09-30 10:56:59.503845
2.261615930090408,56.87393523387068,400.4166492752326,2025-09-30 10:56:59.503845
2.3403100612907024,55.44479119491304,399.9625072728479,2025-09-30 10:56:59.503845
2.29608530856125,50.56209766709015,399.83244854090304,2025-09-30 10:56:59.503845
2.235828889351011,60.4865915112801,400.57408256246083,2025-09-30 10:56:59.503845
2.2008621573001403,52.1942300392915,399.0703182422619,2025-09-30 10:56:59.503845
2.385436246964487,54.17808164990642,398.9155197921604,2025-09-30 10:56:59.503845
2.2379194595425242,59.24656552974711,398.7356054444888,2025-09-30 10:56:59.503845
2.2734158114346843,53.32192558150737,398.3072717725392,2025-09-30 10:56:59.503845
2.0752473210134497,61.988072745454225,399.92321541581015,2025-09-30 10:56:59.503845
2.217878016988021,59.94105437669328,399.3980580983614,2025-09-30 10:56:59.503845
2.163567273273429,56.31975752796022,399.7463419501349,2025-09-30 10:56:59.503845
2.2406965041234947,65.21939420351833,399.90348502937155,2025-09-30 10:56:59.503845
2.2894825141213113,54.007941589811274,399.99571360877286,2025-09-30 10:56:59.503845
2.4226881957749753,58.719107057314176,400.2084292262547,2025-09-30 10:56:59.503845
2.255124458057447,54.31009229268981,398.50555285356666,2025-09-30 10:56:59.503845
2.300924792735599,48.85059287173483,398.5410583585712,2025-09-30 10:56:59.503845
2.3803723179377894,47.66180866978804,398.50396243345,2025-09-30 10:56:59.503845
2.143898137065506,54.52930339583474,400.07062329424105,2025-09-30 10:56:59.503845
1.9404860728442583,53.10796282326854,399.0945065742685,2025-09-30 10:56:59.503845
2.274796817268742,49.46065286419842,397.13409801965634,2025-09-30 10:56:59.503845
2.5451806122723113,53.94801686215842,398.8182481353102,2025-09-30 10:56:59.503845
2.2922068004176404,55.79386070965332,398.88052815340865,2025-09-30 10:56:59.503845
2.271353271822727,59.95883780815419,401.2563687304682,2025-09-30 10:56:59.503845
2.208060768857946,43.862106549129585,399.6398725743814,2025-09-30 10:56:59.503845
2.2502598407867107,52.00381348201513,399.7657434393631,2025-09-30 10:56:59.503845
2.2012937814061573,45.836600212395396,398.70838913143376,2025-09-30 10:56:59.503845
2.2796862989317552,56.77453189227567,399.73572557850594,2025-09-30 10:56:59.503845
2.156045988856319,58.438293487708286,399.22595392125805,2025-09-30 10:56:59.503845
2.3029801929676617,56.33030726203277,398.3701075724392,2025-09-30 10:56:59.503845
2.3734412564060183,54.22102306881477,399.7282552252797,2025-09-30 10:56:59.503845
2.412589443421499,62.07280990667635,400.69175343940014,2025-09-30 10:56:59.503845
2.259988178468555,52.736436984480925,400.7374053147991,2025-09-30 10:56:59.503845
2.3367147813513056,54.18269051749904,398.9115406883168,2025-09-30 10:56:59.503845
2.4153863414720536,52.90863379564391,400.08192997716185,2025-09-30 10:56:59.503845
2.189018839135819,47.075936423213385,399.9318829832475,2025-09-30 10:56:59.503845
2.100115079169709,52.7760425497131,399.30582076526827,2025-09-30 10:56:59.503845
2.31130880253864,58.616361021125584,399.7186077218653,2025-09-30 10:56:59.503845
2.3478886765885445,52.98489157878729,398.69829678509996,2025-09-30 10:56:59.503845
2.0339679097346464,62.112230283633785,397.61027521306204,2025-09-30 10:56:59.503845
2.261316355912596,53.06018981712605,400.18892789111,2025-09-30 10:56:59.503845
2.1465449518177437,55.724522797903674,400.0491513860888,2025-09-30 10:56:59.503845
2.110954275644844,58.18011687671797,399.7076642378658,2025-09-30 10:56:59.503845
2.3570192040459075,52.23558719692376,400.2853730809298,2025-09-30 10:56:59.503845
2.2387038769040988,46.728264724311884,399.50449831128526,2025-09-30 10:56:59.503845
2.191516346025546,48.01496585378292,399.6649372253469,2025-09-30 10:56:59.503845
2.51670319391124,63.27159590756539,400.1658972985508,2025-09-30 10:56:59.503845
2.290171342334657,65.70326767694216,400.4536428213386,2025-09-30 10:56:59.503845
2.295331030261721,50.99932894929192,399.5820678576222,2025-09-30 10:56:59.503845
2.4219568861402343,62.59959266412924,399.0656165843115,2025-09-30 10:56:59.503845
2.2479432624553697,51.05987577312533,399.7862322298688,2025-09-30 10:56:59.503845
2.362253152889775,48.290185448312315,401.020469098749,2025-09-30 10:56:59.503845
2.233165333560361,55.70741519698103,399.31230348267167,2025-09-30 10:56:59.503845
2.2230006685862587,55.102162569939765,399.4989341815876,2025-09-30 10:56:59.503845
2.3125967731330284,62.17047688852682,399.83477021581996,2025-09-30 10:56:59.503845
2.1354345945590714,50.2490706905629,400.71852597791445,2025-09-30 10:56:59.503845
2.4076415305314622,61.120549885904694,401.3303771403443,2025-09-30 10:56:59.503845
2.0842834002260386,57.52261387186631,398.8246863683776,2025-09-30 10:56:59.503845
2.216684011097434,56.61420682628769,399.34130113910254,2025-09-30 10:56:59.503845
2.4295744185940666,53.709040167402314,399.1939449144939,2025-09-30 10:56:59.503845
2.1999953147881453,52.47226036388815,399.9033778261418,2025-09-30 10:56:59.503845
2.25298129822954,60.70171554075021,399.6196502462731,2025-09-30 10:56:59.503845
2.2143846647585135,53.44271356003779,401.7494975910035,2025-09-30 10:56:59.503845
2.369161225952129,48.65296841411913,399.56705968308086,2025-09-30 10:56:59.503845
2.311618922469771,64.70804125664074,400.2252498103644,2025-09-30 10:56:59.503845
2.280197361483921,56.190536992101876,400.27679187543833,2025-09-30 10:56:59.503845
2.214610149813533,56.24138466969696,398.91149649230863,2025-09-30 10:56:59.503845
2.219730257643878,49.07984464011859,399.90623369164143,2025-09-30 10:56:59.503845
2.227163358898559,46.71068532825321,399.74217835295985,2025-09-30 10:56:59.503845
2.2612022681119055,52.235916105938436,398.44676956334786,2025-09-30 10:56:59.503845
2.247395175553661,54.078981834605074,398.3558491381155,2025-09-30 10:56:59.503845
2.240379921996635,55.04009126510848,399.4607335562455,2025-09-30 10:56:59.503845
2.021979847387846,55.88703869224494,399.9973458925483,2025-09-30 10:56:59.503845
2.197398403746836,59.80156590135225,401.0871228598078,2025-09-30 10:56:59.503845
2.3451261887745103,57.59114320558381,399.3131293386639,2025-09-30 10:56:59.503845
2.03639021936598,46.14899703629581,399.36247066466524,2025-09-30 10:56:59.503845
2.3313567226527856,53.65563896519596,400.4887372910045,2025-09-30 10:56:59.503845
2.3448074616772776,56.158665079837874,400.01107471859007,2025-09-30 10:56:59.503845
2.1551996621522673,52.59819545271945,399.83226249724976,2025-09-30 10:56:59.503845
2.264123195845117,49.57102706457533,400.13759220707783,2025-09-30 10:56:59.503845
2.2132925256469385,53.22141267998296,398.5288564226859,2025-09-30 10:56:59.503845
2.3318312204009297,57.99836872216907,398.8092355954151,2025-09-30 10:56:59.503845
2.28134406917223,56.956783436706885,401.7783912400399,2025-09-30 10:56:59.503845
2.2443767800897847,63.00380679634345,399.74011564449194,2025-09-30 10:56:59.503845
2.331347636842333,55.82693210439282,399.7754365263885,2025-09-30 10:56:59.503845
2.324551985574309,66.96407922641005,398.501034832274,2025-09-30 10:56:59.503845
2.0959805464796784,56.73510660037643,400.38082388567625,2025-09-30 10:56:59.503845
2.2394428915599764,50.08498315971787,399.0975857604856,2025-09-30 10:56:59.503845
2.121767310257966,56.236054081559985,399.5760261310433,2025-09-30 10:56:59.503845
2.2120791188392555,57.20374798965951,400.45655224278676,2025-09-30 10:56:59.503845
2.18049421076576,42.15100248114888,399.6533272039897,2025-09-30 10:56:59.503845
2.4011143712730396,57.77541583043457,398.57819671703095,2025-09-30 10:56:59.503845
2.347642513505216,56.4589078155751,399.7956841271344,2025-09-30 10:56:59.503845
2.2729605129226345,55.57389399724983,399.6239821871142,2025-09-30 10:56:59.503845
2.2703585544810965,56.86830975066419,398.978799939229,2025-09-30 10:56:59.503845
2.380295339042751,55.43007023328799,399.14344875550495,2025-09-30 10:56:59.503845
2.301113288706714,54.27497669543944,398.82327264651315,2025-09-30 10:56:59.503845
2.35440129949273,58.65011728653583,399.2041212087574,2025-09-30 10:56:59.503845
2.351859175468151,49.24541418115422,398.65771016987344,2025-09-30 10:56:59.503845
2.169998324164057,58.89845252640767,399.1306027002245,2025-09-30 10:56:59.503845
2.1217614572929575,55.02449015094406,400.00564082590347,2025-09-30 10:56:59.503845
2.306023969148579,56.55957067489506,399.3934059886205,2025-09-30 10:56:59.503845
2.374434779045085,48.705096139750125,398.5225998206146,2025-09-30 10:56:59.503845
2.1536810537113533,46.1144195820228,400.2557368911118,2025-09-30 10:56:59.503845
2.3935235464807594,49.5169989368059,399.8373830802953,2025-09-30 10:56:59.503845
2.21227868511095,56.45928135013586,399.73810507731554,2025-09-30 10:56:59.503845
2.296666306874894,47.37234969615688,399.7238928770157,2025-09-30 10:56:59.503845
2.095988885224883,58.44782817722362,399.3072696739427,2025-09-30 10:56:59.503845
2.224323051721677,65.68938711997852,398.10680532770516,2025-09-30 10:56:59.503845
2.1874843849761443,53.20015142562793,397.67380739014345,2025-09-30 10:56:59.503845
2.2356548860931795,56.89482487495962,400.31665351838996,2025-09-30 10:56:59.503845
2.2942173899320215,42.10295878373259,399.34164123431583,2025-09-30 10:56:59.503845
2.134068278303347,55.06619500946528,397.92730926121584,2025-09-30 10:56:59.503845
2.1787940567380755,58.51110318853452,400.29525727046104,2025-09-30 10:56:59.503845
2.4977944753052292,49.5461584768847,400.52013272670393,2025-09-30 10:56:59.503845
2.2883016544895836,50.00061447379147,399.7470904076469,2025-09-30 10:56:59.503845
2.3190343858134743,62.76325410395575,400.18019216056126,2025-09-30 10:56:59.503845
2.356622680763959,64.69953284355336,399.02305179289675,2025-09-30 10:56:59.503845
2.2014408657681868,43.00408554918245,399.5541521347118,2025-09-30 10:56:59.503845
2.2902889409945524,51.482982991401094,399.13934184067386,2025-09-30 10:56:59.503845
2.3606275279181257,51.89090750829368,400.48622992797976,2025-09-30 10:56:59.503845
2.1218121310339004,46.86948025027639,399.6950786464991,2025-09-30 10:56:59.503845
2.2930015735721576,60.83500729572556,398.77064906102777,2025-09-30 10:56:59.503845
1.9729310798408508,55.3236152518116,400.3401834972111,2025-09-30 10:56:59.503845
2.350399378695982,59.65861643721672,399.0579669652267,2025-09-30 10:56:59.503845
2.330255638892911,60.05176878218878,398.0887155588346,2025-09-30 10:56:59.503845
2.1552467524886882,57.67470710668028,400.39205640942214,2025-09-30 10:56:59.503845
2.278390333224346,57.20560082465285,399.7851416988527,2025-09-30 10:56:59.503845
2.484169251579723,50.309797669644944,400.66099237786074,2025-09-30 10:56:59.503845
2.329325242403878,50.648980039666974,399.2692278619709,2025-09-30 10:56:59.503845
2.39039166832153,47.48924438431162,399.625722292549,2025-09-30 10:56:59.503845
2.3337215078888702,54.08292893156749,399.23151128748236,2025-09-30 10:56:59.503845
2.3148723183334075,52.703474482984824,400.37882444097056,2025-09-30 10:56:59.503845
2.1554544129068822,59.29855227636874,401.15436792823084,2025-09-30 10:56:59.503845
2.3784984951956187,50.059007518257346,400.0581798888112,2025-09-30 10:56:59.503845
2.4013061074669135,55.220379635224724,400.9464146751778,2025-09-30 10:56:59.503845
2.30166947432833,51.427401647686864,399.30434521665114,2025-09-30 10:56:59.503845
2.1361286789149077,57.90581315690161,399.5915518547769,2025-09-30 10:56:59.503845
2.2506719713008896,58.1440583163602,399.0391207600679,2025-09-30 10:56:59.503845
2.1741372731545763,59.1898336785471,399.9940127735804,2025-09-30 10:56:59.503845
2.248980801876498,59.631895196192524,399.8279856755105,2025-09-30 10:56:59.503845
2.4431791368171663,55.51009634563904,400.3510823903727,2025-09-30 10:56:59.503845
2.2936651279816003,48.535773820345256,399.3404869728604,2025-09-30 10:56:59.503845
2.345260698699348,60.67591760385909,398.5507015741002,2025-09-30 10:56:59.503845
2.123090621401671,58.877583605077795,399.96811666177564,2025-09-30 10:56:59.503845
2.1610121983539554,52.14646330447155,399.4394451782415,2025-09-30 10:56:59.503845
2.32118026584746,59.94280667587933,400.40305030829893,2025-09-30 10:56:59.503845
2.1436988891428164,59.63600139735993,399.74712440257036,2025-09-30 10:56:59.503845
2.1606936303699182,47.44011188121672,398.8611924169622,2025-09-30 10:56:59.503845
2.2004146519841887,56.740004470997846,399.39290833104826,2025-09-30 10:56:59.503845
2.3325620403876606,51.61537257013735,399.1912949216552,2025-09-30 10:56:59.503845
2.2035796546475126,56.779276432675786,398.1138028046597,2025-09-30 10:56:59.503845
2.216361765198908,53.61660212117282,398.2265854705391,2025-09-30 10:56:59.503845
2.2984583173870488,52.19740685341181,398.8300289645779,2025-09-30 10:56:59.503845
2.323770043834264,49.59196440070266,398.751665621649,2025-09-30 10:56:59.503845
2.330209514908184,55.54328301213681,399.537885763718,2025-09-30 10:56:59.503845
2.292233934575508,57.204586108517645,400.94846727032296,2025-09-30 10:56:59.503845
2.3401823562434876,55.85434042294637,400.09784976461316,2025-09-30 10:56:59.503845
2.41838372469674,59.13303327554148,400.0736826092481,2025-09-30 10:56:59.503845
2.300406369229274,55.89109740785431,400.4434197141527,2025-09-30 10:56:59.503845
2.2220862624466027,53.71455856038466,399.2502968209926,2025-09-30 10:56:59.503845
2.1311885544747398,59.4262858223643,399.0212471067205,2025-09-30 10:56:59.503845
2.3321556836951096,47.66790023587818,400.6846326717042,2025-09-30 10:56:59.503845
2.20123208875865,52.39195947351631,401.2741620747092,2025-09-30 10:56:59.503845
2.3401883844811677,55.783541934119775,399.53906338690695,2025-09-30 10:56:59.503845
2.3333889012055975,62.25397535939688,399.9265102036083,2025-09-30 10:56:59.503845
2.35987355178068,52.52437842587399,399.0876060898858,2025-09-30 10:56:59.503845
2.050653303680825,47.78839038660972,399.54423975686757,2025-09-30 10:56:59.503845
2.3260186212400478,53.411248207376545,398.6883942369455,2025-09-30 10:56:59.503845
2.155091958222486,45.621636471787816,398.58057048530935,2025-09-30 10:56:59.503845
2.390891270903932,42.94298878893652,400.2473935783238,2025-09-30 10:56:59.503845
2.1359907801641773,62.45090990932128,399.4226315489865,2025-09-30 10:56:59.503845
2.3934176475145312,58.70168236446435,400.0197041044867,2025-09-30 10:56:59.503845
2.3502977724988696,45.67966813737261,400.1814496744701,2025-09-30 10:56:59.503845
2.3211355811225527,55.548330445446105,399.691865172561,2025-09-30 10:56:59.503845
2.279689786873043,46.89296059373383,399.9252074316509,2025-09-30 10:56:59.503845
2.3170795305204868,48.84960960257824,400.0706081061283,2025-09-30 10:56:59.503845
2.2411202812745277,57.347782870023586,398.9869368671551,2025-09-30 10:56:59.503845
2.2635344807404114,55.324208134930885,400.7793403033078,2025-09-30 10:56:59.503845
2.4059726450464765,57.69586916402362,399.4069568849901,2025-09-30 10:56:59.503845
2.113278290069336,64.0940496028211,400.4810427008318,2025-09-30 10:56:59.503845
2.0098400270911188,54.884548442746286,400.18642552820785,2025-09-30 10:56:59.503845
2.2667693904702486,56.34713048566072,398.6574097263903,2025-09-30 10:56:59.503845
2.183011960477059,49.59892365029805,400.2339297172936,2025-09-30 10:56:59.503845
2.1864544417546927,62.25050290164093,399.4744008317697,2025-09-30 10:56:59.503845
2.1875832807436475,50.598994781544924,399.2398632133846,2025-09-30 10:56:59.503845
2.1154191308043995,49.82990327630394,398.3124475215594,2025-09-30 10:56:59.503845
2.2932670325001103,37.84015592300667,399.1194628996718,2025-09-30 10:56:59.503845
2.2187518225424903,53.708258930118994,399.28932968827485,2025-09-30 10:56:59.503845
2.022442424109783,63.428680159797196,399.21040585679145,2025-09-30 10:56:59.503845
2.320816333316352,57.79721582902211,399.3922979375332,2025-09-30 10:56:59.503845
2.262783564303916,51.34536140099077,398.2962070844384,2025-09-30 10:56:59.503845
2.101181449970773,50.16070126704103,400.59744429799207,2025-09-30 10:56:59.503845
2.35230375041118,62.56200228944898,399.1682266444824,2025-09-30 10:56:59.503845
2.221185905909683,60.16776212764187,399.8848653079004,2025-09-30 10:56:59.503845
2.2230956410445297,61.067375348629405,399.8803961669671,2025-09-30 10:56:59.503845
2.109571636889272,47.52476562503408,401.30185305369315,2025-09-30 10:56:59.503845
2.147049742588669,61.02722029148652,400.0541814063607,2025-09-30 10:56:59.503845
2.1872597997351058,50.07787097305051,400.1489918244063,2025-09-30 10:56:59.503845
2.3499544948108992,61.2232156898183,399.2726183182707,2025-09-30 10:56:59.503845
2.1649613604432885,57.586996920930076,399.7282059667248,2025-09-30 10:56:59.503845
2.172165482652347,53.20625262860152,399.3426695580153,2025-09-30 10:56:59.503845
2.171319966033576,47.77469314221083,398.98320735185314,2025-09-30 10:56:59.503845
2.185586248909784,55.33053760751552,398.5296119890393,2025-09-30 10:56:59.503845
2.3469288265774995,55.325545637502685,398.967264439492,2025-09-30 10:56:59.503845
2.1244547987719518,45.26942727005227,397.7009330345495,2025-09-30 10:56:59.503845
2.0685433583545803,58.63419285942333,398.8549485538405,2025-09-30 10:56:59.503845
2.269254182897486,50.43918891544241,399.29174008752597,2025-09-30 10:56:59.503845
2.1293842385730075,48.19539143883138,399.35098139242865,2025-09-30 10:56:59.503845
2.249623616917485,57.49748979955685,398.40284552984946,2025-09-30 10:56:59.503845
2.1743329631447237,63.87735340007632,399.452596315099,2025-09-30 10:56:59.503845
2.3821515691369344,53.49256496498172,398.60397715718926,2025-09-30 10:56:59.503845
2.1620107063055887,54.439570936150794,398.65271218551584,2025-09-30 10:56:59.503845
2.0815087399520995,52.657848611298675,399.24299920978143,2025-09-30 10:56:59.503845
2.4246788507614405,52.59333033234601,398.87046288366736,2025-09-30 10:56:59.503845
2.3175486633169484,48.6032331003935,401.32496623021206,2025-09-30 10:56:59.503845
2.1634181831595227,53.49514949538924,398.2497296115559,2025-09-30 10:56:59.503845
2.255595555700448,45.35253357052636,398.64146128501744,2025-09-30 10:56:59.503845
2.3144113449411274,51.38837278181853,400.8661860529807,2025-09-30 10:56:59.503845
2.1004334030358436,58.479064633019064,400.02728407612454,2025-09-30 10:56:59.503845
2.392027366587131,51.42610655555341,399.0114709417178,2025-09-30 10:56:59.503845
2.387918255620944,62.42402046255836,400.30126141926286,2025-09-30 10:56:59.503845
2.460829783910341,49.76821565998979,400.82819122167905,2025-09-30 10:56:59.503845
2.058198027401686,61.531729132717984,398.88659447237364,2025-09-30 10:56:59.503845
2.1647024925252425,48.50541483368258,400.59457522397616,2025-09-30 10:56:59.503845
2.2280549975357924,56.30627846136824,399.0932030948993,2025-09-30 10:56:59.503845
2.294217846243741,45.28736536638165,400.2049642900305,2025-09-30 10:56:59.503845
2.243551424649715,55.806365131667256,399.8487240500534,2025-09-30 10:56:59.503845
2.3730190862490272,53.9494966393394,398.83471250650786,2025-09-30 10:56:59.503845
2.3140931844026102,62.8487715300785,400.4840120353513,2025-09-30 10:56:59.503845
2.186869844621348,41.77205688158514,399.83925031192837,2025-09-30 10:56:59.503845
2.308134447489492,49.584990320773116,398.36007290768174,2025-09-30 10:56:59.503845
2.4028784358646007,55.52393909590076,400.0502388829316,2025-09-30 10:56:59.503845
2.231598178182533,59.08855893976634,399.2580556241512,2025-09-30 10:56:59.503845
2.276745149601575,56.94979037380919,400.70478275389195,2025-09-30 10:56:59.503845
2.209440962964922,48.474471197161165,399.16257340907737,2025-09-30 10:56:59.503845
2.2659071991500843,47.87431690801296,401.3008825059703,2025-09-30 10:56:59.503845
2.0931459022950256,60.288791187306096,399.93168978884086,2025-09-30 10:56:59.503845
2.3584579308464684,58.81718733204057,399.9768255698012,2025-09-30 10:56:59.503845
2.2992321929762203,53.34991751618915,400.84406953868717,2025-09-30 10:56:59.503845
2.3147038074467963,51.63068220846021,399.0546917229118,2025-09-30 10:56:59.503845
2.3136900328742582,46.46511893144972,399.48734162984937,2025-09-30 10:56:59.503845
2.331644891316261,51.77897668011696,400.10739263301224,2025-09-30 10:56:59.503845
2.2258994601010045,57.005574726664435,400.06224977619047,2025-09-30 10:56:59.503845
2.2004707479024335,52.420326763369474,399.38808989802465,2025-09-30 10:56:59.503845
2.2684880328971175,50.4252893612936,399.2648247046655,2025-09-30 10:56:59.503845
2.307298848827126,59.96211151276161,400.4145029559368,2025-09-30 10:56:59.503845
2.2409079966451153,50.04405838163204,400.24353539772926,2025-09-30 10:56:59.503845
2.2825427212223417,52.84343520091309,400.2627998828752,2025-09-30 10:56:59.503845
2.332632490552286,56.76129660384806,400.3936989305652,2025-09-30 10:56:59.503845
2.3016606492334635,56.06237172636164,400.44653509678625,2025-09-30 10:56:59.503845
2.284674874679695,47.0747847120714,399.0465105474609,2025-09-30 10:56:59.503845
2.2291945836155342,58.80021608712989,399.80261401150193,2025-09-30 10:56:59.503845
2.2136609203495055,59.84529185186086,401.134428940572,2025-09-30 10:56:59.503845
2.1835064771512958,53.05462431626953,399.6895966382904,2025-09-30 10:56:59.503845
2.413334667140661,53.10843462675021,399.90771172978333,2025-09-30 10:56:59.503845
2.0768702127714582,53.66699224366901,399.5726532796864,2025-09-30 10:56:59.503845
2.379167641756114,54.56787661157902,401.494344663359,2025-09-30 10:56:59.503845
2.2130373163913917,56.105065247532785,400.77279228100946,2025-09-30 10:56:59.503845
2.316122461393768,51.16996568848591,398.1826088611767,2025-09-30 10:56:59.503845
2.1489498967606435,46.84759606146531,401.67229404232626,2025-09-30 10:56:59.503845
2.151947087660954,54.82291827607107,398.5558567706907,2025-09-30 10:56:59.503845
2.3186856347035105,50.7565517118016,400.3096319156642,2025-09-30 10:56:59.503845
2.305082140487974,64.6382161833818,400.7175300160373,2025-09-30 10:56:59.503845
2.249380102885325,58.96827123447692,399.9336965471249,2025-09-30 10:56:59.503845
2.3654077348490055,53.70619370873329,399.59240823555035,2025-09-30 10:56:59.503845
2.3505579158246706,56.07731351994053,400.1138435576019,2025-09-30 10:56:59.503845
2.2490234963554547,61.145966075718434,399.9634232991847,2025-09-30 10:56:59.503845
2.241232060001731,61.44710568350974,400.44918064645435,2025-09-30 10:56:59.503845
2.3151353356343036,54.64209911235469,400.884676391793,2025-09-30 10:56:59.503845
2.279678541260567,60.4881532776824,400.0451771374307,2025-09-30 10:56:59.503845
2.139590403101474,49.071632670315196,399.8756751481888,2025-09-30 10:56:59.503845
2.3165238063453133,55.58194019265159,399.61348280885386,2025-09-30 10:56:59.503845
2.3246926889993484,58.63064903519435,399.43382328518976,2025-09-30 10:56:59.503845
2.3566465332278677,55.85104361469949,399.46435511577727,2025-09-30 10:56:59.503845
2.345625996875952,53.849865550786376,399.3668656242612,2025-09-30 10:56:59.503845
2.2457414012564434,52.106205524559996,400.13381770416305,2025-09-30 10:56:59.503845
2.3695411683744974,55.57128039383168,401.4304687024454,2025-09-30 10:56:59.503845
2.2395123920644195,50.831943002753086,399.398256349478,2025-09-30 10:56:59.503845
2.226049825768603,62.03143261108358,400.3347920882213,2025-09-30 10:56:59.503845
2.178735323585943,53.88867237042781,400.0754432732774,2025-09-30 10:56:59.503845
2.237488327258124,53.78849320496812,400.6976236228673,2025-09-30 10:56:59.503845
2.129138271842849,60.79945952560006,400.84371792078394,2025-09-30 10:56:59.503845
2.440340174745481,58.86837856678149,398.7452201291762,2025-09-30 10:56:59.503845
2.3023771748014483,51.6514174281093,399.48965293175365,2025-09-30 10:56:59.503845
2.241685122440174,56.89996610846983,401.23474204212647,2025-09-30 10:56:59.503845
2.2975584166976497,60.297345280447715,401.1124612623119,2025-09-30 10:56:59.503845
2.021199368164551,62.28809266288969,400.1727330319418,2025-09-30 10:56:59.503845
2.2715723979032933,49.63356455278222,399.83334860238807,2025-09-30 10:56:59.503845
1.998792474682085,57.53256419177212,400.19706805125065,2025-09-30 10:56:59.503845
2.2194043425857513,53.74544498176474,399.78682413190273,2025-09-30 10:56:59.503845
2.1996932476760818,43.41383233606146,399.1070115819119,2025-09-30 10:56:59.503845
2.2931946946011528,55.36722168725963,400.01464356426004,2025-09-30 10:56:59.503845
2.314296933116824,42.96355685352587,400.21461875103114,2025-09-30 10:56:59.503845
2.214340370846695,52.98221021963953,399.4821787177802,2025-09-30 10:56:59.503845
2.3688393113396238,58.40870157738584,400.9618151110571,2025-09-30 10:56:59.503845
2.253229154688559,60.166651034984575,400.8265105884666,2025-09-30 10:56:59.503845
2.2819387950337373,53.244332847291815,401.5231213351726,2025-09-30 10:56:59.503845
2.281998916551838,52.91289873035592,399.6314423093834,2025-09-30 10:56:59.503845
2.2136131648977297,47.18964963816579,400.3108288606251,2025-09-30 10:56:59.503845
2.2497081860215355,66.59592234717802,399.9479156760853,2025-09-30 10:56:59.503845
2.1569605867684514,49.34540434724367,400.73178914526864,2025-09-30 10:56:59.503845
2.211891630227764,64.46416316603344,398.085659743452,2025-09-30 10:56:59.503845
2.275762601377963,59.46510211741773,400.95894163834026,2025-09-30 10:56:59.503845
2.3509994529263696,51.8809966274464,399.8213162248707,2025-09-30 10:56:59.503845
2.3592480593616787,47.65965375210098,399.7993638479783,2025-09-30 10:56:59.503845
2.455075890757043,53.28501826406223,399.7232542682482,2025-09-30 10:56:59.503845
2.388403691268148,38.95539908766796,400.6049738086278,2025-09-30 10:56:59.503845
2.336121810781453,49.16663066102747,401.0220032573335,2025-09-30 10:56:59.503845
2.1464666792714073,49.25811934370967,400.1505960869555,2025-09-30 10:56:59.503845
2.097855238450949,53.93051140853591,398.9332298838011,2025-09-30 10:56:59.503845
2.3400089400685142,58.02715755521003,400.21329809346656,2025-09-30 10:56:59.503845
2.3183920945779954,52.142598365901044,399.8441195535552,2025-09-30 10:56:59.503845
2.20276327377939,50.800942159646006,399.44530358309447,2025-09-30 10:56:59.503845
2.3191517424329313,53.12026959400203,398.8554285311215,2025-09-30 10:56:59.503845
2.28002605600758,56.77716124043406,399.67504073219243,2025-09-30 10:56:59.503845
2.3274288198335458,46.85759282667238,400.07750831023606,2025-09-30 10:56:59.503845
2.0944479649372187,57.61071427086416,401.38661417532546,2025-09-30 10:56:59.503845
2.231417912837631,55.252067565658635,400.5681956125683,2025-09-30 10:56:59.503845
2.2710879966779225,53.23962533266414,400.85908021158554,2025-09-30 10:56:59.503845
2.1209705120506714,59.100214121104315,399.8913890610085,2025-09-30 10:56:59.503845
2.3382277235193776,47.0126304356579,400.6656467270019,2025-09-30 10:56:59.503845
2.3075189386605786,49.564085605930195,399.74244814632124,2025-09-30 10:56:59.503845
2.328124624325128,63.978059537824265,397.8424992482683,2025-09-30 10:56:59.503845
2.4490280074595936,53.677616050647856,399.29680510728423,2025-09-30 10:56:59.503845
2.4462151050647356,54.642127266258306,399.5525207204618,2025-09-30 10:56:59.503845
2.1769447491631198,55.96213085549901,400.23616632665244,2025-09-30 10:56:59.503845
2.1295920520155227,50.25410991068359,401.7191013226007,2025-09-30 10:56:59.503845
2.044508487367631,54.49317269445351,398.99769465415767,2025-09-30 10:56:59.503845
2.256052347160294,59.683334757182564,399.853541884525,2025-09-30 10:56:59.503845
2.141478259932055,50.53713398413944,401.2556683133759,2025-09-30 10:56:59.503845
2.463066812485236,53.02304563520097,399.69177521381556,2025-09-30 10:56:59.503845
2.0737387430581604,56.01103932503106,399.49533424319725,2025-09-30 10:56:59.503845
2.2126319035512583,50.45792208666371,398.9212134715781,2025-09-30 10:56:59.503845
2.2675818922555986,48.256711795262525,398.83199099746145,2025-09-30 10:56:59.503845
2.2073021363160126,54.144759181899104,400.56170195414654,2025-09-30 10:56:59.503845
2.321254200759353,52.34317660893424,399.24487950044045,2025-09-30 10:56:59.503845
2.361120583473888,60.89654338863107,399.34754301413403,2025-09-30 10:56:59.503845
2.2440100047094154,56.40934144749088,401.48639331535634,2025-09-30 10:56:59.503845
2.417937565537861,49.94795580182331,400.37667558249484,2025-09-30 10:56:59.503845
2.340781051824653,58.93074552822948,398.9241547063444,2025-09-30 10:56:59.503845
2.358703646140901,55.8444154153524,399.74298713612797,2025-09-30 10:56:59.503845
2.3511202480195714,56.42890984192936,399.52055654348965,2025-09-30 10:56:59.503845
2.175896564951002,57.05361572817151,400.460515757752,2025-09-30 10:56:59.503845
2.274028875266125,49.36888494599066,399.9916070643414,2025-09-30 10:56:59.503845
2.189492980419784,58.55269273296416,400.21099156499406,2025-09-30 10:56:59.503845
2.295351382325437,54.14032421370582,401.59924162234955,2025-09-30 10:56:59.503845
2.220701246251534,54.82107678024578,398.70111761609314,2025-09-30 10:56:59.503845
2.417064539362133,50.60045041742415,401.50876282903204,2025-09-30 10:56:59.503845
2.196935885863505,49.27933601356369,400.96324735875754,2025-09-30 10:56:59.503845
2.1992585886919462,50.27980391570208,399.95457245946017,2025-09-30 10:56:59.503845
2.18647827145478,49.03384366626226,401.37298857438554,2025-09-30 10:56:59.503845
2.2050420555369805,45.79741355736145,400.6453237845309,2025-09-30 10:56:59.503845
2.281760135700863,48.984613440073915,401.46963749848163,2025-09-30 10:56:59.503845
2.227681922791153,59.319352228048764,399.86756687941215,2025-09-30 10:56:59.503845
2.477242744419653,55.14185427831688,400.02686767747105,2025-09-30 10:56:59.503845
2.285948291960668,49.41706765148178,399.7860666872703,2025-09-30 10:56:59.503845
2.303859760097444,55.064470846158486,400.5766073600742,2025-09-30 10:56:59.503845
2.354665583420962,60.82320444934793,398.5377732156883,2025-09-30 10:56:59.503845
2.3257909469422136,50.880689400173274,399.5548036251289,2025-09-30 10:56:59.503845
2.3560109710903503,53.29052169524465,399.88147747477655,2025-09-30 10:56:59.503845
2.38973702677674,56.39849491852413,400.8056125299608,2025-09-30 10:56:59.503845
2.2045833937742394,63.779953090540815,400.12396670450903,2025-09-30 10:56:59.503845
2.4052119265285103,52.77856535362775,400.62392445060595,2025-09-30 10:56:59.503845
2.1974169887162516,59.28217934315724,400.0348831850824,2025-09-30 10:56:59.503845
2.2754291914921096,60.81936629259877,399.25059791819297,2025-09-30 10:56:59.503845
2.1165157069109113,57.99328121253197,399.57693206796614,2025-09-30 10:56:59.503845
2.159458562591213,53.33762108402991,399.2147130269699,2025-09-30 10:56:59.503845
2.2728704319763287,54.50297684629298,398.8691003854184,2025-09-30 10:56:59.503845
2.331866172742632,54.891823334208,399.5961342401962,2025-09-30 10:56:59.503845
2.223832550869758,61.19053800921437,399.15418242075657,2025-09-30 10:56:59.503845
2.3441105726362306,52.9524982699817,399.5604520366372,2025-09-30 10:56:59.503845
2.3244445720998903,52.2478331725407,399.18562942821643,2025-09-30 10:56:59.503845
2.429294711253432,58.66552600177398,399.37589717798613,2025-09-30 10:56:59.503845
2.4120617447652077,54.33606472716679,399.195727175171,2025-09-30 10:56:59.503845
2.153542378761378,54.61128337664089,400.39455462713977,2025-09-30 10:56:59.503845
2.200980734975017,56.014678452423794,399.64977384483035,2025-09-30 10:56:59.503845
2.2973389650858946,52.17701739313174,399.30478451903974,2025-09-30 10:56:59.503845
2.4687428337537196,51.21668707403398,400.55101264922087,2025-09-30 10:56:59.503845
2.3455926821514272,54.847657437582,399.4437106248498,2025-09-30 10:56:59.503845
2.415126949665619,54.63507830776659,400.43921981676976,2025-09-30 10:56:59.503845
2.2897477281738543,55.5377611538501,398.8770210911651,2025-09-30 10:56:59.503845
2.2972744353513916,49.30402244698661,400.09509935664346,2025-09-30 10:56:59.503845
2.1635937786979413,49.27093645968319,397.9259996637504,2025-09-30 10:56:59.503845
2.2596884015635634,55.00315316533088,399.616160398317,2025-09-30 10:56:59.503845
2.462378870145097,47.73263893676351,399.6536400738876,2025-09-30 10:56:59.503845
2.2324438708107066,48.19088192919588,399.83890595107005,2025-09-30 10:56:59.503845
2.077034413489104,59.98023039234482,399.34226258507374,2025-09-30 10:56:59.503845
2.2729834493545957,48.40563450984231,400.2825941748455,2025-09-30 10:56:59.503845
2.353028594969617,49.478065276953636,400.611685545817,2025-09-30 10:56:59.503845
2.2152039064140068,63.386044587645316,400.11258417673895,2025-09-30 10:56:59.503845
2.0759059754427547,63.66796518904498,399.3276365840283,2025-09-30 10:56:59.503845
2.5017106129940547,55.781041385030896,399.53637660375796,2025-09-30 10:56:59.503845
2.2191582565434054,52.464370867921836,401.06830294685227,2025-09-30 10:56:59.503845
2.182788179234415,50.00220797054119,398.7543002223778,2025-09-30 10:56:59.503845
2.160937132109881,51.23599402540742,400.36825875216863,2025-09-30 10:56:59.503845
2.2942275028086825,55.19598526397096,398.47148496508964,2025-09-30 10:56:59.503845
2.2891410276818673,48.62020817092204,398.8700650528901,2025-09-30 10:56:59.503845
2.066746851097185,54.27022173283333,398.02260745272287,2025-09-30 10:56:59.503845
2.326220752969597,50.8760306879639,399.84736406467243,2025-09-30 10:56:59.503845
2.120566502120788,50.798367361949154,397.8926379092059,2025-09-30 10:56:59.503845
2.1366967505765633,50.358727296056315,399.1280053194283,2025-09-30 10:56:59.503845
2.27582392965051,56.6563766799529,398.9741206653143,2025-09-30 10:56:59.503845
2.235955400501264,49.02762188099614,401.43298722067186,2025-09-30 10:56:59.503845
2.146229876929653,56.43941781407156,399.2848089804565,2025-09-30 10:56:59.503845
2.1848513904891487,43.836945168973855,400.9251300668137,2025-09-30 10:56:59.503845
2.1793725426261106,58.10403443273607,398.96796454540845,2025-09-30 10:56:59.503845
2.23803942025129,47.92819064087805,399.119218709387,2025-09-30 10:56:59.503845
2.232399880133327,45.96713799653939,399.51839394287174,2025-09-30 10:56:59.503845
2.1864055837724465,52.28490258684371,399.15391652157405,2025-09-30 10:56:59.503845
2.1770746425028515,55.63056587231341,400.4237339393738,2025-09-30 10:56:59.503845
2.1336865959030216,49.89289951220852,400.4135839947563,2025-09-30 10:56:59.503845
2.460943112021853,47.974309611606465,398.7533211548723,2025-09-30 10:56:59.503845
2.3123757398048577,55.18339709810897,398.64504590148704,2025-09-30 10:56:59.503845
2.156591887297791,57.04434569773118,399.07109307473706,2025-09-30 10:56:59.503845
2.1540449309245613,57.97414754707831,399.44279004478153,2025-09-30 10:56:59.503845
2.324655355236789,56.57743491367836,400.1015845591729,2025-09-30 10:56:59.503845
2.322395000671406,54.00540258278673,401.0248605573954,2025-09-30 10:56:59.503845
2.298974228676585,49.33258950810498,399.8633302258842,2025-09-30 10:56:59.503845
2.1342186951214512,50.933077825410706,398.9253822257368,2025-09-30 10:56:59.503845
2.3610520015929377,59.68026285761378,400.7394285734958,2025-09-30 10:56:59.503845
2.3550885893799585,54.04419719742089,399.33667341559334,2025-09-30 10:56:59.503845
2.263101526298449,58.48726547688325,398.58051886649116,2025-09-30 10:56:59.503845
2.131721085023797,54.025638926603236,399.97419995202665,2025-09-30 10:56:59.503845
2.3310114704633706,52.795583234870286,398.8433348777236,2025-09-30 10:56:59.503845
2.3777551245529818,60.34268085794371,399.2488390904103,2025-09-30 10:56:59.503845
2.2676619999761005,44.81456685951357,399.65150040926517,2025-09-30 10:56:59.503845
2.3820521998456896,64.17340374187609,400.25816875758915,2025-09-30 10:56:59.503845
2.414534323649055,54.351902065869204,399.89194200291723,2025-09-30 10:56:59.503845
2.3483202491270254,52.6641685109917,399.29351904688286,2025-09-30 10:56:59.503845
2.135601007680626,47.45639347684837,398.29578881371833,2025-09-30 10:56:59.503845
2.267821670111889,65.74265380515503,399.3796208453214,2025-09-30 10:56:59.503845
2.2934122374565904,53.48025699980758,400.91609003578634,2025-09-30 10:56:59.503845
2.023297436886348,54.91143441387837,401.13024387728086,2025-09-30 10:56:59.503845
2.2641209861855853,51.148108350631325,399.62759447335117,2025-09-30 10:56:59.503845
2.102851974212294,58.5670383991534,399.17809487955606,2025-09-30 10:56:59.503845
2.3521502704282264,54.086646172264345,399.3300605786649,2025-09-30 10:56:59.503845
2.3733387658316474,48.2513833200987,399.3151803079972,2025-09-30 10:56:59.503845
2.125786044597039,57.14438284799921,398.9140038215271,2025-09-30 10:56:59.503845
2.3769220947325085,53.10261145772904,398.72144931222886,2025-09-30 10:56:59.503845
2.3195057581509744,61.47674845942653,398.5397696224549,2025-09-30 10:56:59.503845
2.2847172231998747,50.68608881543066,400.6376609621349,2025-09-30 10:56:59.503845
2.2013430928145685,44.56348402446,399.64099243101896,2025-09-30 10:56:59.503845
2.2554628285078446,54.01539718950436,399.2703709533692,2025-09-30 10:56:59.503845
2.145180938150275,49.81520969870916,400.68882572223197,2025-09-30 10:56:59.503845
2.200986066887288,58.943167124835696,400.46665024202343,2025-09-30 10:56:59.503845
2.1414622662464935,44.82607753181047,399.3771624058739,2025-09-30 10:56:59.503845
2.1664277475402853,57.184492914327436,400.269766213986,2025-09-30 10:56:59.503845
2.2129705142633003,48.42836604306545,400.15604315475565,2025-09-30 10:56:59.503845
2.2412195287175485,55.93621083794217,400.8436063390879,2025-09-30 10:56:59.503845
2.2498111546613955,53.85356600756841,400.09670405466414,2025-09-30 10:56:59.503845
2.409053550773689,58.232667711209785,400.5974296671066,2025-09-30 10:56:59.503845
2.0743879798181144,57.72431070046646,399.31483236581573,2025-09-30 10:56:59.503845
2.1199565403790315,53.513518586450985,399.02448984648584,2025-09-30 10:56:59.503845
2.512397988844393,60.693109654338215,398.9875572117529,2025-09-30 10:56:59.503845
2.3504730707503825,59.41036832375298,398.0174337851382,2025-09-30 10:56:59.503845
2.3726378455584394,54.35221268507572,400.06955448107976,2025-09-30 10:56:59.503845
2.0978902301295603,54.617708264440836,399.5562192660504,2025-09-30 10:56:59.503845
2.302814191026446,60.83583310811731,401.0611642305833,2025-09-30 10:56:59.503845
2.368689661601348,49.201509054377155,400.2671975689624,2025-09-30 10:56:59.503845
2.3862077782589806,57.773863721333996,400.26499150814266,2025-09-30 10:56:59.503845
2.3558377988990196,52.825401086938406,399.5044140193155,2025-09-30 10:56:59.503845
2.231707229014049,54.18966242655784,399.8781228400513,2025-09-30 10:56:59.503845
1.9441702351633599,55.27543896574569,400.75596701181496,2025-09-30 10:56:59.503845
2.4377117149178735,59.156920380378196,400.6104271150008,2025-09-30 10:56:59.503845
2.00259417638894,56.3011100061719,399.59333705714545,2025-09-30 10:56:59.503845
2.2537137034680375,56.445994738368796,400.5258655328676,2025-09-30 10:56:59.503845
2.3206229727335397,47.80559916030321,400.4608685214953,2025-09-30 10:56:59.503845
2.2677155927027295,57.38332652564901,399.2946213956521,2025-09-30 10:56:59.503845
2.309074371387845,56.54030844701002,399.53593188870246,2025-09-30 10:56:59.503845
2.3759635503213565,57.392926583767526,399.97265718908295,2025-09-30 10:56:59.503845
2.177365464389812,53.24949898750747,399.9585810583411,2025-09-30 10:56:59.503845
2.2733504597816263,52.86140085093526,398.9646830539984,2025-09-30 10:56:59.503845
2.2531159742766014,58.21776872921687,400.5616263696145,2025-09-30 10:56:59.503845
2.1964098701351604,55.033349658431135,400.00061129662106,2025-09-30 10:56:59.503845
2.1654218790439117,50.10341321783359,398.7968234911861,2025-09-30 10:56:59.503845
2.179961848880462,51.916323512053694,398.90093584519326,2025-09-30 10:56:59.503845
2.2789244083564086,53.88552064871537,398.9568911654967,2025-09-30 10:56:59.503845
2.4729048374457596,52.597291854463805,400.33565303314055,2025-09-30 10:56:59.503845
2.339559367661624,58.01965914038807,401.17080733623874,2025-09-30 10:56:59.503845
2.153285656211222,63.085512439961725,401.36560853489584,2025-09-30 10:56:59.503845
2.1924635717883976,56.3465094779109,399.4282483872814,2025-09-30 10:56:59.503845
2.417511619565529,51.80579132227624,398.51909085736736,2025-09-30 10:56:59.503845
2.1152145570543928,58.81582397056446,400.2101447750351,2025-09-30 10:56:59.503845
2.216180356258474,60.17936700040431,400.2468446344925,2025-09-30 10:56:59.503845
2.357879258738232,59.26885988754904,398.7998926488428,2025-09-30 10:56:59.503845
2.218296196994026,52.05222388551538,399.5787599016328,2025-09-30 10:56:59.503845
2.2477581575468064,55.79203396194517,400.13108437298746,2025-09-30 10:56:59.503845
2.4342550819943187,51.61880845717411,398.90940742722046,2025-09-30 10:56:59.503845
2.133073803593201,59.74669379812026,399.54545388617794,2025-09-30 10:56:59.503845
2.1023435367260324,50.24033719468278,399.0791970028963,2025-09-30 10:56:59.503845
2.1614658431714475,48.817672827490846,398.38500798070476,2025-09-30 10:56:59.503845
2.3470881086754773,59.2935029689093,399.2146633808999,2025-09-30 10:56:59.503845
2.096167004512949,60.554264102016916,400.9734639445566,2025-09-30 10:56:59.503845
2.1566729633721913,50.14424786029748,398.5694652998257,2025-09-30 10:56:59.503845
2.250839999536817,52.71074498568124,399.9768604592335,2025-09-30 10:56:59.503845
2.2280331845592753,56.93665178849194,400.1709755828672,2025-09-30 10:56:59.503845
2.1925472364373806,54.40079685789595,399.2530836541491,2025-09-30 10:56:59.503845
2.2752377431317856,47.98360899283389,400.36833540744055,2025-09-30 10:56:59.503845
2.367518820903004,52.34692157799174,400.49700307351054,2025-09-30 10:56:59.503845
2.304994692978466,45.19918141690119,399.6906491845959,2025-09-30 10:56:59.503845
2.1219068557735357,54.688183569053145,399.7526618912099,2025-09-30 10:56:59.503845
2.18398328896368,47.865534547648956,400.07157188077224,2025-09-30 10:56:59.503845
2.2955340913675073,53.60876985061828,399.7891846189633,2025-09-30 10:56:59.503845
2.233614121169226,55.48806019165221,399.5786903615293,2025-09-30 10:56:59.503845
2.320118692663241,53.4895281015784,399.67100954334614,2025-09-30 10:56:59.503845
2.315511591162714,55.97189352728027,399.9050314570944,2025-09-30 10:56:59.503845
2.1231420642265144,60.15529609991371,399.9458331153321,2025-09-30 10:56:59.503845
2.344380424010504,64.79591829236136,398.7345246330648,2025-09-30 10:56:59.503845
2.2849737569889923,51.40560970638046,399.696437576688,2025-09-30 10:56:59.503845
2.2995179051676584,55.694939147249585,399.90917431167105,2025-09-30 10:56:59.503845
2.0667882820373142,54.49890846905086,398.86289194475086,2025-09-30 10:56:59.503845
2.223723782718532,58.93785712897168,397.31033300088524,2025-09-30 10:56:59.503845
2.2198243492881717,56.48886078083972,400.34385627532373,2025-09-30 10:56:59.503845
2.257842109444884,55.03190183120407,400.57452803438406,2025-09-30 10:56:59.503845
2.2898241845032143,50.327145825372725,399.7214366847657,2025-09-30 10:56:59.503845
2.303580706868117,60.05637736756555,400.59542402094337,2025-09-30 10:56:59.503845
2.3569106104019375,56.34059142493916,398.738920982064,2025-09-30 10:56:59.503845
2.3378417532385645,47.55642866593472,400.00727330376697,2025-09-30 10:56:59.503845
2.1446806683875423,55.63028392004749,399.4926075501646,2025-09-30 10:56:59.503845
2.262497935506575,57.98105332071504,398.96235440069165,2025-09-30 10:56:59.503845
2.35049138343207,53.36003477183822,398.27740952002085,2025-09-30 10:56:59.503845
2.209612059974718,47.410690303747536,399.64271072210016,2025-09-30 10:56:59.503845
2.417869988095811,59.68979177680091,401.4882597165363,2025-09-30 10:56:59.503845
2.3730769094352127,61.60059922226658,399.0623766400096,2025-09-30 10:56:59.503845
2.231424671154987,61.48409940022174,399.77200721824596,2025-09-30 10:56:59.503845
2.2877872376124695,52.459095248573696,398.66778266604797,2025-09-30 10:56:59.503845
2.2370669224290207,52.08585302477772,397.7227091445971,2025-09-30 10:56:59.503845
2.1490879735298365,46.66074141211489,400.04777283031814,2025-09-30 10:56:59.503845
2.189667834745322,51.44891568409719,399.40798779704835,2025-09-30 10:56:59.503845
2.1977877792918017,51.01824133591853,400.7866324811233,2025-09-30 10:56:59.503845
2.1720199780152636,59.74055551081865,399.00795948716564,2025-09-30 10:56:59.503845
2.19513908860991,51.3364708225753,399.5901898451898,2025-09-30 10:56:59.503845
2.113813896676741,45.54779247380984,398.78481455299084,2025-09-30 10:56:59.503845
2.251132674044645,56.9539030600529,401.36205287552707,2025-09-30 10:56:59.503845
2.3179117390498982,56.843957433833594,397.8930158356059,2025-09-30 10:56:59.503845
2.1305638887981493,54.71077313515022,399.4968598976868,2025-09-30 10:56:59.503845
2.1749032760405087,47.36372125115266,401.4546183902879,2025-09-30 10:56:59.503845
2.2725497553140563,43.48574899019388,399.99083077344983,2025-09-30 10:56:59.503845
2.3437177352036587,46.56330355883622,400.18411839033104,2025-09-30 10:56:59.503845
2.3122219482594404,58.45113112103915,399.48898144385873,2025-09-30 10:56:59.503845
2.3363272933842474,58.09657644461925,398.9223735581498,2025-09-30 10:56:59.503845
2.314949981942145,50.96768769470367,397.9062686412517,2025-09-30 10:56:59.503845
2.4714463247197354,49.714076521398965,400.4332258740092,2025-09-30 10:56:59.503845
2.1179426316578205,54.485591341557324,400.8523011378092,2025-09-30 10:56:59.503845
2.119850345091435,57.35458325491244,400.4645747984356,2025-09-30 10:56:59.503845
2.3290562491757685,52.42367266950606,399.4023687350447,2025-09-30 10:56:59.503845
2.2944683880003454,49.172923551531646,399.58283181120726,2025-09-30 10:56:59.503845
2.1323336875704566,47.78340938464957,399.38321875712694,2025-09-30 10:56:59.503845
2.233375920460717,59.952115306175095,400.0474294757586,2025-09-30 10:56:59.503845
2.157752360610664,49.42037418633911,399.9149144170424,2025-09-30 10:56:59.503845
2.2280817100571055,51.19348639126834,400.10852635202895,2025-09-30 10:56:59.503845
2.007559666945258,55.664039783018396,398.8845635692749,2025-09-30 10:56:59.503845
2.1601417720419183,67.6108906360884,398.73441321607004,2025-09-30 10:56:59.503845
2.1402857864327243,48.52162121378695,401.0148269204577,2025-09-30 10:56:59.503845
2.316954412672797,63.7165870816288,398.7641736927598,2025-09-30 10:56:59.503845
2.398050953493913,61.08131636238455,399.84835084871094,2025-09-30 10:56:59.503845
2.0963328757412323,47.75663523589242,400.29188738225747,2025-09-30 10:56:59.503845
2.2212031995170696,49.955758235025876,397.7004523122043,2025-09-30 10:56:59.503845
2.2624592462485587,53.02903932953309,400.6780212053237,2025-09-30 10:56:59.503845
2.3922459004021794,41.553092789221864,399.6406736710856,2025-09-30 10:56:59.503845
2.2497085004719097,57.97239149841329,400.72748578018485,2025-09-30 10:56:59.503845
2.3036448080532947,47.89741007143213,401.82542931124647,2025-09-30 10:56:59.503845
2.374432406972079,55.990676485893815,399.4184362234777,2025-09-30 10:56:59.503845
2.2203063649795114,53.93035338858356,400.08479007352935,2025-09-30 10:56:59.503845
2.2165159521166524,54.45560170007131,398.8945861798992,2025-09-30 10:56:59.503845
2.1587154720924997,62.34040387447226,399.91932704794925,2025-09-30 10:56:59.503845
2.2241216625902136,50.681188460657836,401.62950608916265,2025-09-30 10:56:59.503845
2.0767394729396558,47.25889960706411,400.522820328783,2025-09-30 10:56:59.503845
2.21366874108339,59.9740965466283,400.9019034579683,2025-09-30 10:56:59.503845
2.550686969126111,57.183864560457295,399.63340155804315,2025-09-30 10:56:59.503845
2.1315419012882675,54.754572102335096,400.47317535058534,2025-09-30 10:56:59.503845
2.1768324688522473,52.106003352209534,400.0414934927059,2025-09-30 10:56:59.503845
2.1873566114195104,56.854820891011585,399.0615667419697,2025-09-30 10:56:59.503845
2.165485932626857,53.62427447938136,399.38274080396894,2025-09-30 10:56:59.503845
2.124646957650184,70.44149556606317,400.7487238036911,2025-09-30 10:56:59.503845
2.1323535385136996,52.80761587588084,399.7843480919687,2025-09-30 10:56:59.503845
